;precision;recall;f1-score;support
AccordoSindacale;1.0;1.0;1.0;4.0
Decreto;1.0;0.5;0.6666666666666666;4.0
DeliberaConsiglio;1.0;1.0;1.0;4.0
DeliberaGiunta;1.0;1.0;1.0;4.0
Determina;1.0;1.0;1.0;4.0
Ordinanza;0.6666666666666666;1.0;0.8;4.0
Regolamento;1.0;0.75;0.8571428571428571;4.0
Statuto;0.8;1.0;0.8888888888888888;4.0
accuracy;0.90625;0.90625;0.90625;0.90625
macro avg;0.9333333333333333;0.90625;0.9015873015873015;32.0
weighted avg;0.9333333333333333;0.90625;0.9015873015873015;32.0
