modello;cv_n_splits;accuracy_mean;accuracy_std;precision_macro_mean;precision_macro_std;recall_macro_mean;recall_macro_std;f1_macro_mean;f1_macro_std;f1_weighted_mean;f1_weighted_std
naive_bayes;5;0.9218461538461538;0.05616037896667432;0.9379166666666666;0.045935492208579266;0.925;0.0594389275736963;0.9213690476190475;0.057671291741701665;0.9214512820512819;0.0549833168072982
logistic_regression;5;0.9683076923076923;0.04659888004342781;0.9775;0.0317706625678471;0.9666666666666666;0.04859126579037751;0.9666071428571428;0.04829886760830836;0.9682593406593407;0.04630918161548425
linear_svm;5;0.9683076923076923;0.04659888004342781;0.9775;0.0317706625678471;0.9666666666666666;0.04859126579037751;0.9666071428571428;0.04829886760830836;0.9682593406593407;0.04630918161548425
