modello;accuracy;precision_macro;recall_macro;f1_macro;f1_weighted
logistic_regression;0.96875;0.975;0.96875;0.9682539682539683;0.9682539682539683
naive_bayes;0.9375;0.95;0.9375;0.9365079365079365;0.9365079365079365
linear_svm;0.90625;0.9333333333333333;0.90625;0.9015873015873015;0.9015873015873015
