modello;cv_n_splits;accuracy_mean;accuracy_std;precision_macro_mean;precision_macro_std;recall_macro_mean;recall_macro_std;f1_macro_mean;f1_macro_std;f1_weighted_mean;f1_weighted_std
naive_bayes;5;0.825;0.06123724356957945;0.7458333333333333;0.08270597183866336;0.825;0.06123724356957945;0.7708333333333333;0.07682953714410737;0.7708333333333333;0.07682953714410737
logistic_regression;5;0.85;0.09354143466934853;0.775;0.1403121520040228;0.85;0.09354143466934853;0.7999999999999999;0.12472191289246473;0.7999999999999999;0.12472191289246473
linear_svm;5;0.825;0.06123724356957945;0.7458333333333333;0.08270597183866336;0.825;0.06123724356957945;0.7708333333333333;0.07682953714410737;0.7708333333333333;0.07682953714410737
