modello;pipeline_errore;classificatore;id_atto;file_name;golden_label;predetto;tipo_errore;len_testo_A;len_testo_B;indicatori_A;indicatori_B;snippet_A;snippet_B
gemma3_12b;A;linear_svm;0117;atto_117.pdf;Determina;Decreto;assorbito_in_decreto;989;719;sindaco, determina, determinazione, responsabile, delibera, giunta;sindaco, determina, determinazione, delibera, giunta;COMUNE DI FAVARA LIBERO CONSORZIO COMUNALE DI AGRIGENTO DETERMINAZIONE SINDACALE Numero 30 del 20-04-2026 OGGETTO: NOMINA DEI RESPONSABILI DEI SERVIZI DI STAFF IL SINDACO Del Comune, in virtù della competenza che gli deriva, ai sensi e per gli effetti dell’art. 13 della legge regionale 26 agosto 1992, n. 7, come modificato ed integrato dall’art. 41 della legge regionale 1 settembre 1993, n. 26, per tutte le materie non attribuite agli altri organi del Comune, Che con deliberazione di Giunta Comunale n. 31 del 09.04.2026, modificata con la Deliberazione di Giunta Municipale n. 34 del 14.04.2026, è stato approvato il nuovo assetto organizzativo dell’Ente e sono state istituite n. 10 Aree con p;COMUNE DI FAVARA DETERMINAZIONE SINDACALE Numero 30 del 20-04-2026 OGGETTO: NOMINA DEI RESPONSABILI DEI SERVIZI DI STAFF Il Sindaco, in base alla legge regionale e alle competenze derivanti, stabilisce la nomina dei responsabili dei servizi di staff. Tale decisione segue l'approvazione del nuovo assetto organizzativo dell’Ente tramite deliberazione di Giunta Comunale, successivamente modificata. La Deliberazione di Giunta ha istituito un numero imprecisato di posizioni. L'atto mira a definire le responsabilità all'interno della struttura comunale. Si fa riferimento alla normativa regionale per la gestione delle materie non attribuite ad altri organi. Il provvedimento è adottato in virtù dei 
gemma3_12b;A;linear_svm;0128;atto_128.pdf;AccordoSindacale;Decreto;assorbito_in_decreto;1038;633;decreto, ordina;;Prefettura Macerata Prot.Internodel17/12/2019 Numero:0073151 Classifica:48.14 1430005177098 Prefettura di Macerata Ufficio Territoriale del Governo ACCORDODICOLLABORAZIONE tra Prefettura - Ufficio Territoriale del Governo di Macerata Struttura Commissariale di Governo per la ricostruzione delle zone del terremoto del 2016 e 2017 edicomponenti del Tavolo di Monitoraggio dei Flussi di Manodopera per L'ATTIVAZIONE SPERIMENTALEDISISTEMI INFORMATICI DI RILEVAZIONE DELLE PRESENZE AUTORIZZATE NEI CANTIERI Prefettura di Macerata Ufficio Territoriale del Governo In data 16 dicembre 2019, presso gli Uffici della Prefettura - Ufficio territoriale del Governo di Macerata, sono presenti: il Prefetto di M;Prefettura di Macerata, Prot. Internodel 17/12/2019, n. 0073151. L'atto è un accordo di collaborazione tra la Prefettura - Ufficio Territoriale del Governo di Macerata e la Struttura Commissariale di Governo per la ricostruzione delle zone terremotate del 2016 e 2017. Si premette la necessità di ottimizzare il monitoraggio dei flussi di manodopera nei cantieri. L'accordo disciplina l'attivazione sperimentale di sistemi informatici per la rilevazione delle presenze autorizzate in tali cantieri. Lo scopo è migliorare l'efficienza e la trasparenza del processo di ricostruzione. La data di stipula dell’accordo è il 16 dicembre 20
gemma3_12b;A;linear_svm;0028;atto_28.pdf;Decreto;Ordinanza;decreto_non_riconosciuto;967;673;dirigente, delibera;delibera, consiglio;"CITTÀ DI IMOLA MEDAGLIA D’ORO AL VALORE MILITARE PER ATTIVITA’ PARTIGIANA Area Gestione e sviluppo del territorio Atto monocratico n. 682 del 27/05/2025 OGGETTO: AGGIORNAMENTO DELL'ALLEGATO 1 AL TOMO III DEL RUE A SEGUITO DELLA RATIFICA CON DELIBERAZIONE CONSILIARE N. 28 DEL 27/03/2025 DELLA VARIANTE AL PSC E RUE NELL'AMBITO DEL PROCEDIMENTO UNICO EX ART. 53 COMMA 1 LETTERA A) DELLA LR 24/2017 PER LA DEMOLIZIONE DI FABBRICATI ESISTENTI E LA NUOVA COSTRUZIONE DI UN EDIFICIO DESTINATO A ""CASA DEGLI EVENTI"" ALL'INTERNO DEL PERIMETRO DELL'AUTODROMO ENZO E DINO FERARRI - DITTA CON.AMI IL DIRIGENTE RICHIAMATA la deliberazione C.C. n. 28 del 27/03/2025 avente ad oggetto “Procedimento Unico art. 53 ";"CITTÀ DI IMOLA Atto monocratico n. 682 del 27/05/2025 OGGETTO: Aggiornamento dell'allegato al piano urbanistico a seguito di una variazione approvata dal consiglio comunale. La modifica riguarda un progetto per la demolizione di edifici esistenti e la costruzione di una ""Casa degli Eventi"" all’interno dell'Autodromo Enzo e Dino Ferrari, presentato dalla ditta Con.ami. Tale variazione è stata ratificata con delibera consiliare n. 28 del 27/03/2025. L'aggiornamento si inserisce in un procedimento unico per la gestione urbanistica. Il provvedimento recepisce quindi le decisioni prese a livello comunale riguardo al piano di sviluppo. Si tratta di un atto amministrativo"
gemma3_12b;A;logistic_regression;0075;atto_75.pdf;DeliberaGiunta;Decreto;assorbito_in_decreto;983;603;dirigente, responsabile, delibera, giunta;delibera, giunta;REGIONE TOSCANA UFFICI REGIONALI GIUNTA REGIONALE ESTRATTO DEL VERBALE DELLA SEDUTA DEL 28/11/2022 (punto N 28) Delibera N 1345 del 28/11/2022 Proponente LEONARDO MARRAS DIREZIONE ATTIVITA' PRODUTTIVE Pubblicità / Pubblicazione Atto pubblicato su BURT e Banca Dati (PBURT/PBD) Dirigente Responsabile Laura ACHENZA Direttore Albino CAPORALE Oggetto: Individuazione della data di inizio e della durata delle vendite di fine stagione invernale per l'anno 2023, ai sensi dell’articolo 108, comma 2, della L.R. 23 novembre 2018, n. 62 (Codice del commercio). Presenti Eugenio GIANI Stefania SACCARDI Stefano BACCELLI Simone BEZZINI Stefano CIUOFFO Leonardo MARRAS Monia MONNI Alessandra NARDINI Serena SPI;REGIONE TOSCANA Delibera n. 1345 del 28/11/2022 Oggetto: Definizione delle date per le vendite di fine stagione invernale 2023. La Giunta Regionale, in riferimento all'articolo 108 della legge regionale del 2018 che disciplina il commercio, ha deliberato sull’argomento. La decisione è stata proposta dalla Direzione Attività Produttive. Si stabilisce la data di inizio e la durata delle vendite promozionali invernali per l'anno in corso. Non sono stati allegati documenti a supporto della delibera. Il provvedimento sarà pubblicato sul Bollettino Ufficiale Regionale Toscano (BURT) e nella Banca Dati.
gemma3_12b;A;logistic_regression;0117;atto_117.pdf;Determina;Decreto;assorbito_in_decreto;989;719;sindaco, determina, determinazione, responsabile, delibera, giunta;sindaco, determina, determinazione, delibera, giunta;COMUNE DI FAVARA LIBERO CONSORZIO COMUNALE DI AGRIGENTO DETERMINAZIONE SINDACALE Numero 30 del 20-04-2026 OGGETTO: NOMINA DEI RESPONSABILI DEI SERVIZI DI STAFF IL SINDACO Del Comune, in virtù della competenza che gli deriva, ai sensi e per gli effetti dell’art. 13 della legge regionale 26 agosto 1992, n. 7, come modificato ed integrato dall’art. 41 della legge regionale 1 settembre 1993, n. 26, per tutte le materie non attribuite agli altri organi del Comune, Che con deliberazione di Giunta Comunale n. 31 del 09.04.2026, modificata con la Deliberazione di Giunta Municipale n. 34 del 14.04.2026, è stato approvato il nuovo assetto organizzativo dell’Ente e sono state istituite n. 10 Aree con p;COMUNE DI FAVARA DETERMINAZIONE SINDACALE Numero 30 del 20-04-2026 OGGETTO: NOMINA DEI RESPONSABILI DEI SERVIZI DI STAFF Il Sindaco, in base alla legge regionale e alle competenze derivanti, stabilisce la nomina dei responsabili dei servizi di staff. Tale decisione segue l'approvazione del nuovo assetto organizzativo dell’Ente tramite deliberazione di Giunta Comunale, successivamente modificata. La Deliberazione di Giunta ha istituito un numero imprecisato di posizioni. L'atto mira a definire le responsabilità all'interno della struttura comunale. Si fa riferimento alla normativa regionale per la gestione delle materie non attribuite ad altri organi. Il provvedimento è adottato in virtù dei 
gemma3_12b;A;logistic_regression;0128;atto_128.pdf;AccordoSindacale;Decreto;assorbito_in_decreto;1038;633;decreto, ordina;;Prefettura Macerata Prot.Internodel17/12/2019 Numero:0073151 Classifica:48.14 1430005177098 Prefettura di Macerata Ufficio Territoriale del Governo ACCORDODICOLLABORAZIONE tra Prefettura - Ufficio Territoriale del Governo di Macerata Struttura Commissariale di Governo per la ricostruzione delle zone del terremoto del 2016 e 2017 edicomponenti del Tavolo di Monitoraggio dei Flussi di Manodopera per L'ATTIVAZIONE SPERIMENTALEDISISTEMI INFORMATICI DI RILEVAZIONE DELLE PRESENZE AUTORIZZATE NEI CANTIERI Prefettura di Macerata Ufficio Territoriale del Governo In data 16 dicembre 2019, presso gli Uffici della Prefettura - Ufficio territoriale del Governo di Macerata, sono presenti: il Prefetto di M;Prefettura di Macerata, Prot. Internodel 17/12/2019, n. 0073151. L'atto è un accordo di collaborazione tra la Prefettura - Ufficio Territoriale del Governo di Macerata e la Struttura Commissariale di Governo per la ricostruzione delle zone terremotate del 2016 e 2017. Si premette la necessità di ottimizzare il monitoraggio dei flussi di manodopera nei cantieri. L'accordo disciplina l'attivazione sperimentale di sistemi informatici per la rilevazione delle presenze autorizzate in tali cantieri. Lo scopo è migliorare l'efficienza e la trasparenza del processo di ricostruzione. La data di stipula dell’accordo è il 16 dicembre 20
gemma3_12b;A;logistic_regression;0028;atto_28.pdf;Decreto;Ordinanza;decreto_non_riconosciuto;967;673;dirigente, delibera;delibera, consiglio;"CITTÀ DI IMOLA MEDAGLIA D’ORO AL VALORE MILITARE PER ATTIVITA’ PARTIGIANA Area Gestione e sviluppo del territorio Atto monocratico n. 682 del 27/05/2025 OGGETTO: AGGIORNAMENTO DELL'ALLEGATO 1 AL TOMO III DEL RUE A SEGUITO DELLA RATIFICA CON DELIBERAZIONE CONSILIARE N. 28 DEL 27/03/2025 DELLA VARIANTE AL PSC E RUE NELL'AMBITO DEL PROCEDIMENTO UNICO EX ART. 53 COMMA 1 LETTERA A) DELLA LR 24/2017 PER LA DEMOLIZIONE DI FABBRICATI ESISTENTI E LA NUOVA COSTRUZIONE DI UN EDIFICIO DESTINATO A ""CASA DEGLI EVENTI"" ALL'INTERNO DEL PERIMETRO DELL'AUTODROMO ENZO E DINO FERARRI - DITTA CON.AMI IL DIRIGENTE RICHIAMATA la deliberazione C.C. n. 28 del 27/03/2025 avente ad oggetto “Procedimento Unico art. 53 ";"CITTÀ DI IMOLA Atto monocratico n. 682 del 27/05/2025 OGGETTO: Aggiornamento dell'allegato al piano urbanistico a seguito di una variazione approvata dal consiglio comunale. La modifica riguarda un progetto per la demolizione di edifici esistenti e la costruzione di una ""Casa degli Eventi"" all’interno dell'Autodromo Enzo e Dino Ferrari, presentato dalla ditta Con.ami. Tale variazione è stata ratificata con delibera consiliare n. 28 del 27/03/2025. L'aggiornamento si inserisce in un procedimento unico per la gestione urbanistica. Il provvedimento recepisce quindi le decisioni prese a livello comunale riguardo al piano di sviluppo. Si tratta di un atto amministrativo"
gemma3_12b;A;naive_bayes;0040;atto_40.pdf;AccordoSindacale;Decreto;assorbito_in_decreto;961;625;delibera, giunta;giunta;"COMUNEDINAPOLI Area Risorse Umane Servizio Disciplina, Prerogative e Relazioni Sindacali Accordo per la modifica del CCDI siglato in data 29/12/2023 ed integrazione dei criteri per la definizione delle modalità di attribuzione dell'indennità per specifiche responsabilità di cui all'art.84 del CCNL 2019-2021 PREMESSO che in data 27 giugno c.a. veniva siglata l'ipotesi di accordo per la modifica del CCDI sottoscritto in data 29/12/2023, nonché l’integrazione dei criteri per la definizione delle modalità di attribuzione dell'indennità per specifiche responsabilità di cui all'art. 84 del CCNL 2019-2021; VISTA la positiva certificazione resa dal Collegio dei Revisori, ai sensi dell'art. 8, comma ";COMUNE DI NAPOLI Area Risorse Umane Accordo del 29 dicembre 2023 e integrazione criteri indennità art. 84 CCNL 2019-2021 Premesso che in data 27 giugno era stata raggiunta l'ipotesi di accordo per modificare il contratto collettivo decentrato (CCDI) e definire i criteri per un’indennità specifica, è stato verificato che tale accordo sia conforme alle normative vigenti. Il Collegio dei Revisori ha espresso parere positivo sull'operazione. L'accordo mira a chiarire le modalità di attribuzione dell'indennità prevista dall'articolo 84 del Contratto Collettivo Nazionale di Lavoro (CCNL) Funzioni Locali 2019-2021. Si tratta
gemma3_12b;A;naive_bayes;0075;atto_75.pdf;DeliberaGiunta;Decreto;assorbito_in_decreto;983;603;dirigente, responsabile, delibera, giunta;delibera, giunta;REGIONE TOSCANA UFFICI REGIONALI GIUNTA REGIONALE ESTRATTO DEL VERBALE DELLA SEDUTA DEL 28/11/2022 (punto N 28) Delibera N 1345 del 28/11/2022 Proponente LEONARDO MARRAS DIREZIONE ATTIVITA' PRODUTTIVE Pubblicità / Pubblicazione Atto pubblicato su BURT e Banca Dati (PBURT/PBD) Dirigente Responsabile Laura ACHENZA Direttore Albino CAPORALE Oggetto: Individuazione della data di inizio e della durata delle vendite di fine stagione invernale per l'anno 2023, ai sensi dell’articolo 108, comma 2, della L.R. 23 novembre 2018, n. 62 (Codice del commercio). Presenti Eugenio GIANI Stefania SACCARDI Stefano BACCELLI Simone BEZZINI Stefano CIUOFFO Leonardo MARRAS Monia MONNI Alessandra NARDINI Serena SPI;REGIONE TOSCANA Delibera n. 1345 del 28/11/2022 Oggetto: Definizione delle date per le vendite di fine stagione invernale 2023. La Giunta Regionale, in riferimento all'articolo 108 della legge regionale del 2018 che disciplina il commercio, ha deliberato sull’argomento. La decisione è stata proposta dalla Direzione Attività Produttive. Si stabilisce la data di inizio e la durata delle vendite promozionali invernali per l'anno in corso. Non sono stati allegati documenti a supporto della delibera. Il provvedimento sarà pubblicato sul Bollettino Ufficiale Regionale Toscano (BURT) e nella Banca Dati.
gemma3_12b;A;naive_bayes;0080;atto_80.pdf;Ordinanza;Decreto;assorbito_in_decreto;970;653;sindaco, ordinanza, ordina;sindaco, ordinanza, ordina;"COMUNE DI DIDO Città Metropolitana di Venezia C.A.P.30031 - Via Cairoli, 39 - 041.5121911 fax 041.410665 P.IVA 00655760270 C.F. 82001910270 AFFARI GENERALI, SEGRETERIA, PATRIMONIO E RISORSE UMANE ORDINANZA N. 78 DEL 19/05/2026 OGGETTO: VISTO l'articolo 50, comma 7, del D.Lgs. n. 267/2000 e ss.mm.ii. ai sensi del quale il Sindaco coordina e riorganizza gli orari di apertura al pubblico degli uffici localizzati nel territorio, al fine di armonizzare l'espletamento dei servizi con le esigenze complessive e generali degli utenti; CONSIDERATO che, nell'ambito della più generale riduzione della spesa pubblica, occorre adottare misure volte a contenere i costi, caratterizzate dalla riduzione dell'a";COMUNE DI IDOLO, Città Metropolitana di Venezia ORDINANZA N. 78 del 19/05/2026 OGGETTO: Orari di apertura al pubblico degli uffici comunali VISTO l'articolo 50 del D.Lgs. n. 267/2000, che attribuisce al Sindaco la responsabilità di coordinare gli orari di apertura degli uffici pubblici. CONSIDERATO il bisogno di ridurre la spesa pubblica attraverso una diminuzione dell'accesso ai servizi comunali. DATO ATTO della necessità di adeguamento degli orari per armonizzare i servizi con le esigenze degli utenti. DISPONE che verranno riorganizzati gli orari di apertura al pubblico degli uffici comunali, in linea con la riduzione della spesa pubblica e l'
gemma3_12b;A;naive_bayes;0117;atto_117.pdf;Determina;Decreto;assorbito_in_decreto;989;719;sindaco, determina, determinazione, responsabile, delibera, giunta;sindaco, determina, determinazione, delibera, giunta;COMUNE DI FAVARA LIBERO CONSORZIO COMUNALE DI AGRIGENTO DETERMINAZIONE SINDACALE Numero 30 del 20-04-2026 OGGETTO: NOMINA DEI RESPONSABILI DEI SERVIZI DI STAFF IL SINDACO Del Comune, in virtù della competenza che gli deriva, ai sensi e per gli effetti dell’art. 13 della legge regionale 26 agosto 1992, n. 7, come modificato ed integrato dall’art. 41 della legge regionale 1 settembre 1993, n. 26, per tutte le materie non attribuite agli altri organi del Comune, Che con deliberazione di Giunta Comunale n. 31 del 09.04.2026, modificata con la Deliberazione di Giunta Municipale n. 34 del 14.04.2026, è stato approvato il nuovo assetto organizzativo dell’Ente e sono state istituite n. 10 Aree con p;COMUNE DI FAVARA DETERMINAZIONE SINDACALE Numero 30 del 20-04-2026 OGGETTO: NOMINA DEI RESPONSABILI DEI SERVIZI DI STAFF Il Sindaco, in base alla legge regionale e alle competenze derivanti, stabilisce la nomina dei responsabili dei servizi di staff. Tale decisione segue l'approvazione del nuovo assetto organizzativo dell’Ente tramite deliberazione di Giunta Comunale, successivamente modificata. La Deliberazione di Giunta ha istituito un numero imprecisato di posizioni. L'atto mira a definire le responsabilità all'interno della struttura comunale. Si fa riferimento alla normativa regionale per la gestione delle materie non attribuite ad altri organi. Il provvedimento è adottato in virtù dei 
gemma3_12b;A;naive_bayes;0003;atto_3.pdf;Decreto;Ordinanza;decreto_non_riconosciuto;990;651;decreto, decreto sindacale, sindaco, consiglio;decreto, decreto sindacale, sindaco;"CITTÀ DI LECCE Decreto Sindacale N. 3 Data di registrazione: 20/02/2026 OGGETTO: CONFERIMENTO INCARICO RILASCIO C.I.E. IL SINDACO Visto il R.D. 18 giugno 1931, n. 773 - Approvazione del Testo Unico delle leggi di Pubblica Sicurezza, il quale, al comma 1° dell'art. 3, stabilisce che ""Il sindaco è tenuto a rilasciare alle persone aventi nel comune la loro residenza o la loro dimora una carta d'identità conforme al modello stabilito dal Ministero dell'interno; Visto il D.M. del 23 Dicembre 2015 recante ""Modalità tecniche di emissione della carta di identità elettronica""; Vista la Circolare n° 87/2017 del Ministero dell'Interno - Dipartimento affari interni e territoriali - avente ad oggetto la ";CITTÀ DI LECCE Decreto Sindacale N. 3 del 20/02/2026 OGGETTO: CONFERIMENTO INCARICO RILASCIO C.I.E. Considerando l'obbligo di rilasciare la carta d’identità ai residenti o dimoranti nel comune, come previsto dal Regio Decreto del 1931 e successive disposizioni ministeriali riguardanti le modalità tecniche per l'emissione della Carta di Identità Elettronica (C.I.E.). Il Sindaco conferisce un incarico relativo al rilascio di tale documento. L’atto si basa sulla necessità di adempiere agli obblighi previsti dalla normativa vigente in materia di identificazione personale. La decisione è presa in conformità alle direttive ministeriali sull'emission
gemma3_12b;A;naive_bayes;0012;atto_12.pdf;Decreto;DeliberaGiunta;decreto_non_riconosciuto;1022;732;decreto, sindaco, giunta;decreto, sindaco, giunta;"COMUNE DI BELLUNO DECRETO N.7 DEL 30/09/2025 COMUNALE IL SINDACO Visti: - gli art. 47 e 48 del testo unico degli Enti Locali d.lgs 18 agosto 2000, n. 267; - l'art. 35 dello statuto comunale, il quale recita: ""1. La Giunta è composta dal Sindaco e da un numero di Assessori stabilito dal Sindaco, non superiore al numero massimo previsto dalla Legge. 2. Gli Assessori debbono essere in possesso dei requisiti di compatibilità ed eleggibilità alla carica di Consigliere. 3. Per la rimozione delle cause di incompatibilità si applicano le norme stabilite dalla Legge per i Consiglieri comunali. 4. La parità di genere è assicurata a norma di Legge""; - l'art. 30 dello statuto comunale, il quale recita: ";COMUNE DI BELLUNO DECRETO N.7 del 30/09/2025 Oggetto: Nomina Assessore Comunale Considerando la necessità di completare la composizione della Giunta comunale, in conformità con gli articoli dello Statuto comunale relativi alla composizione e ai requisiti degli assessori, e facendo riferimento alle disposizioni del Testo Unico degli Enti Locali. Il Sindaco nomina un nuovo Assessore Comunale, assicurando parità di genere come previsto dalla legge. L'Assessore nominato deve possedere i requisiti di compatibilità ed eleggibilità previsti per i Consiglieri comunali. La decisione è presa nel rispetto delle norme statutarie e legislative vigenti. L’atto ha lo scopo di garantire la piena funzionalit
gemma3_12b;B;linear_svm;0020;atto_20.pdf;Determina;Decreto;assorbito_in_decreto;971;638;determina, determinazione;determina, determinazione, dirigente;"CITTÀ DI IMOLA MEDAGLIA D’ORO AL VALORE MILITARE PER ATTIVITA’ PARTIGIANA DETERMINAZIONE DIRIGENZIALE Area Servizi alla persona N. 122 DEL 16/02/2026 OGGETTO: AREA SERVIZI ALLA PERSONA - AMMISSIONE E CONTESTUALE ASSEGNAZIONE CONTRIBUTI E VANTAGGI ECONOMICI A SOSTEGNO DI INIZIATIVE/ATTIVITA` REALIZZATE DA ENTI O ASSOCIAZIONI – ANNO 2026 I L D I R I G E N T E PREMESSO che: CONSIDERATE le modalità di erogazione e i criteri di assegnazione definiti dal suddetto Regolamento; VISTO l’Avviso Pubblico per la concessione di contributi e vantaggi economici a sostegno di iniziative/attività realizzati da enti o associazioni – anno 2026, approvato con Determinazione Dirigenziale n. 1145 del 23/12/2025; ";CITTÀ DI IMOLA DETERMINAZIONE DIRIGENZIALE N. 122 DEL 16/02/2026 OGGETTO: Ammissione e assegnazione di contributi economici a enti o associazioni per iniziative e attività – anno 2026 Il Dirigente, in riferimento al regolamento vigente e all'Avviso Pubblico approvato con determinazione n. 1145 del 23/12/2025, ha disposto l’ammissione a contributo di enti o associazioni che hanno presentato iniziative e attività. La decisione si basa sulle modalità di erogazione e sui criteri definiti dal regolamento. Viene dato atto della presentazione delle istanze. L'atto autorizza contestualmente l'assegnazione dei contributi economici previsti
gemma3_12b;B;linear_svm;0080;atto_80.pdf;Ordinanza;Decreto;assorbito_in_decreto;970;653;sindaco, ordinanza, ordina;sindaco, ordinanza, ordina;"COMUNE DI DIDO Città Metropolitana di Venezia C.A.P.30031 - Via Cairoli, 39 - 041.5121911 fax 041.410665 P.IVA 00655760270 C.F. 82001910270 AFFARI GENERALI, SEGRETERIA, PATRIMONIO E RISORSE UMANE ORDINANZA N. 78 DEL 19/05/2026 OGGETTO: VISTO l'articolo 50, comma 7, del D.Lgs. n. 267/2000 e ss.mm.ii. ai sensi del quale il Sindaco coordina e riorganizza gli orari di apertura al pubblico degli uffici localizzati nel territorio, al fine di armonizzare l'espletamento dei servizi con le esigenze complessive e generali degli utenti; CONSIDERATO che, nell'ambito della più generale riduzione della spesa pubblica, occorre adottare misure volte a contenere i costi, caratterizzate dalla riduzione dell'a";COMUNE DI IDOLO, Città Metropolitana di Venezia ORDINANZA N. 78 del 19/05/2026 OGGETTO: Orari di apertura al pubblico degli uffici comunali VISTO l'articolo 50 del D.Lgs. n. 267/2000, che attribuisce al Sindaco la responsabilità di coordinare gli orari di apertura degli uffici pubblici. CONSIDERATO il bisogno di ridurre la spesa pubblica attraverso una diminuzione dell'accesso ai servizi comunali. DATO ATTO della necessità di adeguamento degli orari per armonizzare i servizi con le esigenze degli utenti. DISPONE che verranno riorganizzati gli orari di apertura al pubblico degli uffici comunali, in linea con la riduzione della spesa pubblica e l'
gemma3_12b;B;linear_svm;0117;atto_117.pdf;Determina;Decreto;assorbito_in_decreto;989;719;sindaco, determina, determinazione, responsabile, delibera, giunta;sindaco, determina, determinazione, delibera, giunta;COMUNE DI FAVARA LIBERO CONSORZIO COMUNALE DI AGRIGENTO DETERMINAZIONE SINDACALE Numero 30 del 20-04-2026 OGGETTO: NOMINA DEI RESPONSABILI DEI SERVIZI DI STAFF IL SINDACO Del Comune, in virtù della competenza che gli deriva, ai sensi e per gli effetti dell’art. 13 della legge regionale 26 agosto 1992, n. 7, come modificato ed integrato dall’art. 41 della legge regionale 1 settembre 1993, n. 26, per tutte le materie non attribuite agli altri organi del Comune, Che con deliberazione di Giunta Comunale n. 31 del 09.04.2026, modificata con la Deliberazione di Giunta Municipale n. 34 del 14.04.2026, è stato approvato il nuovo assetto organizzativo dell’Ente e sono state istituite n. 10 Aree con p;COMUNE DI FAVARA DETERMINAZIONE SINDACALE Numero 30 del 20-04-2026 OGGETTO: NOMINA DEI RESPONSABILI DEI SERVIZI DI STAFF Il Sindaco, in base alla legge regionale e alle competenze derivanti, stabilisce la nomina dei responsabili dei servizi di staff. Tale decisione segue l'approvazione del nuovo assetto organizzativo dell’Ente tramite deliberazione di Giunta Comunale, successivamente modificata. La Deliberazione di Giunta ha istituito un numero imprecisato di posizioni. L'atto mira a definire le responsabilità all'interno della struttura comunale. Si fa riferimento alla normativa regionale per la gestione delle materie non attribuite ad altri organi. Il provvedimento è adottato in virtù dei 
gemma3_12b;B;linear_svm;0028;atto_28.pdf;Decreto;DeliberaConsiglio;decreto_non_riconosciuto;967;673;dirigente, delibera;delibera, consiglio;"CITTÀ DI IMOLA MEDAGLIA D’ORO AL VALORE MILITARE PER ATTIVITA’ PARTIGIANA Area Gestione e sviluppo del territorio Atto monocratico n. 682 del 27/05/2025 OGGETTO: AGGIORNAMENTO DELL'ALLEGATO 1 AL TOMO III DEL RUE A SEGUITO DELLA RATIFICA CON DELIBERAZIONE CONSILIARE N. 28 DEL 27/03/2025 DELLA VARIANTE AL PSC E RUE NELL'AMBITO DEL PROCEDIMENTO UNICO EX ART. 53 COMMA 1 LETTERA A) DELLA LR 24/2017 PER LA DEMOLIZIONE DI FABBRICATI ESISTENTI E LA NUOVA COSTRUZIONE DI UN EDIFICIO DESTINATO A ""CASA DEGLI EVENTI"" ALL'INTERNO DEL PERIMETRO DELL'AUTODROMO ENZO E DINO FERARRI - DITTA CON.AMI IL DIRIGENTE RICHIAMATA la deliberazione C.C. n. 28 del 27/03/2025 avente ad oggetto “Procedimento Unico art. 53 ";"CITTÀ DI IMOLA Atto monocratico n. 682 del 27/05/2025 OGGETTO: Aggiornamento dell'allegato al piano urbanistico a seguito di una variazione approvata dal consiglio comunale. La modifica riguarda un progetto per la demolizione di edifici esistenti e la costruzione di una ""Casa degli Eventi"" all’interno dell'Autodromo Enzo e Dino Ferrari, presentato dalla ditta Con.ami. Tale variazione è stata ratificata con delibera consiliare n. 28 del 27/03/2025. L'aggiornamento si inserisce in un procedimento unico per la gestione urbanistica. Il provvedimento recepisce quindi le decisioni prese a livello comunale riguardo al piano di sviluppo. Si tratta di un atto amministrativo"
gemma3_12b;B;linear_svm;0059;atto_59.pdf;Decreto;Statuto;decreto_non_riconosciuto;944;589;decreto, sindaco, determina, determinazione, ordina, delibera, giunta;decreto, decreto sindacale, determina, ordina, delibera, giunta;"COMUNE DI VOLLA Protocollo N. 0039483 Decreto ENTRATA COMUNE DI VOLLA Giuliano di Costanzo Città Metropolitana di Napoli Via Aldo Moro, 1 DECRETO DEL SINDACO n. 36 del 30/12/2025 Premesso che: con Deliberazione di Giunta Comunale n. 9 del 25/01/2019, come modificata con successiva Deliberazione Commissariale, con i poteri della Giunta, n. 1 del 9/1/2025, si è proceduto alla rideterminazione della struttura organizzativa dell'Ente; con Verbale di Deliberazione del Commissario Straordinario con i poteri della Giunta n. 20 del 30/04/2025 e stata approvata una modifica della struttura organizzativa di questo Ente che prevede i seguenti settori: 1° SETTORE: AFFARI GENERALI, DEMOGRAFICI, ELETTORAL";"COMUNE DI VOLLA Decreto Sindacale n. 36 del 30/12/2025 Oggetto: Modifica della struttura organizzativa comunale. Premesso che la struttura organizzativa dell'Ente è stata rideterminata con Delibera di Giunta Comunale e successive modifiche, e successivamente approvata una sua modifica tramite Verbale del Commissario Straordinario. La modifica prevede l’organizzazione in due settori principali: Affari Generali, Demografici, Elettorale; Politiche Sociali, Scolastico, Cultura, Sport e Tempo Libero – Aree Attrezzate. Il presente decreto ha lo scopo di formalizzare tale riorganizzazione."
gemma3_12b;B;linear_svm;0116;atto_116.pdf;Decreto;DeliberaConsiglio;decreto_non_riconosciuto;886;543;decreto, decreto sindacale;decreto, decreto sindacale;"COMUNE DI POLLENA TROCCHIA Città Metropolitana di Napoli DECRETO SINDACALE N. 16 DEL 18-06-2020 UFFICIO CONTENZIOSO Oggetto: Atto di Appello innanzi al Tribunale di Nola avverso e per la modifica della sentenza del Giudice di Pace di S. Anastasia n.2522/2019. Resistenza in giudizio. PREMESSO che: all’Ente è pervenuto atto di appello innanzi al Tribunale di Nola avverso e per la modifica della sentenza del Giudice di Pace di S. Anastasia n.2522/2019, promosso dalla società E. srl c/ Comune di Polena Trocchia + altri, acquisito al prot. gen. n. 4425 del 06.03.2020 ed iscritto a ruolo con RG n.1678/2020; il legale, che ha difeso l’ente nel giudizio di I grado, con pec del 06.03.2020 ha invitato";COMUNE DI POLLENA TROCCHIA, Città Metropolitana di Napoli DECRETO SINDACALE N. 16 del 18-06-2020 Oggetto: Atto di Appello avverso sentenza del Giudice di Pace di S. Anastasia n. 2522/2019. Premesso che è stato ricevuto un atto di appello dal Tribunale di Nola, promosso dalla società E. srl contro il Comune e altri soggetti, relativo a una precedente sentenza del Giudice di Pace. L'atto è stato acquisito con protocollo generale n. 4425 del 06.03.2020 ed iscritto a ruolo come RG n. 1678/2020. Il decreto autorizza la resistenza in giudizio.
gemma3_12b;B;logistic_regression;0020;atto_20.pdf;Determina;Decreto;assorbito_in_decreto;971;638;determina, determinazione;determina, determinazione, dirigente;"CITTÀ DI IMOLA MEDAGLIA D’ORO AL VALORE MILITARE PER ATTIVITA’ PARTIGIANA DETERMINAZIONE DIRIGENZIALE Area Servizi alla persona N. 122 DEL 16/02/2026 OGGETTO: AREA SERVIZI ALLA PERSONA - AMMISSIONE E CONTESTUALE ASSEGNAZIONE CONTRIBUTI E VANTAGGI ECONOMICI A SOSTEGNO DI INIZIATIVE/ATTIVITA` REALIZZATE DA ENTI O ASSOCIAZIONI – ANNO 2026 I L D I R I G E N T E PREMESSO che: CONSIDERATE le modalità di erogazione e i criteri di assegnazione definiti dal suddetto Regolamento; VISTO l’Avviso Pubblico per la concessione di contributi e vantaggi economici a sostegno di iniziative/attività realizzati da enti o associazioni – anno 2026, approvato con Determinazione Dirigenziale n. 1145 del 23/12/2025; ";CITTÀ DI IMOLA DETERMINAZIONE DIRIGENZIALE N. 122 DEL 16/02/2026 OGGETTO: Ammissione e assegnazione di contributi economici a enti o associazioni per iniziative e attività – anno 2026 Il Dirigente, in riferimento al regolamento vigente e all'Avviso Pubblico approvato con determinazione n. 1145 del 23/12/2025, ha disposto l’ammissione a contributo di enti o associazioni che hanno presentato iniziative e attività. La decisione si basa sulle modalità di erogazione e sui criteri definiti dal regolamento. Viene dato atto della presentazione delle istanze. L'atto autorizza contestualmente l'assegnazione dei contributi economici previsti
gemma3_12b;B;logistic_regression;0080;atto_80.pdf;Ordinanza;Decreto;assorbito_in_decreto;970;653;sindaco, ordinanza, ordina;sindaco, ordinanza, ordina;"COMUNE DI DIDO Città Metropolitana di Venezia C.A.P.30031 - Via Cairoli, 39 - 041.5121911 fax 041.410665 P.IVA 00655760270 C.F. 82001910270 AFFARI GENERALI, SEGRETERIA, PATRIMONIO E RISORSE UMANE ORDINANZA N. 78 DEL 19/05/2026 OGGETTO: VISTO l'articolo 50, comma 7, del D.Lgs. n. 267/2000 e ss.mm.ii. ai sensi del quale il Sindaco coordina e riorganizza gli orari di apertura al pubblico degli uffici localizzati nel territorio, al fine di armonizzare l'espletamento dei servizi con le esigenze complessive e generali degli utenti; CONSIDERATO che, nell'ambito della più generale riduzione della spesa pubblica, occorre adottare misure volte a contenere i costi, caratterizzate dalla riduzione dell'a";COMUNE DI IDOLO, Città Metropolitana di Venezia ORDINANZA N. 78 del 19/05/2026 OGGETTO: Orari di apertura al pubblico degli uffici comunali VISTO l'articolo 50 del D.Lgs. n. 267/2000, che attribuisce al Sindaco la responsabilità di coordinare gli orari di apertura degli uffici pubblici. CONSIDERATO il bisogno di ridurre la spesa pubblica attraverso una diminuzione dell'accesso ai servizi comunali. DATO ATTO della necessità di adeguamento degli orari per armonizzare i servizi con le esigenze degli utenti. DISPONE che verranno riorganizzati gli orari di apertura al pubblico degli uffici comunali, in linea con la riduzione della spesa pubblica e l'
gemma3_12b;B;logistic_regression;0117;atto_117.pdf;Determina;Decreto;assorbito_in_decreto;989;719;sindaco, determina, determinazione, responsabile, delibera, giunta;sindaco, determina, determinazione, delibera, giunta;COMUNE DI FAVARA LIBERO CONSORZIO COMUNALE DI AGRIGENTO DETERMINAZIONE SINDACALE Numero 30 del 20-04-2026 OGGETTO: NOMINA DEI RESPONSABILI DEI SERVIZI DI STAFF IL SINDACO Del Comune, in virtù della competenza che gli deriva, ai sensi e per gli effetti dell’art. 13 della legge regionale 26 agosto 1992, n. 7, come modificato ed integrato dall’art. 41 della legge regionale 1 settembre 1993, n. 26, per tutte le materie non attribuite agli altri organi del Comune, Che con deliberazione di Giunta Comunale n. 31 del 09.04.2026, modificata con la Deliberazione di Giunta Municipale n. 34 del 14.04.2026, è stato approvato il nuovo assetto organizzativo dell’Ente e sono state istituite n. 10 Aree con p;COMUNE DI FAVARA DETERMINAZIONE SINDACALE Numero 30 del 20-04-2026 OGGETTO: NOMINA DEI RESPONSABILI DEI SERVIZI DI STAFF Il Sindaco, in base alla legge regionale e alle competenze derivanti, stabilisce la nomina dei responsabili dei servizi di staff. Tale decisione segue l'approvazione del nuovo assetto organizzativo dell’Ente tramite deliberazione di Giunta Comunale, successivamente modificata. La Deliberazione di Giunta ha istituito un numero imprecisato di posizioni. L'atto mira a definire le responsabilità all'interno della struttura comunale. Si fa riferimento alla normativa regionale per la gestione delle materie non attribuite ad altri organi. Il provvedimento è adottato in virtù dei 
gemma3_12b;B;logistic_regression;0028;atto_28.pdf;Decreto;DeliberaConsiglio;decreto_non_riconosciuto;967;673;dirigente, delibera;delibera, consiglio;"CITTÀ DI IMOLA MEDAGLIA D’ORO AL VALORE MILITARE PER ATTIVITA’ PARTIGIANA Area Gestione e sviluppo del territorio Atto monocratico n. 682 del 27/05/2025 OGGETTO: AGGIORNAMENTO DELL'ALLEGATO 1 AL TOMO III DEL RUE A SEGUITO DELLA RATIFICA CON DELIBERAZIONE CONSILIARE N. 28 DEL 27/03/2025 DELLA VARIANTE AL PSC E RUE NELL'AMBITO DEL PROCEDIMENTO UNICO EX ART. 53 COMMA 1 LETTERA A) DELLA LR 24/2017 PER LA DEMOLIZIONE DI FABBRICATI ESISTENTI E LA NUOVA COSTRUZIONE DI UN EDIFICIO DESTINATO A ""CASA DEGLI EVENTI"" ALL'INTERNO DEL PERIMETRO DELL'AUTODROMO ENZO E DINO FERARRI - DITTA CON.AMI IL DIRIGENTE RICHIAMATA la deliberazione C.C. n. 28 del 27/03/2025 avente ad oggetto “Procedimento Unico art. 53 ";"CITTÀ DI IMOLA Atto monocratico n. 682 del 27/05/2025 OGGETTO: Aggiornamento dell'allegato al piano urbanistico a seguito di una variazione approvata dal consiglio comunale. La modifica riguarda un progetto per la demolizione di edifici esistenti e la costruzione di una ""Casa degli Eventi"" all’interno dell'Autodromo Enzo e Dino Ferrari, presentato dalla ditta Con.ami. Tale variazione è stata ratificata con delibera consiliare n. 28 del 27/03/2025. L'aggiornamento si inserisce in un procedimento unico per la gestione urbanistica. Il provvedimento recepisce quindi le decisioni prese a livello comunale riguardo al piano di sviluppo. Si tratta di un atto amministrativo"
gemma3_12b;B;logistic_regression;0116;atto_116.pdf;Decreto;DeliberaConsiglio;decreto_non_riconosciuto;886;543;decreto, decreto sindacale;decreto, decreto sindacale;"COMUNE DI POLLENA TROCCHIA Città Metropolitana di Napoli DECRETO SINDACALE N. 16 DEL 18-06-2020 UFFICIO CONTENZIOSO Oggetto: Atto di Appello innanzi al Tribunale di Nola avverso e per la modifica della sentenza del Giudice di Pace di S. Anastasia n.2522/2019. Resistenza in giudizio. PREMESSO che: all’Ente è pervenuto atto di appello innanzi al Tribunale di Nola avverso e per la modifica della sentenza del Giudice di Pace di S. Anastasia n.2522/2019, promosso dalla società E. srl c/ Comune di Polena Trocchia + altri, acquisito al prot. gen. n. 4425 del 06.03.2020 ed iscritto a ruolo con RG n.1678/2020; il legale, che ha difeso l’ente nel giudizio di I grado, con pec del 06.03.2020 ha invitato";COMUNE DI POLLENA TROCCHIA, Città Metropolitana di Napoli DECRETO SINDACALE N. 16 del 18-06-2020 Oggetto: Atto di Appello avverso sentenza del Giudice di Pace di S. Anastasia n. 2522/2019. Premesso che è stato ricevuto un atto di appello dal Tribunale di Nola, promosso dalla società E. srl contro il Comune e altri soggetti, relativo a una precedente sentenza del Giudice di Pace. L'atto è stato acquisito con protocollo generale n. 4425 del 06.03.2020 ed iscritto a ruolo come RG n. 1678/2020. Il decreto autorizza la resistenza in giudizio.
gemma3_12b;B;naive_bayes;0020;atto_20.pdf;Determina;Decreto;assorbito_in_decreto;971;638;determina, determinazione;determina, determinazione, dirigente;"CITTÀ DI IMOLA MEDAGLIA D’ORO AL VALORE MILITARE PER ATTIVITA’ PARTIGIANA DETERMINAZIONE DIRIGENZIALE Area Servizi alla persona N. 122 DEL 16/02/2026 OGGETTO: AREA SERVIZI ALLA PERSONA - AMMISSIONE E CONTESTUALE ASSEGNAZIONE CONTRIBUTI E VANTAGGI ECONOMICI A SOSTEGNO DI INIZIATIVE/ATTIVITA` REALIZZATE DA ENTI O ASSOCIAZIONI – ANNO 2026 I L D I R I G E N T E PREMESSO che: CONSIDERATE le modalità di erogazione e i criteri di assegnazione definiti dal suddetto Regolamento; VISTO l’Avviso Pubblico per la concessione di contributi e vantaggi economici a sostegno di iniziative/attività realizzati da enti o associazioni – anno 2026, approvato con Determinazione Dirigenziale n. 1145 del 23/12/2025; ";CITTÀ DI IMOLA DETERMINAZIONE DIRIGENZIALE N. 122 DEL 16/02/2026 OGGETTO: Ammissione e assegnazione di contributi economici a enti o associazioni per iniziative e attività – anno 2026 Il Dirigente, in riferimento al regolamento vigente e all'Avviso Pubblico approvato con determinazione n. 1145 del 23/12/2025, ha disposto l’ammissione a contributo di enti o associazioni che hanno presentato iniziative e attività. La decisione si basa sulle modalità di erogazione e sui criteri definiti dal regolamento. Viene dato atto della presentazione delle istanze. L'atto autorizza contestualmente l'assegnazione dei contributi economici previsti
gemma3_12b;B;naive_bayes;0080;atto_80.pdf;Ordinanza;Decreto;assorbito_in_decreto;970;653;sindaco, ordinanza, ordina;sindaco, ordinanza, ordina;"COMUNE DI DIDO Città Metropolitana di Venezia C.A.P.30031 - Via Cairoli, 39 - 041.5121911 fax 041.410665 P.IVA 00655760270 C.F. 82001910270 AFFARI GENERALI, SEGRETERIA, PATRIMONIO E RISORSE UMANE ORDINANZA N. 78 DEL 19/05/2026 OGGETTO: VISTO l'articolo 50, comma 7, del D.Lgs. n. 267/2000 e ss.mm.ii. ai sensi del quale il Sindaco coordina e riorganizza gli orari di apertura al pubblico degli uffici localizzati nel territorio, al fine di armonizzare l'espletamento dei servizi con le esigenze complessive e generali degli utenti; CONSIDERATO che, nell'ambito della più generale riduzione della spesa pubblica, occorre adottare misure volte a contenere i costi, caratterizzate dalla riduzione dell'a";COMUNE DI IDOLO, Città Metropolitana di Venezia ORDINANZA N. 78 del 19/05/2026 OGGETTO: Orari di apertura al pubblico degli uffici comunali VISTO l'articolo 50 del D.Lgs. n. 267/2000, che attribuisce al Sindaco la responsabilità di coordinare gli orari di apertura degli uffici pubblici. CONSIDERATO il bisogno di ridurre la spesa pubblica attraverso una diminuzione dell'accesso ai servizi comunali. DATO ATTO della necessità di adeguamento degli orari per armonizzare i servizi con le esigenze degli utenti. DISPONE che verranno riorganizzati gli orari di apertura al pubblico degli uffici comunali, in linea con la riduzione della spesa pubblica e l'
gemma3_12b;B;naive_bayes;0117;atto_117.pdf;Determina;Decreto;assorbito_in_decreto;989;719;sindaco, determina, determinazione, responsabile, delibera, giunta;sindaco, determina, determinazione, delibera, giunta;COMUNE DI FAVARA LIBERO CONSORZIO COMUNALE DI AGRIGENTO DETERMINAZIONE SINDACALE Numero 30 del 20-04-2026 OGGETTO: NOMINA DEI RESPONSABILI DEI SERVIZI DI STAFF IL SINDACO Del Comune, in virtù della competenza che gli deriva, ai sensi e per gli effetti dell’art. 13 della legge regionale 26 agosto 1992, n. 7, come modificato ed integrato dall’art. 41 della legge regionale 1 settembre 1993, n. 26, per tutte le materie non attribuite agli altri organi del Comune, Che con deliberazione di Giunta Comunale n. 31 del 09.04.2026, modificata con la Deliberazione di Giunta Municipale n. 34 del 14.04.2026, è stato approvato il nuovo assetto organizzativo dell’Ente e sono state istituite n. 10 Aree con p;COMUNE DI FAVARA DETERMINAZIONE SINDACALE Numero 30 del 20-04-2026 OGGETTO: NOMINA DEI RESPONSABILI DEI SERVIZI DI STAFF Il Sindaco, in base alla legge regionale e alle competenze derivanti, stabilisce la nomina dei responsabili dei servizi di staff. Tale decisione segue l'approvazione del nuovo assetto organizzativo dell’Ente tramite deliberazione di Giunta Comunale, successivamente modificata. La Deliberazione di Giunta ha istituito un numero imprecisato di posizioni. L'atto mira a definire le responsabilità all'interno della struttura comunale. Si fa riferimento alla normativa regionale per la gestione delle materie non attribuite ad altri organi. Il provvedimento è adottato in virtù dei 
gemma3_12b;B;naive_bayes;0028;atto_28.pdf;Decreto;DeliberaConsiglio;decreto_non_riconosciuto;967;673;dirigente, delibera;delibera, consiglio;"CITTÀ DI IMOLA MEDAGLIA D’ORO AL VALORE MILITARE PER ATTIVITA’ PARTIGIANA Area Gestione e sviluppo del territorio Atto monocratico n. 682 del 27/05/2025 OGGETTO: AGGIORNAMENTO DELL'ALLEGATO 1 AL TOMO III DEL RUE A SEGUITO DELLA RATIFICA CON DELIBERAZIONE CONSILIARE N. 28 DEL 27/03/2025 DELLA VARIANTE AL PSC E RUE NELL'AMBITO DEL PROCEDIMENTO UNICO EX ART. 53 COMMA 1 LETTERA A) DELLA LR 24/2017 PER LA DEMOLIZIONE DI FABBRICATI ESISTENTI E LA NUOVA COSTRUZIONE DI UN EDIFICIO DESTINATO A ""CASA DEGLI EVENTI"" ALL'INTERNO DEL PERIMETRO DELL'AUTODROMO ENZO E DINO FERARRI - DITTA CON.AMI IL DIRIGENTE RICHIAMATA la deliberazione C.C. n. 28 del 27/03/2025 avente ad oggetto “Procedimento Unico art. 53 ";"CITTÀ DI IMOLA Atto monocratico n. 682 del 27/05/2025 OGGETTO: Aggiornamento dell'allegato al piano urbanistico a seguito di una variazione approvata dal consiglio comunale. La modifica riguarda un progetto per la demolizione di edifici esistenti e la costruzione di una ""Casa degli Eventi"" all’interno dell'Autodromo Enzo e Dino Ferrari, presentato dalla ditta Con.ami. Tale variazione è stata ratificata con delibera consiliare n. 28 del 27/03/2025. L'aggiornamento si inserisce in un procedimento unico per la gestione urbanistica. Il provvedimento recepisce quindi le decisioni prese a livello comunale riguardo al piano di sviluppo. Si tratta di un atto amministrativo"
gemma3_12b;B;naive_bayes;0059;atto_59.pdf;Decreto;Statuto;decreto_non_riconosciuto;944;589;decreto, sindaco, determina, determinazione, ordina, delibera, giunta;decreto, decreto sindacale, determina, ordina, delibera, giunta;"COMUNE DI VOLLA Protocollo N. 0039483 Decreto ENTRATA COMUNE DI VOLLA Giuliano di Costanzo Città Metropolitana di Napoli Via Aldo Moro, 1 DECRETO DEL SINDACO n. 36 del 30/12/2025 Premesso che: con Deliberazione di Giunta Comunale n. 9 del 25/01/2019, come modificata con successiva Deliberazione Commissariale, con i poteri della Giunta, n. 1 del 9/1/2025, si è proceduto alla rideterminazione della struttura organizzativa dell'Ente; con Verbale di Deliberazione del Commissario Straordinario con i poteri della Giunta n. 20 del 30/04/2025 e stata approvata una modifica della struttura organizzativa di questo Ente che prevede i seguenti settori: 1° SETTORE: AFFARI GENERALI, DEMOGRAFICI, ELETTORAL";"COMUNE DI VOLLA Decreto Sindacale n. 36 del 30/12/2025 Oggetto: Modifica della struttura organizzativa comunale. Premesso che la struttura organizzativa dell'Ente è stata rideterminata con Delibera di Giunta Comunale e successive modifiche, e successivamente approvata una sua modifica tramite Verbale del Commissario Straordinario. La modifica prevede l’organizzazione in due settori principali: Affari Generali, Demografici, Elettorale; Politiche Sociali, Scolastico, Cultura, Sport e Tempo Libero – Aree Attrezzate. Il presente decreto ha lo scopo di formalizzare tale riorganizzazione."
gemma3_12b;B;naive_bayes;0116;atto_116.pdf;Decreto;DeliberaConsiglio;decreto_non_riconosciuto;886;543;decreto, decreto sindacale;decreto, decreto sindacale;"COMUNE DI POLLENA TROCCHIA Città Metropolitana di Napoli DECRETO SINDACALE N. 16 DEL 18-06-2020 UFFICIO CONTENZIOSO Oggetto: Atto di Appello innanzi al Tribunale di Nola avverso e per la modifica della sentenza del Giudice di Pace di S. Anastasia n.2522/2019. Resistenza in giudizio. PREMESSO che: all’Ente è pervenuto atto di appello innanzi al Tribunale di Nola avverso e per la modifica della sentenza del Giudice di Pace di S. Anastasia n.2522/2019, promosso dalla società E. srl c/ Comune di Polena Trocchia + altri, acquisito al prot. gen. n. 4425 del 06.03.2020 ed iscritto a ruolo con RG n.1678/2020; il legale, che ha difeso l’ente nel giudizio di I grado, con pec del 06.03.2020 ha invitato";COMUNE DI POLLENA TROCCHIA, Città Metropolitana di Napoli DECRETO SINDACALE N. 16 del 18-06-2020 Oggetto: Atto di Appello avverso sentenza del Giudice di Pace di S. Anastasia n. 2522/2019. Premesso che è stato ricevuto un atto di appello dal Tribunale di Nola, promosso dalla società E. srl contro il Comune e altri soggetti, relativo a una precedente sentenza del Giudice di Pace. L'atto è stato acquisito con protocollo generale n. 4425 del 06.03.2020 ed iscritto a ruolo come RG n. 1678/2020. Il decreto autorizza la resistenza in giudizio.
gemma3_4b;A;linear_svm;0117;atto_117.pdf;Determina;Decreto;assorbito_in_decreto;989;612;sindaco, determina, determinazione, responsabile, delibera, giunta;sindaco, determina, determinazione, delibera, giunta;COMUNE DI FAVARA LIBERO CONSORZIO COMUNALE DI AGRIGENTO DETERMINAZIONE SINDACALE Numero 30 del 20-04-2026 OGGETTO: NOMINA DEI RESPONSABILI DEI SERVIZI DI STAFF IL SINDACO Del Comune, in virtù della competenza che gli deriva, ai sensi e per gli effetti dell’art. 13 della legge regionale 26 agosto 1992, n. 7, come modificato ed integrato dall’art. 41 della legge regionale 1 settembre 1993, n. 26, per tutte le materie non attribuite agli altri organi del Comune, Che con deliberazione di Giunta Comunale n. 31 del 09.04.2026, modificata con la Deliberazione di Giunta Municipale n. 34 del 14.04.2026, è stato approvato il nuovo assetto organizzativo dell’Ente e sono state istituite n. 10 Aree con p;COMUNE DI FAVARA LIBERO CONSORZIO COMUNALE DI AGRIGENTO DETERMINAZIONE SINDACALE Numero 30 del 20-04-2026 Oggetto: Nomina dei responsabili dei servizi di staff. Il Sindaco, in base alla sua competenza legale e alle disposizioni delle leggi regionali, approva il nuovo assetto organizzativo dell’Ente, come stabilito dalla deliberazione della Giunta Comunale del 9 aprile 2026 e successive modifiche. La determinazione ha lo scopo di nominare i responsabili dei servizi di staff all'interno dell'ente. L'atto si basa sull'articolo 13 della legge regionale 26 agosto 1992, n. 7 e sull’art. 41 della legge regionale
gemma3_4b;A;linear_svm;0028;atto_28.pdf;Decreto;Ordinanza;decreto_non_riconosciuto;586;576;delibera;delibera;CITTÀ DI IMOLA MEDAGLIA D’ORO AL VALORE MILITARE PER ATTIVITA’ PARTIGIANA Area Gestione e sviluppo del territorio Atto monocratico n. 682 del 27/05/2025 OGGETTO: AGGIORNAMENTO DELL'ALLEGATO 1 AL TOMO III DEL RUE A SEGUITO DELLA RATIFICA CON DELIBERAZIONE CONSILIARE N. 28 DEL 27/03/2025 DELLA VARIANTE AL PSC E RUE NELL’AMBITO DEL PROCEDIMENTO UNICO EX ART. 53 COMMA 1 LETTERA A) DELLA LR 24/2017 PER LA DEMOLIZIONE DI FABBRICATI ESISTENTI E LA NUOVA COSTRUZIONE DI UN EDIFICIO DESTINATO A “CASA DEGLI EVENTI” ALL’INTERNO DEL PERIMETRO DELL’AUTODROMO ENZO E DINO FERARRI – DITTA CON.AMI;"CITTÀ DI IMOLA MEDAGLIA D’ORO AL VALORE MILITARE PER ATTIVITA’ PARTIGIANA Area Gestione e sviluppo del territorio Atto monocratico n. 682 del 27/05/2025 Oggetto: Aggiornamento dell'Allegato 1 al Tomo III del RUE a seguito della ratifica con deliberazione consiliare n. 28 del 27/03/2025 per la variante al PSC e RUE relativa alla demolizione di fabbricati esistenti e alla nuova costruzione di un edificio destinato a ""Casa degli Eventi"" all'interno del perimetro dell’Autodromo Enzo e Dino Ferrari - Ditta CON.AMI. La decisione è motivata dalla deliberazione consiliare n. 28"
gemma3_4b;A;logistic_regression;0117;atto_117.pdf;Determina;Decreto;assorbito_in_decreto;989;612;sindaco, determina, determinazione, responsabile, delibera, giunta;sindaco, determina, determinazione, delibera, giunta;COMUNE DI FAVARA LIBERO CONSORZIO COMUNALE DI AGRIGENTO DETERMINAZIONE SINDACALE Numero 30 del 20-04-2026 OGGETTO: NOMINA DEI RESPONSABILI DEI SERVIZI DI STAFF IL SINDACO Del Comune, in virtù della competenza che gli deriva, ai sensi e per gli effetti dell’art. 13 della legge regionale 26 agosto 1992, n. 7, come modificato ed integrato dall’art. 41 della legge regionale 1 settembre 1993, n. 26, per tutte le materie non attribuite agli altri organi del Comune, Che con deliberazione di Giunta Comunale n. 31 del 09.04.2026, modificata con la Deliberazione di Giunta Municipale n. 34 del 14.04.2026, è stato approvato il nuovo assetto organizzativo dell’Ente e sono state istituite n. 10 Aree con p;COMUNE DI FAVARA LIBERO CONSORZIO COMUNALE DI AGRIGENTO DETERMINAZIONE SINDACALE Numero 30 del 20-04-2026 Oggetto: Nomina dei responsabili dei servizi di staff. Il Sindaco, in base alla sua competenza legale e alle disposizioni delle leggi regionali, approva il nuovo assetto organizzativo dell’Ente, come stabilito dalla deliberazione della Giunta Comunale del 9 aprile 2026 e successive modifiche. La determinazione ha lo scopo di nominare i responsabili dei servizi di staff all'interno dell'ente. L'atto si basa sull'articolo 13 della legge regionale 26 agosto 1992, n. 7 e sull’art. 41 della legge regionale
gemma3_4b;A;logistic_regression;0028;atto_28.pdf;Decreto;Ordinanza;decreto_non_riconosciuto;586;576;delibera;delibera;CITTÀ DI IMOLA MEDAGLIA D’ORO AL VALORE MILITARE PER ATTIVITA’ PARTIGIANA Area Gestione e sviluppo del territorio Atto monocratico n. 682 del 27/05/2025 OGGETTO: AGGIORNAMENTO DELL'ALLEGATO 1 AL TOMO III DEL RUE A SEGUITO DELLA RATIFICA CON DELIBERAZIONE CONSILIARE N. 28 DEL 27/03/2025 DELLA VARIANTE AL PSC E RUE NELL’AMBITO DEL PROCEDIMENTO UNICO EX ART. 53 COMMA 1 LETTERA A) DELLA LR 24/2017 PER LA DEMOLIZIONE DI FABBRICATI ESISTENTI E LA NUOVA COSTRUZIONE DI UN EDIFICIO DESTINATO A “CASA DEGLI EVENTI” ALL’INTERNO DEL PERIMETRO DELL’AUTODROMO ENZO E DINO FERARRI – DITTA CON.AMI;"CITTÀ DI IMOLA MEDAGLIA D’ORO AL VALORE MILITARE PER ATTIVITA’ PARTIGIANA Area Gestione e sviluppo del territorio Atto monocratico n. 682 del 27/05/2025 Oggetto: Aggiornamento dell'Allegato 1 al Tomo III del RUE a seguito della ratifica con deliberazione consiliare n. 28 del 27/03/2025 per la variante al PSC e RUE relativa alla demolizione di fabbricati esistenti e alla nuova costruzione di un edificio destinato a ""Casa degli Eventi"" all'interno del perimetro dell’Autodromo Enzo e Dino Ferrari - Ditta CON.AMI. La decisione è motivata dalla deliberazione consiliare n. 28"
gemma3_4b;A;naive_bayes;0040;atto_40.pdf;AccordoSindacale;Decreto;assorbito_in_decreto;966;600;delibera, giunta;determina;"COMUNEDINAPOLI Area Risorse Umane ServizioDisciplina,PrerogativeeRelazioniSindacali Accordo per la modifica del CCDI siglato in data 29/12/2023 ed integrazione dei criteri per la definizione dellemodalita di attribuzione dell'indennitaper specifiche responsabilita di cui all'art.84del CCNL 2019-2021 PREMESSO che in data 27 giugno c.a. veniva siglata l'ipotesi di accordo per la modifica del CCDI sottoscritto in data 29/12/2023, nonché lintegrazione dei criteri per la definizione delle modalita di attribuzione dell'indennita per specifiche responsabilita di cui all'art. 84 del CCNL 2019-2021; VISTA la positiva certificazione resa dal Collegio dei Revisori, ai sensi dell'art. 8, comma 7, del CC";**COMUNEDINAPOLI** – Area Risorse Umane – ServizioDisciplina,PrerogativeeRelazioniSindacali **Accordo per la modifica del CCDI** Data: 29/12/2023 Oggetto: Modifica del Contratto Collettivo di Lavoro Determinato Individualmente (CCDI) e integrazione dei criteri per l'attribuzione dell’indennità per specifiche responsabilità. Premesse: la firma in data 27 giugno c.a. di un’ipotesi di accordo per la modifica del CCDI e l’integrazione dei criteri definitivi, nonché la positiva certificazione del Collegio dei Revisori ai sensi degli articoli 8, comma 7, del CCNL Funzioni Locali 2019-2021 e dell'art
gemma3_4b;A;naive_bayes;0053;atto_53.pdf;Ordinanza;Decreto;assorbito_in_decreto;882;657;sindaco, ordinanza, ordina;sindaco;COMUNE DI ROCCARAINOLA ACo Comune di Roccarainola Prot0co11o N.0004455/2026 del 23/03/2026 Ordinanzasindacalen.06del23/03/2026 OGGETTO: Adozione di misure urgenti a tutela della salute per contenere e annullare il rischio di contagio virus EpatiteA IL SINDACO Premesso che: La Regione Campania, con comunicato stampa del 19 marzo 2026, ha disposto un rafforzamento delle attività di controllo lungol'intera filiera dei molluschi bivalve alle azioni di prevenzione contro l'epatite A, alla luce dell'andamento dei casi registrati dall'inizio dell'anno con un incremento che richiede la massima attenzione sul fronte della sicurezza alimentare, della sorveglianza epidemiologica e dell'informazione ai ;COMUNE DI ROCCARAINOLA Protocollo N.0004455/2026 del 23/03/2026 OGGETTO: Adozione di misure urgenti a tutela della salute per contenere e annullare il rischio di contagio da virus Epatite A. Il Sindaco adotta queste misure in seguito al disposto regionale del 19 marzo 2026, che prevede un rafforzamento dei controlli nella filiera dei molluschi bivalvi a causa dell'aumento dei casi di Epatite A. La premesse essenziali riguardano l’andamento dei casi registrati e la necessità di garantire sicurezza alimentare, sorveglianza epidemiologica e informazione alla cittadinanza. Il dispositivo prevede l'implementazione delle misure necessarie per contenere il
gemma3_4b;A;naive_bayes;0075;atto_75.pdf;DeliberaGiunta;Decreto;assorbito_in_decreto;755;557;dirigente, responsabile, delibera, giunta;delibera, giunta;REGIONE TOSCANA UFFICI REGIONALI GIUNTA REGIONALE ESTRATTO DEL VERBALE DELLA SEDUTA DEL 28/11/2022 (punto N 28) Delibera N 1345 del 28/11/2022 Proponente LEONARDO MARRAS Pubblicità / Pubblicazione Atto pubblicato su BURT e Banca Dati (PBURT/PBD) Dirigente Responsabile Laura ACHENZA Direttore Albino CAPORALE Oggetto: Individuazione della data di inizio e della durata delle vendite di fine stagione invernale per l'anno 2023, ai sensi dell'articolo 108, comma 2, della L.R. 23 novembre 2018, n. 62 (Codice del commercio). Presenti: Eugenio GIANI, Stefania SACCARDI, Stefano BACCELLI, Simone BEZZINI, Stefano CIUOFFO, Leonardo MARRAS, Monia MONNI, Alessandra NARDINI, Serena SPINELLI LEGGE REGIONALE ;REGIONE TOSCANA – Uffici Regionali Giunta Regionale Delibera N. 1345 del 28/11/2022 Proposta da: Leonardo Marras (Direzione Attività Produttive) Oggetto: Individuazione della data di inizio e della durata delle vendite di fine stagione invernale per l'anno 2023, in conformità con l’articolo 108, comma 2, della L.R. 23 novembre 2018, n. 62 (Codice del commercio). La deliberazione è stata proposta da Leonardo Marras e approvata dal Direttore Albino Caporale. La pubblicazione dell'atto è avvenuta sul BURT e Banca Dati (PBURT/PBD) con la responsabilità di
gemma3_4b;A;naive_bayes;0080;atto_80.pdf;Ordinanza;Decreto;assorbito_in_decreto;924;511;sindaco, ordinanza, ordina;sindaco, ordinanza, ordina;"COMUNEDOLO Citta Metropolitana diVenezia C.A.P.30031 -Via Cairoli,39 -041.5121911 fax 041.410665 P.IVA00655760270 C.F.82001910270 AFFARIGENERALI,SEGRETERIA,PATRIMONIOERISORSEUMANE ORDINANZA N.78DEL 19/05/2026 OGGETTO: SINDACO VISTO l'articolo 50, comma 7, del D.Lgs. n. 267/2000 e ss.mm.ii. ai sensi del quale il Sindaco coordina e riorganizza gli orari di apertura al pubblico degli uffici localizzati nel territorio, al fine di armonizzare l'espletamento dei servizi con le esigenze complessive e generali degli utenti; CONSIDERATO che, nell'ambito della più generale riduzione della spesa pubblica, occorre adottare caratterizzati dalla riduzione dell'accesso ai servizi comunali da parte dell'ute";ORDINANZA N.78 DEL 19/05/2026 COMUNEDIDOLO Citta Metropolitana diVenezia Il Sindaco, in ragione dell’articolo 50, comma 7 del D.Lgs. n. 267/2000, coordina e riorganizza gli orari di apertura degli uffici comunali per armonizzare l'espletamento dei servizi con le esigenze degli utenti. Si considera la necessità di ridurre la spesa pubblica attraverso una caratterizzata riduzione dell’accesso ai servizi comunali. L'ordinanza mira a gestire queste riduzioni in relazione alle esigenze complessive degli utenti.
gemma3_4b;A;naive_bayes;0117;atto_117.pdf;Determina;Decreto;assorbito_in_decreto;989;612;sindaco, determina, determinazione, responsabile, delibera, giunta;sindaco, determina, determinazione, delibera, giunta;COMUNE DI FAVARA LIBERO CONSORZIO COMUNALE DI AGRIGENTO DETERMINAZIONE SINDACALE Numero 30 del 20-04-2026 OGGETTO: NOMINA DEI RESPONSABILI DEI SERVIZI DI STAFF IL SINDACO Del Comune, in virtù della competenza che gli deriva, ai sensi e per gli effetti dell’art. 13 della legge regionale 26 agosto 1992, n. 7, come modificato ed integrato dall’art. 41 della legge regionale 1 settembre 1993, n. 26, per tutte le materie non attribuite agli altri organi del Comune, Che con deliberazione di Giunta Comunale n. 31 del 09.04.2026, modificata con la Deliberazione di Giunta Municipale n. 34 del 14.04.2026, è stato approvato il nuovo assetto organizzativo dell’Ente e sono state istituite n. 10 Aree con p;COMUNE DI FAVARA LIBERO CONSORZIO COMUNALE DI AGRIGENTO DETERMINAZIONE SINDACALE Numero 30 del 20-04-2026 Oggetto: Nomina dei responsabili dei servizi di staff. Il Sindaco, in base alla sua competenza legale e alle disposizioni delle leggi regionali, approva il nuovo assetto organizzativo dell’Ente, come stabilito dalla deliberazione della Giunta Comunale del 9 aprile 2026 e successive modifiche. La determinazione ha lo scopo di nominare i responsabili dei servizi di staff all'interno dell'ente. L'atto si basa sull'articolo 13 della legge regionale 26 agosto 1992, n. 7 e sull’art. 41 della legge regionale
gemma3_4b;A;naive_bayes;0003;atto_3.pdf;Decreto;Ordinanza;decreto_non_riconosciuto;990;529;decreto, decreto sindacale, sindaco, consiglio;decreto, decreto sindacale, sindaco;"CITTÀ DI LECCE Decreto Sindacale N. 3 Data di registrazione: 20/02/2026 OGGETTO: CONFERIMENTO INCARICO RILASCIO C.I.E. IL SINDACO Visto il R.D. 18 giugno 1931, n. 773 - Approvazione del Testo Unico delle leggi di Pubblica Sicurezza, il quale, al comma 1° dell'art. 3, stabilisce che ""Il sindaco è tenuto a rilasciare alle persone aventi nel comune la loro residenza o la loro dimora una carta d'identità conforme al modello stabilito dal Ministero dell'interno""; Visto il D.M. del 23 Dicembre 2015 recante ""Modalità tecniche di emissione della carta di identità elettronica""; Vista la Circolare n° 87/2017 del Ministero dell'Interno - Dipartimento affari interni e territoriali - avente ad oggetto la";CITTÀ DI LECCE Decreto Sindacale N. 3, 20/02/2026 CONFERIMENTO INCARICO RILASCIO C.I.E. Il Sindaco, in riferimento al Regolamento del 18 giugno 1931, n. 773 e alle successive disposizioni ministeriali, tra cui il D.M. 23 Dicembre 2015 e la Circolare n° 87/2017, conferisce incarico per il rilascio di carte d'identità elettroniche (C.I.E.) ai dipendenti del Comune di Lecce. L’atto si basa sulla necessità di attuare le modalità tecniche di emissione stabilite dalle normative vigenti. Il decreto mira a garantire il corretto ril
gemma3_4b;A;naive_bayes;0012;atto_12.pdf;Decreto;DeliberaGiunta;decreto_non_riconosciuto;992;640;decreto, sindaco, giunta;decreto, sindaco, giunta;"COMUNEDIBELLUNO DECRETO R.7 DEL 30/09/2025 COMUNALE ILSINDACO Visti: - gli art. 47 e 48 del testo unico degli Enti Locali d.lgs 18 agosto 2000, n. 267; - l'art. 35 dello statuto comunale, il quale recita: ""La Giunta è composta dal Sindaco e ad un numero di Assessori stabilito dal Sindaco, non superiore al numero massimo previsto dalla legge. Gli Assessori debbono essere in possesso dei requisiti di compatibilità ed eleggibilità alla carica di Consigliere. Per la rimozione delle cause di incompatibilità si applicano le norme stabilite dalla Legge per i Consiglieri comunali. La parità di genere è assicurata a norma di legge""; - l'art. 30 dello statuto comunale, il quale recita: ""Il Sindaco nom";COMUNEDIBELLUNO DECRETO R.7 DEL 30/09/2025 COMUNALE ILSINDACO Il presente decreto è emanato in vista degli articoli 47 e 48 del Testo Unico degli Enti Locali, dello statuto comunale che disciplina la composizione della Giunta (art. 35) e l'assicurazione della parità di genere (art. 30). Il decreto stabilisce che la Giunta è composta dal Sindaco e un numero massimo di Assessori, non superiore a quanto previsto dalla legge e dallo statuto comunale. Si sottolinea l’obbligo per gli Assessori di possedere i requisiti di compatibilità ed essere eleggibili come Consiglieri comunali. Il dispositivo del decreto non è completo, ma si limita a
gemma3_4b;A;naive_bayes;0028;atto_28.pdf;Decreto;Ordinanza;decreto_non_riconosciuto;586;576;delibera;delibera;CITTÀ DI IMOLA MEDAGLIA D’ORO AL VALORE MILITARE PER ATTIVITA’ PARTIGIANA Area Gestione e sviluppo del territorio Atto monocratico n. 682 del 27/05/2025 OGGETTO: AGGIORNAMENTO DELL'ALLEGATO 1 AL TOMO III DEL RUE A SEGUITO DELLA RATIFICA CON DELIBERAZIONE CONSILIARE N. 28 DEL 27/03/2025 DELLA VARIANTE AL PSC E RUE NELL’AMBITO DEL PROCEDIMENTO UNICO EX ART. 53 COMMA 1 LETTERA A) DELLA LR 24/2017 PER LA DEMOLIZIONE DI FABBRICATI ESISTENTI E LA NUOVA COSTRUZIONE DI UN EDIFICIO DESTINATO A “CASA DEGLI EVENTI” ALL’INTERNO DEL PERIMETRO DELL’AUTODROMO ENZO E DINO FERARRI – DITTA CON.AMI;"CITTÀ DI IMOLA MEDAGLIA D’ORO AL VALORE MILITARE PER ATTIVITA’ PARTIGIANA Area Gestione e sviluppo del territorio Atto monocratico n. 682 del 27/05/2025 Oggetto: Aggiornamento dell'Allegato 1 al Tomo III del RUE a seguito della ratifica con deliberazione consiliare n. 28 del 27/03/2025 per la variante al PSC e RUE relativa alla demolizione di fabbricati esistenti e alla nuova costruzione di un edificio destinato a ""Casa degli Eventi"" all'interno del perimetro dell’Autodromo Enzo e Dino Ferrari - Ditta CON.AMI. La decisione è motivata dalla deliberazione consiliare n. 28"
gemma3_4b;B;linear_svm;0080;atto_80.pdf;Ordinanza;Decreto;assorbito_in_decreto;924;511;sindaco, ordinanza, ordina;sindaco, ordinanza, ordina;"COMUNEDOLO Citta Metropolitana diVenezia C.A.P.30031 -Via Cairoli,39 -041.5121911 fax 041.410665 P.IVA00655760270 C.F.82001910270 AFFARIGENERALI,SEGRETERIA,PATRIMONIOERISORSEUMANE ORDINANZA N.78DEL 19/05/2026 OGGETTO: SINDACO VISTO l'articolo 50, comma 7, del D.Lgs. n. 267/2000 e ss.mm.ii. ai sensi del quale il Sindaco coordina e riorganizza gli orari di apertura al pubblico degli uffici localizzati nel territorio, al fine di armonizzare l'espletamento dei servizi con le esigenze complessive e generali degli utenti; CONSIDERATO che, nell'ambito della più generale riduzione della spesa pubblica, occorre adottare caratterizzati dalla riduzione dell'accesso ai servizi comunali da parte dell'ute";ORDINANZA N.78 DEL 19/05/2026 COMUNEDIDOLO Citta Metropolitana diVenezia Il Sindaco, in ragione dell’articolo 50, comma 7 del D.Lgs. n. 267/2000, coordina e riorganizza gli orari di apertura degli uffici comunali per armonizzare l'espletamento dei servizi con le esigenze degli utenti. Si considera la necessità di ridurre la spesa pubblica attraverso una caratterizzata riduzione dell’accesso ai servizi comunali. L'ordinanza mira a gestire queste riduzioni in relazione alle esigenze complessive degli utenti.
gemma3_4b;B;linear_svm;0117;atto_117.pdf;Determina;Decreto;assorbito_in_decreto;989;612;sindaco, determina, determinazione, responsabile, delibera, giunta;sindaco, determina, determinazione, delibera, giunta;COMUNE DI FAVARA LIBERO CONSORZIO COMUNALE DI AGRIGENTO DETERMINAZIONE SINDACALE Numero 30 del 20-04-2026 OGGETTO: NOMINA DEI RESPONSABILI DEI SERVIZI DI STAFF IL SINDACO Del Comune, in virtù della competenza che gli deriva, ai sensi e per gli effetti dell’art. 13 della legge regionale 26 agosto 1992, n. 7, come modificato ed integrato dall’art. 41 della legge regionale 1 settembre 1993, n. 26, per tutte le materie non attribuite agli altri organi del Comune, Che con deliberazione di Giunta Comunale n. 31 del 09.04.2026, modificata con la Deliberazione di Giunta Municipale n. 34 del 14.04.2026, è stato approvato il nuovo assetto organizzativo dell’Ente e sono state istituite n. 10 Aree con p;COMUNE DI FAVARA LIBERO CONSORZIO COMUNALE DI AGRIGENTO DETERMINAZIONE SINDACALE Numero 30 del 20-04-2026 Oggetto: Nomina dei responsabili dei servizi di staff. Il Sindaco, in base alla sua competenza legale e alle disposizioni delle leggi regionali, approva il nuovo assetto organizzativo dell’Ente, come stabilito dalla deliberazione della Giunta Comunale del 9 aprile 2026 e successive modifiche. La determinazione ha lo scopo di nominare i responsabili dei servizi di staff all'interno dell'ente. L'atto si basa sull'articolo 13 della legge regionale 26 agosto 1992, n. 7 e sull’art. 41 della legge regionale
gemma3_4b;B;linear_svm;0028;atto_28.pdf;Decreto;DeliberaConsiglio;decreto_non_riconosciuto;586;576;delibera;delibera;CITTÀ DI IMOLA MEDAGLIA D’ORO AL VALORE MILITARE PER ATTIVITA’ PARTIGIANA Area Gestione e sviluppo del territorio Atto monocratico n. 682 del 27/05/2025 OGGETTO: AGGIORNAMENTO DELL'ALLEGATO 1 AL TOMO III DEL RUE A SEGUITO DELLA RATIFICA CON DELIBERAZIONE CONSILIARE N. 28 DEL 27/03/2025 DELLA VARIANTE AL PSC E RUE NELL’AMBITO DEL PROCEDIMENTO UNICO EX ART. 53 COMMA 1 LETTERA A) DELLA LR 24/2017 PER LA DEMOLIZIONE DI FABBRICATI ESISTENTI E LA NUOVA COSTRUZIONE DI UN EDIFICIO DESTINATO A “CASA DEGLI EVENTI” ALL’INTERNO DEL PERIMETRO DELL’AUTODROMO ENZO E DINO FERARRI – DITTA CON.AMI;"CITTÀ DI IMOLA MEDAGLIA D’ORO AL VALORE MILITARE PER ATTIVITA’ PARTIGIANA Area Gestione e sviluppo del territorio Atto monocratico n. 682 del 27/05/2025 Oggetto: Aggiornamento dell'Allegato 1 al Tomo III del RUE a seguito della ratifica con deliberazione consiliare n. 28 del 27/03/2025 per la variante al PSC e RUE relativa alla demolizione di fabbricati esistenti e alla nuova costruzione di un edificio destinato a ""Casa degli Eventi"" all'interno del perimetro dell’Autodromo Enzo e Dino Ferrari - Ditta CON.AMI. La decisione è motivata dalla deliberazione consiliare n. 28"
gemma3_4b;B;logistic_regression;0080;atto_80.pdf;Ordinanza;Decreto;assorbito_in_decreto;924;511;sindaco, ordinanza, ordina;sindaco, ordinanza, ordina;"COMUNEDOLO Citta Metropolitana diVenezia C.A.P.30031 -Via Cairoli,39 -041.5121911 fax 041.410665 P.IVA00655760270 C.F.82001910270 AFFARIGENERALI,SEGRETERIA,PATRIMONIOERISORSEUMANE ORDINANZA N.78DEL 19/05/2026 OGGETTO: SINDACO VISTO l'articolo 50, comma 7, del D.Lgs. n. 267/2000 e ss.mm.ii. ai sensi del quale il Sindaco coordina e riorganizza gli orari di apertura al pubblico degli uffici localizzati nel territorio, al fine di armonizzare l'espletamento dei servizi con le esigenze complessive e generali degli utenti; CONSIDERATO che, nell'ambito della più generale riduzione della spesa pubblica, occorre adottare caratterizzati dalla riduzione dell'accesso ai servizi comunali da parte dell'ute";ORDINANZA N.78 DEL 19/05/2026 COMUNEDIDOLO Citta Metropolitana diVenezia Il Sindaco, in ragione dell’articolo 50, comma 7 del D.Lgs. n. 267/2000, coordina e riorganizza gli orari di apertura degli uffici comunali per armonizzare l'espletamento dei servizi con le esigenze degli utenti. Si considera la necessità di ridurre la spesa pubblica attraverso una caratterizzata riduzione dell’accesso ai servizi comunali. L'ordinanza mira a gestire queste riduzioni in relazione alle esigenze complessive degli utenti.
gemma3_4b;B;logistic_regression;0117;atto_117.pdf;Determina;Decreto;assorbito_in_decreto;989;612;sindaco, determina, determinazione, responsabile, delibera, giunta;sindaco, determina, determinazione, delibera, giunta;COMUNE DI FAVARA LIBERO CONSORZIO COMUNALE DI AGRIGENTO DETERMINAZIONE SINDACALE Numero 30 del 20-04-2026 OGGETTO: NOMINA DEI RESPONSABILI DEI SERVIZI DI STAFF IL SINDACO Del Comune, in virtù della competenza che gli deriva, ai sensi e per gli effetti dell’art. 13 della legge regionale 26 agosto 1992, n. 7, come modificato ed integrato dall’art. 41 della legge regionale 1 settembre 1993, n. 26, per tutte le materie non attribuite agli altri organi del Comune, Che con deliberazione di Giunta Comunale n. 31 del 09.04.2026, modificata con la Deliberazione di Giunta Municipale n. 34 del 14.04.2026, è stato approvato il nuovo assetto organizzativo dell’Ente e sono state istituite n. 10 Aree con p;COMUNE DI FAVARA LIBERO CONSORZIO COMUNALE DI AGRIGENTO DETERMINAZIONE SINDACALE Numero 30 del 20-04-2026 Oggetto: Nomina dei responsabili dei servizi di staff. Il Sindaco, in base alla sua competenza legale e alle disposizioni delle leggi regionali, approva il nuovo assetto organizzativo dell’Ente, come stabilito dalla deliberazione della Giunta Comunale del 9 aprile 2026 e successive modifiche. La determinazione ha lo scopo di nominare i responsabili dei servizi di staff all'interno dell'ente. L'atto si basa sull'articolo 13 della legge regionale 26 agosto 1992, n. 7 e sull’art. 41 della legge regionale
gemma3_4b;B;logistic_regression;0028;atto_28.pdf;Decreto;DeliberaConsiglio;decreto_non_riconosciuto;586;576;delibera;delibera;CITTÀ DI IMOLA MEDAGLIA D’ORO AL VALORE MILITARE PER ATTIVITA’ PARTIGIANA Area Gestione e sviluppo del territorio Atto monocratico n. 682 del 27/05/2025 OGGETTO: AGGIORNAMENTO DELL'ALLEGATO 1 AL TOMO III DEL RUE A SEGUITO DELLA RATIFICA CON DELIBERAZIONE CONSILIARE N. 28 DEL 27/03/2025 DELLA VARIANTE AL PSC E RUE NELL’AMBITO DEL PROCEDIMENTO UNICO EX ART. 53 COMMA 1 LETTERA A) DELLA LR 24/2017 PER LA DEMOLIZIONE DI FABBRICATI ESISTENTI E LA NUOVA COSTRUZIONE DI UN EDIFICIO DESTINATO A “CASA DEGLI EVENTI” ALL’INTERNO DEL PERIMETRO DELL’AUTODROMO ENZO E DINO FERARRI – DITTA CON.AMI;"CITTÀ DI IMOLA MEDAGLIA D’ORO AL VALORE MILITARE PER ATTIVITA’ PARTIGIANA Area Gestione e sviluppo del territorio Atto monocratico n. 682 del 27/05/2025 Oggetto: Aggiornamento dell'Allegato 1 al Tomo III del RUE a seguito della ratifica con deliberazione consiliare n. 28 del 27/03/2025 per la variante al PSC e RUE relativa alla demolizione di fabbricati esistenti e alla nuova costruzione di un edificio destinato a ""Casa degli Eventi"" all'interno del perimetro dell’Autodromo Enzo e Dino Ferrari - Ditta CON.AMI. La decisione è motivata dalla deliberazione consiliare n. 28"
gemma3_4b;B;naive_bayes;0080;atto_80.pdf;Ordinanza;Decreto;assorbito_in_decreto;924;511;sindaco, ordinanza, ordina;sindaco, ordinanza, ordina;"COMUNEDOLO Citta Metropolitana diVenezia C.A.P.30031 -Via Cairoli,39 -041.5121911 fax 041.410665 P.IVA00655760270 C.F.82001910270 AFFARIGENERALI,SEGRETERIA,PATRIMONIOERISORSEUMANE ORDINANZA N.78DEL 19/05/2026 OGGETTO: SINDACO VISTO l'articolo 50, comma 7, del D.Lgs. n. 267/2000 e ss.mm.ii. ai sensi del quale il Sindaco coordina e riorganizza gli orari di apertura al pubblico degli uffici localizzati nel territorio, al fine di armonizzare l'espletamento dei servizi con le esigenze complessive e generali degli utenti; CONSIDERATO che, nell'ambito della più generale riduzione della spesa pubblica, occorre adottare caratterizzati dalla riduzione dell'accesso ai servizi comunali da parte dell'ute";ORDINANZA N.78 DEL 19/05/2026 COMUNEDIDOLO Citta Metropolitana diVenezia Il Sindaco, in ragione dell’articolo 50, comma 7 del D.Lgs. n. 267/2000, coordina e riorganizza gli orari di apertura degli uffici comunali per armonizzare l'espletamento dei servizi con le esigenze degli utenti. Si considera la necessità di ridurre la spesa pubblica attraverso una caratterizzata riduzione dell’accesso ai servizi comunali. L'ordinanza mira a gestire queste riduzioni in relazione alle esigenze complessive degli utenti.
gemma3_4b;B;naive_bayes;0117;atto_117.pdf;Determina;Decreto;assorbito_in_decreto;989;612;sindaco, determina, determinazione, responsabile, delibera, giunta;sindaco, determina, determinazione, delibera, giunta;COMUNE DI FAVARA LIBERO CONSORZIO COMUNALE DI AGRIGENTO DETERMINAZIONE SINDACALE Numero 30 del 20-04-2026 OGGETTO: NOMINA DEI RESPONSABILI DEI SERVIZI DI STAFF IL SINDACO Del Comune, in virtù della competenza che gli deriva, ai sensi e per gli effetti dell’art. 13 della legge regionale 26 agosto 1992, n. 7, come modificato ed integrato dall’art. 41 della legge regionale 1 settembre 1993, n. 26, per tutte le materie non attribuite agli altri organi del Comune, Che con deliberazione di Giunta Comunale n. 31 del 09.04.2026, modificata con la Deliberazione di Giunta Municipale n. 34 del 14.04.2026, è stato approvato il nuovo assetto organizzativo dell’Ente e sono state istituite n. 10 Aree con p;COMUNE DI FAVARA LIBERO CONSORZIO COMUNALE DI AGRIGENTO DETERMINAZIONE SINDACALE Numero 30 del 20-04-2026 Oggetto: Nomina dei responsabili dei servizi di staff. Il Sindaco, in base alla sua competenza legale e alle disposizioni delle leggi regionali, approva il nuovo assetto organizzativo dell’Ente, come stabilito dalla deliberazione della Giunta Comunale del 9 aprile 2026 e successive modifiche. La determinazione ha lo scopo di nominare i responsabili dei servizi di staff all'interno dell'ente. L'atto si basa sull'articolo 13 della legge regionale 26 agosto 1992, n. 7 e sull’art. 41 della legge regionale
gemma3_4b;B;naive_bayes;0028;atto_28.pdf;Decreto;DeliberaConsiglio;decreto_non_riconosciuto;586;576;delibera;delibera;CITTÀ DI IMOLA MEDAGLIA D’ORO AL VALORE MILITARE PER ATTIVITA’ PARTIGIANA Area Gestione e sviluppo del territorio Atto monocratico n. 682 del 27/05/2025 OGGETTO: AGGIORNAMENTO DELL'ALLEGATO 1 AL TOMO III DEL RUE A SEGUITO DELLA RATIFICA CON DELIBERAZIONE CONSILIARE N. 28 DEL 27/03/2025 DELLA VARIANTE AL PSC E RUE NELL’AMBITO DEL PROCEDIMENTO UNICO EX ART. 53 COMMA 1 LETTERA A) DELLA LR 24/2017 PER LA DEMOLIZIONE DI FABBRICATI ESISTENTI E LA NUOVA COSTRUZIONE DI UN EDIFICIO DESTINATO A “CASA DEGLI EVENTI” ALL’INTERNO DEL PERIMETRO DELL’AUTODROMO ENZO E DINO FERARRI – DITTA CON.AMI;"CITTÀ DI IMOLA MEDAGLIA D’ORO AL VALORE MILITARE PER ATTIVITA’ PARTIGIANA Area Gestione e sviluppo del territorio Atto monocratico n. 682 del 27/05/2025 Oggetto: Aggiornamento dell'Allegato 1 al Tomo III del RUE a seguito della ratifica con deliberazione consiliare n. 28 del 27/03/2025 per la variante al PSC e RUE relativa alla demolizione di fabbricati esistenti e alla nuova costruzione di un edificio destinato a ""Casa degli Eventi"" all'interno del perimetro dell’Autodromo Enzo e Dino Ferrari - Ditta CON.AMI. La decisione è motivata dalla deliberazione consiliare n. 28"
gemma3_4b;B;naive_bayes;0065;atto_65.pdf;Decreto;DeliberaConsiglio;decreto_non_riconosciuto;846;648;delibera, giunta;delibera;"OGGETTO: aggiornamento 2020 dei dipendenti inseriti nella Rete dei Referenti per l’anticorruzione e la trasparenza dell’ente. IL SEGRETARIO GENERALE Vista la normativa di riferimento, in particolare: Considerate le indicazioni presenti nei diversi Piani Nazionali Anticorruzione adottati dall’Autorità Nazionale Anticorruzione, in particolare nel PNA 2019, approvato con deliberazione n. 1064 del 13/11/2019; Preso atto dell’adeguamento dell’Assetto Organizzativo attuale, approvato con deliberazione di Giunta Comunale n. 128 del 02/09/2020; Considerati i diversi cambiamenti di personale intervenuti a seguito di cessazioni, assunzioni, mobilità interne ed esterne; Richiamata la deliberazione di G";"**Comune di [Nome Comune]** **Deliberazione n. [Numero Deliberazione] del [Data]** **Oggetto:** Aggiornamento 2020 dei dipendenti inseriti nella Rete dei Referenti per l’anticorruzione e la trasparenza dell'ente. Premesso che si è tenuto conto della normativa di riferimento, in particolare del PNA 2019 approvato dall’ANAC, e delle modifiche all’Assetto Organizzativo comunale (deliberazione n. 128/2020), nonché dei cambiamenti nel personale; il Comune decide di aggiornare la lista dei dipendenti partecipanti alla Rete dei Referenti per l’anticorruzione e la trasparenza, tenendo conto delle cessazioni, assunzioni e mobilità interne ed esterne"
llama3_1_8b;A;linear_svm;0117;atto_117.pdf;Determina;Decreto;assorbito_in_decreto;964;445;sindaco, determina, determinazione, responsabile, delibera, giunta;sindaco, determina, determinazione, responsabile, delibera, giunta;COMUNE DI FAVARA LIBERO CONSORZIO COMUNALE DI AGRIGENTO DETERMINAZIONE SINDACALE Numero 30 del 20-04-2026 OGGETTO: NOMINA DEI RESPONSABILI DEI SERVIZI DI STAFF IL SINDACO Del Comune, in virtù della competenza che gli deriva, ai sensi e per gli effetti dell’art. 13 della legge regionale 26 agosto 1992, n. 7, come modificato ed integrato dall’art. 41 della legge regionale 1 settembre 1993, n. 26, per tutte le materie non attribuite agli altri organi del Comune, Che con deliberazione di Giunta Comunale n. 31 del 09.04.2026, modificata con la Deliberazione di Giunta Municipale n. 34 del 14.04.2026, è stato approvato il nuovo assetto organizzativo dell’Ente e sono state istituite n. 10 Aree con p;COMUNE DI FAVARA LIBERO CONSORZIO COMUNALE DI AGRIGENTO DETERMINAZIONE SINDACALE Numero 30 del 20-04-2026 OGGETTO: NOMINA DEI RESPONSABILI DEI SERVIZI DI STAFF Il Sindaco nomina i responsabili dei servizi di staff in base al nuovo assetto organizzativo approvato con deliberazione di Giunta Comunale n. 31 del 09.04.2026. DISPOSITIVO: Si nomina il Sig. [nome] come Responsabile del Servizio X e la Sig.ra [nome] come Responsabile del Servizio Y.
llama3_1_8b;A;linear_svm;0128;atto_128.pdf;AccordoSindacale;Decreto;assorbito_in_decreto;815;525;ordina;;Prefettura Macerata Prot. Interno del 17/12/2019 Numero: 0073151 Classifica: 48.14 ACCORDO DI COLLABORAZIONE tra Prefettura - Ufficio Territoriale del Governo di Macerata e Struttura Commissariale del Governo per la ricostruzione delle zone del terremoto del 2016 e 2017, con i componenti del Tavolo di Monitoraggio dei Flussi di Manodopera. L'ATTIVAZIONE Sperimentale dei Sistemi Informatici di Rilevazione delle Presenze Autorizzate nei Cantieri. In data 16 dicembre 2019, presso gli Uffici della Prefettura - Ufficio territoriale del Governo di Macerata, sono presenti: - il Prefetto di Macerata - il Commissario Straordinario del Governo per la ricostruzione nei territori dei Comuni delle Region;Prefettura Macerata Prot. Interno del 17/12/2019 Numero: 0073151 Oggetto: Accordo di collaborazione tra Prefettura e Struttura Commissariale per la ricostruzione delle zone colpite dal terremoto del 2016-2017. Premesse essenziali: - L'attivazione di un sistema informatico per la rilevazione della presenza autorizzata nei cantieri. - La partecipazione dei componenti del Tavolo di Monitoraggio dei Flussi di Manodopera. Dispositivo: L'accordo di collaborazione tra le due parti è stato sottoscritto in data 16 dicembre 2019.
llama3_1_8b;A;linear_svm;0028;atto_28.pdf;Decreto;Ordinanza;decreto_non_riconosciuto;988;520;dirigente, delibera;ordina, delibera;"CITTÀ DI IMOLA MEDAGLIA D’ORO AL VALORE MILITARE PER ATTIVITA’ PARTIGIANA Area Gestione e sviluppo del territorio Atto monocratico n. 682 del 27/05/2025 OGGETTO: Aggiornamento dell'Allegato 1 al Tomo III del RUE a seguito della ratifica con deliberazione consiliare n. 28 del 27/03/2025 della variante al PSC e RUE nell'ambito del procedimento unico ex art. 53 comma 1 lettera A) della LR 24/2017 per la demolizione di fabbricati esistenti e la nuova costruzione di un edificio destinato a ""Casa degli eventi"" all'interno del perimetro dell'Autodromo Enzo e Dino Ferrari - ditta Con.Ami IL DIRIGENTE Ricordata la deliberazione C.C. n. 28 del 27/03/2025 avente ad oggetto “Procedimento Unico art. 53 c";"CITTÀ DI IMOLA Atto monocratico n. 682 del 27/05/2025 OGGETTO: Aggiornamento dell'Allegato 1 al Tomo III del RUE. Ricordata la deliberazione C.C. n. 28 del 27/03/2025, si approva l'aggiornamento dell'Allegato 1 al Tomo III del RUE a seguito della ratifica della variante al PSC e RUE per la demolizione di fabbricati esistenti e la nuova costruzione di un edificio destinato a ""Casa degli Eventi"" all'interno del perimetro dell'autodromo Enzo e Dino Ferrari. Si ordina l'aggiornamento dell'Allegato 1 al Tomo III del RUE"
llama3_1_8b;A;logistic_regression;0117;atto_117.pdf;Determina;Decreto;assorbito_in_decreto;964;445;sindaco, determina, determinazione, responsabile, delibera, giunta;sindaco, determina, determinazione, responsabile, delibera, giunta;COMUNE DI FAVARA LIBERO CONSORZIO COMUNALE DI AGRIGENTO DETERMINAZIONE SINDACALE Numero 30 del 20-04-2026 OGGETTO: NOMINA DEI RESPONSABILI DEI SERVIZI DI STAFF IL SINDACO Del Comune, in virtù della competenza che gli deriva, ai sensi e per gli effetti dell’art. 13 della legge regionale 26 agosto 1992, n. 7, come modificato ed integrato dall’art. 41 della legge regionale 1 settembre 1993, n. 26, per tutte le materie non attribuite agli altri organi del Comune, Che con deliberazione di Giunta Comunale n. 31 del 09.04.2026, modificata con la Deliberazione di Giunta Municipale n. 34 del 14.04.2026, è stato approvato il nuovo assetto organizzativo dell’Ente e sono state istituite n. 10 Aree con p;COMUNE DI FAVARA LIBERO CONSORZIO COMUNALE DI AGRIGENTO DETERMINAZIONE SINDACALE Numero 30 del 20-04-2026 OGGETTO: NOMINA DEI RESPONSABILI DEI SERVIZI DI STAFF Il Sindaco nomina i responsabili dei servizi di staff in base al nuovo assetto organizzativo approvato con deliberazione di Giunta Comunale n. 31 del 09.04.2026. DISPOSITIVO: Si nomina il Sig. [nome] come Responsabile del Servizio X e la Sig.ra [nome] come Responsabile del Servizio Y.
llama3_1_8b;A;logistic_regression;0128;atto_128.pdf;AccordoSindacale;Decreto;assorbito_in_decreto;815;525;ordina;;Prefettura Macerata Prot. Interno del 17/12/2019 Numero: 0073151 Classifica: 48.14 ACCORDO DI COLLABORAZIONE tra Prefettura - Ufficio Territoriale del Governo di Macerata e Struttura Commissariale del Governo per la ricostruzione delle zone del terremoto del 2016 e 2017, con i componenti del Tavolo di Monitoraggio dei Flussi di Manodopera. L'ATTIVAZIONE Sperimentale dei Sistemi Informatici di Rilevazione delle Presenze Autorizzate nei Cantieri. In data 16 dicembre 2019, presso gli Uffici della Prefettura - Ufficio territoriale del Governo di Macerata, sono presenti: - il Prefetto di Macerata - il Commissario Straordinario del Governo per la ricostruzione nei territori dei Comuni delle Region;Prefettura Macerata Prot. Interno del 17/12/2019 Numero: 0073151 Oggetto: Accordo di collaborazione tra Prefettura e Struttura Commissariale per la ricostruzione delle zone colpite dal terremoto del 2016-2017. Premesse essenziali: - L'attivazione di un sistema informatico per la rilevazione della presenza autorizzata nei cantieri. - La partecipazione dei componenti del Tavolo di Monitoraggio dei Flussi di Manodopera. Dispositivo: L'accordo di collaborazione tra le due parti è stato sottoscritto in data 16 dicembre 2019.
llama3_1_8b;A;logistic_regression;0028;atto_28.pdf;Decreto;Ordinanza;decreto_non_riconosciuto;988;520;dirigente, delibera;ordina, delibera;"CITTÀ DI IMOLA MEDAGLIA D’ORO AL VALORE MILITARE PER ATTIVITA’ PARTIGIANA Area Gestione e sviluppo del territorio Atto monocratico n. 682 del 27/05/2025 OGGETTO: Aggiornamento dell'Allegato 1 al Tomo III del RUE a seguito della ratifica con deliberazione consiliare n. 28 del 27/03/2025 della variante al PSC e RUE nell'ambito del procedimento unico ex art. 53 comma 1 lettera A) della LR 24/2017 per la demolizione di fabbricati esistenti e la nuova costruzione di un edificio destinato a ""Casa degli eventi"" all'interno del perimetro dell'Autodromo Enzo e Dino Ferrari - ditta Con.Ami IL DIRIGENTE Ricordata la deliberazione C.C. n. 28 del 27/03/2025 avente ad oggetto “Procedimento Unico art. 53 c";"CITTÀ DI IMOLA Atto monocratico n. 682 del 27/05/2025 OGGETTO: Aggiornamento dell'Allegato 1 al Tomo III del RUE. Ricordata la deliberazione C.C. n. 28 del 27/03/2025, si approva l'aggiornamento dell'Allegato 1 al Tomo III del RUE a seguito della ratifica della variante al PSC e RUE per la demolizione di fabbricati esistenti e la nuova costruzione di un edificio destinato a ""Casa degli Eventi"" all'interno del perimetro dell'autodromo Enzo e Dino Ferrari. Si ordina l'aggiornamento dell'Allegato 1 al Tomo III del RUE"
llama3_1_8b;A;naive_bayes;0053;atto_53.pdf;Ordinanza;Decreto;assorbito_in_decreto;817;543;sindaco;sindaco, ordinanza, ordina;COMUNE DI ROCCARAINOLA CITTA' METROPOLITANADINAPOLI OGGETTO: Adozione di misure urgenti a tutela della salute per contenere e annullare il rischio di contagio del virus Epatite A IL SINDACO Premesso che: La Regione Campania, con comunicato stampa del 19 marzo 2026, ha disposto un rafforzamento delle attività di controllo lungo l'intera filiera dei molluschi bivalvi e delle azioni di prevenzione contro l'Epatite A, alla luce dell'andamento dei casi registrati dall'inizio dell'anno con un incremento che richiede la massima attenzione sul fronte della sicurezza alimentare, della sorveglianza epidemiologica e dell'informazione ai cittadini. L'intervento regionale ha coinvolto i Dipartimenti di P;COMUNE DI ROCCARAINOLA CITTA' METROPOLITANADINAPOLI Prot. N.0004455/2026 del 23/03/2026 Ordinanza Sindaco n.06 del 23/03/2026 OGGETTO: Adozione di misure urgenti a tutela della salute per contenere e annullare il rischio di contagio da virus Epatite A Premesso che la Regione Campania ha disposto un rafforzamento delle attività di controllo lungo l'intera filiera dei molluschi bivalvi, a causa dell'aumento dei casi di epatite A. Il Sindaco dispone l'applicazione delle misure previste dalla Regione Campania per contenere e annullare il ris
llama3_1_8b;A;naive_bayes;0075;atto_75.pdf;DeliberaGiunta;Decreto;assorbito_in_decreto;964;409;dirigente, responsabile, delibera, giunta;delibera, giunta;REGIONE TOSCANA UFFICI REGIONALI GIUNTA REGIONALE ESTRATTO DEL VERBALE DELLA SEDUTA DEL 28/11/2022 (punto N 28) Delibera N 1345 del 28/11/2022 Proponente LEONARDO MARRAS DIREZIONE ATTIVITA' PRODUTTIVE Pubblicità / Pubblicazione Atto pubblicato su BURT e Banca Dati (PBURT/PBD) Dirigente Responsabile Laura ACHENZA Direttore Albino CAPORALE Oggetto: Individuazione della data di inizio e della durata delle vendite di fine stagione invernale per l'anno 2023, ai sensi dell'articolo 108, comma 2, della L.R. 23 novembre 2018, n. 62 (Codice del commercio). Presente Eugenio GIANI Stefania SACCARDI Stefano BACCELLI Simone BEZZINI Stefano CIUOFFO Leonardo MARRAS Monia MONNI Alessandra NARDINI Serena SPI;REGIONE TOSCANA UFFICI REGIONALI GIUNTA REGIONALE Delibera n. 1345 del 28/11/2022 Oggetto: Individuazione della data di inizio e della durata delle vendite di fine stagione invernale per l'anno 2023. Premesse essenziali: L.R. 23 novembre 2018, n. 62 (Codice del commercio), articolo 108, comma 2. Dispositivo: Individuare la data di inizio e la durata delle vendite di fine stagione invernale per l'anno 2023.
llama3_1_8b;A;naive_bayes;0117;atto_117.pdf;Determina;Decreto;assorbito_in_decreto;964;445;sindaco, determina, determinazione, responsabile, delibera, giunta;sindaco, determina, determinazione, responsabile, delibera, giunta;COMUNE DI FAVARA LIBERO CONSORZIO COMUNALE DI AGRIGENTO DETERMINAZIONE SINDACALE Numero 30 del 20-04-2026 OGGETTO: NOMINA DEI RESPONSABILI DEI SERVIZI DI STAFF IL SINDACO Del Comune, in virtù della competenza che gli deriva, ai sensi e per gli effetti dell’art. 13 della legge regionale 26 agosto 1992, n. 7, come modificato ed integrato dall’art. 41 della legge regionale 1 settembre 1993, n. 26, per tutte le materie non attribuite agli altri organi del Comune, Che con deliberazione di Giunta Comunale n. 31 del 09.04.2026, modificata con la Deliberazione di Giunta Municipale n. 34 del 14.04.2026, è stato approvato il nuovo assetto organizzativo dell’Ente e sono state istituite n. 10 Aree con p;COMUNE DI FAVARA LIBERO CONSORZIO COMUNALE DI AGRIGENTO DETERMINAZIONE SINDACALE Numero 30 del 20-04-2026 OGGETTO: NOMINA DEI RESPONSABILI DEI SERVIZI DI STAFF Il Sindaco nomina i responsabili dei servizi di staff in base al nuovo assetto organizzativo approvato con deliberazione di Giunta Comunale n. 31 del 09.04.2026. DISPOSITIVO: Si nomina il Sig. [nome] come Responsabile del Servizio X e la Sig.ra [nome] come Responsabile del Servizio Y.
llama3_1_8b;A;naive_bayes;0012;atto_12.pdf;Decreto;DeliberaGiunta;decreto_non_riconosciuto;1042;574;decreto, sindaco, giunta;decreto, sindaco, giunta;"COMUNEDIBELLUNO DECRETO N. 7 DEL 30/09/2025 COMUNALE IL SINDACO Visti gli art. 47 e 48 del testo unico degli Enti Locali del 18 agosto 2000, n. 267. - L'art. 35 dello statuto comunale, il quale recita: ""1. La Giunta è composta dal Sindaco e da un numero di Assessori stabilito dal Sindaco, non superiore al numero massimo previsto dalla Legge. 2. Gli Assessori debbono essere in possesso delle requisiti di compatibilità ed eleggibilità alla carica di Consigliere. 3. Per la rimozione delle cause di incompatibilità si applicano le norme stabilite dalla Legge per i Consiglieri comunali. 4. La parità di genere è assicurata a norma di Legge""; - L'art. 30 dello statuto comunale, il quale recita: ""1. ";Comune di Belluno Decreto n. 7 del 30/09/2025 Oggetto: Modifica della Giunta Comunale Visti gli articoli 47 e 48 del Testo Unico degli Enti Locali (d.lgs. 18 agosto 2000, n. 267) e gli articoli 35 e 30 dello Statuto Comunale. La Giunta è composta dal Sindaco e da un numero di Assessori stabilito dal Sindaco, non superiore al massimo previsto dalla Legge. Gli Assessori devono essere in possesso delle requisiti di compatibilità ed eleggibilità alla carica di Consigliere. Si dispone la modifica della composizione della Giunta Comunale ai sensi dell'articolo 35 dello Stat
llama3_1_8b;A;naive_bayes;0028;atto_28.pdf;Decreto;Ordinanza;decreto_non_riconosciuto;988;520;dirigente, delibera;ordina, delibera;"CITTÀ DI IMOLA MEDAGLIA D’ORO AL VALORE MILITARE PER ATTIVITA’ PARTIGIANA Area Gestione e sviluppo del territorio Atto monocratico n. 682 del 27/05/2025 OGGETTO: Aggiornamento dell'Allegato 1 al Tomo III del RUE a seguito della ratifica con deliberazione consiliare n. 28 del 27/03/2025 della variante al PSC e RUE nell'ambito del procedimento unico ex art. 53 comma 1 lettera A) della LR 24/2017 per la demolizione di fabbricati esistenti e la nuova costruzione di un edificio destinato a ""Casa degli eventi"" all'interno del perimetro dell'Autodromo Enzo e Dino Ferrari - ditta Con.Ami IL DIRIGENTE Ricordata la deliberazione C.C. n. 28 del 27/03/2025 avente ad oggetto “Procedimento Unico art. 53 c";"CITTÀ DI IMOLA Atto monocratico n. 682 del 27/05/2025 OGGETTO: Aggiornamento dell'Allegato 1 al Tomo III del RUE. Ricordata la deliberazione C.C. n. 28 del 27/03/2025, si approva l'aggiornamento dell'Allegato 1 al Tomo III del RUE a seguito della ratifica della variante al PSC e RUE per la demolizione di fabbricati esistenti e la nuova costruzione di un edificio destinato a ""Casa degli Eventi"" all'interno del perimetro dell'autodromo Enzo e Dino Ferrari. Si ordina l'aggiornamento dell'Allegato 1 al Tomo III del RUE"
llama3_1_8b;B;linear_svm;0075;atto_75.pdf;DeliberaGiunta;Decreto;assorbito_in_decreto;964;409;dirigente, responsabile, delibera, giunta;delibera, giunta;REGIONE TOSCANA UFFICI REGIONALI GIUNTA REGIONALE ESTRATTO DEL VERBALE DELLA SEDUTA DEL 28/11/2022 (punto N 28) Delibera N 1345 del 28/11/2022 Proponente LEONARDO MARRAS DIREZIONE ATTIVITA' PRODUTTIVE Pubblicità / Pubblicazione Atto pubblicato su BURT e Banca Dati (PBURT/PBD) Dirigente Responsabile Laura ACHENZA Direttore Albino CAPORALE Oggetto: Individuazione della data di inizio e della durata delle vendite di fine stagione invernale per l'anno 2023, ai sensi dell'articolo 108, comma 2, della L.R. 23 novembre 2018, n. 62 (Codice del commercio). Presente Eugenio GIANI Stefania SACCARDI Stefano BACCELLI Simone BEZZINI Stefano CIUOFFO Leonardo MARRAS Monia MONNI Alessandra NARDINI Serena SPI;REGIONE TOSCANA UFFICI REGIONALI GIUNTA REGIONALE Delibera n. 1345 del 28/11/2022 Oggetto: Individuazione della data di inizio e della durata delle vendite di fine stagione invernale per l'anno 2023. Premesse essenziali: L.R. 23 novembre 2018, n. 62 (Codice del commercio), articolo 108, comma 2. Dispositivo: Individuare la data di inizio e la durata delle vendite di fine stagione invernale per l'anno 2023.
llama3_1_8b;B;linear_svm;0080;atto_80.pdf;Ordinanza;Decreto;assorbito_in_decreto;953;513;sindaco, ordinanza, ordina;sindaco, ordinanza, ordina;"COMUNE DI DOLO Citta' Metropolitana di Venezia C.A.P. 30031 - Via Cairoli, 39 - 041.5121911 fax 041.410665 P.IVA 00655760270 C.F. 82001910270 AFFARI GENERALI, SEGRETERIA, PATRIMONIO E RISORSE UMANE ORDINANZA N. 78 DEL 19/05/2026 OGGETTO: SINDACO VISTO l'articolo 50, comma 7, del D.Lgs. n. 267/2000 e ss.mm.ii., ai sensi del quale il Sindaco coordina e riorganizza gli orari di apertura al pubblico degli uffici localizzati nel territorio, al fine di armonizzare l'espletamento dei servizi con le esigenze complessive e generali degli utenti; CONSIDERATO che, nell'ambito della più generale riduzione della spesa pubblica, occorre adottare misure caratterizzate dalla riduzione dell'accesso ai serviz";Citta Metropolitana di Venezia Ordinanza n. 78 del 19/05/2026 OGGETTO: SINDACO VISTOL'articolo 50, comma 7, del D.Lgs. n. 267/2000 che attribuisce al Sindaco la coordinazione e riorganizzazione degli orari di apertura degli uffici comunali. CONSIDERATO l'esigenza di ridurre l'accesso ai servizi comunali per contenere le spese pubbliche. DISPOSITIVO: Il Sindaco coordinerà e riorganizzerà gli orari di apertura degli uffici comunali al fine di armonizzare l'espletamento dei servizi con le esigenze degli utenti.
llama3_1_8b;B;linear_svm;0117;atto_117.pdf;Determina;Decreto;assorbito_in_decreto;964;445;sindaco, determina, determinazione, responsabile, delibera, giunta;sindaco, determina, determinazione, responsabile, delibera, giunta;COMUNE DI FAVARA LIBERO CONSORZIO COMUNALE DI AGRIGENTO DETERMINAZIONE SINDACALE Numero 30 del 20-04-2026 OGGETTO: NOMINA DEI RESPONSABILI DEI SERVIZI DI STAFF IL SINDACO Del Comune, in virtù della competenza che gli deriva, ai sensi e per gli effetti dell’art. 13 della legge regionale 26 agosto 1992, n. 7, come modificato ed integrato dall’art. 41 della legge regionale 1 settembre 1993, n. 26, per tutte le materie non attribuite agli altri organi del Comune, Che con deliberazione di Giunta Comunale n. 31 del 09.04.2026, modificata con la Deliberazione di Giunta Municipale n. 34 del 14.04.2026, è stato approvato il nuovo assetto organizzativo dell’Ente e sono state istituite n. 10 Aree con p;COMUNE DI FAVARA LIBERO CONSORZIO COMUNALE DI AGRIGENTO DETERMINAZIONE SINDACALE Numero 30 del 20-04-2026 OGGETTO: NOMINA DEI RESPONSABILI DEI SERVIZI DI STAFF Il Sindaco nomina i responsabili dei servizi di staff in base al nuovo assetto organizzativo approvato con deliberazione di Giunta Comunale n. 31 del 09.04.2026. DISPOSITIVO: Si nomina il Sig. [nome] come Responsabile del Servizio X e la Sig.ra [nome] come Responsabile del Servizio Y.
llama3_1_8b;B;linear_svm;0059;atto_59.pdf;Decreto;Statuto;decreto_non_riconosciuto;927;533;decreto, sindaco, determina, determinazione, ordina, delibera, giunta;ordina, delibera, giunta;"COMUNE DI VOLLA Protocollo N.0039483 DECRETO DEL SINDACO n. 36 del 30/12/2025 PERSONALE. IL SINDACO Premesso che: con Deliberazione di Giunta Comunale n.9 del 25/01/2019, come modificata con successiva Deliberazione Commissariale con poteri della Giunta n.1 del 9/01/2025, si è proceduto alla rideterminazione della struttura organizzativa dell'Ente; con Verbali di Deliberazione del Commissario Straordinario con poteri della Giunta n.20 del 30/04/2025, è stata approvata una modifica della struttura organizzativa di questo Ente che prevede i seguenti settori: 1. SETTORE: AFFARI GENERALI, DEMOGRAFICI, ELETTORALE. 2. SETTORE: POLITICHE SOCIALI, SCOLASTICO, CULTURA, SPORT E TEMPO LIBERO-AREE ATTRE";Comune di Volta - Protocollo N.0039483 - Data: 30/12/2025 Oggetto: Modifica struttura organizzativa dell'Ente. Premesse essenziali: - Deliberazione Giunta Comunale n.9 del 25/01/2019, modificata con successiva Deliberazione Commissariale n.1 del 09/01/2025. - Verba di Deliberazione del Commissario Straordinario con poteri della Giunta n.20 del 30/04/2025. Dispositivo: Si approva la modifica della struttura organizzativa dell'Ente, suddivisa in due settori: 1) Affari Generali, Demografici e Elettorale. 2) Politiche Sociali, Scol
llama3_1_8b;B;linear_svm;0062;atto_62.pdf;Decreto;Regolamento;decreto_non_riconosciuto;1028;396;decreto, decreto sindacale, ordina;ordina;"Cremona COMUNEDICREMONA Il Segretario Generale li, 27 maggio 2022 Valutazione. Enti Locali; richiamato il D.Lgs. 30 marzo 2001, n. 165: ""Norme generali sull'ordinamento del lavoro alle dipendenze delle Amministrazioni pubbliche""; richiamato il D.Lgs. 27 ottobre 2009, n. 150: “Attuazione della legge 4 marzo 2009, n. 15, in materia di ottimizzazione della produttività del lavoro pubblico e di efficienza e trasparenza delle pubbliche amministrazioni""; preso atto dei contenuti del Regolamento sull'Ordinamento Generale degli Uffici e dei Servizi; preso atto dei contenuti del Regolamento afferente il sistema di Performance Management, in particolare l'art. 34 che prevede la costituzione di una str";COMUNEDICREMONA il 27 maggio 2022 Valutazione. Richiamati i D.Lgs. 165/2001 e 150/2009, norme sull'ordinamento del lavoro alle dipendenze delle amministrazioni pubbliche e sulla produttività del lavoro pubblico. Preso atto dei contenuti del Regolamento sull'Ordinamento Generale degli Uffici e dei Servizi e del Regolamento sul sistema di Performance Management. DISPOSITIVO: ... (parte mancante)
llama3_1_8b;B;linear_svm;0079;atto_79.pdf;Decreto;Statuto;decreto_non_riconosciuto;972;556;sindaco, giunta, consiglio;sindaco, giunta, consiglio;"AQUA CITTÀ DELLA COMUNE DI ALA Provincia di Trento Piazza S.Giovanni 1 - 38061 ALA (TN) www.comune.ala.tn.it pec: comune.ala@legalmail.it SERVIZIO SEGRETERIA AFFARI GENERALI serv.gen@comune.ala.tn.it OGGETTO: Nomina componenti della giunta comunale IL SINDACO Visto il Codice degli Enti locali della Regione autonoma Trentino-Alto Adige approvato con Legge regionale 3 maggio 2018 n. 2, ess.mm., ed in particolare: l'art. 54 (Composizione della giunta comunale) che prevede la giunta comunale composta dal sindaco, che la presiede, e da un numero di assessori non superiore a 4, fatto salva la possibilità che lo statuto preveda un numero maggiore; l'art. 55 (Parità di accesso alla giunta comunale) ";Comune di Ala Provincia di Trento Piazza S.Giovanni, 38061 Ala (TN) Data: non specificata Oggetto: Nomina componenti dell'aggiunta comunale Premesse essenziali: - Visto il Codice degli Enti locali della Regione autonoma Trentino-Alto Adige approvato con Legge regionale 3 maggio 2018, n. 2. - L'art. 54 prevede la composizione dell'aggiunta comunale, composta dal sindaco che la presiede e da un numero di assessori non superiore a 4, eletti tra i componenti del consiglio comunale, con possibilità di statuto. - L'art. 55 prevede la parità di accesso all'
llama3_1_8b;B;logistic_regression;0075;atto_75.pdf;DeliberaGiunta;Decreto;assorbito_in_decreto;964;409;dirigente, responsabile, delibera, giunta;delibera, giunta;REGIONE TOSCANA UFFICI REGIONALI GIUNTA REGIONALE ESTRATTO DEL VERBALE DELLA SEDUTA DEL 28/11/2022 (punto N 28) Delibera N 1345 del 28/11/2022 Proponente LEONARDO MARRAS DIREZIONE ATTIVITA' PRODUTTIVE Pubblicità / Pubblicazione Atto pubblicato su BURT e Banca Dati (PBURT/PBD) Dirigente Responsabile Laura ACHENZA Direttore Albino CAPORALE Oggetto: Individuazione della data di inizio e della durata delle vendite di fine stagione invernale per l'anno 2023, ai sensi dell'articolo 108, comma 2, della L.R. 23 novembre 2018, n. 62 (Codice del commercio). Presente Eugenio GIANI Stefania SACCARDI Stefano BACCELLI Simone BEZZINI Stefano CIUOFFO Leonardo MARRAS Monia MONNI Alessandra NARDINI Serena SPI;REGIONE TOSCANA UFFICI REGIONALI GIUNTA REGIONALE Delibera n. 1345 del 28/11/2022 Oggetto: Individuazione della data di inizio e della durata delle vendite di fine stagione invernale per l'anno 2023. Premesse essenziali: L.R. 23 novembre 2018, n. 62 (Codice del commercio), articolo 108, comma 2. Dispositivo: Individuare la data di inizio e la durata delle vendite di fine stagione invernale per l'anno 2023.
llama3_1_8b;B;logistic_regression;0080;atto_80.pdf;Ordinanza;Decreto;assorbito_in_decreto;953;513;sindaco, ordinanza, ordina;sindaco, ordinanza, ordina;"COMUNE DI DOLO Citta' Metropolitana di Venezia C.A.P. 30031 - Via Cairoli, 39 - 041.5121911 fax 041.410665 P.IVA 00655760270 C.F. 82001910270 AFFARI GENERALI, SEGRETERIA, PATRIMONIO E RISORSE UMANE ORDINANZA N. 78 DEL 19/05/2026 OGGETTO: SINDACO VISTO l'articolo 50, comma 7, del D.Lgs. n. 267/2000 e ss.mm.ii., ai sensi del quale il Sindaco coordina e riorganizza gli orari di apertura al pubblico degli uffici localizzati nel territorio, al fine di armonizzare l'espletamento dei servizi con le esigenze complessive e generali degli utenti; CONSIDERATO che, nell'ambito della più generale riduzione della spesa pubblica, occorre adottare misure caratterizzate dalla riduzione dell'accesso ai serviz";Citta Metropolitana di Venezia Ordinanza n. 78 del 19/05/2026 OGGETTO: SINDACO VISTOL'articolo 50, comma 7, del D.Lgs. n. 267/2000 che attribuisce al Sindaco la coordinazione e riorganizzazione degli orari di apertura degli uffici comunali. CONSIDERATO l'esigenza di ridurre l'accesso ai servizi comunali per contenere le spese pubbliche. DISPOSITIVO: Il Sindaco coordinerà e riorganizzerà gli orari di apertura degli uffici comunali al fine di armonizzare l'espletamento dei servizi con le esigenze degli utenti.
llama3_1_8b;B;logistic_regression;0117;atto_117.pdf;Determina;Decreto;assorbito_in_decreto;964;445;sindaco, determina, determinazione, responsabile, delibera, giunta;sindaco, determina, determinazione, responsabile, delibera, giunta;COMUNE DI FAVARA LIBERO CONSORZIO COMUNALE DI AGRIGENTO DETERMINAZIONE SINDACALE Numero 30 del 20-04-2026 OGGETTO: NOMINA DEI RESPONSABILI DEI SERVIZI DI STAFF IL SINDACO Del Comune, in virtù della competenza che gli deriva, ai sensi e per gli effetti dell’art. 13 della legge regionale 26 agosto 1992, n. 7, come modificato ed integrato dall’art. 41 della legge regionale 1 settembre 1993, n. 26, per tutte le materie non attribuite agli altri organi del Comune, Che con deliberazione di Giunta Comunale n. 31 del 09.04.2026, modificata con la Deliberazione di Giunta Municipale n. 34 del 14.04.2026, è stato approvato il nuovo assetto organizzativo dell’Ente e sono state istituite n. 10 Aree con p;COMUNE DI FAVARA LIBERO CONSORZIO COMUNALE DI AGRIGENTO DETERMINAZIONE SINDACALE Numero 30 del 20-04-2026 OGGETTO: NOMINA DEI RESPONSABILI DEI SERVIZI DI STAFF Il Sindaco nomina i responsabili dei servizi di staff in base al nuovo assetto organizzativo approvato con deliberazione di Giunta Comunale n. 31 del 09.04.2026. DISPOSITIVO: Si nomina il Sig. [nome] come Responsabile del Servizio X e la Sig.ra [nome] come Responsabile del Servizio Y.
llama3_1_8b;B;logistic_regression;0059;atto_59.pdf;Decreto;Statuto;decreto_non_riconosciuto;927;533;decreto, sindaco, determina, determinazione, ordina, delibera, giunta;ordina, delibera, giunta;"COMUNE DI VOLLA Protocollo N.0039483 DECRETO DEL SINDACO n. 36 del 30/12/2025 PERSONALE. IL SINDACO Premesso che: con Deliberazione di Giunta Comunale n.9 del 25/01/2019, come modificata con successiva Deliberazione Commissariale con poteri della Giunta n.1 del 9/01/2025, si è proceduto alla rideterminazione della struttura organizzativa dell'Ente; con Verbali di Deliberazione del Commissario Straordinario con poteri della Giunta n.20 del 30/04/2025, è stata approvata una modifica della struttura organizzativa di questo Ente che prevede i seguenti settori: 1. SETTORE: AFFARI GENERALI, DEMOGRAFICI, ELETTORALE. 2. SETTORE: POLITICHE SOCIALI, SCOLASTICO, CULTURA, SPORT E TEMPO LIBERO-AREE ATTRE";Comune di Volta - Protocollo N.0039483 - Data: 30/12/2025 Oggetto: Modifica struttura organizzativa dell'Ente. Premesse essenziali: - Deliberazione Giunta Comunale n.9 del 25/01/2019, modificata con successiva Deliberazione Commissariale n.1 del 09/01/2025. - Verba di Deliberazione del Commissario Straordinario con poteri della Giunta n.20 del 30/04/2025. Dispositivo: Si approva la modifica della struttura organizzativa dell'Ente, suddivisa in due settori: 1) Affari Generali, Demografici e Elettorale. 2) Politiche Sociali, Scol
llama3_1_8b;B;logistic_regression;0062;atto_62.pdf;Decreto;Regolamento;decreto_non_riconosciuto;1028;396;decreto, decreto sindacale, ordina;ordina;"Cremona COMUNEDICREMONA Il Segretario Generale li, 27 maggio 2022 Valutazione. Enti Locali; richiamato il D.Lgs. 30 marzo 2001, n. 165: ""Norme generali sull'ordinamento del lavoro alle dipendenze delle Amministrazioni pubbliche""; richiamato il D.Lgs. 27 ottobre 2009, n. 150: “Attuazione della legge 4 marzo 2009, n. 15, in materia di ottimizzazione della produttività del lavoro pubblico e di efficienza e trasparenza delle pubbliche amministrazioni""; preso atto dei contenuti del Regolamento sull'Ordinamento Generale degli Uffici e dei Servizi; preso atto dei contenuti del Regolamento afferente il sistema di Performance Management, in particolare l'art. 34 che prevede la costituzione di una str";COMUNEDICREMONA il 27 maggio 2022 Valutazione. Richiamati i D.Lgs. 165/2001 e 150/2009, norme sull'ordinamento del lavoro alle dipendenze delle amministrazioni pubbliche e sulla produttività del lavoro pubblico. Preso atto dei contenuti del Regolamento sull'Ordinamento Generale degli Uffici e dei Servizi e del Regolamento sul sistema di Performance Management. DISPOSITIVO: ... (parte mancante)
llama3_1_8b;B;logistic_regression;0079;atto_79.pdf;Decreto;Statuto;decreto_non_riconosciuto;972;556;sindaco, giunta, consiglio;sindaco, giunta, consiglio;"AQUA CITTÀ DELLA COMUNE DI ALA Provincia di Trento Piazza S.Giovanni 1 - 38061 ALA (TN) www.comune.ala.tn.it pec: comune.ala@legalmail.it SERVIZIO SEGRETERIA AFFARI GENERALI serv.gen@comune.ala.tn.it OGGETTO: Nomina componenti della giunta comunale IL SINDACO Visto il Codice degli Enti locali della Regione autonoma Trentino-Alto Adige approvato con Legge regionale 3 maggio 2018 n. 2, ess.mm., ed in particolare: l'art. 54 (Composizione della giunta comunale) che prevede la giunta comunale composta dal sindaco, che la presiede, e da un numero di assessori non superiore a 4, fatto salva la possibilità che lo statuto preveda un numero maggiore; l'art. 55 (Parità di accesso alla giunta comunale) ";Comune di Ala Provincia di Trento Piazza S.Giovanni, 38061 Ala (TN) Data: non specificata Oggetto: Nomina componenti dell'aggiunta comunale Premesse essenziali: - Visto il Codice degli Enti locali della Regione autonoma Trentino-Alto Adige approvato con Legge regionale 3 maggio 2018, n. 2. - L'art. 54 prevede la composizione dell'aggiunta comunale, composta dal sindaco che la presiede e da un numero di assessori non superiore a 4, eletti tra i componenti del consiglio comunale, con possibilità di statuto. - L'art. 55 prevede la parità di accesso all'
llama3_1_8b;B;naive_bayes;0053;atto_53.pdf;Ordinanza;Decreto;assorbito_in_decreto;817;543;sindaco;sindaco, ordinanza, ordina;COMUNE DI ROCCARAINOLA CITTA' METROPOLITANADINAPOLI OGGETTO: Adozione di misure urgenti a tutela della salute per contenere e annullare il rischio di contagio del virus Epatite A IL SINDACO Premesso che: La Regione Campania, con comunicato stampa del 19 marzo 2026, ha disposto un rafforzamento delle attività di controllo lungo l'intera filiera dei molluschi bivalvi e delle azioni di prevenzione contro l'Epatite A, alla luce dell'andamento dei casi registrati dall'inizio dell'anno con un incremento che richiede la massima attenzione sul fronte della sicurezza alimentare, della sorveglianza epidemiologica e dell'informazione ai cittadini. L'intervento regionale ha coinvolto i Dipartimenti di P;COMUNE DI ROCCARAINOLA CITTA' METROPOLITANADINAPOLI Prot. N.0004455/2026 del 23/03/2026 Ordinanza Sindaco n.06 del 23/03/2026 OGGETTO: Adozione di misure urgenti a tutela della salute per contenere e annullare il rischio di contagio da virus Epatite A Premesso che la Regione Campania ha disposto un rafforzamento delle attività di controllo lungo l'intera filiera dei molluschi bivalvi, a causa dell'aumento dei casi di epatite A. Il Sindaco dispone l'applicazione delle misure previste dalla Regione Campania per contenere e annullare il ris
llama3_1_8b;B;naive_bayes;0080;atto_80.pdf;Ordinanza;Decreto;assorbito_in_decreto;953;513;sindaco, ordinanza, ordina;sindaco, ordinanza, ordina;"COMUNE DI DOLO Citta' Metropolitana di Venezia C.A.P. 30031 - Via Cairoli, 39 - 041.5121911 fax 041.410665 P.IVA 00655760270 C.F. 82001910270 AFFARI GENERALI, SEGRETERIA, PATRIMONIO E RISORSE UMANE ORDINANZA N. 78 DEL 19/05/2026 OGGETTO: SINDACO VISTO l'articolo 50, comma 7, del D.Lgs. n. 267/2000 e ss.mm.ii., ai sensi del quale il Sindaco coordina e riorganizza gli orari di apertura al pubblico degli uffici localizzati nel territorio, al fine di armonizzare l'espletamento dei servizi con le esigenze complessive e generali degli utenti; CONSIDERATO che, nell'ambito della più generale riduzione della spesa pubblica, occorre adottare misure caratterizzate dalla riduzione dell'accesso ai serviz";Citta Metropolitana di Venezia Ordinanza n. 78 del 19/05/2026 OGGETTO: SINDACO VISTOL'articolo 50, comma 7, del D.Lgs. n. 267/2000 che attribuisce al Sindaco la coordinazione e riorganizzazione degli orari di apertura degli uffici comunali. CONSIDERATO l'esigenza di ridurre l'accesso ai servizi comunali per contenere le spese pubbliche. DISPOSITIVO: Il Sindaco coordinerà e riorganizzerà gli orari di apertura degli uffici comunali al fine di armonizzare l'espletamento dei servizi con le esigenze degli utenti.
llama3_1_8b;B;naive_bayes;0117;atto_117.pdf;Determina;Decreto;assorbito_in_decreto;964;445;sindaco, determina, determinazione, responsabile, delibera, giunta;sindaco, determina, determinazione, responsabile, delibera, giunta;COMUNE DI FAVARA LIBERO CONSORZIO COMUNALE DI AGRIGENTO DETERMINAZIONE SINDACALE Numero 30 del 20-04-2026 OGGETTO: NOMINA DEI RESPONSABILI DEI SERVIZI DI STAFF IL SINDACO Del Comune, in virtù della competenza che gli deriva, ai sensi e per gli effetti dell’art. 13 della legge regionale 26 agosto 1992, n. 7, come modificato ed integrato dall’art. 41 della legge regionale 1 settembre 1993, n. 26, per tutte le materie non attribuite agli altri organi del Comune, Che con deliberazione di Giunta Comunale n. 31 del 09.04.2026, modificata con la Deliberazione di Giunta Municipale n. 34 del 14.04.2026, è stato approvato il nuovo assetto organizzativo dell’Ente e sono state istituite n. 10 Aree con p;COMUNE DI FAVARA LIBERO CONSORZIO COMUNALE DI AGRIGENTO DETERMINAZIONE SINDACALE Numero 30 del 20-04-2026 OGGETTO: NOMINA DEI RESPONSABILI DEI SERVIZI DI STAFF Il Sindaco nomina i responsabili dei servizi di staff in base al nuovo assetto organizzativo approvato con deliberazione di Giunta Comunale n. 31 del 09.04.2026. DISPOSITIVO: Si nomina il Sig. [nome] come Responsabile del Servizio X e la Sig.ra [nome] come Responsabile del Servizio Y.
llama3_1_8b;B;naive_bayes;0028;atto_28.pdf;Decreto;Regolamento;decreto_non_riconosciuto;988;520;dirigente, delibera;ordina, delibera;"CITTÀ DI IMOLA MEDAGLIA D’ORO AL VALORE MILITARE PER ATTIVITA’ PARTIGIANA Area Gestione e sviluppo del territorio Atto monocratico n. 682 del 27/05/2025 OGGETTO: Aggiornamento dell'Allegato 1 al Tomo III del RUE a seguito della ratifica con deliberazione consiliare n. 28 del 27/03/2025 della variante al PSC e RUE nell'ambito del procedimento unico ex art. 53 comma 1 lettera A) della LR 24/2017 per la demolizione di fabbricati esistenti e la nuova costruzione di un edificio destinato a ""Casa degli eventi"" all'interno del perimetro dell'Autodromo Enzo e Dino Ferrari - ditta Con.Ami IL DIRIGENTE Ricordata la deliberazione C.C. n. 28 del 27/03/2025 avente ad oggetto “Procedimento Unico art. 53 c";"CITTÀ DI IMOLA Atto monocratico n. 682 del 27/05/2025 OGGETTO: Aggiornamento dell'Allegato 1 al Tomo III del RUE. Ricordata la deliberazione C.C. n. 28 del 27/03/2025, si approva l'aggiornamento dell'Allegato 1 al Tomo III del RUE a seguito della ratifica della variante al PSC e RUE per la demolizione di fabbricati esistenti e la nuova costruzione di un edificio destinato a ""Casa degli Eventi"" all'interno del perimetro dell'autodromo Enzo e Dino Ferrari. Si ordina l'aggiornamento dell'Allegato 1 al Tomo III del RUE"
llama3_1_8b;B;naive_bayes;0059;atto_59.pdf;Decreto;Statuto;decreto_non_riconosciuto;927;533;decreto, sindaco, determina, determinazione, ordina, delibera, giunta;ordina, delibera, giunta;"COMUNE DI VOLLA Protocollo N.0039483 DECRETO DEL SINDACO n. 36 del 30/12/2025 PERSONALE. IL SINDACO Premesso che: con Deliberazione di Giunta Comunale n.9 del 25/01/2019, come modificata con successiva Deliberazione Commissariale con poteri della Giunta n.1 del 9/01/2025, si è proceduto alla rideterminazione della struttura organizzativa dell'Ente; con Verbali di Deliberazione del Commissario Straordinario con poteri della Giunta n.20 del 30/04/2025, è stata approvata una modifica della struttura organizzativa di questo Ente che prevede i seguenti settori: 1. SETTORE: AFFARI GENERALI, DEMOGRAFICI, ELETTORALE. 2. SETTORE: POLITICHE SOCIALI, SCOLASTICO, CULTURA, SPORT E TEMPO LIBERO-AREE ATTRE";Comune di Volta - Protocollo N.0039483 - Data: 30/12/2025 Oggetto: Modifica struttura organizzativa dell'Ente. Premesse essenziali: - Deliberazione Giunta Comunale n.9 del 25/01/2019, modificata con successiva Deliberazione Commissariale n.1 del 09/01/2025. - Verba di Deliberazione del Commissario Straordinario con poteri della Giunta n.20 del 30/04/2025. Dispositivo: Si approva la modifica della struttura organizzativa dell'Ente, suddivisa in due settori: 1) Affari Generali, Demografici e Elettorale. 2) Politiche Sociali, Scol
llama3_1_8b;B;naive_bayes;0062;atto_62.pdf;Decreto;Regolamento;decreto_non_riconosciuto;1028;396;decreto, decreto sindacale, ordina;ordina;"Cremona COMUNEDICREMONA Il Segretario Generale li, 27 maggio 2022 Valutazione. Enti Locali; richiamato il D.Lgs. 30 marzo 2001, n. 165: ""Norme generali sull'ordinamento del lavoro alle dipendenze delle Amministrazioni pubbliche""; richiamato il D.Lgs. 27 ottobre 2009, n. 150: “Attuazione della legge 4 marzo 2009, n. 15, in materia di ottimizzazione della produttività del lavoro pubblico e di efficienza e trasparenza delle pubbliche amministrazioni""; preso atto dei contenuti del Regolamento sull'Ordinamento Generale degli Uffici e dei Servizi; preso atto dei contenuti del Regolamento afferente il sistema di Performance Management, in particolare l'art. 34 che prevede la costituzione di una str";COMUNEDICREMONA il 27 maggio 2022 Valutazione. Richiamati i D.Lgs. 165/2001 e 150/2009, norme sull'ordinamento del lavoro alle dipendenze delle amministrazioni pubbliche e sulla produttività del lavoro pubblico. Preso atto dei contenuti del Regolamento sull'Ordinamento Generale degli Uffici e dei Servizi e del Regolamento sul sistema di Performance Management. DISPOSITIVO: ... (parte mancante)
llama3_1_8b;B;naive_bayes;0079;atto_79.pdf;Decreto;Statuto;decreto_non_riconosciuto;972;556;sindaco, giunta, consiglio;sindaco, giunta, consiglio;"AQUA CITTÀ DELLA COMUNE DI ALA Provincia di Trento Piazza S.Giovanni 1 - 38061 ALA (TN) www.comune.ala.tn.it pec: comune.ala@legalmail.it SERVIZIO SEGRETERIA AFFARI GENERALI serv.gen@comune.ala.tn.it OGGETTO: Nomina componenti della giunta comunale IL SINDACO Visto il Codice degli Enti locali della Regione autonoma Trentino-Alto Adige approvato con Legge regionale 3 maggio 2018 n. 2, ess.mm., ed in particolare: l'art. 54 (Composizione della giunta comunale) che prevede la giunta comunale composta dal sindaco, che la presiede, e da un numero di assessori non superiore a 4, fatto salva la possibilità che lo statuto preveda un numero maggiore; l'art. 55 (Parità di accesso alla giunta comunale) ";Comune di Ala Provincia di Trento Piazza S.Giovanni, 38061 Ala (TN) Data: non specificata Oggetto: Nomina componenti dell'aggiunta comunale Premesse essenziali: - Visto il Codice degli Enti locali della Regione autonoma Trentino-Alto Adige approvato con Legge regionale 3 maggio 2018, n. 2. - L'art. 54 prevede la composizione dell'aggiunta comunale, composta dal sindaco che la presiede e da un numero di assessori non superiore a 4, eletti tra i componenti del consiglio comunale, con possibilità di statuto. - L'art. 55 prevede la parità di accesso all'
llama3_1_8b;B;naive_bayes;0103;atto_103.pdf;Decreto;Regolamento;decreto_non_riconosciuto;839;444;decreto, sindaco, ordina;ordina;"Cremona COMUNEDICREMONA II Sindaco P.G. 19325 29 febbraio 2024 Oggetto: Conferimento dell'incarico di direzione del Settore Gare Partecipate PNRR dal 1° marzo 2024 al 30 aprile 2024, al Dott. Corrado Gozzetti. IL SINDACO Visti: - lo Statuto dell'Ente e in particolare il Titolo V ""Uffici e Personale""; - il Regolamento sull'Ordinamento Generale degli Uffici e dei Servizi; Richiamati: - il D. Lgs. 18 agosto 2000 n.267: “Testo unico delle leggi sull'ordinamento degli enti locali"", ed in particolare l'art. 50, comma 10; - il D. Lgs. 30 marzo 2001 n.165: ""Norme generali sull'ordinamento del lavoro alle dipendenze delle amministrazioni pubbliche"", che all'art. 19 dispone norme generali in merito al";COMUNEDICREMONA P.G.19325 29 febbraio 2024 Oggetto: Conferimento incarico di direzione del Settore Gare Partecipate PNRR. Visti lo Statuto e il Regolamento sull'Ordinamento Generale degli Uffici e dei Servizi. Richiamati il D. Lgs. 18 agosto 2000 n.267 (art. 50, comma 10) e altri atti normativi. Dispositivo: si conferisce l'incarico di direzione del Settore Gare Partecipate PNRR al Dott. Corrado Gozzetti dal 1° marzo 2024 al 30 aprile 2024.
