;precision;recall;f1-score;support
AccordoSindacale;0.8;0.8;0.8;5.0
Decreto;1.0;0.8;0.8888888888888888;5.0
DeliberaConsiglio;1.0;1.0;1.0;5.0
DeliberaGiunta;1.0;1.0;1.0;5.0
Determina;1.0;1.0;1.0;5.0
Ordinanza;1.0;0.8;0.8888888888888888;5.0
Regolamento;0.7142857142857143;1.0;0.8333333333333334;5.0
Statuto;0.8;0.8;0.8;5.0
accuracy;0.9;0.9;0.9;0.9
macro avg;0.9142857142857143;0.9;0.9013888888888889;40.0
weighted avg;0.9142857142857143;0.9;0.9013888888888889;40.0
