modello;cv_n_splits;accuracy_mean;accuracy_std;precision_macro_mean;precision_macro_std;recall_macro_mean;recall_macro_std;f1_macro_mean;f1_macro_std;f1_weighted_mean;f1_weighted_std
naive_bayes;5;0.9;0.09354143466934853;0.85;0.1403121520040228;0.9;0.09354143466934853;0.8666666666666666;0.12472191289246472;0.8666666666666666;0.12472191289246472
logistic_regression;5;0.9;0.09354143466934853;0.85;0.1403121520040228;0.9;0.09354143466934853;0.8666666666666666;0.12472191289246472;0.8666666666666666;0.12472191289246472
linear_svm;5;0.875;0.07905694150420949;0.8125;0.11858541225631422;0.875;0.07905694150420949;0.8333333333333333;0.10540925533894599;0.8333333333333333;0.10540925533894599
