id_atto;tool;source_format;ordine_blocco;tipo_blocco;tipo_blocco_progressivo;macro_sezione;is_narrativa;testo_blocco;page_start;page_end;bbox_start;n_elementi;flag_spezzato;flag_inversione_locale
atto_1;docling;markdown;1;PREMESSO;PREMESSO_1;NARRATIVA_PREMESSA;1;"PREMESSO che: -le Amministrazioni Pubbliche devono adottare, in base a quanto disposto dagli artt. 3 e segg. del D. Lgs. n. 150/2009 e del D. Lgs. n. 74/2017, metodi e strumenti idonei a misurare, valutare e premiare la performance individuale e quella organizzativa, secondo criteri strettamente connessi al soddisfacimento dell'interesse del destinatario dei servizi pubblici; -la Relazione sulla Performance prevista dall'art. 10, comma 1, lettera b), del D. Lgs. n. 150/2009, costituisce lo strumento mediante il quale l'Amministrazione illustra ai cittadini e a tutti gli altri ' stakeholders ' (portatori di interesse), i risultati ottenuti nel corso dell'anno precedente; -per la predisposizione delle linee guida del presente documento sono intervenute le indicazioni sia della CIVIT, ora ANAC, che dell'ANCI, che i Comuni possono prendere a riferimento per la redazione della Relazione sulla Performance; -la Relazione redatta in collaborazione con i vertici dell'Amministrazione va sottoposta alla Giunta per la sua approvazione, ai sensi dell'art. 10 del D. Lgs. n. 150/2009; -con la Relazione sulla Performance si intendono rendicontare le attività poste in essere nel corso dell'anno ed i risultati ottenuti, portando a compimento il Ciclo di Gestione della Performance, così come codificato dal legislatore con l'art. 4 del D. Lgs. n. 150/2009 e con il D. Lgs. n. 74/2017, al fine di rendere trasparente l'azione amministrativa ed applicare i meccanismi premiali previsti dal decreto citato, tenendo in debita considerazione, in linea di principio, le indicazioni fornite dalla Commissione (CIVIT), ora ANAC, per rendere il Ciclo trasparente e leggibile, anche per ottenere la validazione del Nucleo di Valutazione;";;;;6;0;0
atto_1;docling;markdown;2;VISTO;VISTO_1;PREAMBOLO_RIFERIMENTI;1;"VISTO: -la Deliberazione della Giunta Comunale n. 66 del 04.07.2019, con cui è stato approvato il nuovo regolamento per la misurazione, la valutazione e la trasparenza della performance ex D. Lgs. 27 ottobre 2009, n. 150, adeguato al D. Lgs. n. 74/17; -i Decreti sindacali di nomina delle Elevate Qualificazioni, in atti; -la Deliberazione della Giunta Comunale n. 127 del 28.12.2023, con cui è stato approvato il vigente Contratto Collettivo Integrativo (Normativo) del personale del comparto del Comune di Ausonia; -la Deliberazione consiliare n. 1 del 20.01.2025, con la quale è stato approvato il DUP per l'esercizio 2025/2027; -la Deliberazione consiliare n. 3 del 20.01.2025, con la quale è stato approvato Bilancio di Previsione per l'esercizio 2025/2027; -la Deliberazione della Giunta Comunale n. 8 del 20.01.2025, di approvazione del PEG per l'esercizio 2025/2027; -la Deliberazione della Giunta Comunale n. 42 del 14.04.2025, con la quale è stato approvato il Piano Integrato di Attività ed Organizzazione (PIAO) 2025/2027, ai sensi dell'art. 6 del D.L. n. 80/2021, convertito con";;;;8;0;0
atto_1;docling;markdown;3;VISTO;VISTO_2;PREAMBOLO_RIFERIMENTI;1;"VISTA l'allegata relazione sulla performance anno 2025, parte integrante e sostanziale del presente provvedimento;";;;;1;0;0
atto_1;docling;markdown;4;CONSIDERATO;CONSIDERATO_1;MOTIVAZIONE;1;"CONSIDERATO che: -gli obiettivi che l'Amministrazione ha inteso perseguire nell'anno 2025 si ritengono sostanzialmente raggiunti e sono strettamente legati alla premialità, ossia alla distribuzione delle risorse derivanti dal Fondo delle risorse destinato alla produttività in base ai criteri di programmazione e valutazione sopra illustrati; -con la relazione sulla performance si intende favorevolmente adempiuto anche al Controllo di Gestione, come previsto dall'art. 7 e segg. del regolamento comunale sul sistema dei controlli interni ex D.L. 10.10.2012, n. 174, convertito in L. 07.12.2012, n. 213; -ai sensi dell'art. 14, comma 4, lettera c), e comma 6, del D. Lgs. n. 150/2009, la relazione dovrà essere validata dal Nucleo di Valutazione quale condizione inderogabile per l'accesso agli strumenti premiali di cui al Titolo III del decreto in oggetto; -con decreto sindacale n. 2/2025 del 01/04/2025, ai sensi dell'art. 7 del vigente regolamento comunale sull'ordinamento degli uffici e dei servizi, per i compiti in esso contemplati e per le competenze previste da altre norme di legge, è stato nominato il Nucleo di Valutazione esterno dell'Ente, in forma monocratica, nella persona del Dott. Lucio Migliorelli;";;;;5;0;0
atto_1;docling;markdown;5;ATTESO;ATTESO_1;MOTIVAZIONE;1;"ATTESO che: -i responsabili di settore dell'ente titolari di incarichi di Elevata Qualificazione, ai sensi del vigente regolamento sul sistema di misurazione e valutazione della performance hanno redatto le schede di valutazione del personale dipendente, in atti; -il Nucleo di Valutazione del Comune di Ausonia, con proprio verbale del 16/06/2026, acquisto al protocollo generale dell'ente al n. 3914 del 18/06/2026, ai sensi del vigente regolamento sul sistema di misurazione e valutazione della performance, ha trasmesso la proposta di graduatoria della valutazione della performance dei responsabili di settore dell'ente titolari di incarichi di Elevata Qualificazione relativa all'anno 2025; -da dette schede di valutazione emerge un complessivo esito positivo di valutazione del personale dipendente, in particolare dei responsabili di settore titolari di incarichi di Elevata Qualificazione, in linea con gli obiettivi prefissati per l'anno 2025 ed i rispettivi risultati ATTESI e raggiunti; -il Sindaco ha avallato le valutazioni dei responsabili di settore titolari di incarichi di Elevata Qualificazione e quelle rese da Nucleo di Valutazione per questi ultimi, in quanto si ritengono sostanzialmente raggiunti gli obiettivi che l'Amministrazione ha inteso perseguire nell'anno 2025;";;;;5;0;0
atto_1;docling;markdown;6;RITENUTO;RITENUTO_1;MOTIVAZIONE_VALUTAZIONE;1;"RITENUTO, pertanto, di dover provvedere ad approvare, ai sensi dell'art. 10 del D. Lgs. n. 150/2009, l'allegata relazione sulla performance relativa all'anno 2025, parte integrante e sostanziale del presente provvedimento, e di trasmetterla, ai sensi dell'art. 14, comma 4, lettera c), e comma 6, del D. Lgs. 150/2009, al Nucleo di Valutazione per la relativa validazione, quale condizione inderogabile per l'accesso agli strumenti premiali di cui al Titolo III del decreto in oggetto, oltre che all' ANAC ai sensi dell'art. 10 del D. Lgs. 150/2009;";;;;1;0;0
atto_1;docling;markdown;7;VISTI_PARERI;VISTI_PARERI_1;PARERI_ATTESTAZIONI;0;"VISTI i pareri favorevoli di regolarità tecnica e contabile espressi, rispettivamente, dal responsabile del Settore amministrativo e dal Responsabile del servizio finanziario ai sensi dell'art. 49 del D. Lgs. 18.08.2000, n. 267;";;;;1;0;1
atto_2;docling;markdown;1;PREMESSO;PREMESSO_1;NARRATIVA_PREMESSA;1;"PREMESSO: -che , a seguito di vertenza promossa dal Sig. Antonio Miele innanzi al Tribunale Civile di Cassino fu emessa Sentenza favorevole al Comune di Ausonia n.° 819/2017 con la quale il Miele veniva condannato al pagamento delle spese legali in favore del Comune di Ausonia per complessivi €. 7.232,96; -che , a seguito di successivo Ricorso promosso dal medesimo Sig. Antonio Miele innanzi al Consiglio di Stato fu, parimenti, emessa Sentenza favorevole al Comune di Ausonia n.° 05014/2023 con la quale il ricorrente Miele veniva condannato al pagamento delle spese legali in favore di questo Comune per complessivi €. 5.836,48; -che , pertanto, la parte soccombente è risultata condannata alla rifusione delle spese legali nei confronti dell'Ente, nei due giudizi, per complessivi €. 13.069,44, somma che questo Comune era TENUTO a liquidare all'Avv.to Ivan Caserta, con Studio in Pontecorvo (FR) in quanto incaricato della difesa degli interessi del Comune in ambedue i sopracitati procedimenti, giuste Deliberazioni della Giunta Comunale n.° 113 del 05.10.2015 e n.° 48 del 15.05.2017;";;;;4;0;0
atto_2;docling;markdown;2;CONSIDERATO;CONSIDERATO_1;MOTIVAZIONE;1;"CONSIDERATO che, a fronte della complessiva somma dovuta dalla parte soccombente pari ad €. 13.069,44, ad oggi il Sig. Antonio Miele, nonostante ripetuti solleciti, è ancora debitore nei confronti del Comune di Ausonia di un importo pari ad €. 10.569,44;";;;;1;0;0
atto_2;docling;markdown;3;RAVVISATO;RAVVISATO_1;MOTIVAZIONE;1;"RAVVISATA , pertanto, l'opportunità di agire stragiudizialmente, prima, ed eventualmente in giudizio, poi, al fine di ottenere il pagamento delle sopra quantificate spese legali conferendo incarico ad un Legale di fiducia a tutela degli interessi di questo Comune;";;;;1;0;0
atto_2;docling;markdown;4;VISTO;VISTO_1;PREAMBOLO_RIFERIMENTI;1;"VISTA la nota pervenuta in DATA 12.05.2026 (ACQUISITA al protocollo con il n.° 2965), con la quale l'Avv. Emiliano Simeone, con Studio in Spigno Saturnia (LT) - Piazza Dante n.° 1, previ informali contatti, ha manifestato la propria disponibilità ad accettare l'incarico professionale di cui trattasi a tutela del Comune verso il corrispettivo di seguito analiticamente riportato: -€. 492,00 per ATTO di significazione e diffida; -€. 808,88 per eventuale Ricorso per Decreto Ingiuntivo; -€. 276,12 per eventuale ATTO di Precetto; il tutto per un ammontare massimo complessivo di €. 1.577,00 oltre spese per eventuale azione esecutiva mobiliare/immobiliare nei confronti del debitore;";;;;5;0;1
atto_2;docling;markdown;5;VALUTATO;VALUTATO_1;MOTIVAZIONE_VALUTAZIONE;1;"VALUTATA l'opportunità di procedere in merito;";;;;1;0;0
atto_2;docling;markdown;6;VALUTATO;VALUTATO_2;MOTIVAZIONE_VALUTAZIONE;1;"VALUTATA , altresì, la propria competenza ai sensi del D. Lgs. 267/2000;";;;;1;0;0
atto_2;docling;markdown;7;VISTO;VISTO_2;PREAMBOLO_RIFERIMENTI;1;"VISTO il D.Lgs. n.° 267 del 18.08.2000;";;;;1;1;1
atto_2;docling;markdown;8;VISTO;VISTO_3;PREAMBOLO_RIFERIMENTI;1;"VISTO il vigente Statuto comunale;";;;;2;0;0
atto_2;docling;markdown;9;ACQUISITI_PARERI;ACQUISITI_PARERI_1;PARERI_ATTESTAZIONI;0;"ACQUISITI i pareri di regolarità tecnica e contabile ai sensi dell'Art. 49 del TUEL 267/00 e ss. mm. e ii.;";;;;1;0;0
atto_3;docling;markdown;1;ACQUISITI_PARERI;ACQUISITI_PARERI_1;PARERI_ATTESTAZIONI;0;ACQUISITI i pareri di cui all'articolo 49 del T.U. 267/00: (Dott.ssa Lucia A. Palmas ) Il presente verbale viene approvato e sottoscritto come segue: Il Sindaco (Sig. Giuseppe Ciccolini) Il Segretario Comunale (Dott. Zanzarella Vincenzo) Il sottoscritto Segretario comunale, VISTI gli atti d'ufficio,;;;;6;0;0
atto_4;docling;markdown;1;ACQUISITI_PARERI;ACQUISITI_PARERI_1;PARERI_ATTESTAZIONI;0;ACQUISITI i pareri di cui all'articolo 49 del Decreto Legislativo 18 agosto 2000, n. 267: 1 Si esprime parere favorevole sotto il profilo tecnico-amministrativo. IL RESPONSABILE DEL SERVIZIO TECNICO f.to Ing. Eugenio Tucconi 2 Si esprime parere favorevole sulla regolarità contabile attestante la copertura finanziaria. IL RESPONSABILE DEL SERVIZIO FINANZIARIO f.to Dott.ssa. Maria Debora Cosseddu <!-- image --> PIANO NAZIONALE DI RIPRESA E RESILIENZA (PNRR) Il Sindaco espone l'argomento:;;;;8;0;0
atto_4;docling;markdown;2;VISTO;VISTO_1;PREAMBOLO_RIFERIMENTI;1;"VISTI: -il Regolamento (UE) 12 febbraio 2021, n. 2021/241, che istituisce il dispositivo per la ripresa e la resilienza; -il Piano Nazionale di Ripresa e Resilienza (PNRR) approvato con Decisione del Consiglio ECOFIN del 13 luglio 2021 e notificata all'Italia dal Segretariato generale del Consiglio con nota LT161/21, del 14 luglio 2021- -la Missione 2 - Componente 4 - SubInvestimento 2.1b del PNRR che prevede 'Misure per la gestione del rischio di alluvione e per la riduzione del rischio idrogeologico'; -il Regolamento (UE) 2018/1046 del 18 luglio 2018, che stabilisce le regole finanziarie applicabili al bilancio generale dell'Unione, che modifica i Regolamenti (UE) n. 1296/2013, n. 1301/2013, n. 1303/2013, n. 1304/2013, n. 1309/2013, n. 1316/2013, n. 223/2014, n. 283/2014 e la decisione n. 541/2014/UE e abroga il regolamento (UE, Euratom) n. 966/2012; -l'articolo 17 del Regolamento UE 2020/852 che definisce gli obiettivi ambientali, tra cui il principio di non arrecare un danno significativo (DNSH, 'Do no significant harm'), e la Comunicazione della Commissione UE 2021/C 58/01 recante 'Orientamenti tecnici sull'applicazione del principio 'non arrecare un danno significativo» a norma del regolamento sul dispositivo per la ripresa e la resilienza'; -i principi trasversali previsti dal PNRR, quali, tra l'altro, il principio del contributo all'obiettivo climatico e digitale (c.d. tagging), il principio di parità di genere e l'obbligo di protezione e valorizzazione dei giovani; -gli obblighi di assicurare il conseguimento di target e milestone e degli obiettivi finanziari STABILITI nel PNRR;";;;;8;0;1
atto_4;docling;markdown;3;VISTO;VISTO_2;PREAMBOLO_RIFERIMENTI;1;"VISTA la nota del Capo Dipartimento della Protezione Civile, prot. n. PNRR/1353 del 11 gennaio 2023, di comunicazione dell'approvazione dell'elenco di dettaglio dei ""nuovi progetti"", ricadenti nel sub -investimento 2.1b della Missione 2 -Componente 4 del Piano Nazionale di Ripresa e Resilienza (PNRR), per l'importo complessivo di euro 49.394.516,58, assegnato alla Regione Sardegna con DPCM 23 agosto 2022, e il Decreto di rettifica e approvazione dell'elenco di dettaglio dei nuovi interventi Rep. n. 1419 del 24 maggio 2023;";;;;1;0;0
atto_4;docling;markdown;4;VISTO;VISTO_3;PREAMBOLO_RIFERIMENTI;1;"VISTE: -la nota Prot. n. 2587 del 02.03.2023 con la quale la Direzione Generale della Protezione Civile ha richiesto al Comune di Bitti l'intendimento a svolgere il ruolo di Soggetto Attuatore per alcuni degli interventi contenuti nell'elenco 'nuovi progetti' approvato con nota Prot. n. PNRR/1353 del 11.01.2023; -le note n. 4106 e 4107 del 12.04.2023, relative all'accettazione da parte del Comune di Bitti degli interventi proposti ed alla trasmissione della relativa documentazione, composta, per ogni singolo intervento assunto, da: nomina del RUP, cronoprogramma ed elenco del personale reso disponibile all'attuazione.";;;;3;0;0
atto_4;docling;markdown;5;VISTO;VISTO_4;PREAMBOLO_RIFERIMENTI;1;VISTA la deliberazione n. 11/55 del 23.03.2023 avente ad oggetto Schema di accordo tra Regione Autonoma della Sardegna e Dipartimento della Protezione Civile, ai sensi dell'art. 15 della Legge n. 241/1990, per la realizzazione degli interventi 'in essere' e 'nuovi progetti' approvati nel sub - investimento 2.1b della Missione 2 -Componente 4 del Piano nazionale di ripresa e resilienza (PNRR) e INDIVIDUATI come 'Misure per la gestione del rischio di alluvione e per la riduzione del rischio idrogeologico'.;;;;1;0;0
atto_4;docling;markdown;6;VISTO;VISTO_5;PREAMBOLO_RIFERIMENTI;1;"VISTA la convenzione n. 11, prot. uscita 7580, del 30.06.2023, tra la Regione Autonoma della Sardegna ed il Comune di Bitti, ACQUISITA al protocollo generale dell'ente al n. 4137 del 30 giugno 2023, che regola i rapporti di attuazione, gestione e controllo relativi ai progetti finanziati con fondi a valere sul Piano Nazionale di Ripresa e Resilienza (PNRR) - Missione 2, componente 4, subinvestimento 2.1b: 'Misure per la riduzione del rischio di alluvione e del rischio idrogeologico' approvati con Decreto del Capo Dipartimento di Protezione Civile <!-- image --> PIANO NAZIONALE DI RIPRESA E RESILIENZA (PNRR) <!-- image --> Repertorio n. 3403 del 28/12/2022 INDIVIDUATI nel territorio comunale di Bitti (NU) e Decreto di rettifica e approvazione dell'elenco di dettaglio dei nuovi interventi Rep. n. 1419 del 24 maggio 2023;";;;;5;0;0
atto_4;docling;markdown;7;DATO_ATTO;DATO_ATTO_1;ISTRUTTORIA;1;"DATO ATTO che l'attuazione del PNRR prevede, per l'attuazione della Missione 2, Componente 4, Sub -Investimento 2.1b e per la realizzazione degli interventi ad essa connessi, finalizzati a salvaguardare e riqualificare il territorio, nonché a metterlo in sicurezza da frane o ridurre il rischio di allagamento, l'individuazione delle Amministrazioni centrali in qualità di titolari di Intervento, si è proceduto ad individuare il Comune di Bitti quale soggetto attuatore con decreto Capo Dipartimento della protezione Civile Rep. n. 1419 del 24.05.2023 dell'Investimento INDIVIDUATO ai numeri progressivi e ai Cup di cui all'art. 3 comma 1 e nella Tabella allegata alla summenzionata convenzione per farne parte integrante e sostanziale;";;;;1;0;0
atto_4;docling;markdown;8;DATO_ATTO;DATO_ATTO_2;ISTRUTTORIA;1;"DATO ATTO che tra gli interventi finanziati nell'ambito dell'Accordo di concessione di finanziamento tra la Regione Autonoma della Sardegna - Direzione Generale della Protezione Civile e il Comune di Bitti (NU) rientrano quelli di seguito indicati: ID 6.7 EX ID 12 -RIPRISTINI PUNTUALI DI DISSESTI IN VARIE VIE DEL CENTRO URBANO, CUP E97H21011870006- CIG: B140F38915;";;;;2;0;0
atto_4;docling;markdown;9;PRESO_ATTO;PRESO_ATTO_1;ISTRUTTORIA;1;"PRESO ATTO che l'accordo di finanziamento stipulato prevede l'erogazione delle somme assegnate sino ad un massimo del 90%, mentre il restante 10% deve essere anticipato dal soggetto attuatore;";;;;1;0;0
atto_4;docling;markdown;10;CONSIDERATO;CONSIDERATO_1;MOTIVAZIONE;1;"CONSIDERATO che al fine di procedere alla chiusura ed alla rendicontazione del l'intervento sopra indicato si rende necessario provvedere all'anticipazione di cassa per l'importo pari ad € 34.759,05;";;;;1;0;0
atto_4;docling;markdown;11;VISTO;VISTO_6;PREAMBOLO_RIFERIMENTI;1;"VISTI: il T.U. delle leggi sull'Ordinamento degli Enti Locali, approvato con Decreto Legislativo 18 - 08-2000, n. 267; il D.Lgs. 31 marzo 2023, n. 36 costituente il nuovo Codice disciplinante i contratti di appalto e di concessione aventi ad oggetto l'acquisizione di servizi, forniture, lavori e opere, nonché i concorsi pubblici di progettazione; il D.Lgs. 9 aprile 2008, n. 81 'Attuazione dell'art. 1 della Legge 3 Agosto 2007, n. 123, in materia di tutela della salute e della sicurezza nei luoghi di lavoro'; il D.L. 77/2021 convertito con modificazioni in legge 108/2021 e ss.mm.ii.; il D.L. 13/2023 convertito con modificazioni in legge 41/2021e ss.mm.ii.; la L. 8 del 13/03/2018 della Regione Autonoma della Sardegna recante: Nuove norme in materia di contratti pubblici di lavori, servizi e forniture;";;;;7;1;1
atto_4;docling;markdown;12;ACQUISITO;ACQUISITO_1;ISTRUTTORIA;1;"ACQUISITI in merito il parere favorevole del Responsabili del Servizio Tecnico e del Responsabile del Servizio Finanziario, espressi in calce alla presente;";;;;1;0;0
atto_4;docling;markdown;13;VISTO;VISTO_7;PREAMBOLO_RIFERIMENTI;1;"VISTO il T.U. 267/00;";;;;1;1;1
atto_5;docling;markdown;1;ACQUISITI_PARERI;ACQUISITI_PARERI_1;PARERI_ATTESTAZIONI;0;ACQUISITI i pareri di cui all' articolo 49 del D.Lgs.vo 267/2000: 2 Si esprime parere favorevole sulla regolarità contabile attestante la copertura finanziaria. IL RESPONSABILE DEL SERVIZIO (F.to Dott.ssa Maria Debora Cosseddu );;;;4;0;0
atto_5;docling;markdown;2;PREMESSO;PREMESSO_1;NARRATIVA_PREMESSA;1;"PREMESSO che: n. 05, in DATA 14/03/2025, esecutiva ai sensi di legge, è stato approvato il Documento unico di programmazione per il periodo 2025/2027; n. 06, in DATA 14/03/2025, esecutiva ai sensi di legge, è stato approvato il bilancio di previsione finanziario per il periodo 2025/2027;";;;;3;0;1
atto_5;docling;markdown;3;PREMESSO;PREMESSO_2;NARRATIVA_PREMESSA;1;"PREMESSO altresì che l'articolo 227, comma 2, del d.Lgs. 18/08/2000, n. 267 e l'articolo 18, comma 1, lett. b), del d.Lgs. 23/06/2011, n. 118, prevedono che gli enti locali deliberano, entro il 30 aprile dell'anno successivo, il rendiconto della gestione composto dal CONTO del bilancio, dal CONTO economico e dallo stato patrimoniale;";;;;1;0;0
atto_5;docling;markdown;4;RICHIAMATO;RICHIAMATO_1;PREAMBOLO_RIFERIMENTI;1;"RICHIAMATI gli artt. 151, comma 6 e 231, comma 1, del D.Lgs. 18/08/2000, n. 267 i quali prevedono che al rendiconto dell'esercizio venga allegata una relazione sulla gestione redatta secondo quanto previsto dall'art. 11, comma 6, del d.Lgs. n. 118/2011;";;;;1;0;0
atto_5;docling;markdown;5;RICHIAMATO;RICHIAMATO_2;PREAMBOLO_RIFERIMENTI;1;"RICHIAMATO altresì l'articolo 11, comma 6, del d.Lgs. n. 118/2011, il quale così dispone: 6. La relazione sulla gestione allegata al rendiconto è un documento illustrativo della gestione dell'ente, nonché dei fatti di rilievo verificatisi dopo la chiusura dell'esercizio e di ogni eventuale informazione utile ad una migliore comprensione dei DATI contabili. In particolare la relazione illustra: a) i criteri di valutazione utilizzati; b) le principali voci del CONTO del bilancio; c) le principali variazioni alle previsioni finanziarie intervenute in corso d'anno, comprendendo l'utilizzazione dei fondi di riserva e gli utilizzi delle quote vincolate e accantonate del risultato di amministrazione al 1° gennaio dell'esercizio precedente, distinguendo i vincoli derivanti dalla legge e dai principi contabili, dai trasferimenti, da mutui e altri finanziamenti, vincoli formalmente attribuiti dall'ente; d) l'elenco analitico delle quote vincolate e accantonate del risultato di amministrazione al 31 dicembre dell'esercizio precedente, distinguendo i vincoli derivanti dalla legge e dai principi contabili, dai trasferimenti, da mutui e altri finanziamenti, vincoli formalmente attribuiti dall'ente; e) le ragioni della persistenza dei residui con anzianità superiore ai cinque anni e di maggiore consistenza, nonché sulla fondatezza degli stessi, compresi i crediti di cui al comma 4, lettera n); f) l'elenco delle movimentazioni effettuate nel corso dell'esercizio sui capitoli di entrata e di spesa riguardanti l'anticipazione, evidenziando l'utilizzo medio e l'utilizzo massimo dell'anticipazione nel corso dell'anno, nel caso in cui il CONTO del bilancio, in deroga al principio generale dell'integrità, espone il saldo al 31 dicembre dell'anticipazione attivata al netto dei relativi rimborsi; g) l'elencazione dei diritti reali di godimento e la loro illustrazione; h) l'elenco dei propri enti e organismi strumentali, con la precisazione che i relativi rendiconti o bilanci di esercizio sono consultabili nel proprio sito internet; i) l'elenco delle partecipazioni dirette possedute con l'indicazione della relativa quota percentuale; j) gli esiti della verifica dei crediti e debiti reciproci con i propri enti strumentali e le società controllate e partecipate. La predetta informativa, asseverata dai rispettivi organi di revisione, evidenzia analiticamente eventuali discordanze e ne fornisce la motivazione; in tal caso l'ente assume senza indugio, e comunque non oltre il termine dell'esercizio finanziario in corso, i provvedimenti necessari ai fini della riconciliazione delle partite debitorie e creditorie; k) gli oneri e gli impegni sostenuti, derivanti da contratti relativi a strumenti finanziari derivati o da contratti di finanziamento che includono una componente derivata; l) l'elenco delle garanzie principali o sussidiarie prestate dall'ente a favore di enti e di altri soggetti ai sensi delle leggi vigenti, con l'indicazione delle eventuali richieste di escussione nei confronti dell'ente e del rischio di applicazione dell'art. 3, comma 17, della legge 24 dicembre 2003, n. 350; m) l'elenco descrittivo dei beni appartenenti al patrimonio immobiliare dell'ente alla DATA di chiusura dell'esercizio cui il CONTO si riferisce, con l'indicazione delle rispettive destinazioni e degli eventuali proventi da essi prodotti; n) gli elementi richiesti dall'art. 2427 e dagli altri articoli del codice civile, nonché da altre norme di legge e";;;;16;0;0
atto_5;docling;markdown;6;PRESO_ATTO;PRESO_ATTO_1;ISTRUTTORIA;1;"PRESO ATTO che: la gestione finanziaria si è svolta in conformità ai principi ed alle regole previste in materia di finanza locale e di contabilità pubblica; il Tesoriere comunale ha reso il CONTO della gestione, ai sensi dell'art. 226 del d.Lgs. n. 267/2000, debitamente sottoscritto e corredato di tutta la documentazione contabile prevista (reversali di incasso, mandati di pagamento e relativi allegati di svolgimento, ecc.); gli agenti contabili interni a materia e a danaro hanno reso il CONTO della propria gestione, come previsto dall'art. 233 del D.Lgs. n. 267/2000; il responsabile del servizio finanziario ha eseguito con determinazione n. 09 del 14/04/2026 la parificazione del CONTO del tesoriere e degli agenti contabili, verificando la corrispondenza delle riscossioni e dei pagamenti effettuati durante l'esercizio finanziario 2025 con le risultanze del CONTO del bilancio; con propria deliberazione n. 40 in DATA 15/05/2026, è stato approvato il riaccertamento ordinario dei residui ai sensi dell'art. 3, comma 4, del d.Lgs. n. 118/2011;";;;;6;0;0
atto_5;docling;markdown;7;VISTO;VISTO_1;PREAMBOLO_RIFERIMENTI;1;"VISTI: lo schema del rendiconto della gestione dell'esercizio 2025 redatto secondo lo schema di cui all'allegato 10 al d.Lgs. n. 118/2011; che si allegano al presente provvedimento quale parte integrante e sostanziale;";;;;3;0;1
atto_5;docling;markdown;8;VISTO;VISTO_2;PREAMBOLO_RIFERIMENTI;1;"VISTA la relazione sulla gestione dell'esercizio 2025, redatta ai sensi dell'art. 11, comma 6, del d.Lgs. n. 118/2011, allegata al presente provvedimento quale parte integrante e sostanziale; RICHIAMATO l'art. 232, comma 2, del TUEL, approvato con decreto legislativo del 18 agosto 2000, n. 267, come novellato dall'art. 57, comma 2-ter, del decreto-legge n. 124 del 2019, il quale prevede che 'Gli enti locali con popolazione inferiore a 5.000 abitanti possono non tenere la contabilità economico-patrimoniale. Gli enti locali che optano per la facoltà di cui al primo periodo allegano al rendiconto una situazione patrimoniale al 31 dicembre dell'anno precedente redatta secondo lo schema di cui all'allegato n. 10 al decreto legislativo 23giugno 2011, n. 118, e con modalità semplificate INDIVIDUATE con decreto del Ministero dell'economia e delle finanze, di concerto con il Ministero dell'interno e con la Presidenza del Consiglio dei ministri - Dipartimento per gli affari regionali'.";;;;3;0;0
atto_5;docling;markdown;9;VISTO;VISTO_3;PREAMBOLO_RIFERIMENTI;1;VISTO l'art. 233 bis del medesimo decreto, che testualmente enuncia 'Gli enti locali con popolazione inferiore a 5.000 abitanti possono non predisporre il bilancio consolidato'.;;;;1;0;0
atto_5;docling;markdown;10;VISTO;VISTO_4;PREAMBOLO_RIFERIMENTI;1;"VISTO il Decreto del MEF del 10 novembre 2020 che stabilisce che gli enti locali con popolazione inferiore a 5.000 abitanti, che non tengono la contabilità economico-patrimoniale, alleghino al rendiconto della gestione una situazione patrimoniale al 31 dicembre dell'esercizio di riferimento (aggiornando comunque l'inventario dei beni mobili ed immobili), redatta secondo lo schema di cui all'allegato n. 10 al D.Lgs. n. 118/2011, con modalità semplificate definite dall'allegato 'A' al citato decreto del MEF. L'Ente, si avvalso della facoltà di non tenere la contabilità economica patrimoniale nel 2020 con la DELIBERA di Giunta Comunale n.82 del 28/12/2020 e che per il 2025, si intende prorogata la facoltà di non tenere la contabilità economica patrimoniale, e pertanto si allega al rendiconto la situazione patrimoniale al 31 dicembre 2025 come previsto dal Decreto MEF del 10 novembre 2020;";;;;2;0;0
atto_5;docling;markdown;11;RITENUTO;RITENUTO_1;MOTIVAZIONE_VALUTAZIONE;1;"RITENUTO di provvedere in merito;";;;;1;0;0
atto_5;docling;markdown;12;VISTO;VISTO_5;PREAMBOLO_RIFERIMENTI;1;"VISTO il D.Lgs. 18/08/2000, n. 267;";;;;1;1;1
atto_5;docling;markdown;13;VISTO;VISTO_6;PREAMBOLO_RIFERIMENTI;1;"VISTO il d.Lgs. n. 118/2011;";;;;1;0;0
atto_5;docling;markdown;14;VISTO;VISTO_7;PREAMBOLO_RIFERIMENTI;1;"VISTO lo Statuto Comunale;";;;;1;0;0
atto_5;docling;markdown;15;VISTO;VISTO_8;PREAMBOLO_RIFERIMENTI;1;VISTO il vigente Regolamento comunale di contabilità A voti unanimi e palesi;;;;2;0;0
atto_6;docling;markdown;1;PREMESSO;PREMESSO_1;NARRATIVA_PREMESSA;1;"PREMESSO che: - il Dipartimento per lo Sport della Presidenza del Consiglio dei Ministri ha pubblicato l'Avviso 'Sport e Periferie 2026', destinato al finanziamento di interventi di realizzazione, rigenerazione e adeguamento di impianti sportivi pubblici; - l'art. 3, comma 1, lett. b), dell'Avviso, consente ai Comuni con popolazione pari o inferiore a 5.000 abitanti (DATI ISTAT al 1° gennaio 2025) di partecipare mediante accordo con altri Comuni confinanti , al fine di raggiungere la soglia minima dei 5.000 abitanti richiesta per l'ammissibilità; - i Comuni di Spigno Saturnia ed Ausonia sono confinanti e ciascuno ha popolazione inferiore a 5.000 abitanti; - i suddetti Comuni hanno manifestato la volontà di partecipare congiuntamente all'Avviso, individuando un Comune Capofila per la presentazione della candidatura e per la gestione dei rapporti con il Dipartimento per lo Sport; - l'intervento oggetto della candidatura sarà localizzato nel territorio del Comune di Spigno Saturnia, presso l'impianto sportivo sito in Spigno Saturnia, in via Silvio Pellico;";;;;6;0;0
atto_6;docling;markdown;2;VISTO;VISTO_1;PREAMBOLO_RIFERIMENTI;1;"VISTO: - l'Avviso 'Sport e Periferie 2026'; - la Deliberazione di G.C. n. 54 del 19.06.2026 del Comune di SPIGNO SATURNIA (LT) &lt;&lt; AVVISO SPORT E PERIFERIE - 2026 - ATTO di Indirizzo e Approvazione schema di accordo ex art 15 Legge n. 241/90 tra i comuni di AUSONIA (FR) e SPIGNO SATURNIA (LT) ai sensi dell'art. 3, comma 1, lett. b) dell'Avviso 'Sport e Periferie 2026 '&gt;&gt;; - lo schema di Accordo tra Comuni PREDISPOSTO ed allegato al presente ATTO quale Allegato A , parte integrante e sostanziale;";;;;4;0;0
atto_6;docling;markdown;3;CONSIDERATO;CONSIDERATO_1;MOTIVAZIONE;1;"CONSIDERATO che: - la partecipazione congiunta consente ai Comuni sottoscrittori di raggiungere la soglia demografica minima prevista dall'Avviso; - è necessario approvare formalmente l'Accordo ed individuare il Comune di Spigno Saturnia (Lt) quale Comune Capofila per procedere alla presentazione della candidatura sulla piattaforma ministeriale;";;;;3;0;0
atto_6;docling;markdown;4;RITENUTO;RITENUTO_1;MOTIVAZIONE_VALUTAZIONE;1;"RITENUTO: - di approvare lo schema di Accordo tra Comuni, conforme ai requisiti dell'Avviso; - di individuare il Comune di Spigno Saturnia (Lt) quale Comune Capofila ; - di dichiarare il presente ATTO immediatamente eseguibile per consentire la tempestiva presentazione della domanda, CONSIDERATO che la piattaforma sarà attiva dal 4 giugno 2026 al 25 giugno 2026;";;;;4;0;0
atto_6;docling;markdown;5;VISTO;VISTO_2;PREAMBOLO_RIFERIMENTI;1;"VISTO: - il D.Lgs n. 36/2023 (Codice dei contratti pubblici in attuazione dell'articolo 1 della legge 21 giugno 2022, n. 78, recante delega al Governo in materia di contratti pubblici); - il D.Lgs n. 209/2024 c.d. correttivo appalti; - il D.Lgs 18 agosto 2000, n° 267 ' Testo Unico delle leggi sull'ordinamento degli Enti Locali ';";;;;4;1;1
atto_6;docling;markdown;6;ACQUISITI_PARERI;ACQUISITI_PARERI_1;PARERI_ATTESTAZIONI;0;"ACQUISITI i pareri espressi in merito alla regolarità tecnica e contabile ai sensi dell'art. 49 del D.Lgs n° 267 del 18/08/2000;";;;;1;0;0
atto_7;docling;markdown;1;PREMESSO;PREMESSO_1;NARRATIVA_PREMESSA;1;"PREMESSO che con DD.P.R. del 13 Gennaio 2026, pubblicato nella Gazzetta Ufficiale n. 10 del 14 Gennaio 2026, sono stati convocati per domenica 22 e lunedì 23 marzo 2026 i comizi per il referendum popolare confermativo della legge costituzionale recante: ' Norme in materia di ordinamento giurisdizionale e di istituzione della Corte Disciplinare' , approvata dal Parlamento e pubblicata nella Gazzetta Ufficiale della Repubblica Italiana n. 253 del 30 ottobre 2025;";;;;1;0;0
atto_7;docling;markdown;2;VISTO;VISTO_1;PREAMBOLO_RIFERIMENTI;1;"VISTA la Circolare n.7/Ref 2026 del 12/02/2026 - protocollo n.0062427 - ad oggetto: "" Consultazioni referendarie di domenica 22 e lunedì 23 marzo 2026. Referendum popolare confermativo della legge costituzionale recante: 'Norme in materia di ordinamento giurisdizionale e di istituzione della Corte Disciplinare' . Precisazione del quesito referendario. Adempimenti in materia di propaganda elettorale e comunicazione politica. Partiti e gruppi politici rappresentati in Parlamento e promotori dei referendum.' , secondo cui, la Giunta Comunale, dal 33° al 30° giorno antecedente quello della votazione, quindi da martedì 17 a venerdì 20 febbraio 2026 , dovrà stabilire e delimitare e ripartire in ogni centro abitato, gli spazi da destinare alle affissioni di propaganda elettorale dei partiti e gruppi politici rappresentati in Parlamento e promotori dei referendum;";;;;1;0;0
atto_7;docling;markdown;3;RICHIAMATO;RICHIAMATO_1;PREAMBOLO_RIFERIMENTI;1;"RICHIAMATO l'articolo 2, comma 1 della legge 4 aprile 1956, n. 212, modificato dalla legge 24 aprile 1975 n.130 e dall'art. 1,comma 400, lettera h) della legge 27 dicembre 2013, n° 147, contenente ' Norme per la disciplina della propaganda elettorale', il quale stabilisce che l'affissione di stampati, giornali murali od altri e di manifesti di propaganda elettorale, da parte di partiti o gruppi politici che parteciperanno alle elezioni con liste di canditati, sia effettuata esclusivamente negli appositi spazi a ciò destinati in ogni Comune (c.d. 'propaganda diretta'), avendo cura di sceglierli nelle località più frequentate ed in equa proporzione per tutto l'abitato;";;;;1;0;1
atto_7;docling;markdown;4;RICHIAMATO;RICHIAMATO_2;PREAMBOLO_RIFERIMENTI;1;RICHIAMATO altresì l'art. 52 della legge 25 maggio 1970, n. 352, che prevede che alla propaganda relativa allo svolgimento dei referendum previsti dalla medesima legge si applicano le disposizioni della citata legge n. 212/1956, e le facoltà RICONOSCIUTE ai partiti e gruppi politici che partecipano direttamente alla competizione elettorale, concernenti l'assegnazione degli appositi spazi per le affissioni di propaganda, si intendono attribuite ai partiti e gruppi politici rappresentati in Parlamento e ai promotori dei referendum, questi ultimi CONSIDERATI come gruppo unico.;;;;1;0;0
atto_7;docling;markdown;5;RITENUTO;RITENUTO_1;MOTIVAZIONE_VALUTAZIONE;1;"RITENUTO che il numero degli spazi deve stabilirsi per ciascun centro abitato in base alla relativa popolazione residente, secondo la tabella di cui all'art.2, secondo comma, della Legge 56/2012 e s.m.i.;";;;;1;0;0
atto_7;docling;markdown;6;VISTO;VISTO_2;PREAMBOLO_RIFERIMENTI;1;VISTA la legge 27 dicembre 2013, n. 147 (legge di stabilità 2014), che per il contenimento delle spese ha apportato modifiche alla disciplina della propaganda elettorale di cui alla legge 4 aprile 1956 n. 212, art.2 comma 2 riducendo il numero degli spazi elettorali e stabilendo per una popolazione tra i 3.001 e i 10.000 abitanti almeno 3 e non più di 5 spazi elettorali,;;;;1;1;1
atto_7;docling;markdown;7;DATO_ATTO;DATO_ATTO_1;ISTRUTTORIA;1;"DATO ATTO che questo Comune conta n. 2.450 abitanti e che, pertanto, il numero degli spazi elettorali può essere fissato entro il numero minimo di 3 e massimo di 5 spazi;";;;;1;0;0
atto_7;docling;markdown;8;CONSIDERATO;CONSIDERATO_1;MOTIVAZIONE;1;"CONSIDERATO che il comma 2 dell'art.1 della legge n. 212/56 è stato abrogato dall'art.1 comma 400 lettera h) della legge del 27/12/2013 n. 147(legge di stabilità 2014) che ha disposto l'abolizione della propaganda indiretta;";;;;1;0;0
atto_7;docling;markdown;9;RILEVATO;RILEVATO_1;ISTRUTTORIA_MOTIVAZIONE;1;"RILEVATO che , secondo il disposto dell'art.3 della citata L. 212/56, come modificata, la giunta municipale provvede, nei termini predetti, a delimitare gli spazi di cui al primo comma dell'art.1 e a ripartirli in tante sezioni. Ad ogni lista, spetta una superficie di metri 2 di altezza per metri 1 di base e ad ogni candidatura uninominale una superficie di metri 1 di altezza per metri 0,70 di base, nonché ad assegnare le sezioni seguendo l'ordine di presentazione delle domande, su di una sola linea orizzontale a partire dal lato sinistro e proseguendo verso destra;";;;;1;0;0
atto_7;docling;markdown;10;VISTO;VISTO_3;PREAMBOLO_RIFERIMENTI;1;"VISTO il piano PREDISPOSTO dall'ufficio competente per stabilire gli spazi da destinarsi alle affissioni di propaganda elettorale secondo i criteri di cui alla legge sopra menzionata;";;;;1;1;1
atto_7;docling;markdown;11;DATO_ATTO;DATO_ATTO_2;ISTRUTTORIA;1;"DATO ATTO che gli spazi prescelti corrispondono alle località più frequentate e risultano suddivisi in equa proporzione per tutto l'abitato tale da rendere attuabili le assegnazioni previste dalla legge, qualunque sia il numero senza impedire la visibilità di monumenti o panorami;";;;;1;1;0
atto_7;docling;markdown;12;VISTO;VISTO_4;PREAMBOLO_RIFERIMENTI;1;"VISTE le disposizioni ministeriali ed, in particolare, la circolare del Ministero dell'Interno n. 1943/V dello 08.04.1980;";;;;1;1;1
atto_7;docling;markdown;13;RITENUTO;RITENUTO_2;MOTIVAZIONE_VALUTAZIONE;1;"RITENUTO di dover provvedere agli adempimenti di cui alla L. 212/1956 e s.m.i.;";;;;1;1;0
atto_7;docling;markdown;14;VISTO;VISTO_5;PREAMBOLO_RIFERIMENTI;1;VISTA la proposta di deliberazione avente ad oggetto: ' DELIMITAZIONE SPAZI PER AFFISSIONE DI STAMPATI E MANIFESTI PER PROPAGANDA ELETTORALE REFERENDUM DI DOMENICA 22 E LUNEDÌ 23 MARZO 2026' (Art. 58, decreto legge 25 giugno 2008, n. 112, convertito con modificazioni dalla legge 6 agosto 2008, n.133);;;;2;1;1
atto_7;docling;markdown;15;RITENUTO;RITENUTO_3;MOTIVAZIONE_VALUTAZIONE;1;"RITENUTO che la stessa sia meritevole di approvazione;";;;;1;1;0
atto_7;docling;markdown;16;VISTI_PARERI;VISTI_PARERI_1;PARERI_ATTESTAZIONI;0;"VISTI i pareri favorevoli espressi ai sensi dell'art. 49 del d.lgs. n. 267/2000;";;;;1;0;1
atto_8;docling;markdown;1;PREMESSO;PREMESSO_1;NARRATIVA_PREMESSA;1;"PREMESSO CHE la Regione Lazio, con Determinazione Dirigenziale n. G07309 del 28/05/2026, ha approvato l'Avviso Pubblico per la concessione di contributi ai sensi dell'art. 5 della Legge Regionale 30 dicembre 2024 n. 22 'Fondo per le iniziative di promozione e valorizzazione del territorio regionale', destinato ai Comuni del Lazio, ai Municipi di Roma Capitale, agli Enti gestori delle aree naturali protette regionali e alle Comunità Montane; l'Avviso è finalizzato a sostenere iniziative volte alla promozione e valorizzazione del territorio regionale, favorendo lo sviluppo sociale, culturale, turistico ed economico delle comunità locali; le iniziative finanziabili dovranno svolgersi nel territorio della Regione Lazio nel periodo compreso tra il 1° settembre 2026 e il 7 gennaio 2027 ; ai sensi dell'art. 3 dell'Avviso, per i Comuni con popolazione superiore a 15.000 abitanti il contributo massimo concedibile è pari ad € 30.000,00 , mentre per i Comuni con popolazione pari o inferiore a 15.000 abitanti il contributo massimo concedibile è pari ad € 20.000,00 ;";;;;5;0;0
atto_8;docling;markdown;2;CONSIDERATO;CONSIDERATO_1;MOTIVAZIONE;1;"CONSIDERATO CHE l'Amministrazione Comunale intende partecipare al suddetto Avviso attraverso la candidatura del progetto denominato 'La magia del Natale ad Ausonia V° Edizione' , allegato alla presente deliberazione quale parte integrante e sostanziale; il progetto proposto mira a valorizzare il patrimonio culturale, storico, ambientale e identitario del territorio comunale mediante la realizzazione di iniziative ed eventi rivolti alla cittadinanza e ai visitatori; il progetto presenta un quadro economico complessivo pari ad €. 25.000,00, di cui € 20.000,00 richiesti a titolo di contributo regionale e € 5.000,00 a carico dell'Ente quale eventuale quota di compartecipazione;";;;;4;0;0
atto_8;docling;markdown;3;RITENUTO;RITENUTO_1;MOTIVAZIONE_VALUTAZIONE;1;"RITENUTO di approvare il progetto allegato e di autorizzarne la candidatura nell'ambito dell'Avviso regionale sopra RICHIAMATO;";;;;1;0;0
atto_8;docling;markdown;4;VISTO;VISTO_1;PREAMBOLO_RIFERIMENTI;1;"VISTI la Legge Regionale 30 dicembre 2024, n. 22; la D.G.R. Lazio n. 1244 dell'11/12/2025; la Determinazione Dirigenziale Regione Lazio n. G07309 del 28/05/2026; il D.Lgs. n. 267/2000; lo Statuto Comunale;";;;;6;0;1
atto_8;docling;markdown;5;ACQUISITI_PARERI;ACQUISITI_PARERI_1;PARERI_ATTESTAZIONI;0;"ACQUISITI i pareri favorevoli di regolarità tecnica e contabile ai sensi dell'art. 49 del D.Lgs. 267/2000;";;;;1;0;0
atto_9;docling;markdown;1;ACQUISITI_PARERI;ACQUISITI_PARERI_1;PARERI_ATTESTAZIONI;0;ACQUISITI i pareri di cui all'articolo 49 del T.U. 267/00:;;;;1;0;0
atto_9;docling;markdown;2;PREMESSO;PREMESSO_1;NARRATIVA_PREMESSA;1;"PREMESSO che con le seguenti deliberazioni di Consiglio Comunale: n. 3 in DATA 13/03/2026, esecutiva ai sensi di legge, è stato approvato il Documento unico di programmazione per il periodo 2026/2028; n. 4 in DATA 13/03/2026, esecutiva ai sensi di legge, è stato approvato il bilancio di previsione finanziario per il periodo 2026/2028; n. 11 del 29/05/2025, esecutiva ai sensi di legge, è stato approvato il rendiconto della gestione per l'esercizio 2024 ai sensi dell'art. 227 del D.Lgs. n. 267/2000; n. 20 del 29/07/2025, esecutiva ai sensi di legge, è stato approvato l'assestamento generale di bilancio e la salvaguardia degli equilibri per l'esercizio 2025/2027 ai sensi degli artt 175 comma 8 e 193 del D.lgs n. 267/2000;";;;;5;0;1
atto_9;docling;markdown;3;RICHIAMATO;RICHIAMATO_1;PREAMBOLO_RIFERIMENTI;1;"RICHIAMATO l'art. 175, commi 4 e 5 del d.Lgs. n. 267/2000, modificato ed integrato dal d.Lgs. n. 118/2011, i quali dispongono che: ' le variazioni di bilancio possono essere adottate dall'organo esecutivo in via d'urgenza opportunamente motivata, salvo ratifica, a pena di decadenza, da parte dell'organo consiliare entro i sessanta giorni seguenti e comunque entro il 31 dicembre dell'anno in corso se a tale DATA non sia scaduto il predetto termine ' (comma 4); 'In caso di mancata o parziale ratifica del provvedimento di variazione adottato dall'organo esecutivo, l'organo consiliare è TENUTO ad adottare nei successivi trenta giorni, e comunque sempre entro il 31 dicembre dell'esercizio in corso, i provvedimenti RITENUTI necessari nei riguardi dei rapporti eventualmente sorti sulla base della deliberazione non ratificata' (comma 5);";;;;3;0;0
atto_9;docling;markdown;4;VERIFICATO;VERIFICATO_1;ISTRUTTORIA;1;"VERIFICATA la necessità di apportare in via d'urgenza variazioni al bilancio previsione derivanti dall'esigenza di realizzare gli interventi programmati e di far fronte alle sopravvenute esigenze di spesa;";;;;1;0;0
atto_9;docling;markdown;5;VISTO;VISTO_1;PREAMBOLO_RIFERIMENTI;1;VISTO il prospetto riportato in allegato sotto la lettera a) contenente l'elenco delle variazioni di competenza e di cassa da apportare al bilancio di previsione finanziario 2026/2028 - Esercizio 2026, del quale si riportano le risultanze finali: ANNO 2026;;;;2;0;1
atto_9;docling;markdown;6;DATO_ATTO;DATO_ATTO_1;ISTRUTTORIA;1;"DATO ATTO del permanere degli equilibri di bilancio, come risulta dal prospetto allegato sotto la lettera b),quale parte integrante e sostanziale;";;;;1;0;0
atto_9;docling;markdown;7;ACQUISITO;ACQUISITO_1;ISTRUTTORIA;1;"ACQUISITO agli atti il parere favorevole: del responsabile del servizio finanziario, espresso ai sensi dell'art. 153 del d.Lgs. n. 267/2000; n. 07 dell'organo di revisione economico-finanziaria, espresso ai sensi dell'art. 239, comma 1, lettera b) del d.Lgs. n. 267/2000, in DATA 28/05/2026;";;;;3;0;1
atto_9;docling;markdown;8;RITENUTO;RITENUTO_1;MOTIVAZIONE_VALUTAZIONE;1;"RITENUTO pertanto di avvalersi del potere surrogatorio RICONOSCIUTO all'organo esecutivo dall'art. 175, comma 4, del d.Lgs. n. 267/2000 e di apportare, in via d'urgenza, al bilancio di previsione dell'esercizio le variazioni sopra indicate;";;;;1;0;0
atto_9;docling;markdown;9;VISTO;VISTO_2;PREAMBOLO_RIFERIMENTI;1;"VISTO il d.Lgs. n. 267/2000, come modificato ed integrato dal d.Lgs. n. 118/2011;";;;;1;1;1
atto_9;docling;markdown;10;VISTO;VISTO_3;PREAMBOLO_RIFERIMENTI;1;"VISTO il d.Lgs. n. 118/2011;";;;;1;0;0
atto_9;docling;markdown;11;VISTO;VISTO_4;PREAMBOLO_RIFERIMENTI;1;"VISTO lo Statuto Comunale;";;;;1;0;0
atto_9;docling;markdown;12;VISTO;VISTO_5;PREAMBOLO_RIFERIMENTI;1;"VISTO il vigente Regolamento comunale di contabilità;";;;;1;0;0
atto_10;docling;markdown;1;ACQUISITI_PARERI;ACQUISITI_PARERI_1;PARERI_ATTESTAZIONI;0;ACQUISITI i pareri di cui all'articolo 49 del T.U. 267/00: Il presente verbale viene approvato e sottoscritto come segue: Il Sindaco (Sig. Giuseppe Ciccolini) Il Segretario Comunale (Dott. Zanzarella Vincenzo) Il sottoscritto Segretario comunale, VISTI gli atti d'ufficio,;;;;5;0;0
atto_11;docling;markdown;1;PREMESSO;PREMESSO_1;NARRATIVA_PREMESSA;1;"PREMESSO che è intenzione dell'amministrazione comunale promuovere, come nelle annualità precedenti, un programma di iniziative ricreative e culturali da realizzare durante il periodo estivo;";;;;1;0;0
atto_11;docling;markdown;2;VISTO;VISTO_1;PREAMBOLO_RIFERIMENTI;1;"VISTO il programma delle suddette iniziative elaborato dall'amministrazione comunale da svolgersi dal 22 maggio al 29 settembre 2026, volto alla valorizzazione del territorio, alla conservazione dell'identità culturale della comunità locale ed al perpetuarsi di usi, costumi e tradizioni popolari anche tipicamente gastronomiche, in allegato alla presente deliberazione;";;;;1;0;0
atto_11;docling;markdown;3;CONSIDERATO;CONSIDERATO_1;MOTIVAZIONE;1;"CONSIDERATO che le attività previste rientrano nelle competenze dell'Ente Locale, svolte nell'interesse della collettività e finalizzate alla valorizzazione territoriale e culturale e allo sviluppo socio-economico locale;";;;;1;0;0
atto_11;docling;markdown;4;RITENUTO;RITENUTO_1;MOTIVAZIONE_VALUTAZIONE;1;"RITENUTO, pertanto, il suddetto programma meritevole di approvazione;";;;;1;0;0
atto_11;docling;markdown;5;RITENUTO;RITENUTO_2;MOTIVAZIONE_VALUTAZIONE;1;"RITENUTO necessario demandare al responsabile del settore amministrativo l'adozione degli atti gestionali necessari a dare esecuzione alla presente deliberazione, in particolare per l'affidamento delle forniture e dei servizi necessari alla realizzazione delle iniziative previste dal programma;";;;;1;0;0
atto_11;docling;markdown;6;VISTI_PARERI;VISTI_PARERI_1;PARERI_ATTESTAZIONI;0;"VISTI i pareri favorevoli in ordine alla regolarità tecnica espressa dal Responsabile del Servizio interessato e contabile dal Responsabile di Ragioneria ai sensi dell'art. 49 del D. Lgs. 18/08/2000 n. 267;";;;;1;0;1
atto_11;docling;markdown;7;VISTO;VISTO_2;PREAMBOLO_RIFERIMENTI;1;"VISTO il D. Lgs. n. 267/2000; All'unanimità dei voti resi in forma palese;";;;;2;1;0
atto_12;docling;markdown;1;PREMESSO;PREMESSO_1;NARRATIVA_PREMESSA;1;"PREMESSO CHE con nota ACQUISITA al protocollo dell'Ente in DATA 11.06.2026 al n. 6620, il sig. Elio Picone, in - qualità di Presidente e legale rappresentante dell'A.S.D. Libur, con sede in Carinaro alla Via Croce n. 12, ha richiesto la concessione del patrocinio morale ed economico, nonché l'occupazione di suolo pubblico in Piazzetta Trieste per lo svolgimento delle manifestazioni sportive-culturali denominate ""Torneo Amatoriale dei Giovani Scacchisti del Corso di Scacchi"" e ""Prima delle vacanze... facciamo una mossa insieme!"", previste per le giornate del 12 luglio 2026 e del 26 luglio 2026, dalle ore 19:00 alle ore 21:30; con la medesima istanza è stato richiesto un contributo economico pari ad € 200,00 a copertura delle spese di premiazione, cancelleria e materiale necessario allo svolgimento delle iniziative;";;;;3;0;0
atto_12;docling;markdown;2;CONSIDERATO;CONSIDERATO_1;MOTIVAZIONE;1;"CONSIDERATO CHE le iniziative proposte perseguono finalità sportive, culturali, educative e aggregative, favorendo la socializzazione, l'inclusione e la partecipazione della cittadinanza; il gioco degli scacchi e della dama costituisce un importante strumento di crescita culturale e formativa, in grado di sviluppare capacità logiche, strategiche e relazionali; le manifestazioni risultano coerenti con gli indirizzi e le finalità istituzionali dell'Amministrazione Comunale; rientra tra gli obiettivi dell'Amministrazione comunale sostenere iniziative di interesse collettivo aventi finalità sportive, culturali, sociali e ricreative, promuovendo la partecipazione attiva della comunità locale;";;;;5;0;0
atto_12;docling;markdown;3;RITENUTO;RITENUTO_1;MOTIVAZIONE_VALUTAZIONE;1;"RITENUTO di accogliere favorevolmente la richiesta dell'A.S.D. Libur, concedendo il patrocinio morale, un contributo economico e l'utilizzo del suolo pubblico per lo svolgimento delle iniziative sopra descritte;";;;;1;0;0
atto_12;docling;markdown;4;VISTO;VISTO_1;PREAMBOLO_RIFERIMENTI;1;"VISTI il D.Lgs. 18 agosto 2000, n. 267 ed in particolare gli artt. 48, 49, 107 e 134, comma 4; lo Statuto Comunale; il Regolamento comunale per la concessione di contributi in favore di associazioni per finalità di promozione di attività culturali, sportive e ricreative, approvato con deliberazione di Consiglio Comunale n. 27 del 30.06.2015; il Bilancio di previsione vigente;";;;;5;0;1
atto_12;docling;markdown;5;VISTO;VISTO_2;PREAMBOLO_RIFERIMENTI;1;"VISTA la proposta di deliberazione sopra riportata;";;;;1;0;0
atto_12;docling;markdown;6;ACQUISITI_PARERI;ACQUISITI_PARERI_1;PARERI_ATTESTAZIONI;0;"ACQUISITI i pareri favorevoli di regolarità tecnica e contabile espressi ai sensi dell'art. 49 del D.Lgs. n. 267/2000; Risr r e n rne n Romna";;;;2;0;0
atto_13;docling;markdown;1;PREMESSO;PREMESSO_1;NARRATIVA_PREMESSA;1;"PREMESSO CHE con nota ACQUISITA al protocollo dell'Ente in DATA 16/06/2026 al n. 6783, il sig. Luigi Zampella, in qualità di legale rappresentante dell'Associazione Sportiva Beauty Fitness A.S.D., con sede in Aversa (CE), Viale della Libertà SNC, ha richiesto la concessione del patrocinio morale, di un contributo economico a sostegno delle spese organizzative, promozionali, assicurative e logistiche, nonché l'utilizzo gratuito di suolo pubblico in Via Trieste per lo svolgimento delle seguenti iniziative sportive: Corso di Kick Boxing, previsto per il giorno 6 luglio 2026 dalle ore 19:00 alle ore 20:00; Corso di Pilates, previsto per il giorno 8 luglio 2026 dalle ore 19:00 alle ore 20:00; Corso di Functional Training, previsto per il giorno 13 luglio 2026 dalle ore 19:00 alle ore 20:00; Dimostrazione e Allenamento MMA, previsto per il giorno 14 luglio 2026 dalle ore 20:00 alle ore 22:00; le iniziative proposte sono rivolte alla cittadinanza e sono finalizzate alla promozione della pratica sportiva, del benessere psicofisico, dell'inclusione sociale e dell'aggregazione comunitaria;";;;;7;0;0
atto_13;docling;markdown;2;CONSIDERATO;CONSIDERATO_1;MOTIVAZIONE;1;"CONSIDERATO CHE le attività proposte perseguono finalità sportive, educative, sociali e aggregative, favorendo la partecipazione attiva della cittadinanza; l'iniziativa mira a promuovere corretti stili di vita e la pratica sportiva quale strumento di inclusione sociale e di rafforzamento del senso di comunità; le iniziative risultano coerenti con gli indirizzi e le finalità istituzionali dell'Amministrazione comunale;";;;;4;0;0
atto_13;docling;markdown;3;RITENUTO;RITENUTO_1;MOTIVAZIONE_VALUTAZIONE;1;"RITENUTO di accogliere favorevolmente la richiesta dell'Associazione Sportiva Beauty Fitness A.S.D., concedendo il patrocinio morale del Comune di Carinaro; di concedere un contributo economico straordinario nella misura massima di € 800,00 quale compartecipazione alle spese organizzative, promozionali, assicurative e logistiche necessarie allo svolgimento delle iniziative; di concedere l'occupazione gratuita del suolo pubblico in Via Trieste nelle DATE e negli orari sopra indicati;";;;;4;0;0
atto_13;docling;markdown;4;VISTO;VISTO_1;PREAMBOLO_RIFERIMENTI;1;"VISTI il D.Lgs. 18 agosto 2000, n. 267 e, in particolare, gli artt. 48, 49, 107 e 134, comma 4; l'art. 12 della Legge 7 agosto 1990, n. 241; lo Statuto comunale; il Regolamento comunale per la concessione di contributi in favore di associazioni per finalità di promozione di attività culturali, sportive e ricreative, approvato con deliberazione di Consiglio Comunale n. 27 del 30.06.2015;";;;;5;0;1
atto_13;docling;markdown;5;VISTO;VISTO_2;PREAMBOLO_RIFERIMENTI;1;"VISTA la proposta di deliberazione sopra riportata;";;;;1;0;0
atto_13;docling;markdown;6;ACQUISITI_PARERI;ACQUISITI_PARERI_1;PARERI_ATTESTAZIONI;0;"ACQUISITI i pareri favorevoli di regolarità tecnica e contabile espressi ai sensi dell'art. 49 del D.Lgs. n. 267/2000;";;;;1;0;0
atto_13;docling;markdown;7;RITENUTO;RITENUTO_2;MOTIVAZIONE_VALUTAZIONE;1;"RITENUTO di approvare integralmente la proposta medesima;";;;;1;1;0
atto_15;docling;markdown;1;PRESO_ATTO;PRESO_ATTO_1;ISTRUTTORIA;1;"PRESO ATTO che l'art. 6, cc. 1-4, D.L. 9 giugno 2021, n. 80, dispone: ' 1. Per assicurare la qualità e la trasparenza dell'attività amministrativa e migliorare la qualità dei servizi ai cittadini e alle imprese e procedere alla costante e progressiva semplificazione e reingegnerizzazione dei processi anche in materia di diritto di accesso, le pubbliche amministrazioni, con esclusione delle scuole di ogni ordine e grado e delle istituzioni educative, di cui all'articolo 1, comma 2, del decreto legislativo 30 marzo 2001, n. 165, con più di cinquanta dipendenti, entro il 31 gennaio di ogni anno adottano il Piano integrato di attività e organizzazione, di seguito denominato Piano, nel rispetto delle vigenti discipline di settore e, in particolare, del decreto legislativo 27 ottobre 2009, n. 150 e della legge 6 novembre 2012, n. 190. 2. Il Piano ha durata triennale, viene aggiornato annualmente e definisce: h) gli obiettivi programmatici e strategici della performance secondo i principi e criteri direttivi di cui all'articolo 10 del decreto legislativo 27 ottobre 2009, n. 150, stabilendo il necessario collegamento della performance individuale ai risultati della performance organizzativa; i) la strategia di gestione del capitale umano e di sviluppo organizzativo, anche mediante il ricorso al lavoro agile, e gli obiettivi formativi annuali e pluriennali, finalizzati ai processi di pianificazione secondo le logiche del project management, al raggiungimento della completa alfabetizzazione digitale, allo sviluppo delle conoscenze tecniche e delle competenze trasversali e manageriali e all'accrescimento culturale e dei titoli di studio del personale, correlati all'ambito d'impiego e alla progressione di carriera del personale; j) compatibilmente con le risorse finanziarie riconducibili al piano triennale dei fabbisogni di personale, di cui all'articolo 6 del decreto legislativo 30 marzo 2001, n. 165, gli strumenti e gli obiettivi del reclutamento di nuove risorse e della valorizzazione delle risorse interne, prevedendo, oltre alle forme di reclutamento ordinario, la percentuale di posizioni disponibili nei limiti STABILITI dalla legge destinata alle progressioni di carriera del personale, anche tra aree diverse, e le modalità di valorizzazione a tal fine dell'esperienza professionale maturata e dell'accrescimento culturale conseguito anche attraverso le attività poste in essere ai sensi della lettera b), assicurando adeguata informazione alle organizzazioni sindacali; k) gli strumenti e le fasi per giungere alla piena trasparenza dei risultati dell'attività e dell'organizzazione amministrativa nonché' per raggiungere gli obiettivi in materia di contrasto alla corruzione, secondo quanto previsto dalla normativa vigente in materia e in conformità agli indirizzi adottati dall'Autorità nazionale anticorruzione (ANAC) con il Piano nazionale anticorruzione; l) l'elenco delle procedure da semplificare e reingegnerizzare ogni anno, anche mediante il ricorso alla tecnologia e sulla base della consultazione degli utenti, nonché la pianificazione delle attività inclusa la graduale misurazione dei tempi effettivi di completamento delle procedure effettuata attraverso strumenti automatizzati; m) le modalità e le azioni finalizzate a realizzare la piena accessibilità alle amministrazioni, fisica e digitale, da parte dei cittadini ultrasessantacinquenni e dei cittadini con disabilità n) le modalità e le azioni finalizzate al pieno rispetto della parità di genere, anche con riguardo alla composizione delle commissioni esaminatrici dei concorsi. 3. Il Piano definisce le modalità di monitoraggio degli esiti, con cadenza periodica, inclusi gli impatti sugli utenti, anche attraverso rilevazioni della soddisfazione degli utenti stessi mediante gli strumenti di cui al decreto legislativo 27 ottobre 2009, n. 150, nonché' le modalità di monitoraggio dei procedimenti attivati ai sensi del decreto legislativo 20 dicembre 2009, n. 198. 4. Le pubbliche amministrazioni di cui al comma 1 del presente articolo pubblicano il Piano e i relativi aggiornamenti entro il 31 gennaio di ogni anno nel proprio sito internet istituzionale e li inviano al Dipartimento della funzione pubblica della Presidenza del Consiglio dei ministri per la pubblicazione sul relativo portale. ';";;;;12;0;0
atto_15;docling;markdown;2;VISTO;VISTO_1;PREAMBOLO_RIFERIMENTI;1;"VISTI: l'art. 6, c. 5, D.L. 9 giugno 2021, n. 80, come modificato dall'art. 1, c. 12, D.L. 30 dicembre 2021, n. 228, il quale stabilisce che: ' 5. Entro il 31 marzo 2022, con uno o più decreti del Presidente della Repubblica, adottati ai sensi dell'articolo 17, comma 2, della legge 23 agosto 1988, n. 400, previa intesa in sede di Conferenza unificata, ai sensi dell'articolo 9, comma 2, del decreto legislativo 28 agosto 1997, n. 281, sono INDIVIDUATI e abrogati gli adempimenti relativi ai piani assorbiti da quello di cui al presente articolo '; l'art. 6, c. 6, D.L. 9 giugno 2021, n. 80, come modificato dall'art. 1, c. 12, D.L. 30 dicembre 2021, n. 228, il quale stabilisce che: ' 6. Entro il medesimo termine di cui al comma 5, con decreto del Ministro per la pubblica amministrazione, di concerto con il Ministro dell'economia e delle finanze, previa intesa in sede di Conferenza unificata, ai sensi dell'articolo 9, comma 2, del decreto legislativo 28 agosto 1997, n. 281, è adottato un Piano tipo, quale strumento di supporto alle amministrazioni di cui al comma 1. Nel Piano tipo sono definite modalità semplificate per l'adozione del Piano di cui al comma 1 da parte delle amministrazioni con meno di cinquanta dipendenti '; l'art. 6, c. 6-bis, D.L. 9 giugno 2021, n. 80, come introdotto dall'art. 1, c. 12, D.L. 30 dicembre 2021, n. 228, successivamente modificato dall'art. 7, c. 1, D.L. 30 aprile 2022, n. 36, il quale stabilisce che: ' 6-bis. In sede di prima applicazione il Piano è adottato entro il 30 giugno 2022 e fino al predetto termine non si applicano le sanzioni previste dalle seguenti disposizioni: a) articolo 10, comma 5, del decreto legislativo 27 ottobre 2009, n. 150; b) articolo 14, comma 1, della legge 7 agosto 2015, n. 124; c) articolo 6, comma 6, del decreto legislativo 30 marzo 2001, n. 165 '; l'art. 6, c. 7, D.L. 9 giugno 2021, n. 80, il quale stabilisce che: ' 7. In caso di mancata adozione del Piano trovano applicazione le sanzioni di cui all'articolo 10, comma 5, del decreto legislativo 27 ottobre 2009, n. 150, ferme restando quelle previste dall'articolo 19, comma 5, lettera b), del decretolegge 24 giugno 2014, n. 90, convertito, con modificazioni, dalla legge 11 agosto 2014, n. 114 '; l'art. 6, c. 8, D.L. 9 giugno 2021, n. 80, il quale stabilisce che: ' 8. All'attuazione delle disposizioni di cui al presente articolo le amministrazioni interessate provvedono con le risorse umane, strumentali e finanziarie disponibili a legislazione vigente. Gli enti locali con meno di 15.000 abitanti provvedono al monitoraggio dell'attuazione del presente articolo e al monitoraggio delle performance organizzative anche attraverso l'individuazione di un ufficio associato tra quelli esistenti in ambito provinciale o metropolitano, secondo le indicazioni delle Assemblee dei sindaci o delle Conferenze metropolitane '.";;;;6;0;1
atto_15;docling;markdown;3;CONSIDERATO;CONSIDERATO_1;MOTIVAZIONE;1;"CONSIDERATO che: il 30 giugno 2022, previa intesa in Conferenza Unificata, ai sensi dell'art. 9, c. 2, D.Lgs. 28 agosto 1997, n. 281, è stato pubblicato sulla Gazzetta Ufficiale Serie Generale n. 151, il Decreto del Presidente della Repubblica n. 81, recante ' Regolamento recante individuazione degli adempimenti relativi ai Piani assorbiti dal Piano integrato di attività e organizzazione '; il 30 giugno 2022, previa intesa in Conferenza Unificata, ai sensi dell'art. 9, c. 2, D.Lgs. 28 agosto 1997, n. 281, è stato pubblicato il Decreto del Ministro per la Pubblica Amministrazione concernente la definizione del contenuto del Piano Integrato di Attività e Organizzazione;";;;;3;0;0
atto_15;docling;markdown;4;DATO_ATTO;DATO_ATTO_1;ISTRUTTORIA;1;"DATO ATTO che: il Comune di Carinaro, alla DATA del 31/12/2025 ha meno di 50 (cinquanta) dipendenti, computati secondo il metodo di calcolo utilizzato per compilare la tabella 12 del CONTO Annuale, e precisamente 42 (quarantadue);";;;;1;0;1
atto_15;docling;markdown;5;RILEVATO;RILEVATO_1;ISTRUTTORIA_MOTIVAZIONE;1;"RILEVATO che il D.P.R. 30 giugno 2022, n. 81 recante ' Regolamento recante individuazione degli adempimenti relativi ai Piani assorbiti dal Piano integrato di attività e organizzazione ', pubblicato sulla Gazzetta Ufficiale Serie Generale n. 151 del 30 giugno 2022, stabilisce: all'art. 1, c. 3, che 'Le amministrazioni pubbliche di cui all'articolo 1, comma 2, del decreto legislativo 30 marzo 2001, n. 165, con non più di cinquanta dipendenti sono TENUTE al rispetto degli adempimenti STABILITI nel decreto del Ministro della pubblica amministrazione di cui all'articolo 6, comma 6, del decreto-legge n. 80 del 2021.'; all'art. 1, c. 4, la soppressione del terzo periodo dell'art. 169, comma 3-bis del decreto legislativo 18 agosto 2000, n. 267, che recitava ' Il piano dettagliato degli obiettivi di cui all'art. 108, comma 1, del presente testo unico e il piano della performance di cui all'art. 10 del decreto legislativo 27 ottobre 2009, n. 150, sono unificati organicamente nel PEG. ', decretando pertanto la separazione fra ilPiano Esecutivo di Gestione, come definito nel citato art. 169, del decreto legislativo 18 agosto 2000, n. 267 e la definizione degli obiettivi di performance dell'Amministrazione; all'art. 2, c. 1, che per gli Enti Locali, di cui all'articolo 2, comma 1, del decreto legislativo 18 agosto 2000, n. 267, il piano dettagliato degli obiettivi di cui all'articolo 108, comma 1, del medesimo decreto legislativo e il piano della performance di cui all'articolo 10 del decreto legislativo 27 ottobre 2009, n. 150, sono assorbiti nel piano integrato di attività e organizzazione di cui all'articolo 6 del decreto-legge 9 giugno 2021, n. 80, convertito, con modificazioni, dalla legge 6 agosto 2021, n. 113. PRESO ATTO che il decreto del Ministro per la Pubblica Amministrazione concernente la definizione del contenuto del Piano Integrato di Attività e Organizzazione, nonché le modalità semplificate per l'adozione dello stesso per gli Enti con meno di 50 dipendenti, stabilisce all'art. 2, comma 1, in combinato disposto con l'art. 6 del Decreto medesimo, il quale reca le modalità semplificate per la redazione del PIAO per le amministrazioni con meno di cinquanta dipendenti, che il PIAO contiene la scheda anagrafica dell'Amministrazione ed è suddiviso nelle Sezioni di cui agli artt. 3, 4 e 5 del Decreto stesso e ciascuna Sezione è a sua volta ripartita in sottosezioni di programmazione, riferite a specifici ambiti di attività amministrativa e gestionale; PRESO, inoltre, ATTO che il suddetto decreto dispone: all'art. 2, c. 2, che ' Sono esclusi dal Piano integrato di attività e organizzazione gli adempimenti di carattere finanziario non contenuti nell'elenco di cui all'articolo 6, comma 2, lettere da a) a g), del decreto-legge 9 giugno 2021, n. 80, convertito, con modificazioni, dalla legge 6 agosto 2021, n. 113. '; all'art. 6, le modalità semplificate per la redazione del PIAO per le amministrazioni con meno di cinquanta dipendenti, disponendo in particolare al comma 4, che ' Le amministrazioni con meno di 50 dipendenti procedono esclusivamente alle attività di cui al presente articolo, nonché a quanto previsto dal primo periodo dell'articolo 6, comma 1.' all'art. 7, c. 1, che 'Ai sensi dell'articolo 6, commi 1 e 4, del decreto-legge 9 giugno 2021, n. 80, convertito, con modificazioni, dalla legge 6 agosto 2021, n. 113, il piano integrato di attività e organizzazione è adottato entro il 31 gennaio, secondo lo schema di Piano tipo cui all'articolo 1, comma 3, del presente decreto, ha durata triennale e viene aggiornato annualmente entro la predetta DATA. Il Piano è PREDISPOSTO esclusivamente in formato digitale ed è pubblicato sul sito istituzionale del Dipartimento della funzione pubblica della Presidenza del Consiglio dei Ministri e sul sito istituzionale di ciascuna amministrazione .' all'art. 8, c. 2, che ' In ogni caso di differimento del termine previsto a legislazione vigente per l'approvazione dei bilanci di previsione, il termine di cui all'articolo 7, comma 1 del presente decreto, è differito di trenta giorni successivi a quello di approvazione dei bilanci '; all'art. 8, c. 3, che ' In sede di prima applicazione, il termine di cui all'articolo 7, comma 1, del presente decreto è differito di 120 giorni successivi a quello di approvazione del bilancio di previsione '; all'art. 11, comma 1, che il Piano Integrato di Attività e Organizzazione, negli Enti Locali è approvato dalla Giunta Comunale.";;;;11;0;0
atto_15;docling;markdown;6;VISTO;VISTO_2;PREAMBOLO_RIFERIMENTI;1;"VISTA la proposta di Piano integrato di attività e organizzazione (PIAO) 2026-2028;";;;;1;1;1
atto_15;docling;markdown;7;CONSIDERATO;CONSIDERATO_2;MOTIVAZIONE;1;"CONSIDERATO quanto sopra, si propone di adottare il Piano integrato di attività e organizzazione (PIAO) 2026-2028, come allegato alla presente deliberazione;";;;;1;1;0
atto_15;docling;markdown;8;VISTO;VISTO_3;PREAMBOLO_RIFERIMENTI;1;"VISTI: il Regolamento per il funzionamento degli Uffici e dei Servizi; lo Statuto comunale;";;;;2;1;1
atto_15;docling;markdown;9;RITENUTO;RITENUTO_1;MOTIVAZIONE_VALUTAZIONE;1;"RITENUTO di provvedere in merito;";;;;1;0;0
atto_15;docling;markdown;10;VISTO;VISTO_4;PREAMBOLO_RIFERIMENTI;1;"VISTO il decreto legislativo 18 agosto 2000, n. 267;";;;;1;1;1
atto_15;docling;markdown;11;VISTO;VISTO_5;PREAMBOLO_RIFERIMENTI;1;"VISTO il decreto legislativo 30 marzo 2001, n. 165;";;;;1;0;0
atto_16;docling;markdown;1;PREMESSO;PREMESSO_1;NARRATIVA_PREMESSA;1;"PREMESSO che la Repubblica tutela e promuove lo sviluppo della cultura ai sensi dell'art. 9 della Costituzione; che il principio di sussidiarietà orizzontale di cui all'art. 118, comma 4, Cost. impone alle istituzioni pubbliche di favorire l'autonoma iniziativa dei cittadini e delle formazioni sociali per lo svolgimento di attività di interesse generale; che il Comune di Dervio, quale ente esponenziale della comunità locale, persegue tra le proprie finalità istituzionali - ai sensi dell'art. 9, lett. G) dello Statuto - la promozione di manifestazioni per il tempo libero al fine di favorire momenti di incontro e di crescita culturale;";;;;1;0;0
atto_16;docling;markdown;2;PREMESSO;PREMESSO_2;NARRATIVA_PREMESSA;1;"PREMESSO ALTRESÌ che la Giunta Comunale esercita, ai sensi dell'art. 48 del D.lgs. 267/2000, la funzione di indirizzo politico-amministrativo dell'Ente e adotta gli atti rientranti nella propria competenza residuale; che rientra tra le attribuzioni proprie della Giunta la decisione di sostenere, mediante partecipazione finanziaria, iniziative di interesse pubblico locale che per la loro natura, dimensione e ricaduta sulla collettività giustifichino il coinvolgimento diretto dell'Ente, in applicazione dei principi di cui agli artt. 3 e 118 Cost. e dell'art. 13 del D.lgs. 267/2000;";;;;1;0;0
atto_16;docling;markdown;3;RITENUTO;RITENUTO_1;MOTIVAZIONE_VALUTAZIONE;1;"RITENUTO che il Comune di Dervio è dotato del Regolamento Comunale per la Concessione di Benefici Economici ai sensi dell'art. 12 L. 241/1990, approvato con deliberazione CC n. 29 del 22.07.2013, il cui art. 2 annovera espressamente tra le finalità dell'Ente la «promozione della cultura e dello spettacolo» e la «promozione delle attività artistiche», e il cui art. 8, comma 4, riconosce espressamente alla Giunta Comunale la facoltà di destinare risorse di bilancio al finanziamento di « iniziative di particolare valore sociale, civile, morale o culturale rispetto alle quali la contribuzione del Comune può svolgere una funzione incentivante, di coinvolgimento della popolazione o di potenziamento delle iniziative »; che tale disposizione costituisce specifica attribuzione di indirizzo politico alla Giunta, autonoma rispetto alla procedura ordinaria a bando, applicabile allorché l'iniziativa presenti caratteri di eccezionale rilievo culturale tali da giustificarne il riconoscimento diretto; che, in tale contesto, la qualificazione soggettiva del beneficiario è VALUTATA dalla Giunta in funzione della coerenza dell'iniziativa con le finalità pubbliche perseguite, indipendentemente dall'iscrizione ai registri amministrativi interni dell'Ente;";;;;1;0;0
atto_16;docling;markdown;4;RILEVATO;RILEVATO_1;ISTRUTTORIA_MOTIVAZIONE;1;"RILEVATO che l'Associazione Musicale TEMA, con sede legale in Lecco, via Cantù 1, C.F. 97302580150, P.IVA 04114100961, promuove il progetto Lecco Classica 2026, candidato al sostegno della Fondazione Comunitaria del Lecchese, all'interno del quale è prevista la realizzazione di un concerto nel territorio comunale, in programma il 29 giugno 2026 presso la Chiesa dei Santi Pietro e Paolo di Dervio, appuntamento che contribuirà ad arricchire l'offerta culturale locale e a valorizzare uno dei luoghi di maggiore interesse storico, artistico e religioso della comunità. L'evento rappresenterà un'importante occasione di incontro tra musica, patrimonio culturale e territorio, favorendo la partecipazione dei cittadini e l'attrattività del Comune nei confronti di visitatori e appassionati;";;;;1;0;1
atto_16;docling;markdown;5;RILEVATO;RILEVATO_2;ISTRUTTORIA_MOTIVAZIONE;1;"RILEVATO altresì che è intenzione dell'Amministrazione Comunale: -collaborare alla realizzazione dell'iniziativa, supportandone la promozione e favorendo, per quanto di competenza, le condizioni organizzative necessarie al buon esito dell'evento previsto a Dervio; -formalizzare la propria adesione al progetto Lecco Classica 2026, in collaborazione con il Festival di Bellagio e del lago di Como XV Edizione mediante il versamento alla Fondazione Comunitaria del Lecchese della somma di Euro 1500,00 (previa presentazione della documentazione di rendicontazione relativa all'evento di Dervio da parte di Associazione Musicale TEMA), a favore del Progetto 2026.0095 Lecco Classica 2026;";;;;3;0;0
atto_16;docling;markdown;6;RILEVATO;RILEVATO_3;ISTRUTTORIA_MOTIVAZIONE;1;"RILEVATO che con istanza del 31 marzo 2026, l'Associazione Musicale TEMA, con sede legale in Lecco, via Cantù 1, C.F. 97302580150, P.IVA 04114100961, nella persona del Direttore Artistico M° Rossella Spinosa, ha richiesto la concessione del patrocinio del Comune di Dervio per la realizzazione del concerto programmato il 29 giugno 2026 presso la Chiesa dei Santi Pietro e Paolo in Dervio (LC) nell'ambito del progetto Lecco Classica 2026, in collaborazione con il Festival di Bellagio e del Lago di Como - XV Edizione;";;;;1;0;0
atto_16;docling;markdown;7;RILEVATO;RILEVATO_4;ISTRUTTORIA_MOTIVAZIONE;1;"RILEVATO CHE L'Associazione musicale Tema ha dichiarato: che l'iniziativa ha carattere ricorrente ed è inserita in un circuito culturale internazionale in collegamento con la rete dei Comuni del Festival; che sono previste attività di comunicazione (ufficio stampa, materiali editoriali, pubblicità, siti internet); che l'Associazione non persegue scopi di lucro né opera in regime d'impresa; che nella proposta sono inclusi gli oneri SIAE e le relative agibilità; di essere soggetto senza scopo di lucro, operante da oltre quindici anni nel settore della promozione musicale e culturale sul territorio lariano, come risulta dal proprio Statuto associativo; che il Festival di Bellagio e del Lago di Como è una rassegna musicale di respiro internazionale giunta alla XV edizione; il programma dell'edizione 2025 - VERIFICATO sul sito ufficiale www.bellagiofestival.com comprende oltre 20 concerti da giugno ad agosto, coinvolgendo almeno 13 Comuni delle Province di Como e Lecco (tra cui Bellagio, Como, Civate, Oliveto Lario, Dervio, Ello, Magreglio, Menaggio, Mandello del Lario, Lezzeno, Valmadrera, Lecco, Zelbio); la manifestazione si avvale dell'Orchestra di Bellagio e del Lago di Como quale ensemble stabile residente e ospita il Concorso Internazionale Cosima Wagner per strumentisti; i concerti nel territorio sono in larga parte ad ingresso libero, con diretta ricaduta in termini di accessibilità culturale per la cittadinanza e di attrattività turistica per i Comuni ospitanti; che il concerto derviese dell'edizione 2025 (XIV Edizione, 29 giugno 2025, «Il violoncello di Dall'Abaco e Marais», con i giovani violoncellisti del progetto CELLOfest) ha riscosso apprezzamento della cittadinanza, confermando la funzione del Festival quale presidio culturale e vetrina turistica del territorio lacustre;";;;;5;0;0
atto_16;docling;markdown;8;CONSIDERATO;CONSIDERATO_1;MOTIVAZIONE;1;"CONSIDERATO in diritto che: la presente partecipazione finanziaria dell'Ente all'iniziativa è qualificabile come ATTO di indirizzo politico della Giunta ex art. 48 TUEL, fondato sul perseguimento di un interesse pubblico locale direttamente identificabile: la promozione della cultura, del turismo e dell'immagine del territorio comunale, in applicazione dell'art. 9 Cost. e del principio di sussidiarietà orizzontale ex art. 118, comma 4, Cost.; l'iniziativa integra i presupposti dell'art. 8, comma 4, del Regolamento per la sussistenza di un «particolare valore culturale», ATTESTATO dalla convergenza di elementi oggettivi verificabili: dimensione sovracomunale e internazionale (20+ concerti, 13+ Comuni, Concorso Wagner); comprovata qualità artistica (Orchestra residente, artisti di rilievo nazionale e internazionale); ingresso libero ai concerti, che massimizza la ricaduta collettiva; presenza fisica dell'evento a Dervio con piano di comunicazione che include esplicitamente il Comune; XV edizione, che ATTESTA continuità e affidabilità organizzativa; la concessione è sorretta dai criteri che questa Giunta esplicita e che costituiscono l'indirizzo politico adottato per la presente fattispecie: (i) criterio teleologico: l'iniziativa è coerente con le finalità di promozione della cultura, dello spettacolo e delle attività artistiche di cui all'art. 2 del Regolamento e con l'art. 9 lett. G) dello Statuto; (ii) criterio della ricaduta territoriale: l'evento si svolge fisicamente nel territorio comunale e genera visibilità istituzionale e turistica per il Comune; (iii) criterio della proporzionalità: l'importo di € 1.500,00 è congruo rispetto alla valenza dell'iniziativa e contenuto entro le disponibilità di bilancio; la concessione del patrocinio non comporta assunzione di responsabilità in ordine agli aspetti organizzativi, di sicurezza e normativi della manifestazione, né esonera il beneficiario dall'obbligo di ottenere le autorizzazioni di competenza pubblica;";;;;5;0;0
atto_16;docling;markdown;9;VISTO;VISTO_1;PREAMBOLO_RIFERIMENTI;1;"VISTI gli artt. 9 e 118, comma 4, della Costituzione;";;;;1;0;1
atto_16;docling;markdown;10;VISTO;VISTO_2;PREAMBOLO_RIFERIMENTI;1;"VISTO : -l'art. 48 del D.Lgs. 18 agosto 2000, n. 267 (TUEL); -l'art. 13 del D.Lgs. 267/2000, concernente le funzioni e i compiti dei Comuni; -l'art. 9, lett. G) dello Statuto del Comune di Dervio; -il Regolamento Comunale per la Concessione di Benefici Economici ai sensi dell'art. 12 L. 241/1990, approvato con deliberazione CC n. 29 del 22.07.2013, ed in particolare gli artt. 2 (finalità istituzionali) e 8, comma 4 (iniziative di particolare valore culturale - attribuzione alla Giunta); -l'art. 12 della L. 7 agosto 1990, n. 241; -l'art. 3 della L. 241/1990, sull'obbligo di motivazione dei provvedimenti amministrativi; -gli artt. 26 e 27 del D.Lgs. 14 marzo 2013, n. 33 (obblighi di pubblicazione in Amministrazione Trasparente per contributi superiori a € 1.000,00);";;;;8;0;0
atto_16;docling;markdown;11;DATO_ATTO;DATO_ATTO_1;ISTRUTTORIA;1;"DATO ATTO che sono stati ACQUISITI i pareri favorevoli ai sensi dell'art. 49, comma 1, D.Lgs. 267/2000: parere di regolarità tecnica del Responsabile del Servizio competente; parere di regolarità contabile del Responsabile del Servizio Finanziario, con attestazione di copertura finanziaria ai sensi dell'art. 151 TUEL;";;;;3;0;0
atto_16;docling;markdown;12;RICONOSCIUTO;RICONOSCIUTO_1;MOTIVAZIONE_VALUTAZIONE;1;"RICONOSCIUTA la propria competenza ai sensi dell'art. 48 del D.Lgs. n. 267/2000;";;;;1;0;0
atto_17;docling;markdown;1;DATO_ATTO;DATO_ATTO_1;ISTRUTTORIA;1;"DATO ATTO che CAFC S.p.A. è gestore unico in house providing (ex art.16 D.Lgs. 175/2016 ed ex artt. 5 e 192 D.Lgs. 50/2016) del servizio idrico integrato nell'Ambito Territoriale Ottimale Centrale Friuli ai sensi degli artt. 147, 149bis e 172 D.Lgs. 152/2006, come da deliberazione assembleare della competente CATO Consulta d'Ambito 07.10.2015, n.16;";;;;1;0;0
atto_17;docling;markdown;2;DATO_ATTO;DATO_ATTO_2;ISTRUTTORIA;1;"DATO ATTO altresì che il nostro Ente detiene una quota di partecipazione di CAFC S.p.A. pari al 1,59 (diretta) e 0,0947 (indiretta) del capitale sociale;";;;;1;0;0
atto_17;docling;markdown;3;RICHIAMATO;RICHIAMATO_1;PREAMBOLO_RIFERIMENTI;1;"RICHIAMATO l'art. 19, comma 5 del D.Lgs. 175/2016 che testualmente recita: 'Le amministrazioni pubbliche socie fissano, con propri provvedimenti, obiettivi specifici, annuali e pluriennali, sul complesso delle spese di funzionamento, ivi comprese quelle per il personale, delle società controllate, anche attraverso il contenimento degli oneri contrattuali e delle assunzioni di personale e TENUTO CONTO di quanto STABILITO all'articolo 25, ovvero delle eventuali disposizioni che stabiliscono, a loro carico, divieti o limitazioni alle assunzioni di personale, tenendo CONTO del settore in cui ciascun soggetto opera';";;;;1;0;1
atto_17;docling;markdown;4;VISTO;VISTO_1;PREAMBOLO_RIFERIMENTI;1;"VISTA la nota prot. n. 191 del 14.01.2026 con la quale CAFC spa trasmette la propria proposta di ATTO di indirizzo in materia di personale;";;;;1;0;0
atto_17;docling;markdown;5;CONSIDERATO;CONSIDERATO_1;MOTIVAZIONE;1;"CONSIDERATO che, ad oggi, in materia di personale delle società in house providing (modalità e limiti per le assunzioni in via transitoria ed a regime, modalità di reclutamento, limiti alle retribuzioni) il vigente quadro di riferimento è individuabile nel D.Lgs. 175/2016 (testo unico in materia di società a partecipazione pubblica), in particolare agli artt. 19 e 11 c.6;";;;;1;0;0
atto_17;docling;markdown;6;VISTO;VISTO_2;PREAMBOLO_RIFERIMENTI;1;"VISTI, in allegato al presente ATTO di cui è parte integrante e sostanziale, la relazione e l'ATTO di indirizzo PREDISPOSTI da CAFC S.p.A. relativamente all'oggetto;";;;;1;1;1
atto_17;docling;markdown;7;RITENUTO;RITENUTO_1;MOTIVAZIONE_VALUTAZIONE;1;"RITENUTO che l'ATTO di indirizzo suddetto in Allegato 1 possa essere di competenza degli organi esecutivi (Giunte Comunali/Provinciale, Ufficio Presidenza U.T.I.), in quanto si tratta di indicazioni operative e non di indirizzi istituzionali generali che rientrino nelle competenze esclusive dei Consigli ex art. 42, c. 2, lettera e) D.Lgs. 267/2000 (partecipazione a società di capitali, organizzazione di pubblici servizi, concessione di pubblici servizi);";;;;1;0;0
atto_17;docling;markdown;8;ACQUISITO;ACQUISITO_1;ISTRUTTORIA;1;"ACQUISITI favorevolmente i pareri resi ai sensi dell'art.49 del D. Lgs. 267/2000 e s.m.i.; PROPONE Di approvare le PREMESSE, che costituiscono parte integrante della presente deliberazione; Di fissare quali obiettivi di contenimento delle spese di funzionamento ai sensi dell'art. 19, comma 5 del D.Lgs. 175/2016 quelli indicati nella relazione allegata. Di dichiarare la presente DELIBERA immediatamente eseguibile, ai sensi dell'art. 1, c. 19, della L.R. 21/2003, come sostituito dall'art. 17 della L.R. 17/2004.";;;;5;0;1
atto_17;docling;markdown;9;VISTO;VISTO_3;PREAMBOLO_RIFERIMENTI;1;"VISTA la suesposta proposta di deliberazione;";;;;1;1;1
atto_17;docling;markdown;10;VISTO;VISTO_4;PREAMBOLO_RIFERIMENTI;1;"VISTO che sulla stessa sono stati espressi i pareri di cui al D. Lgs. 267/2000; RIUNITO l'organo collegiale nelle forme sopra descritte con l'assistenza del segretario comunale in ossequio all'art. 97 TUEL;";;;;2;0;0
atto_17;docling;markdown;11;VISTO;VISTO_5;PREAMBOLO_RIFERIMENTI;1;"VISTO l'art. 1 comma 20 bis della L.R. n. 21 del 11.12.2003 in materia di pubblicazione delle deliberazioni degli enti locali;";;;;1;0;0
atto_18;docling;markdown;1;PREMESSO;PREMESSO_1;NARRATIVA_PREMESSA;1;"PREMESSO che A&amp;T 2000 S.p.A. è una società a controllo pubblico affidataria in house del servizio di gestione integrata dei rifiuti urbani nel territorio di 79 comuni del Friuli Venezia Giulia, tra cui il Comune di Moimacco, per effetto della Deliberazione n. 37/19 dd. 02.10.2019 dell'Assemblea Regionale D'Ambito di AUSIR;";;;;1;0;0
atto_18;docling;markdown;2;DATO_ATTO;DATO_ATTO_1;ISTRUTTORIA;1;"DATO ATTO che in A&amp;T 2000 S.p.A. vige un sistema di controllo analogo congiunto regolato secondo specifiche disposizioni statutarie e apposita Convenzione stipulata fra gli Enti soci;";;;;1;0;0
atto_18;docling;markdown;3;VISTO;VISTO_1;PREAMBOLO_RIFERIMENTI;1;"VISTO il c. 5 dell'art. 19 del D. Lgs. n. 175/2016 in base al quale Le amministrazioni pubbliche socie fissano, con propri provvedimenti, obiettivi specifici, annuali e pluriennali, sul complesso delle spese di funzionamento, ivi comprese quelle per il personale, delle società controllate, anche attraverso il contenimento degli oneri contrattuali e delle assunzioni di personale e TENUTO CONTO di quanto STABILITO all'articolo 25, ovvero delle eventuali disposizioni che stabiliscono, a loro carico, divieti o limitazioni alle assunzioni di personale, tenendo CONTO del settore in cui ciascun soggetto opera;";;;;1;0;1
atto_18;docling;markdown;4;DATO_ATTO;DATO_ATTO_2;ISTRUTTORIA;1;"DATO ATTO che gli elementi relativi alle spese di funzionamento della società e del personale sono state inseriti nel budget per l'anno 2026, che è stato adottato dal Consiglio di Amministrazione di A&amp;T 2000 S.p.A. ed approvato da parte del Coordinamento dei soci per il 'Controllo Analogo congiunto' e dell'Assemblea dei Soci di A&amp;T 2000 S.p.A. nelle sedute del 10.03.2026;";;;;1;1;0
atto_18;docling;markdown;5;ATTESO;ATTESO_1;MOTIVAZIONE;1;"ATTESO che A&amp;T 2000 S.p.A. è chiamata a perseguire il costante efficientamento organizzativo e l'ottimizzazione dei suoi costi di funzionamento per l'erogazione dei servizi affidati dall'AUSIR e regolati dalle disposizioni dell'ARERA;";;;;1;0;0
atto_18;docling;markdown;6;DATO_ATTO;DATO_ATTO_3;ISTRUTTORIA;1;"DATO ATTO che la spesa sostenuta dalla società per le spese di funzionamento dell'organo amministrativo rispetta le disposizioni di cui all'art. 4, comma 4, del Decreto Legge 95/2012;";;;;1;1;1
atto_18;docling;markdown;7;VISTO;VISTO_2;PREAMBOLO_RIFERIMENTI;1;"VISTO il documento adottato dal C.d.A. di A&amp;T 2000 S.p.A. denominato 'OBIETTIVI SULLE SPESE DI FUNZIONAMENTO E DEL PERSONALE DELLA SOCIETA' IN HOUSE A&amp;T 2000 S.p.A. AI SENSI DELL'ART. 19 DEL D.LGS. 175/2016 - ANNO 2026 - ELEMENTI RELATIVI AI COSTI E ALLA POLITICA DEL PERSONALE', allegato parte integrante e contestuale del presente provvedimento, in cui sono contenuti gli elementi utili per la fissazione di tali obiettivi, relativi in particolare ai costi e alla politica del personale della Società;";;;;1;1;1
atto_18;docling;markdown;8;DATO_ATTO;DATO_ATTO_4;ISTRUTTORIA;1;"DATO ATTO che il documento in parola è stato approvato da parte del Coordinamento dei soci per il 'Controllo Analogo congiunto' e dell'Assemblea dei Soci di A&amp;T 2000 S.p.A. nelle sedute del 10.03.2026, che hanno fissato e fatto propri gli obiettivi ed elementi di gestione ivi INDIVIDUATI relativamente al contenimento dei costi di funzionamento ed in particolare delle spese per il personale della società A&amp;T 2000 S.p.A., dando ATTO che gli obiettivi in parola saranno recepiti da parte degli organi competenti degli Enti Soci mediante propri provvedimenti come previsto dall'art. 19, comma 5, del D.Lgs. 175/2016;";;;;1;1;0
atto_18;docling;markdown;9;RITENUTO;RITENUTO_1;MOTIVAZIONE_VALUTAZIONE;1;"RITENUTO che la politica del personale ivi descritta, accompagnata da un'oculata gestione del contratto integrativo aziendale, individui in maniera compiuta ed esauriente gli obiettivi e gli indicatori atti a perseguire le strategie aziendali nell'anno 2026, con il mantenimento da parte di A&amp;T 2000 S.p.A. dell'obiettivo del contenimento dei costi del personale al netto delle dinamiche salariali indotte dal CCNL;";;;;1;0;0
atto_18;docling;markdown;10;CONSIDERATO;CONSIDERATO_1;MOTIVAZIONE;1;"CONSIDERATO che la dotazione organica del personale ivi indicata, dal punto di VISTA numerico, potrà subire variazioni dovute a cessazioni dal rapporto, sostituzioni temporanee per eventi quali maternità, malattia o infortunio, attivazione o ampliamento dei servizi affidati e conseguente rafforzamento delle strutture organizzative, incluse le attività d'ufficio, rese necessarie dall'incremento dei volumi operativi o dall'estensione delle funzioni aziendali, garantendo in ogni caso tutti i principi di contenimento dei costi previsti;";;;;1;0;1
atto_18;docling;markdown;11;ATTESO;ATTESO_2;MOTIVAZIONE;1;"ATTESO che il presente ATTO rientra tra i provvedimenti soggetti a pubblicazione sul sito internet istituzionale sia della società che delle pubbliche amministrazioni socie, ai sensi dell'art. 19, c. 7, del D. Lgs. n. 175/2016;";;;;1;1;0
atto_18;docling;markdown;12;RITENUTO;RITENUTO_2;MOTIVAZIONE_VALUTAZIONE;1;"RITENUTO che l'ATTO di indirizzo suddetto in Allegato 1 possa essere di competenza degli organi esecutivi (Giunte Comunali/Provinciale, Ufficio Presidenza U.T.I.), in quanto si tratta di indicazioni operative e non di indirizzi istituzionali generali che rientrino nelle competenze esclusive dei Consigli ex art. 42, c. 2, lettera e) D.Lgs. 267/2000 (partecipazione a società di capitali, organizzazione di pubblici servizi, concessione di pubblici servizi);";;;;1;1;0
atto_18;docling;markdown;13;ACQUISITO;ACQUISITO_1;ISTRUTTORIA;1;"ACQUISITI favorevolmente i pareri resi ai sensi dell'art.49 del D. Lgs. 267/2000 e s.m.i.; PROPONE Di approvare le PREMESSE, che costituiscono parte integrante della presente deliberazione; Di approvare il documento denominato 'OBIETTIVI SULLE SPESE DI FUNZIONAMENTO E DEL PERSONALE DELLA SOCIETA' IN HOUSE A&amp;T 2000 S.p.A. AI SENSI DELL'ART. 19 DEL D.LGS. 175/2016 - ANNO 2026 - ELEMENTI RELATIVI AI COSTI E ALLA POLITICA DEL PERSONALE', allegato parte integrante e contestuale del presente provvedimento; Di fissare e fare propri gli obiettivi ed elementi di gestione INDIVIDUATI nel documento innanzi approvato relativamente al contenimento dei costi di funzionamento, ed in particolare delle spese per il personale della società A&amp;T 2000 S.p.A., ai sensi del c. 5 dell'art. 19 del D. Lgs. n. 175/2016 per l'anno 2026; Di disporre la pubblicazione del presente provvedimento sul sito istituzionale del Comune; Di inviare il presente provvedimento ad A&amp;T 2000 S.p.A. ai fini del relativo recepimento e dell'assolvimento degli obblighi di pubblicazione; Di dichiarare la presente DELIBERA immediatamente eseguibile, ai sensi dell'art. 1, c. 19, della L.R. 21/2003, come sostituito dall'art. 17 della L.R. 17/2004.";;;;8;0;1
atto_18;docling;markdown;14;VISTO;VISTO_3;PREAMBOLO_RIFERIMENTI;1;"VISTA la suesposta proposta di deliberazione;";;;;1;1;1
atto_18;docling;markdown;15;VISTO;VISTO_4;PREAMBOLO_RIFERIMENTI;1;"VISTO che sulla stessa sono stati espressi i pareri di cui al D. Lgs. 267/2000; RIUNITO l'organo collegiale nelle forme sopra descritte con l'assistenza del segretario comunale in ossequio all'art. 97 TUEL;";;;;2;0;0
atto_18;docling;markdown;16;VISTO;VISTO_5;PREAMBOLO_RIFERIMENTI;1;"VISTO l'art. 1 comma 20 bis della L.R. n. 21 del 11.12.2003 in materia di pubblicazione delle deliberazioni degli enti locali;";;;;1;0;0
atto_19;docling;markdown;1;PREMESSO;PREMESSO_1;NARRATIVA_PREMESSA;1;"PREMESSO che A&amp;T 2000 S.p.A. è una società a controllo pubblico affidataria in house del servizio di gestione integrata dei rifiuti urbani nel territorio di 79 comuni del Friuli Venezia Giulia, tra cui il Comune di Moimacco per effetto della Deliberazione n. 37/19 dd. 02.10.2019 dell'Assemblea Regionale D'Ambito di AUSIR;";;;;1;0;0
atto_19;docling;markdown;2;DATO_ATTO;DATO_ATTO_1;ISTRUTTORIA;1;"DATO ATTO che in A&amp;T 2000 S.p.A. vige un sistema di controllo analogo congiunto regolato secondo specifiche disposizioni statutarie e apposita Convenzione stipulata fra gli Enti soci;";;;;1;0;0
atto_19;docling;markdown;3;VISTO;VISTO_1;PREAMBOLO_RIFERIMENTI;1;"VISTO il c. 5 dell'art. 19 del D. Lgs. n. 175/2016 in base al quale Le amministrazioni pubbliche socie fissano, con propri provvedimenti, obiettivi specifici, annuali e pluriennali, sul complesso delle spese di funzionamento, ivi comprese quelle per il personale, delle società controllate, anche attraverso il contenimento degli oneri contrattuali e delle assunzioni di personale e TENUTO CONTO di quanto STABILITO all'articolo 25, ovvero delle eventuali disposizioni che stabiliscono, a loro carico, divieti o limitazioni alle assunzioni di personale, tenendo CONTO del settore in cui ciascun soggetto opera;";;;;1;0;1
atto_19;docling;markdown;4;DATO_ATTO;DATO_ATTO_2;ISTRUTTORIA;1;"DATO ATTO che gli elementi relativi alle spese di funzionamento della società e del personale sono state inseriti nel budget per l'anno 2025, che è stato adottato dal Consiglio di Amministrazione, sottoposto all'analisi della Commissione per il 'Controllo Analogo congiunto' e approvato da parte del Coordinamento dei soci per il 'Controllo Analogo congiunto' e dell'Assemblea dei Soci di A&amp;T 2000 S.p.A. nelle sedute del 28.01.2025;";;;;1;1;0
atto_19;docling;markdown;5;ATTESO;ATTESO_1;MOTIVAZIONE;1;"ATTESO che A&amp;T 2000 S.p.A. è chiamata a perseguire il costante efficientamento organizzativo e l'ottimizzazione dei suoi costi di funzionamento per l'erogazione dei servizi affidati dall'AUSIR e regolati dalle disposizioni dell'ARERA;";;;;1;0;0
atto_19;docling;markdown;6;DATO_ATTO;DATO_ATTO_3;ISTRUTTORIA;1;"DATO ATTO che la spesa sostenuta dalla società per le spese di funzionamento dell'organo amministrativo rispetta le disposizioni di cui all'art. 4, comma 4, del Decreto Legge 95/2012;";;;;1;1;1
atto_19;docling;markdown;7;VISTO;VISTO_2;PREAMBOLO_RIFERIMENTI;1;"VISTO il documento denominato 'OBIETTIVI SULLE SPESE DI FUNZIONAMENTO E DEL PERSONALE DELLA SOCIETA' IN HOUSE A&amp;T 2000 S.p.A. AI SENSI DELL'ART. 19 DEL D.LGS. 175/2016 - ANNO 2025 - ELEMENTI RELATIVI AI COSTI E ALLA POLITICA DEL PERSONALE', allegato parte integrante e contestuale del presente provvedimento, adottato dal C.d.A. di A&amp;T 2000 S.p.A., in cui sono contenuti gli elementi utili per la fissazione di tali obiettivi, relativi in particolare ai costi e alla politica del personale della Società;";;;;1;1;1
atto_19;docling;markdown;8;RITENUTO;RITENUTO_1;MOTIVAZIONE_VALUTAZIONE;1;"RITENUTO che la politica del personale ivi descritta, accompagnata da un'oculata gestione del contratto integrativo aziendale, individui in maniera compiuta ed esauriente gli obiettivi e gli indicatori atti a perseguire le strategie aziendali nell'anno 2025, con il mantenimento da parte di A&amp;T 2000 S.p.A. dell'obiettivo del contenimento dei costi del personale al netto delle dinamiche salariali indotte dal CCNL;";;;;1;0;0
atto_19;docling;markdown;9;CONSIDERATO;CONSIDERATO_1;MOTIVAZIONE;1;"CONSIDERATO che la dotazione organica del personale ivi indicata, dal punto di VISTA numerico, potrà subire variazioni dovute ad eventuali uscite dall'azienda per quiescenza o ad eventuali necessità di sostituzioni anche temporanee per eventi quali maternità, malattia o infortunio, garantendo in ogni caso tutti i principi di contenimento dei costi previsti;";;;;1;0;1
atto_19;docling;markdown;10;DATO_ATTO;DATO_ATTO_4;ISTRUTTORIA;1;"DATO ATTO che gli elementi ed obiettivi innanzi RICHIAMATI potrebbero richiedere eventuali modifiche ed integrazioni in presenza di significative azioni di riorganizzazione o modifica operativa dei servizi resi da A&amp;T 2000 S.p.A. o di future variazioni aziendali e societarie;";;;;1;1;1
atto_19;docling;markdown;11;ATTESO;ATTESO_2;MOTIVAZIONE;1;"ATTESO che il presente ATTO rientra tra i provvedimenti soggetti a pubblicazione sul sito internet istituzionale sia della società che delle pubbliche amministrazioni socie, ai sensi dell'art. 19, c. 7, del D. Lgs. n. 175/2016; PROPONE 1) di approvare le PREMESSE, che costituiscono parte integrante della presente deliberazione; 2) di approvare il documento denominato 'OBIETTIVI SULLE SPESE DI FUNZIONAMENTO E DEL PERSONALE DELLA SOCIETA' IN HOUSE A&amp;T 2000 S.p.A. AI SENSI DELL'ART. 19 DEL D.LGS. 175/2016 - ANNO 2025 - ELEMENTI RELATIVI AI COSTI E ALLA POLITICA DEL PERSONALE', allegato parte integrante e contestuale del presente provvedimento; 3) di fissare e fare propri gli obiettivi ed elementi di gestione INDIVIDUATI nel documento innanzi approvato relativamente al contenimento dei costi di funzionamento, ed in particolare delle spese per il personale della società A&amp;T 2000 S.p.A., ai sensi del c. 5 dell'art. 19 del D. Lgs. n. 175/2016 per l'anno 2025; 4) di dare ATTO che i suddetti obiettivi ed elementi di gestione potranno essere oggetto di successiva revisione in presenza di significative azioni di riorganizzazione o modifica operativa dei servizi resi da A&amp;T 2000 S.p.A. o di future variazioni aziendali e societarie; 5) di disporre la pubblicazione del presente provvedimento sul sito istituzionale del Comune; 6) di inviare il presente provvedimento ad A&amp;T 2000 S.p.A. ai fini del relativo recepimento e dell'assolvimento degli obblighi di pubblicazione; 7) di dichiarare la presente DELIBERA immediatamente eseguibile, ai sensi art. 1, c. 19, L.R. 21/2003, come sostituito dall'art. 17 della L.R. 17/2004.";;;;9;1;0
atto_19;docling;markdown;12;VISTO;VISTO_3;PREAMBOLO_RIFERIMENTI;1;"VISTA la suesposta proposta di deliberazione;";;;;1;1;1
atto_19;docling;markdown;13;VISTO;VISTO_4;PREAMBOLO_RIFERIMENTI;1;"VISTO che sulla stessa sono stati espressi i pareri di cui al D. Lgs. 267/2000; RIUNITO l'organo collegiale nelle forme sopra descritte con l'assistenza del segretario comunale in ossequio all'art. 97 TUEL;";;;;2;0;0
atto_19;docling;markdown;14;VISTO;VISTO_5;PREAMBOLO_RIFERIMENTI;1;"VISTO l'art. 1 comma 20 bis della L.R. n. 21 del 11.12.2003 in materia di pubblicazione delle deliberazioni degli enti locali; Il Sindaco prende la parola: è un ATTO dovuto in base al Testo Unico sulle partecipate; anche le società partecipate sono TENUTE a contenere le spese di personale, redigendo annualmente il presente ATTO che va approvato dalle singole amministrazioni.";;;;2;0;0
atto_19;docling;markdown;15;DATO_ATTO;DATO_ATTO_5;ISTRUTTORIA;1;"DATO ATTO che gli interventi sono registrati su supporto informatico depositato presso la segreteria che costituisce, ex art. 22, L. n. 241/1990 e s.m.i., documentazione a comprova della discussione ai sensi dell'art. 44 del Regolamento del Consiglio Comunale; UDITA quindi la proposta del Presidente, si procede a votazione sull'argomento in esame. Procedutosi a votazione nei modi e nelle forme previste dalla legge, si ottiene il seguente risultato: Voti favorevoli: 12 unanimità Voti contrari:Astenuti: - pertanto, in esito alla suddetta votazione con voti resi ed ACCERTATI nelle forme di legge";;;;5;1;0
atto_20;docling;markdown;1;PREMESSO;PREMESSO_1;NARRATIVA_PREMESSA;1;"PREMESSO che A&amp;T 2000 S.p.A. è una società a controllo pubblico affidataria in house del servizio di gestione integrata dei rifiuti urbani nel territorio di 79 comuni del Friuli Venezia Giulia, tra cui il Comune di Moimacco per effetto della Deliberazione n. 37/19 dd. 02.10.2019 dell'Assemblea Regionale D'Ambito di AUSIR;";;;;1;0;0
atto_20;docling;markdown;2;DATO_ATTO;DATO_ATTO_1;ISTRUTTORIA;1;"DATO ATTO che in A&amp;T 2000 S.p.A. vige un sistema di controllo analogo congiunto regolato secondo specifiche disposizioni statutarie e apposita Convenzione stipulata fra gli Enti soci;";;;;1;0;0
atto_20;docling;markdown;3;VISTO;VISTO_1;PREAMBOLO_RIFERIMENTI;1;"VISTO il c. 5 dell'art. 19 del D. Lgs. n. 175/2016 in base al quale Le amministrazioni pubbliche socie fissano, con propri provvedimenti, obiettivi specifici, annuali e pluriennali, sul complesso delle spese di funzionamento, ivi comprese quelle per il personale, delle società controllate, anche attraverso il contenimento degli oneri contrattuali e delle assunzioni di personale e TENUTO CONTO di quanto STABILITO all'articolo 25, ovvero delle eventuali disposizioni che stabiliscono, a loro carico, divieti o limitazioni alle assunzioni di personale, tenendo CONTO del settore in cui ciascun soggetto opera;";;;;1;0;1
atto_20;docling;markdown;4;CONSIDERATO;CONSIDERATO_1;MOTIVAZIONE;1;"CONSIDERATO che gli obiettivi sul complesso delle spese di funzionamento della società così fissati vengono recepiti nel budget adottato dal Consiglio di Amministrazione e sottoposto al parere della Commissione per il 'Controllo Analogo congiunto' e all'approvazione da parte del Coordinamento dei soci per il 'Controllo Analogo congiunto';";;;;1;0;0
atto_20;docling;markdown;5;ATTESO;ATTESO_1;MOTIVAZIONE;1;"ATTESO che A&amp;T 2000 S.p.A. è chiamata a perseguire il costante efficientamento organizzativo e l'ottimizzazione dei suoi costi di funzionamento per l'erogazione dei servizi affidati dall'AUSIR e regolati dalle disposizioni dell'ARERA;";;;;1;0;0
atto_20;docling;markdown;6;DATO_ATTO;DATO_ATTO_2;ISTRUTTORIA;1;"DATO ATTO che la spesa sostenuta dalla società per le spese di funzionamento dell'organo amministrativo rispetta le disposizioni di cui all'art. 4, comma 4, del Decreto Legge 95/2012;";;;;1;1;1
atto_20;docling;markdown;7;VISTO;VISTO_2;PREAMBOLO_RIFERIMENTI;1;"VISTO il documento denominato 'OBIETTIVI SULLE SPESE DI FUNZIONAMENTO E DEL PERSONALE DELLA SOCIETA' IN HOUSE A&amp;T 2000 S.p.A. AI SENSI DELL'ART. 19 DEL D.LGS. 175/2016 ANNO 2024', allegato parte integrante e contestuale del presente provvedimento, adottato dal C.d.A. di A&amp;T 2000 S.p.A. e sottoposto all'esame della Commissione 'per il controllo analogo congiunto' della Società, in cui sono contenuti gli elementi utili per la fissazione di tali obiettivi, relativi in particolare ai costi e alla politica del personale della Società;";;;;1;1;1
atto_20;docling;markdown;8;RITENUTO;RITENUTO_1;MOTIVAZIONE_VALUTAZIONE;1;"RITENUTO che la politica del personale ivi descritta, accompagnata da un'oculata gestione del contratto integrativo aziendale, individui in maniera compiuta ed esauriente gli obiettivi e gli indicatori atti a perseguire le strategie aziendali nell'anno 2024, con il mantenimento da parte di A&amp;T 2000 S.p.A. dell'obiettivo del contenimento dei costi del personale al netto delle dinamiche salariali indotte dal CCNL;";;;;1;0;0
atto_20;docling;markdown;9;CONSIDERATO;CONSIDERATO_2;MOTIVAZIONE;1;"CONSIDERATO che la dotazione organica del personale ivi indicata, dal punto di VISTA numerico, potrà subire variazioni dovute ad eventuali uscite dall'azienda per quiescenza o ad eventuali necessità di sostituzioni anche temporanee per eventi quali maternità, malattia o infortunio, garantendo in ogni caso tutti i principi di contenimento dei costi previsti;";;;;1;1;1
atto_20;docling;markdown;10;DATO_ATTO;DATO_ATTO_3;ISTRUTTORIA;1;"DATO ATTO che gli elementi ed obiettivi innanzi RICHIAMATI potrebbero richiedere eventuali modifiche ed integrazioni in presenza di significative azioni di riorganizzazione o modifica operativa dei servizi resi da A&amp;T 2000 S.p.A. o di future variazioni aziendali e societarie;";;;;1;1;1
atto_20;docling;markdown;11;ATTESO;ATTESO_2;MOTIVAZIONE;1;"ATTESO che il presente ATTO rientra tra i provvedimenti soggetti a pubblicazione sul sito internet istituzionale sia della società che delle pubbliche amministrazioni socie, ai sensi dell'art. 19, c. 7, del D. Lgs. n. 175/2016; PROPONE DI APPROVARE le PREMESSE, che costituiscono parte integrante della presente deliberazione; DI APPROVARE il documento denominato 'OBIETTIVI SULLE SPESE DI FUNZIONAMENTO E DEL PERSONALE DELLA SOCIETA' IN HOUSE A&amp;T 2000 S.p.A. AI SENSI DELL'ART. 19 DEL D.LGS. 175/2016 ANNO 2024', allegato parte integrante e contestuale del presente provvedimento; DI FISSARE e fare propri gli obiettivi ed elementi di gestione INDIVIDUATI nel documento innanzi approvato relativamente al contenimento dei costi di funzionamento, ed in particolare delle spese per il personale della società A&amp;T 2000 S.p.A., ai sensi del c. 5 dell'art. 19 del D. Lgs. n. 175/2016 per l'anno 2024; DI DARE ATTO che i suddetti obiettivi ed elementi di gestione potranno essere oggetto di successiva revisione in presenza di significative azioni di riorganizzazione o modifica operativa dei servizi resi da A&amp;T 2000 S.p.A. o di future variazioni aziendali e societarie; DI DISPORRE la pubblicazione del presente provvedimento sul sito istituzionale del Comune; DI INVIARE il presente provvedimento ad A&amp;T 2000 S.p.A. ai fini del relativo recepimento e dell'assolvimento degli obblighi di pubblicazione; DI DICHIARARE la presente DELIBERA immediatamente eseguibile, ai sensi art. 1, c. 19, L.R. 21/2003, come sostituito dall'art. 17 della L.R. 17/2004.";;;;9;1;0
atto_20;docling;markdown;12;VISTO;VISTO_3;PREAMBOLO_RIFERIMENTI;1;"VISTA la suesposta proposta di deliberazione;";;;;1;1;1
atto_20;docling;markdown;13;VISTO;VISTO_4;PREAMBOLO_RIFERIMENTI;1;"VISTO che sulla stessa sono stati espressi i pareri di cui al D. Lgs. 267/2000; RIUNITO l'organo collegiale nelle forme sopra descritte con l'assistenza del segretario comunale in ossequio all'art. 97 TUEL;";;;;2;0;0
atto_20;docling;markdown;14;VISTO;VISTO_5;PREAMBOLO_RIFERIMENTI;1;"VISTO l'art. 1 comma 20 bis della L.R. n. 21 del 11.12.2003 in materia di pubblicazione delle deliberazioni degli enti locali; Il Sindaco prende la parola e comunica che come è noto la società in oggetto gestisce il ciclo integrato dei rifiuti per il Comune. Il comune è TENUTO a fissare, in virtù del decreto Madia, obiettivi circa le spese di funzionamento e del personale al fine del loro contenimento.";;;;2;0;0
atto_20;docling;markdown;15;DATO_ATTO;DATO_ATTO_4;ISTRUTTORIA;1;"DATO ATTO che gli interventi sono registrati su supporto informatico depositato presso la segreteria che costituisce, ex art. 22, L. n. 241/1990 e s.m.i., documentazione a comprova della discussione ai sensi dell'art. 44 del Regolamento del Consiglio Comunale; UDITA quindi la proposta del Presidente, si procede a votazione sull'argomento in esame. Procedutosi a votazione nei modi e nelle forme previste dalla legge, si ottiene il seguente risultato: Voti favorevoli: 11 Voti contrari: - Astenuti: - pertanto, in esito alla suddetta votazione con voti resi ed ACCERTATI nelle forme di legge";;;;8;1;0
