id_atto;tool;source_format;source_file;order;page;label_raw;role_norm;text;bbox;procedural_stop_pos;stop_detected;marker_detected;is_noise
atto_1;docling;json;atto_1.json;1;1;section_header;heading;COMUNE DI AUSONIA;"{""l"": 193.11000061, ""t"": 792.8310255840624, ""r"": 457.78200061, ""b"": 773.0913892204261, ""coord_origin"": ""BOTTOMLEFT""}";;;;False
atto_1;docling;json;atto_1.json;2;1;section_header;heading;Provincia di Frosinone;"{""l"": 234.95000457999998, ""t"": 766.8640247540625, ""r"": 414.44600457999996, ""b"": 752.0592974813352, ""coord_origin"": ""BOTTOMLEFT""}";;;;False
atto_1;docling;json;atto_1.json;3;1;section_header;heading;COPIA DI DELIBERAZIONE DELLA GIUNTA COMUNALE;"{""l"": 130.50699996999998, ""t"": 678.2560247040625, ""r"": 517.8869999700001, ""b"": 666.7412368252745, ""coord_origin"": ""BOTTOMLEFT""}";;;;False
atto_1;docling;json;atto_1.json;4;1;section_header;heading;Verbale n. 44 del 18-06-2026;"{""l"": 219.72599793, ""t"": 635.2540186140625, ""r"": 429.0679979299998, ""b"": 622.8818550781509, ""coord_origin"": ""BOTTOMLEFT""}";;;;False
atto_1;docling;json;atto_1.json;5;1;text;text;OGGETTO: D. Lgs. 27.10.2009, n. 150. D. Lgs. 25.05.2017, n. 74. Approvazione relazione sulla performance anno 2025.;"{""l"": 92.15000153, ""t"": 605.8000240140625, ""r"": 555.5160015299997, ""b"": 583.6077630655542, ""coord_origin"": ""BOTTOMLEFT""}";;;;False
atto_1;docling;json;atto_1.json;6;1;text;text;L'anno duemilaventisei, il giorno diciotto del mese di giugno alle ore 12:20 e seg. in Ausonia e nella residenza municipale, nella sala delle adunanze, previa l'osservanza di tutte le formalità prescritte dalle vigenti leggi, sono stati oggi convocati in seduta i componenti della Giunta Comunale.;"{""l"": 92.15000153, ""t"": 567.8530330540625, ""r"": 556.0820015300003, ""b"": 515.8513211418525, ""coord_origin"": ""BOTTOMLEFT""}";;;;False
atto_1;docling;json;atto_1.json;7;1;text;text;Fatto normale appello nominale, risultano:;"{""l"": 162.95000153, ""t"": 498.85802267406245, ""r"": 389.7500015300001, ""b"": 488.2533110718525, ""coord_origin"": ""BOTTOMLEFT""}";;;;False
atto_1;docling;json;atto_1.json;8;1;table;table;[table];"{""l"": 94.24138641357422, ""t"": 476.7091369628906, ""r"": 552.83642578125, ""b"": 366.5215759277344, ""coord_origin"": ""BOTTOMLEFT""}";;;;True
atto_1;docling;json;atto_1.json;9;1;text;text;Assiste il Segretario Comunale Erminio VERNILE, il quale provvede alla redazione del presente verbale. Essendo legale il numero degli intervenuti, il Dott. Benedetto CARDILLO - Sindaco, assume la Presidenza e dichiara aperta la seduta per la trattazione dell'oggetto sopra indicato.;"{""l"": 92.15000153, ""t"": 338.1620387840625, ""r"": 556.0820015300005, ""b"": 286.1603268718525, ""coord_origin"": ""BOTTOMLEFT""}";;;;False
atto_1;docling;json;atto_1.json;10;1;text;text;.;"{""l"": 92.15000153, ""t"": 282.9660549040625, ""r"": 95.48600153, ""b"": 272.36134330185257, ""coord_origin"": ""BOTTOMLEFT""}";;;;False
atto_1;docling;json;atto_1.json;11;2;section_header;heading;PREMESSO che:;"{""l"": 42.54999924, ""t"": 763.3490232140625, ""r"": 126.52199923999999, ""b"": 751.8342353352746, ""coord_origin"": ""BOTTOMLEFT""}";;;PREMESSO;False
atto_1;docling;json;atto_1.json;12;2;list_item;list_item;"-le Amministrazioni Pubbliche devono adottare, in base a quanto disposto dagli artt. 3 e segg. del D. Lgs. n. 150/2009 e del D. Lgs. n. 74/2017, metodi e strumenti idonei a misurare, valutare e premiare la performance individuale e quella organizzativa, secondo criteri strettamente connessi al soddisfacimento dell'interesse del destinatario dei servizi pubblici;";"{""l"": 60.54999924, ""t"": 747.2500241840625, ""r"": 506.65599924, ""b"": 671.3392335352745, ""coord_origin"": ""BOTTOMLEFT""}";;;;False
atto_1;docling;json;atto_1.json;13;2;list_item;list_item;"-la Relazione sulla Performance prevista dall'art. 10, comma 1, lettera b), del D. Lgs. n. 150/2009, costituisce lo strumento mediante il quale l'Amministrazione illustra ai cittadini e a tutti gli altri ' stakeholders ' (portatori di interesse), i risultati ottenuti nel corso dell'anno precedente;";"{""l"": 60.54999924, ""t"": 666.7550176240625, ""r"": 506.64399886, ""b"": 606.9432298152745, ""coord_origin"": ""BOTTOMLEFT""}";;;;False
atto_1;docling;json;atto_1.json;14;2;list_item;list_item;"-per la predisposizione delle linee guida del presente documento sono intervenute le indicazioni sia della CIVIT, ora ANAC, che dell'ANCI, che i Comuni possono prendere a riferimento per la redazione della Relazione sulla Performance;";"{""l"": 60.54999924, ""t"": 602.3590215340625, ""r"": 506.64399885999995, ""b"": 542.5472337252746, ""coord_origin"": ""BOTTOMLEFT""}";;;;False
atto_1;docling;json;atto_1.json;15;2;list_item;list_item;"-la Relazione redatta in collaborazione con i vertici dell'Amministrazione va sottoposta alla Giunta per la sua approvazione, ai sensi dell'art. 10 del D. Lgs. n. 150/2009;";"{""l"": 60.54999924, ""t"": 537.9630101840626, ""r"": 506.64399885999995, ""b"": 494.25022139527465, ""coord_origin"": ""BOTTOMLEFT""}";;;;False
atto_1;docling;json;atto_1.json;16;2;list_item;list_item;"-con la Relazione sulla Performance si intendono rendicontare le attività poste in essere nel corso dell'anno ed i risultati ottenuti, portando a compimento il Ciclo di Gestione della Performance, così come codificato dal legislatore con l'art. 4 del D. Lgs. n. 150/2009 e con il D. Lgs. n. 74/2017, al fine di rendere trasparente l'azione amministrativa ed applicare i meccanismi premiali previsti dal decreto citato, tenendo in debita considerazione, in linea di principio, le indicazioni fornite dalla Commissione (CIVIT), ora ANAC, per rendere il Ciclo trasparente e leggibile, anche per ottenere la validazione del Nucleo di Valutazione;";"{""l"": 60.54999924, ""t"": 489.6660131140624, ""r"": 506.65599923999986, ""b"": 349.3592187452746, ""coord_origin"": ""BOTTOMLEFT""}";;;;False
atto_1;docling;json;atto_1.json;17;2;section_header;heading;VISTO:;"{""l"": 42.54999924, ""t"": 328.6760228740625, ""r"": 80.27999924, ""b"": 317.1612349952745, ""coord_origin"": ""BOTTOMLEFT""}";;;VISTO;False
atto_1;docling;json;atto_1.json;18;2;list_item;list_item;"-la Deliberazione della Giunta Comunale n. 66 del 04.07.2019, con cui è stato approvato il nuovo regolamento per la misurazione, la valutazione e la trasparenza della performance ex D. Lgs. 27 ottobre 2009, n. 150, adeguato al D. Lgs. n. 74/17;";"{""l"": 60.54999924, ""t"": 312.5770238540624, ""r"": 506.64399885999995, ""b"": 252.7652360452746, ""coord_origin"": ""BOTTOMLEFT""}";;;;False
atto_1;docling;json;atto_1.json;19;2;list_item;list_item;"-i Decreti sindacali di nomina delle Elevate Qualificazioni, in atti;";"{""l"": 60.54999924, ""t"": 248.1809972440625, ""r"": 445.4919988599999, ""b"": 236.66620936527454, ""coord_origin"": ""BOTTOMLEFT""}";;;;False
atto_1;docling;json;atto_1.json;20;2;list_item;list_item;"-la Deliberazione della Giunta Comunale n. 127 del 28.12.2023, con cui è stato approvato il vigente Contratto Collettivo Integrativo (Normativo) del personale del comparto del Comune di Ausonia;";"{""l"": 60.54999924, ""t"": 232.08199821406254, ""r"": 506.65599923999997, ""b"": 188.36920942527468, ""coord_origin"": ""BOTTOMLEFT""}";;;;False
atto_1;docling;json;atto_1.json;21;2;list_item;list_item;"-la Deliberazione consiliare n. 1 del 20.01.2025, con la quale è stato approvato il DUP per l'esercizio 2025/2027;";"{""l"": 60.54999924, ""t"": 183.78500114406245, ""r"": 501.15, ""b"": 156.17121138527455, ""coord_origin"": ""BOTTOMLEFT""}";;;;False
atto_1;docling;json;atto_1.json;22;2;list_item;list_item;"-la Deliberazione consiliare n. 3 del 20.01.2025, con la quale è stato approvato Bilancio di Previsione per l'esercizio 2025/2027;";"{""l"": 60.54999924, ""t"": 151.58700310406255, ""r"": 501.15, ""b"": 123.97321334527464, ""coord_origin"": ""BOTTOMLEFT""}";;;;False
atto_1;docling;json;atto_1.json;23;2;list_item;list_item;"-la Deliberazione della Giunta Comunale n. 8 del 20.01.2025, di approvazione del PEG per l'esercizio 2025/2027;";"{""l"": 60.54999924, ""t"": 119.38900505406252, ""r"": 500.5479999999999, ""b"": 91.77521529527462, ""coord_origin"": ""BOTTOMLEFT""}";;;;False
atto_1;docling;json;atto_1.json;24;2;list_item;list_item;-la Deliberazione della Giunta Comunale n. 42 del 14.04.2025, con la quale è stato approvato il Piano Integrato di Attività ed Organizzazione (PIAO) 2025/2027, ai sensi dell'art. 6 del D.L. n. 80/2021, convertito con;"{""l"": 60.54999924, ""t"": 87.1910070040625, ""r"": 500.55199923999993, ""b"": 43.47821821527464, ""coord_origin"": ""BOTTOMLEFT""}";;;;False
atto_1;docling;json;atto_1.json;25;2;section_header;heading;LA GIUNTA COMUNALE;"{""l"": 190.01200486000002, ""t"": 795.5470250740625, ""r"": 359.18800486000004, ""b"": 784.0322371952745, ""coord_origin"": ""BOTTOMLEFT""}";;;;False
atto_1;docling;json;atto_1.json;26;3;text;text;"modificazioni dalla Legge 113/2021, contenente, tra l'altro, il piano triennale dei fabbisogni del personale 2025/2027, il relativo programma delle assunzioni e la Sottosezione 2.2 sulla Performance, contenente la programmazione degli obiettivi e degli indicatori di performance di efficienza e di efficacia i cui esiti dovranno essere rendicontati nella presente relazione;";"{""l"": 128.15000153, ""t"": 795.5470250740625, ""r"": 550.15200153, ""b"": 703.5372354052746, ""coord_origin"": ""BOTTOMLEFT""}";;;;False
atto_1;docling;json;atto_1.json;27;3;list_item;list_item;"-la Deliberazione consiliare n. 6 dell'11.04.2026, di approvazione del rendiconto dell'esercizio finanziario dell'anno 2025;";"{""l"": 110.15000153, ""t"": 698.9530233040625, ""r"": 550.1480022899999, ""b"": 671.3392335452746, ""coord_origin"": ""BOTTOMLEFT""}";;;;False
atto_1;docling;json;atto_1.json;28;3;text;text;"VISTA l'allegata relazione sulla performance anno 2025, parte integrante e sostanziale del presente provvedimento;";"{""l"": 92.15000153, ""t"": 650.6560186040625, ""r"": 556.25000153, ""b"": 623.0422288452746, ""coord_origin"": ""BOTTOMLEFT""}";;;VISTO;False
atto_1;docling;json;atto_1.json;29;3;section_header;heading;CONSIDERATO che:;"{""l"": 92.15000153, ""t"": 602.3590215340625, ""r"": 190.12200152999998, ""b"": 590.8442336552746, ""coord_origin"": ""BOTTOMLEFT""}";;;CONSIDERATO;False
atto_1;docling;json;atto_1.json;30;3;list_item;list_item;"-gli obiettivi che l'Amministrazione ha inteso perseguire nell'anno 2025 si ritengono sostanzialmente raggiunti e sono strettamente legati alla premialità, ossia alla distribuzione delle risorse derivanti dal Fondo delle risorse destinato alla produttività in base ai criteri di programmazione e valutazione sopra illustrati;";"{""l"": 110.15000153, ""t"": 586.2600225140625, ""r"": 556.24400115, ""b"": 510.34923186527453, ""coord_origin"": ""BOTTOMLEFT""}";;;;False
atto_1;docling;json;atto_1.json;31;3;list_item;list_item;"-con la relazione sulla performance si intende favorevolmente adempiuto anche al Controllo di Gestione, come previsto dall'art. 7 e segg. del regolamento comunale sul sistema dei controlli interni ex D.L. 10.10.2012, n. 174, convertito in L. 07.12.2012, n. 213;";"{""l"": 110.15000153, ""t"": 505.76501213406243, ""r"": 556.2560015299999, ""b"": 445.95322432527456, ""coord_origin"": ""BOTTOMLEFT""}";;;;False
atto_1;docling;json;atto_1.json;32;3;list_item;list_item;"-ai sensi dell'art. 14, comma 4, lettera c), e comma 6, del D. Lgs. n. 150/2009, la relazione dovrà essere validata dal Nucleo di Valutazione quale condizione inderogabile per l'accesso agli strumenti premiali di cui al Titolo III del decreto in oggetto;";"{""l"": 110.15000153, ""t"": 441.36901604406245, ""r"": 556.2440011499998, ""b"": 381.5572282352746, ""coord_origin"": ""BOTTOMLEFT""}";;;;False
atto_1;docling;json;atto_1.json;33;3;list_item;list_item;"-con decreto sindacale n. 2/2025 del 01/04/2025, ai sensi dell'art. 7 del vigente regolamento comunale sull'ordinamento degli uffici e dei servizi, per i compiti in esso contemplati e per le competenze previste da altre norme di legge, è stato nominato il Nucleo di Valutazione esterno dell'Ente, in forma monocratica, nella persona del Dott. Lucio Migliorelli;";"{""l"": 110.15000153, ""t"": 376.97301994406246, ""r"": 556.25600153, ""b"": 301.0622292952746, ""coord_origin"": ""BOTTOMLEFT""}";;;;False
atto_1;docling;json;atto_1.json;34;3;section_header;heading;ATTESO che:;"{""l"": 92.15000153, ""t"": 280.3789952840625, ""r"": 159.01400153, ""b"": 268.86420740527456, ""coord_origin"": ""BOTTOMLEFT""}";;;ATTESO;False
atto_1;docling;json;atto_1.json;35;3;list_item;list_item;"-i responsabili di settore dell'ente titolari di incarichi di Elevata Qualificazione, ai sensi del vigente regolamento sul sistema di misurazione e valutazione della performance hanno redatto le schede di valutazione del personale dipendente, in atti;";"{""l"": 110.15000153, ""t"": 264.27999626406245, ""r"": 556.2440011499998, ""b"": 204.46820845527452, ""coord_origin"": ""BOTTOMLEFT""}";;;;False
atto_1;docling;json;atto_1.json;36;3;list_item;list_item;"-il Nucleo di Valutazione del Comune di Ausonia, con proprio verbale del 16/06/2026, acquisto al protocollo generale dell'ente al n. 3914 del 18/06/2026, ai sensi del vigente regolamento sul sistema di misurazione e valutazione della performance, ha trasmesso la proposta di graduatoria della valutazione della performance dei responsabili di settore dell'ente titolari di incarichi di Elevata Qualificazione relativa all'anno 2025;";"{""l"": 110.15000153, ""t"": 199.88400017406252, ""r"": 556.25600153, ""b"": 107.87421050527462, ""coord_origin"": ""BOTTOMLEFT""}";;;;False
atto_1;docling;json;atto_1.json;37;3;list_item;list_item;"-da dette schede di valutazione emerge un complessivo esito positivo di valutazione del personale dipendente, in particolare dei responsabili di settore titolari di incarichi di Elevata Qualificazione, in linea con gli obiettivi prefissati per l'anno 2025 ed i rispettivi risultati ATTESI e raggiunti;";"{""l"": 110.15000153, ""t"": 103.29000603406246, ""r"": 556.24400115, ""b"": 43.47821822527453, ""coord_origin"": ""BOTTOMLEFT""}";;;;False
atto_1;docling;json;atto_1.json;38;4;list_item;list_item;"-il Sindaco ha avallato le valutazioni dei responsabili di settore titolari di incarichi di Elevata Qualificazione e quelle rese da Nucleo di Valutazione per questi ultimi, in quanto si ritengono sostanzialmente raggiunti gli obiettivi che l'Amministrazione ha inteso perseguire nell'anno 2025;";"{""l"": 60.54999924, ""t"": 795.5470250740625, ""r"": 506.64399885999995, ""b"": 735.7352372652746, ""coord_origin"": ""BOTTOMLEFT""}";;;;False
atto_1;docling;json;atto_1.json;39;4;text;text;"RITENUTO, pertanto, di dover provvedere ad approvare, ai sensi dell'art. 10 del D. Lgs. n. 150/2009, l'allegata relazione sulla performance relativa all'anno 2025, parte integrante e sostanziale del presente provvedimento, e di trasmetterla, ai sensi dell'art. 14, comma 4, lettera c), e comma 6, del D. Lgs. 150/2009, al Nucleo di Valutazione per la relativa validazione, quale condizione inderogabile per l'accesso agli strumenti premiali di cui al Titolo III del decreto in oggetto, oltre che all' ANAC ai sensi dell'art. 10 del D. Lgs. 150/2009;";"{""l"": 42.54999924, ""t"": 715.0520223240625, ""r"": 506.64999923999994, ""b"": 606.9432336252746, ""coord_origin"": ""BOTTOMLEFT""}";;;RITENUTO;False
atto_1;docling;json;atto_1.json;40;4;text;text;"VISTI i pareri favorevoli di regolarità tecnica e contabile espressi, rispettivamente, dal responsabile del Settore amministrativo e dal Responsabile del servizio finanziario ai sensi dell'art. 49 del D. Lgs. 18.08.2000, n. 267;";"{""l"": 42.54999924, ""t"": 586.2600225140625, ""r"": 506.64999924000017, ""b"": 542.5472337252746, ""coord_origin"": ""BOTTOMLEFT""}";;;VISTI_PARERI;False
atto_1;docling;json;atto_1.json;41;4;text;text;"Con votazione unanime e favorevole resa in forma palese;";"{""l"": 42.54999924, ""t"": 521.8640111540625, ""r"": 371.81599924000005, ""b"": 510.3492232752746, ""coord_origin"": ""BOTTOMLEFT""}";0.0;;;False
atto_1;docling;json;atto_1.json;42;4;section_header;heading;DELIBERA;"{""l"": 236.28399277, ""t"": 489.6660131140624, ""r"": 312.91999276999996, ""b"": 478.1512252352746, ""coord_origin"": ""BOTTOMLEFT""}";;DELIBERA;DELIBERA;False
atto_1;docling;json;atto_1.json;43;4;list_item;list_item;"Di considerare la PREMESSA narrativa parte integrante e sostanziale del presente provvedimento;";"{""l"": 60.54999924, ""t"": 457.46801506406246, ""r"": 506.64399886000007, ""b"": 429.8542253052746, ""coord_origin"": ""BOTTOMLEFT""}";;;;False
atto_1;docling;json;atto_1.json;44;4;list_item;list_item;"Di approvare, ai sensi dell'art. 10 del D. Lgs. 150/2009, l'allegata relazione sulla performance relativa all'anno 2025, parte integrante e sostanziale del presente provvedimento;";"{""l"": 60.54999924, ""t"": 409.1710179940624, ""r"": 506.64399885999995, ""b"": 365.45822920527456, ""coord_origin"": ""BOTTOMLEFT""}";;;;False
atto_1;docling;json;atto_1.json;45;4;list_item;list_item;"Di trasmettere, ai sensi dell'art. 14, comma 4, lettera c), e comma 6, del D. Lgs. n. 150/2009, la suddetta relazione al Nucleo di Valutazione, per la relativa validazione, quale condizione inderogabile per l'accesso agli strumenti premiali di cui al Titolo III del Decreto in oggetto, oltre che all' ANAC ai sensi dell'art. 10 del D. Lgs. n. 150/2009;";"{""l"": 60.54999924, ""t"": 344.77502190406244, ""r"": 506.6439988599997, ""b"": 268.8642312552746, ""coord_origin"": ""BOTTOMLEFT""}";;;;False
atto_1;docling;json;atto_1.json;46;4;list_item;list_item;"Di dare ATTO che con la relazione sulla performance si intende favorevolmente adempiuto anche al Controllo di Gestione, come previsto dagli art. 7 e segg. del vigente regolamento comunale sul sistema dei controlli interni ex D.L. 10.10.2012, n. 174, conv. in L. 07.12.2012, n. 213;";"{""l"": 60.54999924, ""t"": 248.1809972440625, ""r"": 506.65599924, ""b"": 188.36920943527457, ""coord_origin"": ""BOTTOMLEFT""}";;;;False
atto_1;docling;json;atto_1.json;47;4;list_item;list_item;Di pubblicare la presente deliberazione all'albo pretorio del Comune e sulla pagina dell'Amministrazione Trasparente - Sottosezione 'Performance'.;"{""l"": 60.54999924, ""t"": 167.6860021240625, ""r"": 506.6439988599999, ""b"": 140.0722123652746, ""coord_origin"": ""BOTTOMLEFT""}";;;;False
atto_1;docling;json;atto_1.json;48;4;text;text;Con separata votazione, ad esito favorevole ed unanime, in considerazione della rivestita urgenza, la presente deliberazione viene resa immediatamente eseguibile ai sensi dell'art. 134, comma 4, del D. Lgs. n. 267/2000.;"{""l"": 42.54999924, ""t"": 119.38900505406252, ""r"": 506.64999924000006, ""b"": 75.67621626527466, ""coord_origin"": ""BOTTOMLEFT""}";;;;False
atto_1;docling;json;atto_1.json;49;6;text;text;Letto, confermato e sottoscritto.;"{""l"": 42.54999924, ""t"": 772.6320258740625, ""r"": 185.39999924000003, ""b"": 763.7947662055542, ""coord_origin"": ""BOTTOMLEFT""}";;;;True
atto_1;docling;json;atto_1.json;50;6;text;text;IL Sindaco f.to Dott. Benedetto CARDILLO;"{""l"": 85.52000046, ""t"": 749.6340266840625, ""r"": 227.26000046000001, ""b"": 729.2977674155542, ""coord_origin"": ""BOTTOMLEFT""}";;;;False
atto_1;docling;json;atto_1.json;51;6;text;text;IL Segretario Comunale f.to Dott. Erminio VERNILE;"{""l"": 330.68099595, ""t"": 749.6340266840625, ""r"": 453.50099594999995, ""b"": 729.2977674155542, ""coord_origin"": ""BOTTOMLEFT""}";;;;False
atto_1;docling;json;atto_1.json;52;6;text;text;______________________________;"{""l"": 71.57699966999999, ""t"": 715.1370278940625, ""r"": 241.20699967000004, ""b"": 706.2997682255542, ""coord_origin"": ""BOTTOMLEFT""}";;;;False
atto_1;docling;json;atto_1.json;53;6;text;text;______________________________;"{""l"": 307.27699662, ""t"": 715.1370278940625, ""r"": 476.90699662000003, ""b"": 706.2997682255542, ""coord_origin"": ""BOTTOMLEFT""}";;;;False
atto_1;docling;json;atto_1.json;54;6;text;text;Il sottoscritto Segretario Comunale, VISTI gli atti di ufficio:;"{""l"": 77.94999924, ""t"": 656.1420184740625, ""r"": 328.04999924, ""b"": 647.3047588055542, ""coord_origin"": ""BOTTOMLEFT""}";;;;False
atto_1;docling;json;atto_1.json;55;6;section_header;heading;ATTESTA;"{""l"": 249.79600144, ""t"": 633.1440326340625, ""r"": 298.68600144, ""b"": 624.3067729655542, ""coord_origin"": ""BOTTOMLEFT""}";;ATTESTA;ATTESTA;False
atto_1;docling;json;atto_1.json;56;6;text;text;Che la presente deliberazione:;"{""l"": 42.54999924, ""t"": 610.1460315340624, ""r"": 180.96999924000002, ""b"": 601.3087718655541, ""coord_origin"": ""BOTTOMLEFT""}";;;;False
atto_1;docling;json;atto_1.json;57;6;checkbox_selected;other; viene dichiarata immediatamente eseguibile (art. 134, 4° comma del D. Lvo 267/2000);"{""l"": 42.54999924, ""t"": 577.4790222540624, ""r"": 447.4999984799998, ""b"": 566.3790222540624, ""coord_origin"": ""BOTTOMLEFT""}";;;;False
atto_1;docling;json;atto_1.json;58;6;checkbox_unselected;other; è divenuta esecutiva il 18-06-2026;"{""l"": 42.54999924, ""t"": 554.4810211540625, ""r"": 218.94999848000006, ""b"": 543.3810211540625, ""coord_origin"": ""BOTTOMLEFT""}";;;;False
atto_1;docling;json;atto_1.json;59;6;checkbox_selected;other; viene comunicata in elenco ai Capigruppo Consiliari (art. 125);"{""l"": 42.54999924, ""t"": 519.9840118840625, ""r"": 339.5499984799999, ""b"": 508.8840118840625, ""coord_origin"": ""BOTTOMLEFT""}";;;;False
atto_1;docling;json;atto_1.json;60;6;text;text;IL Segretario Comunale f.to Dott. Erminio VERNILE;"{""l"": 212.83100367, ""t"": 495.15602604406246, ""r"": 335.65100366999997, ""b"": 474.81976677555417, ""coord_origin"": ""BOTTOMLEFT""}";;;;False
atto_1;docling;json;atto_1.json;61;6;text;text;______________________________;"{""l"": 189.42700053, ""t"": 460.6590272540625, ""r"": 359.05700053000004, ""b"": 451.8217675855542, ""coord_origin"": ""BOTTOMLEFT""}";;;;False
atto_1;docling;json;atto_1.json;62;6;text;text;Il sottoscritto responsabile del servizio delle pubblicazioni;"{""l"": 42.54999924, ""t"": 401.6640216440625, ""r"": 298.23999924000003, ""b"": 392.8267619755542, ""coord_origin"": ""BOTTOMLEFT""}";;;;False
atto_1;docling;json;atto_1.json;63;6;section_header;heading;ATTESTA;"{""l"": 250.34699631, ""t"": 378.66603580406246, ""r"": 298.13699631, ""b"": 369.82877613555416, ""coord_origin"": ""BOTTOMLEFT""}";;ATTESTA;ATTESTA;False
atto_1;docling;json;atto_1.json;64;6;text;text;Che la presente deliberazione è stata pubblicata, in DATA odierna, per 15 giorni consecutivi dal 18-06- 2026 al 03-07-2026 al numero 387 nel sito web istituzionale di questo Comune accessibile al pubblico al portale www.comunediausonia.it (art. 32, comma 1, della legge 18 giugno 2009, n. 69).;"{""l"": 42.54999924, ""t"": 355.66801944406245, ""r"": 505.92999924000003, ""b"": 323.83276153555414, ""coord_origin"": ""BOTTOMLEFT""}";;;;False
atto_1;docling;json;atto_1.json;65;6;text;text;Dalla Residenza Municipale, lì 18-06-2026;"{""l"": 42.54999924, ""t"": 298.17302433406246, ""r"": 233.2099992400001, ""b"": 289.33576466555417, ""coord_origin"": ""BOTTOMLEFT""}";;;;False
atto_1;docling;json;atto_1.json;66;6;text;text;IL Responsabile Procedimento Pubblicazione f.to Sig. Onofrio CORENO;"{""l"": 164.77399588999998, ""t"": 275.1750079740625, ""r"": 383.7039958900001, ""b"": 254.83874870555428, ""coord_origin"": ""BOTTOMLEFT""}";;;;False
atto_1;docling;json;atto_1.json;67;6;text;text;______________________________;"{""l"": 189.42699671999998, ""t"": 240.6780091840625, ""r"": 359.05699672000003, ""b"": 231.8407495155542, ""coord_origin"": ""BOTTOMLEFT""}";;;;False
atto_1;docling;json;atto_1.json;68;6;text;text;__________________________________________________________________________________;"{""l"": 42.54999924, ""t"": 194.68202701406244, ""r"": 501.37999924, ""b"": 185.84476734555415, ""coord_origin"": ""BOTTOMLEFT""}";;;;False
atto_1;docling;json;atto_1.json;69;6;text;text;Copia conforme all'originale, in carta libera per uso amministrativo.;"{""l"": 92.20000077, ""t"": 171.6840411740625, ""r"": 390.11000077000006, ""b"": 162.8467815055542, ""coord_origin"": ""BOTTOMLEFT""}";;;;False
atto_1;docling;json;atto_1.json;70;6;text;text;Dalla Residenza Municipale, li 18-06-2026;"{""l"": 92.20000077, ""t"": 148.68605533406242, ""r"": 282.3100007700001, ""b"": 139.84879566555412, ""coord_origin"": ""BOTTOMLEFT""}";;;;False
atto_1;docling;json;atto_1.json;71;6;text;text;IL Segretario Comunale;"{""l"": 266.40199519000004, ""t"": 125.68800846406248, ""r"": 381.43199519000007, ""b"": 116.85074879555418, ""coord_origin"": ""BOTTOMLEFT""}";;;;False
atto_1;docling;json;atto_1.json;72;6;text;text;Dott. Erminio VERNILE;"{""l"": 270.84299708000003, ""t"": 114.18900886406243, ""r"": 376.98299708, ""b"": 105.35174919555425, ""coord_origin"": ""BOTTOMLEFT""}";;;;False
atto_1;docling;json;atto_1.json;73;6;text;text;______________________________;"{""l"": 239.10199595, ""t"": 91.19100967406246, ""r"": 408.73199595000006, ""b"": 82.35375000555416, ""coord_origin"": ""BOTTOMLEFT""}";;;;False
atto_10;docling;json;atto_10.json;1;1;picture;figure;[figure];"{""l"": 59.21914291381836, ""t"": 792.6263580322266, ""r"": 101.5780258178711, ""b"": 729.0792922973633, ""coord_origin"": ""BOTTOMLEFT""}";;;;True
atto_10;docling;json;atto_10.json;2;1;text;text; P.zza Asproni - 08021  0784 41 80 20 fax 0784 41 43 08;"{""l"": 56.664, ""t"": 703.6188229101563, ""r"": 141.23, ""b"": 677.5892629101563, ""coord_origin"": ""BOTTOMLEFT""}";;;;False
atto_10;docling;json;atto_10.json;3;1;section_header;heading;DELIBERAZIONE DELLA GIUNTA COMUNALE;"{""l"": 116.9, ""t"": 661.1849029101563, ""r"": 482.41, ""b"": 647.7606083647017, ""coord_origin"": ""BOTTOMLEFT""}";;;;False
atto_10;docling;json;atto_10.json;4;1;table;table;[table];"{""l"": 42.160335540771484, ""t"": 627.6868133544922, ""r"": 569.9047241210938, ""b"": 594.1407012939453, ""coord_origin"": ""BOTTOMLEFT""}";;;;True
atto_10;docling;json;atto_10.json;5;1;text;text;L'anno duemilaventisei, addì 04 del mese di Giugno alle ore 20:00 nella sala delle adunanze del Comune suddetto, convocata regolarmente la Giunta Municipale, si è la medesima riunita nelle persone seguenti:;"{""l"": 63.744, ""t"": 580.6599829101563, ""r"": 526.1077599999999, ""b"": 559.5399829101563, ""coord_origin"": ""BOTTOMLEFT""}";;;;False
atto_10;docling;json;atto_10.json;6;1;table;table;[table];"{""l"": 60.513031005859375, ""t"": 548.7622375488281, ""r"": 546.0728759765625, ""b"": 452.7994689941406, ""coord_origin"": ""BOTTOMLEFT""}";;;;True
atto_10;docling;json;atto_10.json;7;1;text;text;"La verifica della regolarità della seduta, svolta secondo le modalità STABILITE nel decreto n. 2 del 05/05/2020, in base alla previsione dell'art. 73, del D.L: 17 marzo 2020, n. 18, è stata operata dal Segretario Comunale Dott. Zanzarella Vincenzo Presiede il Sig. Giuseppe Ciccolini nella sua qualità di Sindaco;";"{""l"": 56.664, ""t"": 439.1599829101563, ""r"": 540.8224799999999, ""b"": 406.39998291015627, ""coord_origin"": ""BOTTOMLEFT""}";;;;False
atto_10;docling;json;atto_10.json;8;1;text;text;Partecipa con funzioni consultive referenti e di assistenza e ne cura la relativa verbalizzazione il Segretario Comunale Dott. Zanzarella Vincenzo. Il Sindaco, constatato il numero legale degli intervenuti, dichiara aperta la riunione e li invita a DELIBERARE sull'oggetto sopraindicato.;"{""l"": 56.664, ""t"": 404.3599829101563, ""r"": 540.8024399999999, ""b"": 371.5999829101563, ""coord_origin"": ""BOTTOMLEFT""}";;;;False
atto_10;docling;json;atto_10.json;9;1;section_header;heading;LA GIUNTA COMUNALE;"{""l"": 252.41, ""t"": 357.9199829101563, ""r"": 344.93248, ""b"": 348.4399829101563, ""coord_origin"": ""BOTTOMLEFT""}";;;;False
atto_10;docling;json;atto_10.json;10;1;text;text;ACQUISITI i pareri di cui all'articolo 49 del T.U. 267/00:;"{""l"": 56.664, ""t"": 334.7599829101563, ""r"": 260.54088000000013, ""b"": 325.27998291015626, ""coord_origin"": ""BOTTOMLEFT""}";;;ACQUISITI_PARERI;False
atto_10;docling;json;atto_10.json;11;1;table;table;[table];"{""l"": 55.85599136352539, ""t"": 325.5460205078125, ""r"": 566.58056640625, ""b"": 276.76727294921875, ""coord_origin"": ""BOTTOMLEFT""}";;;;True
atto_10;docling;json;atto_10.json;12;1;table;table;[table];"{""l"": 55.85760498046875, ""t"": 265.3096923828125, ""r"": 566.3676147460938, ""b"": 216.24322509765625, ""coord_origin"": ""BOTTOMLEFT""}";;;;True
atto_10;docling;json;atto_10.json;13;2;text;text;Il presente verbale viene approvato e sottoscritto come segue:;"{""l"": 56.664, ""t"": 769.0899829101563, ""r"": 300.53247999999996, ""b"": 759.6099829101563, ""coord_origin"": ""BOTTOMLEFT""}";;;;False
atto_10;docling;json;atto_10.json;14;2;text;text;Il Sindaco (Sig. Giuseppe Ciccolini);"{""l"": 250.73, ""t"": 749.7699829101563, ""r"": 346.61248, ""b"": 728.6499829101563, ""coord_origin"": ""BOTTOMLEFT""}";;;;False
atto_10;docling;json;atto_10.json;15;2;text;text;Il Segretario Comunale (Dott. Zanzarella Vincenzo);"{""l"": 245.57, ""t"": 714.9699829101563, ""r"": 351.77248, ""b"": 693.8499829101563, ""coord_origin"": ""BOTTOMLEFT""}";;;;False
atto_10;docling;json;atto_10.json;16;2;text;text;Il sottoscritto Segretario comunale, VISTI gli atti d'ufficio,;"{""l"": 56.664, ""t"": 654.4899829101563, ""r"": 272.4477600000002, ""b"": 645.0099829101563, ""coord_origin"": ""BOTTOMLEFT""}";;;;False
atto_10;docling;json;atto_10.json;17;2;text;text;ATTESTA;"{""l"": 280.73, ""t"": 642.8499829101563, ""r"": 316.73247999999995, ""b"": 633.3699829101563, ""coord_origin"": ""BOTTOMLEFT""}";;ATTESTA;ATTESTA;False
atto_10;docling;json;atto_10.json;18;2;text;text;che la presente deliberazione:;"{""l"": 56.664, ""t"": 625.4499829101563, ""r"": 174.96248, ""b"": 615.9699829101563, ""coord_origin"": ""BOTTOMLEFT""}";;;;False
atto_10;docling;json;atto_10.json;19;2;list_item;list_item; È stata affissa all'Albo Pretorio Comunale per quindici giorni consecutivi, dal 05/06/2026 al 20/06/2026 ai sensi dell'art.;"{""l"": 58.824, ""t"": 608.2190629101563, ""r"": 540.7674399999999, ""b"": 598.5399829101563, ""coord_origin"": ""BOTTOMLEFT""}";;;;False
atto_10;docling;json;atto_10.json;20;2;text;text;"124, comma 1, D.Lgs. 267/2000 senza reclami;";"{""l"": 78.024, ""t"": 590.6199829101563, ""r"": 258.87248, ""b"": 581.1399829101563, ""coord_origin"": ""BOTTOMLEFT""}";;;;False
atto_10;docling;json;atto_10.json;21;2;checkbox_selected;other; È diventata esecutiva il giorno 04/06/2026;"{""l"": 58.824, ""t"": 573.4190629101563, ""r"": 235.11248, ""b"": 563.7399829101563, ""coord_origin"": ""BOTTOMLEFT""}";;;;False
atto_10;docling;json;atto_10.json;22;2;checkbox_unselected;other;" Perché dichiarata immediatamente eseguibile (art 134, comma 4, D.Lgs. 267/2000);";"{""l"": 73.584, ""t"": 556.0190629101563, ""r"": 409.01248, ""b"": 546.3399829101563, ""coord_origin"": ""BOTTOMLEFT""}";;;;False
atto_10;docling;json;atto_10.json;23;2;checkbox_unselected;other;" Perché decorsi 10 giorni dalla pubblicazione (art. 134, comma 3, D. Lgs. 267/2000);";"{""l"": 73.584, ""t"": 538.6190629101562, ""r"": 405.29247999999995, ""b"": 528.9399829101562, ""coord_origin"": ""BOTTOMLEFT""}";;;;False
atto_10;docling;json;atto_10.json;24;2;text;text;Dalla residenza comunale, lì 05/06/2026;"{""l"": 56.664, ""t"": 503.7399829101563, ""r"": 214.35248, ""b"": 494.2599829101563, ""coord_origin"": ""BOTTOMLEFT""}";;;;False
atto_10;docling;json;atto_10.json;25;2;text;text;Il Segretario Comunale (Dott. Dott. Zanzarella Vincenzo);"{""l"": 269.09, ""t"": 503.7399829101563, ""r"": 436.76248, ""b"": 482.6199829101563, ""coord_origin"": ""BOTTOMLEFT""}";;;;False
atto_10;docling;json;atto_10.json;26;3;section_header;heading;Oggetto. Concessione contributo Associazione Sinnos di Bitti per presentazione del libro Arvores -Chiarori di Marilena Rosu;"{""l"": 56.664, ""t"": 768.4829029101563, ""r"": 541.1144800000001, ""b"": 748.585335637429, ""coord_origin"": ""BOTTOMLEFT""}";;;;False
atto_10;docling;json;atto_10.json;27;3;section_header;heading;LA GIUNTA;"{""l"": 269.45, ""t"": 745.4429029101564, ""r"": 328.36, ""b"": 737.065335637429, ""coord_origin"": ""BOTTOMLEFT""}";;;;False
atto_10;docling;json;atto_10.json;28;3;text;text;"VISTA la Deliberazione CC n. 3 del 13/03/2026 di approvazione del documento unico di programmazione (DUP) -periodo 2026-2028 discussione e conseguente deliberazione (art. 170, comma 1, del d.lgs. n. 267/2000);";"{""l"": 56.664, ""t"": 722.5622629101563, ""r"": 538.72, ""b"": 702.5867029101563, ""coord_origin"": ""BOTTOMLEFT""}";;;VISTO;False
atto_10;docling;json;atto_10.json;29;3;text;text;"VISTA la Deliberazione del Consiglio Comunale N. 4 DEL 13/03/2026 avente per oggetto APPROVAZIONE DEL BILANCIO DI PREVISIONE FINANZIARIO 2026-2028 (ART. 151 DEL D.LGS. N. 267/2000 E ART. 10, D.LGS. N. 118/2011);";"{""l"": 56.664, ""t"": 688.1222629101563, ""r"": 540.7804400000008, ""b"": 656.5067029101563, ""coord_origin"": ""BOTTOMLEFT""}";;;VISTO;False
atto_10;docling;json;atto_10.json;30;3;text;text;"VISTO il decreto legislativo 23/6/2011 n. 118, emanato in attuazione degli art. 1 e 2 della legge 5 maggio 2009 n. 42 recante 'Disposizioni in materia di armonizzazione dei sistemi contabili e degli schemi di bilancio delle regioni, degli enti locali e dei loro organismi';";"{""l"": 56.664, ""t"": 642.1622629101563, ""r"": 540.5506800000005, ""b"": 610.5467029101563, ""coord_origin"": ""BOTTOMLEFT""}";;;VISTO;False
atto_10;docling;json;atto_10.json;31;3;text;text;"VISTO il decreto legislativo 18 agosto 2000, n. 267, come modificato e integrato dal D.Lgs. 10 agosto 2014, n. 126, dalla L. 23 dicembre 2014, n. 190 e dal D.L. 19 giugno 2015, n. 78, convertito, con modificazioni, dalla L. 6 agosto 2015, n. 125 e in particolare gli artt. 107, 163, 183, 185 e 191;";"{""l"": 56.664, ""t"": 596.0522629101563, ""r"": 540.4783200000007, ""b"": 564.5567029101563, ""coord_origin"": ""BOTTOMLEFT""}";;;VISTO;False
atto_10;docling;json;atto_10.json;32;3;text;text;"VISTA la Legge n. 241/1990, concernente ""Nuove norme in materia di procedimento amministrativo e di diritto di accesso ai documenti amministrativi"";";"{""l"": 56.664, ""t"": 550.0922629101564, ""r"": 540.4759200000004, ""b"": 529.9967029101563, ""coord_origin"": ""BOTTOMLEFT""}";;;VISTO;False
atto_10;docling;json;atto_10.json;33;3;text;text;"VISTO il D.P.R. del 28 dicembre 2000 n. 445, concernente ""Testo unico delle disposizioni legislative e regolamentari in materia di documentazione amministrativa"";";"{""l"": 56.664, ""t"": 515.6522629101563, ""r"": 540.4884000000005, ""b"": 495.55670291015633, ""coord_origin"": ""BOTTOMLEFT""}";;;VISTO;False
atto_10;docling;json;atto_10.json;34;3;text;text;"VISTA la richiesta presentata dall'Associazine Sinnos con sede a Bitti le cui generalità sono presenti in atti per la presentazione del libro di poesie Arvores -Chiarori di Mariateresa Rosu ;";"{""l"": 56.664, ""t"": 481.0922629101563, ""r"": 541.14112, ""b"": 460.99670291015633, ""coord_origin"": ""BOTTOMLEFT""}";;;VISTO;False
atto_10;docling;json;atto_10.json;35;3;text;text;"RILEVATO che la giurisprudenza contabile, ormai consolidata, che ha VISTO il pronunciamento della Sezione di controllo per la Liguria 6/2011, 7/2011 11/2011, della Sezione Regionale di controllo per la Lombardia con Parere Esito n.1075/2010 n. 6/2011/PAR, PAR. n.89/2013, e PAR. n. 379/2013 della Sezione di Controllo per il Piemonte secondo le quali 'sono tutt'ora ammesse le contribuzioni a soggetti terzi per iniziative culturali, artistiche, sociali e di promozione turistica che mirano a realizzare gli interessi, economici e non, della collettività amministrata, ossia le finalità istituzionali dell'Ente' e ancora viene chiarito che nel divieto di erogazione dei contributi ' risulta, invece, esclusa l'attività svolta in favore dei cittadini, ' id est' della comunità amministrata, seppure quale esercizio mediato di finalità istituzionali dell'Ente locale e dunque nell'interesse di quest'ultimo;";"{""l"": 56.664, ""t"": 446.6322629101563, ""r"": 541.12096, ""b"": 357.5367029101563, ""coord_origin"": ""BOTTOMLEFT""}";;;RILEVATO;False
atto_10;docling;json;atto_10.json;36;3;text;text;VISTO l'articolo 3 della legge 13 agosto 2010, n. 136 (pubblicata sulla G.U. 23 agosto 2010, n. 196), come modificato dalla legge n. 217/2010 di conversione del decreto legge n. 187/2010, nell'articolo 6 della stessa legge n. 136 in tema di sanzioni, nonché nell'articolo 6 del decreto legge n. 187/2010, come modificato dalla legge n. 217/2010 che contiene la disciplina transitoria e alcune norme interpretative e di attuazione del predetto articolo 3 riguardate norme relative al 'Piano straordinario contro le mafie' e riguardante le indicazioni 'Sulla tracciabilità dei flussi finanziari',;"{""l"": 56.664, ""t"": 343.0722629101563, ""r"": 540.4909200000008, ""b"": 288.50670291015626, ""coord_origin"": ""BOTTOMLEFT""}";;;VISTO;False
atto_10;docling;json;atto_10.json;37;3;text;text;"DATO ATTO che viene indicato che le uniche forme di contribuzione consentite da parte di Enti Pubblici sono a favore di Associazioni, fondazioni, società sportive, altri Enti pubblici, Scuole ecc e devono riguardare spese correnti ( es. gestione, organizzazione di manifestazioni, eventi, promozioni, iniziative sociali, culturali, turistiche, ricreative, sportive, ecc. ) e che per le liquidazioni di detti contributi devono essere assolti gli obblighi della tracciabilità ma non deve essere indicato il CIG;";"{""l"": 56.664, ""t"": 274.0422629101563, ""r"": 540.9380800000006, ""b"": 219.50670291015626, ""coord_origin"": ""BOTTOMLEFT""}";;;DATO_ATTO;False
atto_10;docling;json;atto_10.json;38;3;text;text;"RITENUTO necessario provvedere in merito, concedendo un contributo pari a € 500,00 a sostegno della richiesta presentata dall'Associazine Sinnos con sede a Bitti le cui generalità sono pre senti in atti per la presentazione del libro di poesie Arvores -Chiarori di Mariateresa Rosu;";"{""l"": 56.664, ""t"": 205.0422629101563, ""r"": 541.13464, ""b"": 173.54670291015623, ""coord_origin"": ""BOTTOMLEFT""}";;;RITENUTO;False
atto_10;docling;json;atto_10.json;39;3;text;text;"RITENUTO necessario demandare al responsabile del servizio Socio Culturale e al responsabile del servizio finanziario l'adozione degli atti consequenziali alla presente deliberazione, fra cui l'assunzione dell'impegno di spesa, negli interventi ove si trova la copertura per la realizzazione delle summenzionate iniziative cap. 1048/99;";"{""l"": 56.664, ""t"": 159.08226291015626, ""r"": 540.6140000000004, ""b"": 127.44670291015632, ""coord_origin"": ""BOTTOMLEFT""}";;;RITENUTO;False
atto_10;docling;json;atto_10.json;40;3;text;text;"ACQUISITI i pareri di cui all'art. 49 del D.lgs. n.267/2000;";"{""l"": 56.664, ""t"": 113.10226291015624, ""r"": 284.0347200000001, ""b"": 104.52670291015625, ""coord_origin"": ""BOTTOMLEFT""}";;;ACQUISITI_PARERI;False
atto_10;docling;json;atto_10.json;41;3;page_footer;footer;DELIBERA;"{""l"": 259.25, ""t"": 88.59406291015625, ""r"": 338.71, ""b"": 79.30808472833814, ""coord_origin"": ""BOTTOMLEFT""}";;DELIBERA;DELIBERA;True
atto_10;docling;json;atto_10.json;42;4;text;text;"Di approvare , per le motivazioni espresse in PREMESSA, la proposta presentata approvando e concedendo un contributo pari a € 500,00 all'Associazine Sinnos con sede a Bitti le cui generalità sono presenti in atti per la presentazione del libro di poesie Arvores -Chiarori di Mariateresa Rosu;";"{""l"": 74.664, ""t"": 768.6422629101563, ""r"": 541.1237199999999, ""b"": 737.0267029101564, ""coord_origin"": ""BOTTOMLEFT""}";;;;False
atto_10;docling;json;atto_10.json;43;4;text;text;"Di demandare ai Responsabili del Servizi gli atti di natura gestionale conseguenti all'adozione della presente deliberazione;";"{""l"": 74.664, ""t"": 722.5622629101563, ""r"": 540.7172000000006, ""b"": 702.5867029101563, ""coord_origin"": ""BOTTOMLEFT""}";;;;False
atto_10;docling;json;atto_10.json;44;4;text;text;Di dichiarare la presente deliberazione immediatamente eseguibile ai sensi della normativa;"{""l"": 74.664, ""t"": 688.1222629101563, ""r"": 445.51, ""b"": 679.5467029101563, ""coord_origin"": ""BOTTOMLEFT""}";;;;False
atto_11;docling;json;atto_11.json;1;1;section_header;heading;COMUNE DI AUSONIA;"{""l"": 193.11000061, ""t"": 792.8310255840624, ""r"": 457.78200061, ""b"": 773.0913892204261, ""coord_origin"": ""BOTTOMLEFT""}";;;;False
atto_11;docling;json;atto_11.json;2;1;section_header;heading;Provincia di Frosinone;"{""l"": 234.95000457999998, ""t"": 766.8640247540625, ""r"": 414.44600457999996, ""b"": 752.0592974813352, ""coord_origin"": ""BOTTOMLEFT""}";;;;False
atto_11;docling;json;atto_11.json;3;1;section_header;heading;COPIA DI DELIBERAZIONE DELLA GIUNTA COMUNALE;"{""l"": 130.50699996999998, ""t"": 678.2560247040625, ""r"": 517.8869999700001, ""b"": 666.7412368252745, ""coord_origin"": ""BOTTOMLEFT""}";;;;False
atto_11;docling;json;atto_11.json;4;1;section_header;heading;Verbale n. 40 del 08-06-2026;"{""l"": 219.72599793, ""t"": 635.2540186140625, ""r"": 429.0679979299998, ""b"": 622.8818550781509, ""coord_origin"": ""BOTTOMLEFT""}";;;;False
atto_11;docling;json;atto_11.json;5;1;text;text;OGGETTO: Approvazione programma R...ESTATE AD AUSONIA 2026.;"{""l"": 92.15000153, ""t"": 605.8000240140625, ""r"": 441.43600152999994, ""b"": 595.1953124118526, ""coord_origin"": ""BOTTOMLEFT""}";;;;False
atto_11;docling;json;atto_11.json;6;1;text;text;L'anno duemilaventisei, il giorno otto del mese di giugno alle ore 13:00 e seg. in Ausonia e nella residenza municipale, nella sala delle adunanze, previa l'osservanza di tutte le formalità prescritte dalle vigenti leggi, sono stati oggi convocati in seduta i componenti della Giunta Comunale.;"{""l"": 92.15000153, ""t"": 579.3520259740625, ""r"": 556.0820015300003, ""b"": 527.3503140618525, ""coord_origin"": ""BOTTOMLEFT""}";;;;False
atto_11;docling;json;atto_11.json;7;1;text;text;Fatto normale appello nominale, risultano:;"{""l"": 162.95000153, ""t"": 510.35701559406243, ""r"": 389.7500015300001, ""b"": 499.7523039918525, ""coord_origin"": ""BOTTOMLEFT""}";;;;False
atto_11;docling;json;atto_11.json;8;1;text;text;Presenti / Assenti;"{""l"": 454.18998909, ""t"": 479.77801147406245, ""r"": 538.10998909, ""b"": 470.9407518055542, ""coord_origin"": ""BOTTOMLEFT""}";;;;False
atto_11;docling;json;atto_11.json;9;1;text;text;CARDILLO Benedetto;"{""l"": 95.65000153, ""t"": 457.6530095640625, ""r"": 196.82000153, ""b"": 448.8157498955542, ""coord_origin"": ""BOTTOMLEFT""}";;;;False
atto_11;docling;json;atto_11.json;10;1;text;text;Sindaco;"{""l"": 301.20000458, ""t"": 457.6530095640625, ""r"": 340.12000458, ""b"": 448.8157498955542, ""coord_origin"": ""BOTTOMLEFT""}";;;;False
atto_11;docling;json;atto_11.json;11;1;text;text;Presente;"{""l"": 476.13798905, ""t"": 457.6530095640625, ""r"": 518.9379890499999, ""b"": 448.8157498955542, ""coord_origin"": ""BOTTOMLEFT""}";;;;False
atto_11;docling;json;atto_11.json;12;1;text;text;PINCHERA Stefania;"{""l"": 95.65000153, ""t"": 435.8530103240625, ""r"": 189.58000153, ""b"": 427.0157506555542, ""coord_origin"": ""BOTTOMLEFT""}";;;;False
atto_11;docling;json;atto_11.json;13;1;text;text;Vice Sindaco;"{""l"": 301.20000458, ""t"": 435.8530103240625, ""r"": 362.35000458, ""b"": 427.0157506555542, ""coord_origin"": ""BOTTOMLEFT""}";;;;False
atto_11;docling;json;atto_11.json;14;1;text;text;Presente;"{""l"": 476.13798905, ""t"": 435.8530103240625, ""r"": 518.9379890499999, ""b"": 427.0157506555542, ""coord_origin"": ""BOTTOMLEFT""}";;;;False
atto_11;docling;json;atto_11.json;15;1;text;text;STAGNO Gaetano;"{""l"": 95.65000153, ""t"": 414.0530072740625, ""r"": 181.80000153000003, ""b"": 405.2157476055542, ""coord_origin"": ""BOTTOMLEFT""}";;;;False
atto_11;docling;json;atto_11.json;16;1;text;text;Assessore;"{""l"": 301.20000458, ""t"": 414.0530072740625, ""r"": 350.66000457999996, ""b"": 405.2157476055542, ""coord_origin"": ""BOTTOMLEFT""}";;;;False
atto_11;docling;json;atto_11.json;17;1;text;text;Presente;"{""l"": 476.13798905, ""t"": 414.0530072740625, ""r"": 518.9379890499999, ""b"": 405.2157476055542, ""coord_origin"": ""BOTTOMLEFT""}";;;;False
atto_11;docling;json;atto_11.json;18;1;text;text;Totale;"{""l"": 408.15700912999995, ""t"": 392.2780124340625, ""r"": 438.72700913, ""b"": 383.4407527655542, ""coord_origin"": ""BOTTOMLEFT""}";;;;False
atto_11;docling;json;atto_11.json;19;1;text;text;3;"{""l"": 460.85098839, ""t"": 392.2780124340625, ""r"": 477.53098839, ""b"": 383.4407527655542, ""coord_origin"": ""BOTTOMLEFT""}";;;;False
atto_11;docling;json;atto_11.json;20;1;text;text;0;"{""l"": 517.5510006, ""t"": 392.2780124340625, ""r"": 539.7810006, ""b"": 383.4407527655542, ""coord_origin"": ""BOTTOMLEFT""}";;;;False
atto_11;docling;json;atto_11.json;21;1;text;text;Assiste il Segretario Comunale Erminio VERNILE, il quale provvede alla redazione del presente verbale. Essendo legale il numero degli intervenuti, il Dott. Benedetto CARDILLO - Sindaco, assume la Presidenza e dichiara aperta la seduta per la trattazione dell'oggetto sopra indicato.;"{""l"": 92.15000153, ""t"": 349.66103170406245, ""r"": 556.0820015300005, ""b"": 297.65931979185257, ""coord_origin"": ""BOTTOMLEFT""}";;;;False
atto_11;docling;json;atto_11.json;22;1;text;text;.;"{""l"": 92.15000153, ""t"": 294.4650173040625, ""r"": 95.48600153, ""b"": 283.86030570185255, ""coord_origin"": ""BOTTOMLEFT""}";;;;False
atto_11;docling;json;atto_11.json;23;2;section_header;heading;LA GIUNTA COMUNALE;"{""l"": 201.85299301, ""t"": 796.0980250740624, ""r"": 346.8489930099999, ""b"": 786.2282068922443, ""coord_origin"": ""BOTTOMLEFT""}";;;;False
atto_11;docling;json;atto_11.json;24;2;text;text;"PREMESSO che è intenzione dell'amministrazione comunale promuovere, come nelle annualità precedenti, un programma di iniziative ricreative e culturali da realizzare durante il periodo estivo;";"{""l"": 42.54999924, ""t"": 769.1100253940625, ""r"": 506.4819992400004, ""b"": 730.9053143718526, ""coord_origin"": ""BOTTOMLEFT""}";;;PREMESSO;False
atto_11;docling;json;atto_11.json;25;2;text;text;"VISTO il programma delle suddette iniziative elaborato dall'amministrazione comunale da svolgersi dal 22 maggio al 29 settembre 2026, volto alla valorizzazione del territorio, alla conservazione dell'identità culturale della comunità locale ed al perpetuarsi di usi, costumi e tradizioni popolari anche tipicamente gastronomiche, in allegato alla presente deliberazione;";"{""l"": 42.54999924, ""t"": 713.9100246240624, ""r"": 506.4819992400004, ""b"": 648.1053113118525, ""coord_origin"": ""BOTTOMLEFT""}";;;VISTO;False
atto_11;docling;json;atto_11.json;26;2;text;text;"CONSIDERATO che le attività previste rientrano nelle competenze dell'Ente Locale, svolte nell'interesse della collettività e finalizzate alla valorizzazione territoriale e culturale e allo sviluppo socio-economico locale;";"{""l"": 42.54999924, ""t"": 631.1100215740624, ""r"": 506.48199924000056, ""b"": 592.9053105518525, ""coord_origin"": ""BOTTOMLEFT""}";;;CONSIDERATO;False
atto_11;docling;json;atto_11.json;27;2;text;text;"RITENUTO, pertanto, il suddetto programma meritevole di approvazione;";"{""l"": 42.54999924, ""t"": 575.9100246240625, ""r"": 417.3819992400003, ""b"": 565.3053130218526, ""coord_origin"": ""BOTTOMLEFT""}";;;RITENUTO;False
atto_11;docling;json;atto_11.json;28;2;text;text;"RITENUTO necessario demandare al responsabile del settore amministrativo l'adozione degli atti gestionali necessari a dare esecuzione alla presente deliberazione, in particolare per l'affidamento delle forniture e dei servizi necessari alla realizzazione delle iniziative previste dal programma;";"{""l"": 42.54999924, ""t"": 534.5100307340624, ""r"": 506.4819992400004, ""b"": 482.5053166618525, ""coord_origin"": ""BOTTOMLEFT""}";;;RITENUTO;False
atto_11;docling;json;atto_11.json;29;2;text;text;"VISTI i pareri favorevoli in ordine alla regolarità tecnica espressa dal Responsabile del Servizio interessato e contabile dal Responsabile di Ragioneria ai sensi dell'art. 49 del D. Lgs. 18/08/2000 n. 267;";"{""l"": 42.54999924, ""t"": 465.51003073406247, ""r"": 506.4819992400004, ""b"": 427.3053197118525, ""coord_origin"": ""BOTTOMLEFT""}";;;VISTI_PARERI;False
atto_11;docling;json;atto_11.json;30;2;text;text;"VISTO il D. Lgs. n. 267/2000;";"{""l"": 42.54999924, ""t"": 410.31001852406246, ""r"": 192.63399924, ""b"": 399.7053069218525, ""coord_origin"": ""BOTTOMLEFT""}";;;VISTO;False
atto_11;docling;json;atto_11.json;31;2;text;text;"All'unanimità dei voti resi in forma palese;";"{""l"": 42.54999924, ""t"": 382.7100124240625, ""r"": 266.62599924, ""b"": 372.10530082185255, ""coord_origin"": ""BOTTOMLEFT""}";;;;False
atto_11;docling;json;atto_11.json;32;2;section_header;heading;DELIBERA;"{""l"": 242.18400193, ""t"": 355.1100368340625, ""r"": 306.8520019299999, ""b"": 344.50532523185257, ""coord_origin"": ""BOTTOMLEFT""}";;DELIBERA;DELIBERA;False
atto_11;docling;json;atto_11.json;33;2;list_item;list_item;"Di approvare, per le motivazioni in PREMESSA, il programma delle iniziative previste dall'amministrazione comunale per l'estate denominato R...Estate ad Ausonia 2026, da svolgersi dal 22 maggio al 29 settembre 2026, come da programma in allegato alla presente deliberazione;";"{""l"": 63.84999848, ""t"": 327.5100307340624, ""r"": 506.48199886000026, ""b"": 275.5053166618525, ""coord_origin"": ""BOTTOMLEFT""}";;;;False
atto_11;docling;json;atto_11.json;34;2;list_item;list_item;Di demandare al responsabile del settore amministrativo l'adozione degli atti gestionali necessari a dare esecuzione alla presente deliberazione, in particolare per l'affidamento delle forniture e dei servizi necessari alla realizzazione delle iniziative previste dal programma,;"{""l"": 63.84999848, ""t"": 258.51000021406253, ""r"": 506.48199886000015, ""b"": 206.5052861418526, ""coord_origin"": ""BOTTOMLEFT""}";;;;False
atto_11;docling;json;atto_11.json;35;2;text;text;Con separata votazione, ad esito favorevole ed unanime, CONSIDERATA l'urgenza di dover provvedere in merito, la presente deliberazione viene dichiarata immediatamente eseguibile ai sensi dell'art. 134, comma 4, del D. Lgs. n. 267/2000.;"{""l"": 42.54999924, ""t"": 178.01000021406253, ""r"": 506.48199924000045, ""b"": 139.80528919185258, ""coord_origin"": ""BOTTOMLEFT""}";;;;False
atto_11;docling;json;atto_11.json;36;3;text;text;Letto, confermato e sottoscritto.;"{""l"": 92.15000153, ""t"": 772.6320258740625, ""r"": 235.00000153000002, ""b"": 763.7947662055542, ""coord_origin"": ""BOTTOMLEFT""}";;;;True
atto_11;docling;json;atto_11.json;37;3;text;text;IL Sindaco;"{""l"": 179.31900025, ""t"": 749.6340266840625, ""r"": 232.65900025, ""b"": 740.7967670155542, ""coord_origin"": ""BOTTOMLEFT""}";;;;False
atto_11;docling;json;atto_11.json;38;3;text;text;IL Segretario Comunale f.to Dott. Erminio VERNILE;"{""l"": 380.28099824000003, ""t"": 749.6340266840625, ""r"": 503.10099823999997, ""b"": 729.2977674155542, ""coord_origin"": ""BOTTOMLEFT""}";;;;False
atto_11;docling;json;atto_11.json;39;3;text;text;f.to Dott. Benedetto CARDILLO;"{""l"": 135.12000275, ""t"": 738.1350270840625, ""r"": 276.86000275000004, ""b"": 729.2977674155542, ""coord_origin"": ""BOTTOMLEFT""}";;;;False
atto_11;docling;json;atto_11.json;40;3;text;text;______________________________;"{""l"": 121.17700196, ""t"": 715.1370278940625, ""r"": 290.80700196000004, ""b"": 706.2997682255542, ""coord_origin"": ""BOTTOMLEFT""}";;;;False
atto_11;docling;json;atto_11.json;41;3;text;text;______________________________;"{""l"": 356.87699891, ""t"": 715.1370278940625, ""r"": 526.50699891, ""b"": 706.2997682255542, ""coord_origin"": ""BOTTOMLEFT""}";;;;False
atto_11;docling;json;atto_11.json;42;3;text;text;Il sottoscritto Segretario Comunale, VISTI gli atti di ufficio:;"{""l"": 127.55000153, ""t"": 656.1420184740625, ""r"": 377.65000153, ""b"": 647.3047588055542, ""coord_origin"": ""BOTTOMLEFT""}";;;;False
atto_11;docling;json;atto_11.json;43;3;section_header;heading;ATTESTA;"{""l"": 299.39600372999996, ""t"": 633.1440326340625, ""r"": 348.28600373, ""b"": 624.3067729655542, ""coord_origin"": ""BOTTOMLEFT""}";;ATTESTA;ATTESTA;False
atto_11;docling;json;atto_11.json;44;3;text;text;Che la presente deliberazione:;"{""l"": 92.15000153, ""t"": 610.1460315340624, ""r"": 230.57000153, ""b"": 601.3087718655541, ""coord_origin"": ""BOTTOMLEFT""}";;;;False
atto_11;docling;json;atto_11.json;45;3;checkbox_selected;other; viene dichiarata immediatamente eseguibile (art. 134, 4° comma del D. Lvo 267/2000);"{""l"": 92.15000153, ""t"": 577.4790222540624, ""r"": 497.10000076999984, ""b"": 566.3790222540624, ""coord_origin"": ""BOTTOMLEFT""}";;;;False
atto_11;docling;json;atto_11.json;46;3;checkbox_unselected;other; è divenuta esecutiva il 08-06-2026;"{""l"": 92.15000153, ""t"": 554.4810211540625, ""r"": 268.55000077000005, ""b"": 543.3810211540625, ""coord_origin"": ""BOTTOMLEFT""}";;;;False
atto_11;docling;json;atto_11.json;47;3;checkbox_selected;other; viene comunicata in elenco ai Capigruppo Consiliari (art. 125);"{""l"": 92.15000153, ""t"": 519.9840118840625, ""r"": 389.1500007699999, ""b"": 508.8840118840625, ""coord_origin"": ""BOTTOMLEFT""}";;;;False
atto_11;docling;json;atto_11.json;48;3;text;text;IL Segretario Comunale f.to Dott. Erminio VERNILE;"{""l"": 262.43100596, ""t"": 495.15602604406246, ""r"": 385.25100595999993, ""b"": 474.81976677555417, ""coord_origin"": ""BOTTOMLEFT""}";;;;False
atto_11;docling;json;atto_11.json;49;3;text;text;______________________________;"{""l"": 239.02700281999998, ""t"": 460.6590272540625, ""r"": 408.65700282, ""b"": 451.8217675855542, ""coord_origin"": ""BOTTOMLEFT""}";;;;False
atto_11;docling;json;atto_11.json;50;3;text;text;Il sottoscritto responsabile del servizio delle pubblicazioni;"{""l"": 92.15000153, ""t"": 401.6640216440625, ""r"": 347.84000153, ""b"": 392.8267619755542, ""coord_origin"": ""BOTTOMLEFT""}";;;;False
atto_11;docling;json;atto_11.json;51;3;section_header;heading;ATTESTA;"{""l"": 299.94699860000003, ""t"": 378.66603580406246, ""r"": 347.7369986, ""b"": 369.82877613555416, ""coord_origin"": ""BOTTOMLEFT""}";;ATTESTA;ATTESTA;False
atto_11;docling;json;atto_11.json;52;3;text;text;Che la presente deliberazione è stata pubblicata, in DATA odierna, per 15 giorni consecutivi dal 09-06- 2026 al 24-06-2026 al numero 357 nel sito web istituzionale di questo Comune accessibile al pubblico al portale www.comunediausonia.it (art. 32, comma 1, della legge 18 giugno 2009, n. 69).;"{""l"": 92.15000153, ""t"": 355.66801944406245, ""r"": 555.53000153, ""b"": 323.83276153555414, ""coord_origin"": ""BOTTOMLEFT""}";;;;False
atto_11;docling;json;atto_11.json;53;3;text;text;Dalla Residenza Municipale, lì 09-06-2026;"{""l"": 92.15000153, ""t"": 298.17302433406246, ""r"": 282.8100015300001, ""b"": 289.33576466555417, ""coord_origin"": ""BOTTOMLEFT""}";;;;False
atto_11;docling;json;atto_11.json;54;3;text;text;IL Responsabile Procedimento Pubblicazione f.to Sig. Onofrio CORENO;"{""l"": 214.37399818, ""t"": 275.1750079740625, ""r"": 433.3039981800001, ""b"": 254.83874870555428, ""coord_origin"": ""BOTTOMLEFT""}";;;;False
atto_11;docling;json;atto_11.json;55;3;text;text;______________________________;"{""l"": 239.02699901, ""t"": 240.6780091840625, ""r"": 408.65699901000005, ""b"": 231.8407495155542, ""coord_origin"": ""BOTTOMLEFT""}";;;;False
atto_11;docling;json;atto_11.json;56;3;text;text;__________________________________________________________________________________;"{""l"": 92.15000153, ""t"": 194.68202701406244, ""r"": 550.98000153, ""b"": 185.84476734555415, ""coord_origin"": ""BOTTOMLEFT""}";;;;False
atto_11;docling;json;atto_11.json;57;3;text;text;Copia conforme all'originale, in carta libera per uso amministrativo.;"{""l"": 141.80000306, ""t"": 171.6840411740625, ""r"": 439.71000306, ""b"": 162.8467815055542, ""coord_origin"": ""BOTTOMLEFT""}";;;;False
atto_11;docling;json;atto_11.json;58;3;text;text;Dalla Residenza Municipale, li 09-06-2026;"{""l"": 141.80000306, ""t"": 148.68605533406242, ""r"": 331.91000306000007, ""b"": 139.84879566555412, ""coord_origin"": ""BOTTOMLEFT""}";;;;False
atto_11;docling;json;atto_11.json;59;3;text;text;IL Segretario Comunale Dott. Erminio VERNILE;"{""l"": 316.00199748, ""t"": 125.68800846406248, ""r"": 431.03199748000003, ""b"": 105.35174919555425, ""coord_origin"": ""BOTTOMLEFT""}";;;;False
atto_11;docling;json;atto_11.json;60;3;text;text;______________________________;"{""l"": 288.70199824, ""t"": 91.19100967406246, ""r"": 458.3319982400001, ""b"": 82.35375000555416, ""coord_origin"": ""BOTTOMLEFT""}";;;;False
atto_12;docling;json;atto_12.json;1;1;picture;figure;[figure];"{""l"": 254.1205291748047, ""t"": 807.7467384338379, ""r"": 340.2879638671875, ""b"": 709.9283905029297, ""coord_origin"": ""BOTTOMLEFT""}";;;;True
atto_12;docling;json;atto_12.json;2;1;section_header;heading;COMUNE DI CARINARO;"{""l"": 203.8001912434896, ""t"": 693.3817342122396, ""r"": 391.5331217447917, ""b"": 679.376698811849, ""coord_origin"": ""BOTTOMLEFT""}";;;;False
atto_12;docling;json;atto_12.json;3;1;section_header;heading;Provincia di Caserta;"{""l"": 245.6595662434896, ""t"": 663.674072265625, ""r"": 349.2509358723958, ""b"": 650.0934244791666, ""coord_origin"": ""BOTTOMLEFT""}";;;;False
atto_12;docling;json;atto_12.json;4;1;section_header;heading;Verbale di Deliberazione della Giunta Comunale;"{""l"": 150.52461751302084, ""t"": 623.7809244791666, ""r"": 444.8087158203125, ""b"": 608.9271036783854, ""coord_origin"": ""BOTTOMLEFT""}";;;;False
atto_12;docling;json;atto_12.json;5;1;text;text;N. 53 DEL 18-06-2026;"{""l"": 247.7736612955729, ""t"": 596.6196492513021, ""r"": 345.022705078125, ""b"": 585.5853678385417, ""coord_origin"": ""BOTTOMLEFT""}";;;;False
atto_12;docling;json;atto_12.json;6;1;text;text;OGGETTO:;"{""l"": 59.19507344563802, ""t"": 561.8192342122395, ""r"": 121.77272542317708, ""b"": 550.360575358073, ""coord_origin"": ""BOTTOMLEFT""}";;;;False
atto_12;docling;json;atto_12.json;7;1;text;text;"CONCESSIONE PATROCINIO MORALE, CONTRIBUTO ECONOMICO S UO O SVOLGIMENTO DELLE MANIFESTAZIONI SPORTIVE-CULTURALI ""TORNEO AMATORIALE DEI GIOVANI SCACCHISTI DEL CORSO DI SCACCHI"" E ""PRIMA DELLE VACANZE□ FACCIAMO UNA MOSSA INSIEME!"".";"{""l"": 145.45075480143228, ""t"": 561.3948364257812, ""r"": 540.7892659505209, ""b"": 479.9109700520833, ""coord_origin"": ""BOTTOMLEFT""}";;;;False
atto_12;docling;json;atto_12.json;8;1;text;text;L'anno duemilaventisei addì diciotto del mese di Giugno, alle ore 18:45 nella sala della Casa Comunale, si è riunita la Giunta Comunale convocata nelle forme di legge.;"{""l"": 54.54403177897135, ""t"": 456.1448567708333, ""r"": 502.3125, ""b"": 428.134765625, ""coord_origin"": ""BOTTOMLEFT""}";;;;False
atto_12;docling;json;atto_12.json;9;1;text;text;Presiede l'adunanza il Sindaco MARIANNA DELL'APROVITOLA e sono rispettivamente presenti e assenti i seguenti Sigg.;"{""l"": 54.54403177897135, ""t"": 429.407958984375, ""r"": 539.5208333333334, ""b"": 400.1246744791667, ""coord_origin"": ""BOTTOMLEFT""}";;;;False
atto_12;docling;json;atto_12.json;10;1;table;table;[table];"{""l"": 73.215087890625, ""t"": 374.8895263671875, ""r"": 521.1892700195312, ""b"": 259.14849853515625, ""coord_origin"": ""BOTTOMLEFT""}";;;;True
atto_12;docling;json;atto_12.json;11;1;text;text;Numero totale PRESENTI: 5- ASSENTI: 0;"{""l"": 54.96685282389323, ""t"": 244.37166341145837, ""r"": 278.21685791015625, ""b"": 232.064208984375, ""coord_origin"": ""BOTTOMLEFT""}";;;;True
atto_12;docling;json;atto_12.json;12;1;text;text;Con la partecipazione del Segretario Generale SALVATORE CAPOLUONGO, il Presidente, constatato che gli intervenuti sono in numero legale, dichiara aperta la riunione ed invita i convocati a DELIBERARE sull'oggetto sopra indicato.;"{""l"": 54.54403177897135, ""t"": 216.361572265625, ""r"": 539.0979817708334, ""b"": 175.19523111979163, ""coord_origin"": ""BOTTOMLEFT""}";;;;False
atto_12;docling;json;atto_12.json;13;2;page_header;header;Proponente: Il Sindaco, di concerto con la Delegata allo Sport Assunta Madonia;"{""l"": 54.96685282389323, ""t"": 786.3242797851562, ""r"": 445.6543375651042, ""b"": 771.8948415120443, ""coord_origin"": ""BOTTOMLEFT""}";;;;False
atto_12;docling;json;atto_12.json;14;2;section_header;heading;PREMESSO CHE;"{""l"": 55.8125, ""t"": 745.157948811849, ""r"": 145.45075480143228, ""b"": 734.1236673990885, ""coord_origin"": ""BOTTOMLEFT""}";;;PREMESSO;False
atto_12;docling;json;atto_12.json;15;2;list_item;list_item;"con nota ACQUISITA al protocollo dell'Ente in DATA 11.06.2026 al n. 6620, il sig. Elio Picone, in - qualità di Presidente e legale rappresentante dell'A.S.D. Libur, con sede in Carinaro alla Via Croce n. 12, ha richiesto la concessione del patrocinio morale ed economico, nonché l'occupazione di suolo pubblico in Piazzetta Trieste per lo svolgimento delle manifestazioni sportive-culturali denominate ""Torneo Amatoriale dei Giovani Scacchisti del Corso di Scacchi"" e ""Prima delle vacanze... facciamo una mossa insieme!"", previste per le giornate del 12 luglio 2026 e del 26 luglio 2026, dalle ore 19:00 alle ore 21:30;";"{""l"": 74.83948771158855, ""t"": 725.6357727050781, ""r"": 540.7892659505209, ""b"": 623.7809244791666, ""coord_origin"": ""BOTTOMLEFT""}";;;;False
atto_12;docling;json;atto_12.json;16;2;list_item;list_item;"con la medesima istanza è stato richiesto un contributo economico pari ad € 200,00 a copertura delle spese di premiazione, cancelleria e materiale necessario allo svolgimento delle iniziative;";"{""l"": 91.3295389811198, ""t"": 616.5662027994791, ""r"": 539.9436442057291, ""b"": 574.5510864257812, ""coord_origin"": ""BOTTOMLEFT""}";;;;False
atto_12;docling;json;atto_12.json;17;2;section_header;heading;CONSIDERATO CHE;"{""l"": 55.8125, ""t"": 567.760762532552, ""r"": 169.97442626953125, ""b"": 556.3021036783855, ""coord_origin"": ""BOTTOMLEFT""}";;;CONSIDERATO;False
atto_12;docling;json;atto_12.json;18;2;list_item;list_item;"le iniziative proposte perseguono finalità sportive, culturali, educative e aggregative, favorendo la socializzazione, l'inclusione e la partecipazione della cittadinanza;";"{""l"": 88.79261271158855, ""t"": 548.2385864257812, ""r"": 539.9436442057291, ""b"": 518.1065266927083, ""coord_origin"": ""BOTTOMLEFT""}";;;;False
atto_12;docling;json;atto_12.json;19;2;list_item;list_item;"il gioco degli scacchi e della dama costituisce un importante strumento di crescita culturale e formativa, in grado di sviluppare capacità logiche, strategiche e relazionali;";"{""l"": 89.6382548014323, ""t"": 512.5893961588542, ""r"": 539.9436442057291, ""b"": 485.0037027994792, ""coord_origin"": ""BOTTOMLEFT""}";;;;False
atto_12;docling;json;atto_12.json;20;2;list_item;list_item;"le manifestazioni risultano coerenti con gli indirizzi e le finalità istituzionali dell'Amministrazione Comunale;";"{""l"": 87.9469706217448, ""t"": 478.6377766927083, ""r"": 540.366455078125, ""b"": 451.0520833333333, ""coord_origin"": ""BOTTOMLEFT""}";;;;False
atto_12;docling;json;atto_12.json;21;2;list_item;list_item;"rientra tra gli obiettivi dell'Amministrazione comunale sostenere iniziative di interesse collettivo aventi finalità sportive, culturali, sociali e ricreative, promuovendo la partecipazione attiva della comunità locale;";"{""l"": 90.06107584635417, ""t"": 443.4130045572917, ""r"": 540.366455078125, ""b"": 400.9734700520833, ""coord_origin"": ""BOTTOMLEFT""}";;;;False
atto_12;docling;json;atto_12.json;22;2;text;text;"RITENUTO di accogliere favorevolmente la richiesta dell'A.S.D. Libur, concedendo il patrocinio morale, un contributo economico e l'utilizzo del suolo pubblico per lo svolgimento delle iniziative sopra descritte;";"{""l"": 54.54403177897135, ""t"": 394.1831461588542, ""r"": 539.5208333333334, ""b"": 350.0460611979167, ""coord_origin"": ""BOTTOMLEFT""}";;;RITENUTO;False
atto_12;docling;json;atto_12.json;23;2;section_header;heading;VISTI;"{""l"": 54.96685282389323, ""t"": 345.377685546875, ""r"": 90.48389689127605, ""b"": 332.221435546875, ""coord_origin"": ""BOTTOMLEFT""}";;;VISTO;False
atto_12;docling;json;atto_12.json;24;2;list_item;list_item;"il D.Lgs. 18 agosto 2000, n. 267 ed in particolare gli artt. 48, 49, 107 e 134, comma 4;";"{""l"": 90.90671793619792, ""t"": 324.157958984375, ""r"": 494.2788899739583, ""b"": 311.42610677083337, ""coord_origin"": ""BOTTOMLEFT""}";;;;False
atto_12;docling;json;atto_12.json;25;2;list_item;list_item;"lo Statuto Comunale;";"{""l"": 91.3295389811198, ""t"": 304.21138509114587, ""r"": 196.6122029622396, ""b"": 292.752685546875, ""coord_origin"": ""BOTTOMLEFT""}";;;;False
atto_12;docling;json;atto_12.json;26;2;list_item;list_item;"il Regolamento comunale per la concessione di contributi in favore di associazioni per finalità di promozione di attività culturali, sportive e ricreative, approvato con deliberazione di Consiglio Comunale n. 27 del 30.06.2015;";"{""l"": 90.48389689127605, ""t"": 285.5379638671875, ""r"": 540.366455078125, ""b"": 242.674072265625, ""coord_origin"": ""BOTTOMLEFT""}";;;;False
atto_12;docling;json;atto_12.json;27;2;list_item;list_item;"il Bilancio di previsione vigente;";"{""l"": 89.6382548014323, ""t"": 235.03495279947913, ""r"": 250.31060791015625, ""b"": 222.3031005859375, ""coord_origin"": ""BOTTOMLEFT""}";;;;False
atto_12;docling;json;atto_12.json;28;2;section_header;heading;SI PROPONE DI DELIBERARE;"{""l"": 216.4848429361979, ""t"": 215.08837890625, ""r"": 378.4256591796875, ""b"": 204.05411783854163, ""coord_origin"": ""BOTTOMLEFT""}";;PROPONE_DELIBERARE;PROPONE_DELIBERARE;False
atto_12;docling;json;atto_12.json;29;2;list_item;list_item;"DI APPROVARE le PREMESSE quali parte integrante e sostanziale del presente provvedimento;";"{""l"": 72.72537740071614, ""t"": 197.2637939453125, ""r"": 540.7892659505209, ""b"": 166.282958984375, ""coord_origin"": ""BOTTOMLEFT""}";;;;False
atto_12;docling;json;atto_12.json;30;2;list_item;list_item;"DI CONCEDERE all'A.S.D. Libur il patrocinio morale del Comune di Carinaro per lo svolgimento delle manifestazioni sportive-culturali denominate ""Torneo Amatoriale dei Giovani Scacchisti del Corso di Scacchi"" e ""Prima delle vacanze... facciamo una mossa insieme!"", previste per i giorni 12 e 26 luglio 2026;";"{""l"": 71.87973531087239, ""t"": 162.03898111979163, ""r"": 540.366455078125, ""b"": 102.6236572265625, ""coord_origin"": ""BOTTOMLEFT""}";;;;False
atto_12;docling;json;atto_12.json;31;2;list_item;list_item;DI CONCEDERE all'A.S.D. Libur un contributo economico straordinario pari ad € 200,00 ai sensi dell'art. 7 del Regolamento comunale approvato con deliberazione di Consiglio;"{""l"": 71.87973531087239, ""t"": 98.37967936197913, ""r"": 540.366455078125, ""b"": 67.39888509114587, ""coord_origin"": ""BOTTOMLEFT""}";;;;False
atto_12;docling;json;atto_12.json;32;3;section_header;heading;"Comunale n. 27 del 30.06.2015;";"{""l"": 91.75236002604167, ""t"": 804.1488749186198, ""r"": 242.6998087565104, ""b"": 791.8414154052734, ""coord_origin"": ""BOTTOMLEFT""}";;;;False
atto_12;docling;json;atto_12.json;33;3;list_item;list_item;"DI DARE ATTO che la relativa spesa trova copertura sul capitolo 1880.1 del Bilancio di previsione vigente, denominato ""Spettacoli e/o manifestazioni culturali - contributi ad associazioni promotrici"";";"{""l"": 71.4569091796875, ""t"": 785.8998819986979, ""r"": 540.7892659505209, ""b"": 741.338389078776, ""coord_origin"": ""BOTTOMLEFT""}";;;;False
atto_12;docling;json;atto_12.json;34;3;list_item;list_item;I CONCEDERE all'A.S.D. Libur l'occupazione gratuita del suolo pubblico in Piazzetta Trieste per le giornate del 12 e 26 luglio 2026, dalle ore 19:00 alle ore 21:30, limitatamente allo svolgimento delle iniziative indicate in PREMESSA, demandando al competente ufficio il rilascio della relativa autorizzazione e l'espletamento degli adempimenti conseguenti.;"{""l"": 72.30255635579427, ""t"": 735.8212483723959, ""r"": 540.7892659505209, ""b"": 677.2547200520834, ""coord_origin"": ""BOTTOMLEFT""}";;;;False
atto_12;docling;json;atto_12.json;35;3;list_item;list_item;"DI PRECISARE che la liquidazione del contributo concesso avverrà previa presentazione di idonea rendicontazione delle spese effettivamente sostenute dall'Associazione beneficiaria;";"{""l"": 72.30255635579427, ""t"": 671.3131917317709, ""r"": 539.9436442057291, ""b"": 642.8787027994791, ""coord_origin"": ""BOTTOMLEFT""}";;;;False
atto_12;docling;json;atto_12.json;36;3;list_item;list_item;"DI DARE ATTO che l'organizzazione e lo svolgimento delle manifestazioni avverranno sotto l'esclusiva responsabilità dell'Associazione organizzatrice, la quale dovrà adottare tutte le misure necessarie a garantire il corretto svolgimento delle iniziative nel rispetto della normativa vigente;";"{""l"": 72.72537740071614, ""t"": 636.9371744791666, ""r"": 539.9436442057291, ""b"": 577.0974527994792, ""coord_origin"": ""BOTTOMLEFT""}";;;;False
atto_12;docling;json;atto_12.json;37;3;list_item;list_item;"DI DEMANDARE al Responsabile dell'Area Affari Generali e agli altri Responsabili dei sern z, d d o n oggi adempimenti conseguenti al presente provvedimento.;";"{""l"": 72.30255635579427, ""t"": 572.4291178385417, ""r"": 539.9436442057291, ""b"": 528.292012532552, ""coord_origin"": ""BOTTOMLEFT""}";;;;False
atto_12;docling;json;atto_12.json;38;3;list_item;list_item;DI DICHIARARE la presente deliberazione immediatamente eseguibile ai sensi dell'art. 134, comma 4, del D.Lgs. n. 267/2000.;"{""l"": 72.30255635579427, ""t"": 522.774881998698, ""r"": 539.5208333333334, ""b"": 493.916015625, ""coord_origin"": ""BOTTOMLEFT""}";;;;False
atto_12;docling;json;atto_12.json;39;4;section_header;heading;LA GIUNTA COMUNALE;"{""l"": 229.16949462890625, ""t"": 783.7779083251953, ""r"": 366.163818359375, ""b"": 772.7436319986979, ""coord_origin"": ""BOTTOMLEFT""}";;;;False
atto_12;docling;json;atto_12.json;40;4;text;text;"VISTA la proposta di deliberazione sopra riportata;";"{""l"": 55.389678955078125, ""t"": 765.1045176188151, ""r"": 311.19696044921875, ""b"": 749.8262939453125, ""coord_origin"": ""BOTTOMLEFT""}";;;VISTO;False
atto_12;docling;json;atto_12.json;41;4;text;text;"ACQUISITI i pareri favorevoli di regolarità tecnica e contabile espressi ai sensi dell'art. 49 del D.Lgs. n. 267/2000;";"{""l"": 54.96685282389323, ""t"": 745.157948811849, ""r"": 539.9436442057291, ""b"": 716.7234700520834, ""coord_origin"": ""BOTTOMLEFT""}";;;ACQUISITI_PARERI;False
atto_12;docling;json;atto_12.json;42;4;text;text;Risr r e n rne n Romna;"{""l"": 54.96685282389323, ""t"": 709.9331461588541, ""r"": 399.5667317708333, ""b"": 695.9281107584635, ""coord_origin"": ""BOTTOMLEFT""}";;;;False
atto_12;docling;json;atto_12.json;43;4;text;text;"Con votazione unanime favorevole resa nei modi e termini di legge;";"{""l"": 54.96685282389323, ""t"": 691.259765625, ""r"": 388.5733642578125, ""b"": 676.4059346516927, ""coord_origin"": ""BOTTOMLEFT""}";0.0;;;False
atto_12;docling;json;atto_12.json;44;4;section_header;heading;DELIBERA;"{""l"": 268.06911214192706, ""t"": 670.0399983723959, ""r"": 327.2642008463542, ""b"": 658.5813395182291, ""coord_origin"": ""BOTTOMLEFT""}";;DELIBERA;DELIBERA;False
atto_12;docling;json;atto_12.json;45;4;list_item;list_item;"i' n dpat re z ore e ne nt dna intende integralmente RICHIAMATA e trascritta;";"{""l"": 72.72537740071614, ""t"": 651.3666178385416, ""r"": 540.7892659505209, ""b"": 622.9321492513021, ""coord_origin"": ""BOTTOMLEFT""}";;;;False
atto_12;docling;json;atto_12.json;46;4;list_item;list_item;"DI CONCEDERE all'A.S.D. Libur il patrocinio morale del Comune di Carinaro per lo svolgimento delle manifestazioni sportive-culturali denominate ""Torneo Amatoriale dei Giovani Scacchisti del Corso di Scacchi"" e ""Prima delle vacanze... facciamo una mossa insieme!"", previste per i giorni 12 e 26 luglio 2026;";"{""l"": 71.87973531087239, ""t"": 616.9906005859375, ""r"": 540.7892659505209, ""b"": 557.15087890625, ""coord_origin"": ""BOTTOMLEFT""}";;;;False
atto_12;docling;json;atto_12.json;47;4;list_item;list_item;"DI CONCEDERE all'A.S.D. Libur un contributo economico straordinario pari ad € 200,00 ai sensi dell'art. 7 del Regolamento comunale approvato con deliberazione di Consiglio Comunale n. 27 del 30.06.2015;";"{""l"": 72.72537740071614, ""t"": 552.0581461588542, ""r"": 539.9436442057291, ""b"": 509.61863199869794, ""coord_origin"": ""BOTTOMLEFT""}";;;;False
atto_12;docling;json;atto_12.json;48;4;list_item;list_item;"DI DARE ATTO che la relativa spesa trova copertura sul capitolo 1880.1 del Bilancio di previsione vigente, denominato ""Spettacoli e/o manifestazioni culturali - contributi ad associazioni promotrici"";";"{""l"": 71.4569091796875, ""t"": 503.25270589192706, ""r"": 540.7892659505209, ""b"": 458.6912027994792, ""coord_origin"": ""BOTTOMLEFT""}";;;;False
atto_12;docling;json;atto_12.json;49;4;list_item;list_item;"DI CONCEDERE all'A.S.D. Libur l'occupazione del suolo pubblico in Piazzetta Trieste per le giornate del 12 e 26 luglio 2026, dalle ore 19:00 alle ore 21:30, limitatamente allo svolgimento delle iniziative indicate in PREMESSA, demandando al competente ufficio il rilascio della relativa autorizzazione ai sensi della normativa e dei regolamenti vigenti;";"{""l"": 71.4569091796875, ""t"": 454.0228678385417, ""r"": 540.7892659505209, ""b"": 394.1831461588542, ""coord_origin"": ""BOTTOMLEFT""}";;;;False
atto_12;docling;json;atto_12.json;50;4;list_item;list_item;"DI PRECISARE che la liquidazione del contributo concesso avverrà previa presentazione di idonea rendicontazione delle spese effettivamente sostenute dall'Associazione beneficiaria;";"{""l"": 72.72537740071614, ""t"": 388.666015625, ""r"": 539.5208333333334, ""b"": 360.2315266927083, ""coord_origin"": ""BOTTOMLEFT""}";;;;False
atto_12;docling;json;atto_12.json;51;4;list_item;list_item;"DI DARE ATTO che l'organizzazione e lo svolgimento delle manifestazioni avverranno sotto l'esclusiva responsabilità dell'Associazione organizzatrice, la quale dovrà adottare tutte le misure necessarie a garantire il corretto svolgimento delle iniziative nel rispetto della normativa vigente;";"{""l"": 72.72537740071614, ""t"": 353.8656005859375, ""r"": 539.9436442057291, ""b"": 294.87467447916663, ""coord_origin"": ""BOTTOMLEFT""}";;;;False
atto_12;docling;json;atto_12.json;52;4;list_item;list_item;"DI DEMANDARE al Responsabile dell'Area Affari Generali e agli altri Responsabili dei ser te n z, c n as o n zgi adempimenti conseguenti al presente provvedimento;";"{""l"": 72.30255635579427, ""t"": 289.78194173177087, ""r"": 539.9436442057291, ""b"": 246.0692138671875, ""coord_origin"": ""BOTTOMLEFT""}";;;;False
atto_12;docling;json;atto_12.json;53;4;list_item;list_item;DI DICHIARARE la presente deliberazione immediatamente eseguibile, con separata ed unanime votazione favorevole, ai sensi dell'art. 134, comma 4, del D.Lgs. n. 267/2000.;"{""l"": 71.87973531087239, ""t"": 240.55208333333337, ""r"": 539.9436442057291, ""b"": 211.6932373046875, ""coord_origin"": ""BOTTOMLEFT""}";;;;False
atto_12;docling;json;atto_12.json;54;5;page_header;header;Deliberazione n. 53 DEL 18-06-2026;"{""l"": 369.9691975911458, ""t"": 792.6902058919271, ""r"": 536.5610758463541, ""b"": 781.6559295654297, ""coord_origin"": ""BOTTOMLEFT""}";;;;False
atto_12;docling;json;atto_12.json;55;5;text;text;Letto, confermato e sottoscritto.;"{""l"": 58.34943135579427, ""t"": 754.0702412923177, ""r"": 200.8404337565104, ""b"": 743.0359700520834, ""coord_origin"": ""BOTTOMLEFT""}";;;;True
atto_12;docling;json;atto_12.json;56;5;text;text;Il Sindaco MARIANNA DELL'APROVITOLA;"{""l"": 93.86647542317708, ""t"": 720.5430297851562, ""r"": 259.61269124348956, ""b"": 695.0793151855469, ""coord_origin"": ""BOTTOMLEFT""}";;;;False
atto_12;docling;json;atto_12.json;57;5;text;text;Il Segretario SALVATORE CAPOLUONGO;"{""l"": 338.6803792317708, ""t"": 719.2698465983073, ""r"": 496.8157958984375, ""b"": 695.0793151855469, ""coord_origin"": ""BOTTOMLEFT""}";;;;False
atto_12;docling;json;atto_12.json;58;5;section_header;heading;CERTIFICATO DI PUBBLICAZIONE;"{""l"": 196.6122029622396, ""t"": 621.6589558919271, ""r"": 401.6808675130208, ""b"": 611.8978678385416, ""coord_origin"": ""BOTTOMLEFT""}";;;;True
atto_12;docling;json;atto_12.json;59;5;section_header;heading;IL SEGRETARIO GENERALE;"{""l"": 219.02176920572916, ""t"": 594.4976603190104, ""r"": 375.8887125651042, ""b"": 583.463399251302, ""coord_origin"": ""BOTTOMLEFT""}";;;;False
atto_12;docling;json;atto_12.json;60;5;section_header;heading;ATTESTA;"{""l"": 269.7604166666667, ""t"": 553.7557373046875, ""r"": 325.15008544921875, ""b"": 542.721455891927, ""coord_origin"": ""BOTTOMLEFT""}";;ATTESTA;ATTESTA;False
atto_12;docling;json;atto_12.json;61;5;text;text;Che la presente deliberazione è stata affissa all' albo pretorio del sito web dell' ente ht od se o -- a o, o o/: giorni;"{""l"": 54.96685282389323, ""t"": 539.7506917317708, ""r"": 539.5208333333334, ""b"": 499.0087483723958, ""coord_origin"": ""BOTTOMLEFT""}";;;;False
atto_12;docling;json;atto_12.json;62;5;text;text;consecutivi ai sensi dell'art. 124, comma 1, del Dlgs 18 agosto 2000 n. 267;"{""l"": 54.96685282389323, ""t"": 499.0087483723958, ""r"": 418.59375, ""b"": 485.8524983723958, ""coord_origin"": ""BOTTOMLEFT""}";;;;False
atto_12;docling;json;atto_12.json;63;5;text;text;Il Segretario Generale SALVATORE CAPOLUONGO;"{""l"": 217.7533162434896, ""t"": 456.9936116536458, ""r"": 376.734375, ""b"": 431.9543050130208, ""coord_origin"": ""BOTTOMLEFT""}";;;;False
atto_12;docling;json;atto_12.json;64;5;text;text;********************************************************************************;"{""l"": 57.5037841796875, ""t"": 415.8273111979167, ""r"": 537.8295491536459, ""b"": 407.3393961588542, ""coord_origin"": ""BOTTOMLEFT""}";;;;False
atto_12;docling;json;atto_12.json;65;5;text;text;*****************************************************************;"{""l"": 102.32291666666667, ""t"": 400.9734700520833, ""r"": 492.5875651041667, ""b"": 394.1831461588542, ""coord_origin"": ""BOTTOMLEFT""}";;;;False
atto_12;docling;json;atto_12.json;66;5;section_header;heading;CERTIFICATO DI ESECUTIVITA';"{""l"": 202.10888671875, ""t"": 373.8121744791667, ""r"": 393.2244059244792, ""b"": 362.7779134114583, ""coord_origin"": ""BOTTOMLEFT""}";;;;False
atto_12;docling;json;atto_12.json;67;5;list_item;list_item;[ X] Deliberazione dichiarata immediatamente eseguibile ai sensi dell' art. 134, comma 4, del D.Lgs. 267/2000 e.ss.mm.ii.;"{""l"": 55.389678955078125, ""t"": 333.49462890625, ""r"": 501.4668375651042, ""b"": 308.455322265625, ""coord_origin"": ""BOTTOMLEFT""}";;;;False
atto_12;docling;json;atto_12.json;68;5;list_item;list_item;[ ]Deliberazione esecutiva ad ogni effetto di legge decorso il decimo giorno di pubblicazione, ai sensi dell'art. 134, comma 3, del D.Lgs n. 267/2000 e.ss.mm.ii.;"{""l"": 55.389678955078125, ""t"": 295.299072265625, ""r"": 507.3863525390625, ""b"": 270.68416341145837, ""coord_origin"": ""BOTTOMLEFT""}";;;;False
atto_12;docling;json;atto_12.json;69;5;text;text;Il Segretario SALVATORE CAPOLUONGO;"{""l"": 336.5662841796875, ""t"": 246.0692138671875, ""r"": 495.12451171875, ""b"": 221.45430501302087, ""coord_origin"": ""BOTTOMLEFT""}";;;;False
atto_12;docling;json;atto_12.json;70;5;page_footer;footer;Documento informatico sottoscritto con firma digitale ai sensi dell'art.24 del D.Lgs. n.82/2005 e ss.mm.ii.;"{""l"": 54.96685282389323, ""t"": 175.61962890625, ""r"": 491.3191324869792, ""b"": 163.31217447916663, ""coord_origin"": ""BOTTOMLEFT""}";;;;True
atto_12;docling;json;atto_12.json;71;6;picture;figure;[figure];"{""l"": 254.30836486816406, ""t"": 772.3356018066406, ""r"": 340.3595275878906, ""b"": 674.4340972900391, ""coord_origin"": ""BOTTOMLEFT""}";;;;True
atto_12;docling;json;atto_12.json;72;6;section_header;heading;COMUNE DI CARINARO;"{""l"": 203.8001912434896, ""t"": 658.1569417317709, ""r"": 391.5331217447917, ""b"": 644.1518961588541, ""coord_origin"": ""BOTTOMLEFT""}";;;;False
atto_12;docling;json;atto_12.json;73;6;section_header;heading;Proposta di Giunta Comunale;"{""l"": 218.59895833333334, ""t"": 627.1760864257812, ""r"": 376.3115234375, ""b"": 614.0198364257812, ""coord_origin"": ""BOTTOMLEFT""}";;;;False
atto_12;docling;json;atto_12.json;74;6;text;text;Affari Generali Proposta n° 47/2026;"{""l"": 433.3924967447917, ""t"": 600.8635864257812, ""r"": 540.366455078125, ""b"": 572.4291178385417, ""coord_origin"": ""BOTTOMLEFT""}";;;;False
atto_12;docling;json;atto_12.json;75;6;text;text;"OGGETTO: CONCESSIONE PATROCINIO MORALE, CONTRIBUTO ECONOMICO E OCCUPAZIONE DI SUOLO PUBBLICO ALL'A.S.D. LIBUR PER LO SVOLGIMENTO DELLE MANIFESTAZIONI SPORTIVE-CULTURALI""TORNEO AMATORIALE DEI GIOVANI SCACCHISTI DEL CORSO DI SCACCHI"" E ""PRIMA DELLE VACANZE FACCIAMO UNA MOSSA INSIEME!"".";"{""l"": 55.389678955078125, ""t"": 545.267822265625, ""r"": 531.9100341796875, ""b"": 422.6176350911458, ""coord_origin"": ""BOTTOMLEFT""}";;;;False
atto_12;docling;json;atto_12.json;76;6;section_header;heading;PARERE DI REGOLARITA' TECNICA;"{""l"": 54.96685282389323, ""t"": 351.3192545572917, ""r"": 257.4985758463542, ""b"": 339.4361572265625, ""coord_origin"": ""BOTTOMLEFT""}";;;;False
atto_12;docling;json;atto_12.json;77;6;text;text;(Articolo 147 bis del decreto legislativo 18 agosto 2000, n. 267);"{""l"": 55.389678955078125, ""t"": 337.7386067708333, ""r"": 364.4725341796875, ""b"": 324.58235677083337, ""coord_origin"": ""BOTTOMLEFT""}";;;;False
atto_12;docling;json;atto_12.json;78;6;table;table;[table];"{""l"": 140.96788024902344, ""t"": 283.8424072265625, ""r"": 453.9854431152344, ""b"": 217.9129638671875, ""coord_origin"": ""BOTTOMLEFT""}";;;;True
atto_12;docling;json;atto_12.json;79;6;page_footer;footer;Carinaro, lì 11-06-2026;"{""l"": 58.77225240071615, ""t"": 117.0531005859375, ""r"": 174.6254679361979, ""b"": 104.32124837239587, ""coord_origin"": ""BOTTOMLEFT""}";;;;True
atto_12;docling;json;atto_12.json;80;6;page_footer;footer;I1 Responsabile;"{""l"": 379.2712809244792, ""t"": 103.47245279947913, ""r"": 457.070556640625, ""b"": 89.4674072265625, ""coord_origin"": ""BOTTOMLEFT""}";;;;True
atto_12;docling;json;atto_12.json;81;8;picture;figure;[figure];"{""l"": 254.3120574951172, ""t"": 772.30615234375, ""r"": 340.5113830566406, ""b"": 674.4207916259766, ""coord_origin"": ""BOTTOMLEFT""}";;;;True
atto_12;docling;json;atto_12.json;82;8;section_header;heading;COMUNE DI CARINARO;"{""l"": 203.8001912434896, ""t"": 658.1569417317709, ""r"": 391.5331217447917, ""b"": 644.1518961588541, ""coord_origin"": ""BOTTOMLEFT""}";;;;False
atto_12;docling;json;atto_12.json;83;8;section_header;heading;Proposta di Giunta Comunale;"{""l"": 218.59895833333334, ""t"": 627.1760864257812, ""r"": 376.3115234375, ""b"": 614.0198364257812, ""coord_origin"": ""BOTTOMLEFT""}";;;;False
atto_12;docling;json;atto_12.json;84;8;text;text;Affari Generali Proposta n° 47/2026;"{""l"": 433.3924967447917, ""t"": 600.8635864257812, ""r"": 540.7892659505209, ""b"": 572.853515625, ""coord_origin"": ""BOTTOMLEFT""}";;;;False
atto_12;docling;json;atto_12.json;85;8;text;text;"OGGETTO: CONCESSIONE PATROCINIO MORALE, CONTRIBUTO ECONOMICO E OCCUPAZIONE DI SUOLO PUBBLICO ALL'A.S.D. LIBUR PER LO SVOLGIMENTO DELLE MANIFESTAZIONI SPORTIVE-CULTURALI""TORNEO AMATORIALE DEI GIOVANI SCACCHISTI DEL CORSO DI SCACCHI"" E ""PRIMA DELLE VACANZE FACCIAMO UNA MOSSA INSIEME!"".";"{""l"": 55.389678955078125, ""t"": 545.267822265625, ""r"": 531.9100341796875, ""b"": 422.6176350911458, ""coord_origin"": ""BOTTOMLEFT""}";;;;False
atto_12;docling;json;atto_12.json;86;8;section_header;heading;PARERE DI REGOLARITA' CONTABILE;"{""l"": 54.96685282389323, ""t"": 350.8948567708333, ""r"": 273.98862711588544, ""b"": 339.8605550130208, ""coord_origin"": ""BOTTOMLEFT""}";;;;False
atto_12;docling;json;atto_12.json;87;8;text;text;(Articolo 147 bis del decreto legislativo 18 agosto 2000, n. 267);"{""l"": 55.389678955078125, ""t"": 337.7386067708333, ""r"": 364.4725341796875, ""b"": 324.58235677083337, ""coord_origin"": ""BOTTOMLEFT""}";;;;False
atto_12;docling;json;atto_12.json;88;8;table;table;[table];"{""l"": 128.4034423828125, ""t"": 284.0013427734375, ""r"": 466.18743896484375, ""b"": 217.91192626953125, ""coord_origin"": ""BOTTOMLEFT""}";;;;True
atto_12;docling;json;atto_12.json;89;8;page_footer;footer;Carinaro, lì 12-06-2026;"{""l"": 58.77225240071615, ""t"": 117.0531005859375, ""r"": 174.6254679361979, ""b"": 104.32124837239587, ""coord_origin"": ""BOTTOMLEFT""}";;;;True
atto_12;docling;json;atto_12.json;90;8;page_footer;footer;I1 Responsabile;"{""l"": 379.2712809244792, ""t"": 103.47245279947913, ""r"": 457.070556640625, ""b"": 89.4674072265625, ""coord_origin"": ""BOTTOMLEFT""}";;;;True
atto_12;docling;json;atto_12.json;91;9;text;text;FATTORE SALVATORE;"{""l"": 351.7878824869792, ""t"": 769.3484700520834, ""r"": 485.8224283854167, ""b"": 753.6458536783854, ""coord_origin"": ""BOTTOMLEFT""}";;;;False
atto_12;docling;json;atto_12.json;92;10;page_header;header;ORIGINALE;"{""l"": 448.1912841796875, ""t"": 777.8363749186198, ""r"": 517.1112467447916, ""b"": 765.1045176188151, ""coord_origin"": ""BOTTOMLEFT""}";;;;False
atto_12;docling;json;atto_12.json;93;10;picture;figure;[figure];"{""l"": 254.06300354003906, ""t"": 752.1396942138672, ""r"": 340.26336669921875, ""b"": 655.2704620361328, ""coord_origin"": ""BOTTOMLEFT""}";;;;True
atto_12;docling;json;atto_12.json;94;10;section_header;heading;COMUNE DICARINARO;"{""l"": 203.8001912434896, ""t"": 637.7859700520834, ""r"": 391.5331217447917, ""b"": 623.7809244791666, ""coord_origin"": ""BOTTOMLEFT""}";;;;False
atto_12;docling;json;atto_12.json;95;10;text;text;Provincia di Caserta;"{""l"": 246.0823771158854, ""t"": 607.2295125325521, ""r"": 349.2509358723958, ""b"": 594.4976603190104, ""coord_origin"": ""BOTTOMLEFT""}";;;;False
atto_12;docling;json;atto_12.json;96;10;section_header;heading;DELIBERAZIONE DI GIUNTA COMUNALE N. 53 DEL 18-06-2026;"{""l"": 116.27604166666667, ""t"": 583.8877766927083, ""r"": 478.6344401041667, ""b"": 571.580322265625, ""coord_origin"": ""BOTTOMLEFT""}";;;;False
atto_12;docling;json;atto_12.json;97;10;text;text;"OGGETTO: CONCESSIONE PATROCINIO MORALE, CONTRIBUTO ECONOMICO E OCLS O O TO DELLE MANIFESTAZIONI SPORTIVE-CULTURALI ""TORNEO AMATORIALE DEI GIOVANI SCACCHISTI DEL CORSO DI SCACCHI"" E ""PRIMA DELLE VACANZE FACCIAMO UNA MOSSA INSIEME!"".";"{""l"": 55.389678955078125, ""t"": 556.3021036783855, ""r"": 531.9100341796875, ""b"": 488.8232828776042, ""coord_origin"": ""BOTTOMLEFT""}";;;;False
atto_12;docling;json;atto_12.json;98;10;section_header;heading;CERTIFICATO DI PUBBLICAZIONE;"{""l"": 152.63872273763022, ""t"": 445.5349527994792, ""r"": 440.1576741536458, ""b"": 434.5006917317708, ""coord_origin"": ""BOTTOMLEFT""}";;;;True
atto_12;docling;json;atto_12.json;99;10;text;text;Il sottoscritto responsabile della pubblicazione OLIVA LORENZO certifica che copia della presente deliberazione viene pubblicata il giorno 19-06-2026all'Albo Pretorio ove rimarrà affissa per 15 giorni consecutivi sino al 04-07-2026,;"{""l"": 53.6983896891276, ""t"": 419.6468505859375, ""r"": 540.366455078125, ""b"": 378.0561116536458, ""coord_origin"": ""BOTTOMLEFT""}";;;;False
atto_12;docling;json;atto_12.json;100;10;text;text;Carinaro, 19-06-2026;"{""l"": 56.235321044921875, ""t"": 322.03597005208337, ""r"": 164.90056355794272, ""b"": 309.30411783854163, ""coord_origin"": ""BOTTOMLEFT""}";;;;False
atto_12;docling;json;atto_12.json;101;10;text;text;I1 Responsabile della pubblicazione OLIVA LORENZO;"{""l"": 356.0160725911458, ""t"": 308.03092447916663, ""r"": 530.21875, ""b"": 282.56722005208337, ""coord_origin"": ""BOTTOMLEFT""}";;;;False
atto_12;docling;json;atto_12.json;102;10;text;text;Documento informatico sottoscritto con firma digitale ai sensi dell'art.24 del D.Lgs. n.82/2005 e ss.mm.ii.;"{""l"": 55.389678955078125, ""t"": 214.23958333333337, ""r"": 483.2854817708333, ""b"": 201.50773111979163, ""coord_origin"": ""BOTTOMLEFT""}";;;;False
atto_13;docling;json;atto_13.json;1;1;picture;figure;[figure];"{""l"": 254.25772094726562, ""t"": 806.8889541625977, ""r"": 340.1811828613281, ""b"": 709.4403228759766, ""coord_origin"": ""BOTTOMLEFT""}";;;;True
atto_13;docling;json;atto_13.json;2;1;section_header;heading;COMUNE DI CARINARO;"{""l"": 204.31799698, ""t"": 695.3370241740625, ""r"": 390.9899969800001, ""b"": 677.6250241740626, ""coord_origin"": ""BOTTOMLEFT""}";;;;False
atto_13;docling;json;atto_13.json;3;1;section_header;heading;Provincia di Caserta;"{""l"": 247.32100296, ""t"": 663.3100257840625, ""r"": 347.97700296000005, ""b"": 650.0260257840625, ""coord_origin"": ""BOTTOMLEFT""}";;;;False
atto_13;docling;json;atto_13.json;4;1;section_header;heading;Verbale di Deliberazione della Giunta Comunale;"{""l"": 152.0170021, ""t"": 624.1270256340625, ""r"": 443.28700209999994, ""b"": 608.6290256340625, ""coord_origin"": ""BOTTOMLEFT""}";;;;False
atto_13;docling;json;atto_13.json;5;1;text;text;N. 52 DEL 18-06-2026;"{""l"": 249.17799759, ""t"": 596.7000180840625, ""r"": 346.11799758999996, ""b"": 585.6300180840626, ""coord_origin"": ""BOTTOMLEFT""}";;;;False
atto_13;docling;json;atto_13.json;6;1;section_header;heading;OGGETTO: CONCESSIONE PATROCINIO ECONOMICO E MORALE ALL'ASSOCIAZIONE SPORTIVA BEAUTY FITNESS A.S.D;"{""l"": 60.20000076, ""t"": 562.1600240440625, ""r"": 543.7479977099999, ""b"": 535.0350256040625, ""coord_origin"": ""BOTTOMLEFT""}";;;;False
atto_13;docling;json;atto_13.json;7;1;text;text;L'anno duemilaventisei addì diciotto del mese di Giugno, alle ore 18:45 nella sala della Casa;"{""l"": 56.70000076, ""t"": 511.52203139406254, ""r"": 504.07200076, ""b"": 498.23803139406255, ""coord_origin"": ""BOTTOMLEFT""}";;;;False
atto_13;docling;json;atto_13.json;8;1;text;text;Comunale, si è riunita la Giunta Comunale convocata nelle forme di legge. Presiede l'adunanza il Sindaco MARIANNA DELL'APROVITOLA e sono rispettivamente presenti e assenti i seguenti Sigg.;"{""l"": 56.70000076, ""t"": 497.7230325640626, ""r"": 540.7560007599998, ""b"": 456.84101010406255, ""coord_origin"": ""BOTTOMLEFT""}";;;;False
atto_13;docling;json;atto_13.json;9;1;table;table;[table];"{""l"": 73.31123352050781, ""t"": 429.9184875488281, ""r"": 521.2078857421875, ""b"": 314.31500244140625, ""coord_origin"": ""BOTTOMLEFT""}";;;;True
atto_13;docling;json;atto_13.json;10;1;section_header;heading;Numero totale PRESENTI: 5- ASSENTI: 0;"{""l"": 56.70000076, ""t"": 300.2350259740625, ""r"": 279.68400075999995, ""b"": 286.95102597406253, ""coord_origin"": ""BOTTOMLEFT""}";;;;True
atto_13;docling;json;atto_13.json;11;1;text;text;Con la partecipazione del Segretario Generale SALVATORE CAPOLUONGO, il Presidente, constatato che gli intervenuti sono in numero legale, dichiara aperta la riunione ed invita i convocati a DELIBERARE sull'oggetto sopra indicato.;"{""l"": 56.70000076, ""t"": 272.63702163406253, ""r"": 540.1920007599998, ""b"": 231.75502301406254, ""coord_origin"": ""BOTTOMLEFT""}";;;;False
atto_13;docling;json;atto_13.json;12;2;section_header;heading;Il Sindaco, di concerto con la Delegata allo Sport Assunta Madonia;"{""l"": 56.70000076, ""t"": 773.8540237440626, ""r"": 380.55100075999997, ""b"": 759.0150237440625, ""coord_origin"": ""BOTTOMLEFT""}";;;;False
atto_13;docling;json;atto_13.json;13;2;section_header;heading;PREMESSO CHE;"{""l"": 56.70000076, ""t"": 734.1740234340625, ""r"": 144.72200076000001, ""b"": 719.3350234340625, ""coord_origin"": ""BOTTOMLEFT""}";;;PREMESSO;False
atto_13;docling;json;atto_13.json;14;2;text;text;con nota ACQUISITA al protocollo dell'Ente in DATA 16/06/2026 al n. 6783, il sig. Luigi Zampella, in qualità di legale rappresentante dell'Associazione Sportiva Beauty Fitness A.S.D., con sede in Aversa (CE), Viale della Libertà SNC, ha richiesto la concessione del patrocinio morale, di un contributo economico a sostegno delle spese organizzative, promozionali, assicurative e logistiche, nonché l'utilizzo gratuito di suolo pubblico in Via Trieste per lo svolgimento delle seguenti iniziative sportive:;"{""l"": 56.70000076, ""t"": 714.3340270940625, ""r"": 541.3600007599999, ""b"": 625.2950263340625, ""coord_origin"": ""BOTTOMLEFT""}";;;;False
atto_13;docling;json;atto_13.json;15;2;list_item;list_item;"- Corso di Kick Boxing, previsto per il giorno 6 luglio 2026 dalle ore 19:00 alle ore 20:00;";"{""l"": 74.70000076, ""t"": 620.2940185540625, ""r"": 512.2510007600001, ""b"": 605.4550185540625, ""coord_origin"": ""BOTTOMLEFT""}";;;;False
atto_13;docling;json;atto_13.json;16;2;list_item;list_item;"- Corso di Pilates, previsto per il giorno 8 luglio 2026 dalle ore 19:00 alle ore 20:00;";"{""l"": 74.70000076, ""t"": 600.4540222140625, ""r"": 485.2570007600001, ""b"": 585.6150222140625, ""coord_origin"": ""BOTTOMLEFT""}";;;;False
atto_13;docling;json;atto_13.json;17;2;list_item;list_item;"- Corso di Functional Training, previsto per il giorno 13 luglio 2026 dalle ore 19:00 alle ore 20:00;";"{""l"": 74.70000076, ""t"": 580.6140258740626, ""r"": 541.34600076, ""b"": 550.9350257240626, ""coord_origin"": ""BOTTOMLEFT""}";;;;False
atto_13;docling;json;atto_13.json;18;2;list_item;list_item;"- Dimostrazione e Allenamento MMA, previsto per il giorno 14 luglio 2026 dalle ore 20:00 alle ore 22:00;";"{""l"": 74.70000076, ""t"": 545.9340179440626, ""r"": 541.3460007600003, ""b"": 516.2550177940626, ""coord_origin"": ""BOTTOMLEFT""}";;;;False
atto_13;docling;json;atto_13.json;19;2;text;text;"le iniziative proposte sono rivolte alla cittadinanza e sono finalizzate alla promozione della pratica sportiva, del benessere psicofisico, dell'inclusione sociale e dell'aggregazione comunitaria;";"{""l"": 56.70000076, ""t"": 511.25402526406253, ""r"": 541.3490007600005, ""b"": 481.5750251140625, ""coord_origin"": ""BOTTOMLEFT""}";;;;False
atto_13;docling;json;atto_13.json;20;2;section_header;heading;CONSIDERATO CHE;"{""l"": 56.70000076, ""t"": 476.57403259406254, ""r"": 169.20800076, ""b"": 461.73503259406255, ""coord_origin"": ""BOTTOMLEFT""}";;;CONSIDERATO;False
atto_13;docling;json;atto_13.json;21;2;list_item;list_item;"- le attività proposte perseguono finalità sportive, educative, sociali e aggregative, favorendo la partecipazione attiva della cittadinanza;";"{""l"": 74.70000076, ""t"": 456.7340362540626, ""r"": 541.3460007600003, ""b"": 427.05503610406254, ""coord_origin"": ""BOTTOMLEFT""}";;;;False
atto_13;docling;json;atto_13.json;22;2;list_item;list_item;"- l'iniziativa mira a promuovere corretti stili di vita e la pratica sportiva quale strumento di inclusione sociale e di rafforzamento del senso di comunità;";"{""l"": 74.70000076, ""t"": 422.05401306406253, ""r"": 541.3460007600003, ""b"": 392.3750129140625, ""coord_origin"": ""BOTTOMLEFT""}";;;;False
atto_13;docling;json;atto_13.json;23;2;list_item;list_item;"- le iniziative risultano coerenti con gli indirizzi e le finalità istituzionali dell'Amministrazione comunale;";"{""l"": 74.70000076, ""t"": 387.37402038406253, ""r"": 541.3570007600003, ""b"": 357.6950202340625, ""coord_origin"": ""BOTTOMLEFT""}";;;;False
atto_13;docling;json;atto_13.json;24;2;section_header;heading;RITENUTO;"{""l"": 56.70000076, ""t"": 352.69402770406253, ""r"": 117.05700076, ""b"": 337.85502770406254, ""coord_origin"": ""BOTTOMLEFT""}";;;RITENUTO;False
atto_13;docling;json;atto_13.json;25;2;list_item;list_item;"- di accogliere favorevolmente la richiesta dell'Associazione Sportiva Beauty Fitness A.S.D., concedendo il patrocinio morale del Comune di Carinaro;";"{""l"": 74.70000076, ""t"": 332.8540313740626, ""r"": 541.3460007599999, ""b"": 303.17503122406254, ""coord_origin"": ""BOTTOMLEFT""}";;;;False
atto_13;docling;json;atto_13.json;26;2;list_item;list_item;"- di concedere un contributo economico straordinario nella misura massima di € 800,00 quale compartecipazione alle spese organizzative, promozionali, assicurative e logistiche necessarie allo svolgimento delle iniziative;";"{""l"": 74.70000076, ""t"": 298.1740081740626, ""r"": 541.3460007600002, ""b"": 253.65500787406256, ""coord_origin"": ""BOTTOMLEFT""}";;;;False
atto_13;docling;json;atto_13.json;27;2;list_item;list_item;"- di concedere l'occupazione gratuita del suolo pubblico in Via Trieste nelle DATE e negli orari sopra indicati;";"{""l"": 74.70000076, ""t"": 248.65404968406256, ""r"": 541.3460007600004, ""b"": 218.97504953406246, ""coord_origin"": ""BOTTOMLEFT""}";;;;False
atto_13;docling;json;atto_13.json;28;2;section_header;heading;VISTI;"{""l"": 56.70000076, ""t"": 213.97399597406252, ""r"": 87.87400076, ""b"": 199.13499597406246, ""coord_origin"": ""BOTTOMLEFT""}";;;VISTO;False
atto_13;docling;json;atto_13.json;29;2;list_item;list_item;"- il D.Lgs. 18 agosto 2000, n. 267 e, in particolare, gli artt. 48, 49, 107 e 134, comma 4;";"{""l"": 74.70000076, ""t"": 194.13403015406254, ""r"": 493.83700076000014, ""b"": 179.2950301540625, ""coord_origin"": ""BOTTOMLEFT""}";;;;False
atto_13;docling;json;atto_13.json;30;2;list_item;list_item;"- l'art. 12 della Legge 7 agosto 1990, n. 241;";"{""l"": 74.70000076, ""t"": 174.29400329406258, ""r"": 294.03300076, ""b"": 159.45500329406252, ""coord_origin"": ""BOTTOMLEFT""}";;;;False
atto_13;docling;json;atto_13.json;31;2;list_item;list_item;"- lo Statuto comunale;";"{""l"": 74.70000076, ""t"": 154.4540374740626, ""r"": 195.18700076, ""b"": 139.61503747406255, ""coord_origin"": ""BOTTOMLEFT""}";;;;False
atto_13;docling;json;atto_13.json;32;2;list_item;list_item;"- il Regolamento comunale per la concessione di contributi in favore di associazioni per finalità di promozione di attività culturali, sportive e ricreative, approvato con deliberazione di Consiglio Comunale n. 27 del 30.06.2015;";"{""l"": 74.70000076, ""t"": 134.61401061406252, ""r"": 541.3570007600002, ""b"": 90.0950103140625, ""coord_origin"": ""BOTTOMLEFT""}";;;;False
atto_13;docling;json;atto_13.json;33;2;section_header;heading;SI PROPONE DI DELIBERARE;"{""l"": 217.7899971, ""t"": 85.09405212406261, ""r"": 377.50999709999996, ""b"": 70.25505212406256, ""coord_origin"": ""BOTTOMLEFT""}";;PROPONE_DELIBERARE;PROPONE_DELIBERARE;False
atto_13;docling;json;atto_13.json;34;3;text;text;DI APPROVARE le PREMESSE quali parte integrante e sostanziale del presente provvedimento.;"{""l"": 56.70000076, ""t"": 806.4520233140626, ""r"": 518.6340007600002, ""b"": 791.6130233140625, ""coord_origin"": ""BOTTOMLEFT""}";;;;False
atto_13;docling;json;atto_13.json;35;3;text;text;DI CONCEDERE all'Associazione Sportiva Beauty Fitness A.S.D. il patrocinio morale del Comune di Carinaro per lo svolgimento delle iniziative sportive indicate in PREMESSA.;"{""l"": 56.70000076, ""t"": 786.6120231640625, ""r"": 541.3490007600001, ""b"": 756.9330230140625, ""coord_origin"": ""BOTTOMLEFT""}";;;;False
atto_13;docling;json;atto_13.json;36;3;text;text;DI CONCEDERE all'Associazione Sportiva Beauty Fitness A.S.D., ai sensi dell'art. 7 del Regolamento comunale approvato con deliberazione di Consiglio Comunale n. 27 del 30.06.2015, un contributo economico straordinario nella misura massima di € 800,00.;"{""l"": 56.70000076, ""t"": 751.9320228540626, ""r"": 541.3600007599999, ""b"": 707.4130225540625, ""coord_origin"": ""BOTTOMLEFT""}";;;;False
atto_13;docling;json;atto_13.json;37;3;text;text;"DI DARE ATTO che il contributo economico trova copertura sul capitolo 1880.1 del Bilancio di previsione vigente, denominato ""Spettacoli e/o manifestazioni culturali - contributi ad associazioni promotrici"".";"{""l"": 56.70000076, ""t"": 702.4120223940625, ""r"": 541.3490007600001, ""b"": 657.8930220940625, ""coord_origin"": ""BOTTOMLEFT""}";;;;False
atto_13;docling;json;atto_13.json;38;3;text;text;DI DEMANDARE al Responsabile dell'Area Affari Generali l'adozione degli atti gestionali conseguenti relativi all'impegno e alla successiva liquidazione del contributo.;"{""l"": 56.70000076, ""t"": 652.8920257540625, ""r"": 541.3380007600001, ""b"": 623.2130256040625, ""coord_origin"": ""BOTTOMLEFT""}";;;;False
atto_13;docling;json;atto_13.json;39;3;text;text;DI CONCEDERE l'occupazione gratuita del suolo pubblico in Via Trieste per le giornate del 6, 8 e 13 luglio 2026, dalle ore 19:00 alle ore 20:00, e del 14 luglio 2026, dalle ore 20:00 alle ore 22:00, limitatamente allo svolgimento delle iniziative indicate in PREMESSA.;"{""l"": 56.70000076, ""t"": 618.2120178240626, ""r"": 541.3490007600004, ""b"": 573.6930175240626, ""coord_origin"": ""BOTTOMLEFT""}";;;;False
atto_13;docling;json;atto_13.json;40;3;text;text;DI DARE ATTO che il rilascio delle autorizzazioni inerenti all'occupazione del suolo pubblico, nonché l'eventuale adozione di provvedimenti relativi alla viabilità, alla sicurezza e all'utilizzo dell'area, restano demandati ai competenti uffici comunali, ciascuno per quanto di rispettiva competenza.;"{""l"": 56.70000076, ""t"": 568.6920288040625, ""r"": 541.3490007600004, ""b"": 509.33302835406244, ""coord_origin"": ""BOTTOMLEFT""}";;;;False
atto_13;docling;json;atto_13.json;41;3;text;text;DI PRECISARE che la liquidazione del contributo concesso avverrà previa presentazione di idonea rendicontazione, corredata dalla documentazione giustificativa delle spese effettivamente sostenute dall'Associazione beneficiaria.;"{""l"": 56.70000076, ""t"": 504.33202819406256, ""r"": 541.36000076, ""b"": 459.81302789406254, ""coord_origin"": ""BOTTOMLEFT""}";;;;False
atto_13;docling;json;atto_13.json;42;3;text;text;DI DARE ATTO che l'organizzazione e lo svolgimento delle iniziative avverranno sotto l'esclusiva responsabilità dell'Associazione organizzatrice, la quale dovrà adottare tutte le misure necessarie a garantire il corretto svolgimento delle attività nel rispetto della normativa vigente, assumendo ogni responsabilità civile, penale, amministrativa e patrimoniale connessa all'evento.;"{""l"": 56.70000076, ""t"": 454.81200866406255, ""r"": 541.3490007600003, ""b"": 395.4530082140625, ""coord_origin"": ""BOTTOMLEFT""}";;;;False
atto_13;docling;json;atto_13.json;43;3;text;text;DI DARE ATTO che la concessione del patrocinio morale, del contributo economico e dell'occupazione gratuita del suolo pubblico non esonera l'Associazione dall'acquisizione di eventuali autorizzazioni, nulla osta, comunicazioni o titoli abilitativi previsti dalla normativa vigente.;"{""l"": 56.70000076, ""t"": 390.45202331406256, ""r"": 541.3490007600004, ""b"": 331.0930228640625, ""coord_origin"": ""BOTTOMLEFT""}";;;;False
atto_13;docling;json;atto_13.json;44;3;text;text;DI DEMANDARE al Responsabile dell'Area Tecnica e al Comandante della Polizia Municipale, ciascuno per quanto di rispettiva competenza, l'adozione degli atti e degli adempimenti conseguenti al presente provvedimento.;"{""l"": 56.70000076, ""t"": 326.09203796406257, ""r"": 541.3600007600003, ""b"": 281.57303766406255, ""coord_origin"": ""BOTTOMLEFT""}";;;;False
atto_13;docling;json;atto_13.json;45;3;text;text;DI DICHIARARE la presente deliberazione immediatamente eseguibile ai sensi dell'art. 134, comma 4, del D.Lgs. n. 267/2000.;"{""l"": 56.70000076, ""t"": 276.57201843406256, ""r"": 541.3490007600002, ""b"": 246.89301828406246, ""coord_origin"": ""BOTTOMLEFT""}";;;;False
atto_13;docling;json;atto_13.json;46;4;section_header;heading;LA GIUNTA COMUNALE;"{""l"": 229.90399551, ""t"": 766.7720230040626, ""r"": 365.39099551, ""b"": 751.9330230040625, ""coord_origin"": ""BOTTOMLEFT""}";;;;False
atto_13;docling;json;atto_13.json;47;4;text;text;"VISTA la proposta di deliberazione sopra riportata;";"{""l"": 56.70000076, ""t"": 746.9320228540626, ""r"": 298.56800075999996, ""b"": 732.0930228540625, ""coord_origin"": ""BOTTOMLEFT""}";;;VISTO;False
atto_13;docling;json;atto_13.json;48;4;text;text;"ACQUISITI i pareri favorevoli di regolarità tecnica e contabile espressi ai sensi dell'art. 49 del D.Lgs. n. 267/2000;";"{""l"": 56.70000076, ""t"": 727.0920227040625, ""r"": 541.3600007600003, ""b"": 697.4130225540625, ""coord_origin"": ""BOTTOMLEFT""}";;;ACQUISITI_PARERI;False
atto_13;docling;json;atto_13.json;49;4;text;text;"RITENUTO di approvare integralmente la proposta medesima;";"{""l"": 56.70000076, ""t"": 692.4120223940625, ""r"": 348.24400076, ""b"": 677.5730223940625, ""coord_origin"": ""BOTTOMLEFT""}";;;RITENUTO;False
atto_13;docling;json;atto_13.json;50;4;text;text;"Con votazione unanime favorevole resa nei modi e termini di legge;";"{""l"": 56.70000076, ""t"": 672.5720184340626, ""r"": 386.81000076000015, ""b"": 657.7330184340625, ""coord_origin"": ""BOTTOMLEFT""}";0.0;;;False
atto_13;docling;json;atto_13.json;51;4;section_header;heading;DELIBERA;"{""l"": 269.10199356, ""t"": 632.8920257540625, ""r"": 328.94199355999996, ""b"": 618.0530257540624, ""coord_origin"": ""BOTTOMLEFT""}";;DELIBERA;DELIBERA;False
atto_13;docling;json;atto_13.json;52;4;text;text;Di approvare integralmente la proposta di deliberazione sopra riportata, che qui si intende integralmente RICHIAMATA e trascritta.;"{""l"": 56.70000076, ""t"": 594.2530181840626, ""r"": 541.3380007600001, ""b"": 564.5740180340626, ""coord_origin"": ""BOTTOMLEFT""}";;;;False
atto_13;docling;json;atto_13.json;53;4;text;text;Di dichiarare la presente deliberazione immediatamente eseguibile, con separata ed unanime votazione favorevole, ai sensi dell'art. 134, comma 4, del D.Lgs. n. 267/2000.;"{""l"": 56.70000076, ""t"": 559.5730255140626, ""r"": 541.3490007600002, ""b"": 529.8940253640626, ""coord_origin"": ""BOTTOMLEFT""}";;;;False
atto_13;docling;json;atto_13.json;54;5;page_header;header;Deliberazione n. 52 DEL 18-06-2026;"{""l"": 371.20500564, ""t"": 779.5330232440625, ""r"": 535.8530056400001, ""b"": 767.3560232440625, ""coord_origin"": ""BOTTOMLEFT""}";;;;False
atto_13;docling;json;atto_13.json;55;5;text;text;Letto, confermato e sottoscritto.;"{""l"": 56.70000076, ""t"": 742.4770265540625, ""r"": 203.27200076, ""b"": 729.1930265540625, ""coord_origin"": ""BOTTOMLEFT""}";;;;True
atto_13;docling;json;atto_13.json;56;5;text;text;Il Sindaco MARIANNA DELL'APROVITOLA;"{""l"": 95.19500208, ""t"": 706.8300233740625, ""r"": 261.7980020800001, ""b"": 680.8970232040625, ""coord_origin"": ""BOTTOMLEFT""}";;;;False
atto_13;docling;json;atto_13.json;57;5;text;text;Il Segretario SALVATORE CAPOLUONGO;"{""l"": 339.47400522, ""t"": 706.8300233740625, ""r"": 499.4700052199999, ""b"": 679.9640235940625, ""coord_origin"": ""BOTTOMLEFT""}";;;;False
atto_13;docling;json;atto_13.json;58;5;section_header;heading;CERTIFICATO DI PUBBLICAZIONE;"{""l"": 196.67300796, ""t"": 609.8530250440625, ""r"": 401.38100796000003, ""b"": 596.5690250440625, ""coord_origin"": ""BOTTOMLEFT""}";;;;True
atto_13;docling;json;atto_13.json;59;5;section_header;heading;IL SEGRETARIO GENERALE;"{""l"": 219.99300003, ""t"": 582.2550264240625, ""r"": 378.30900002999994, ""b"": 568.9710264240625, ""coord_origin"": ""BOTTOMLEFT""}";;;;False
atto_13;docling;json;atto_13.json;60;5;section_header;heading;ATTESTA;"{""l"": 270.98700332, ""t"": 540.8580194340625, ""r"": 327.31500331999996, ""b"": 527.5740194340625, ""coord_origin"": ""BOTTOMLEFT""}";;ATTESTA;ATTESTA;False
atto_13;docling;json;atto_13.json;61;5;text;text;Che la presente deliberazione è stata affissa all' albo pretorio del sito web dell' ente http://www.comune.carinaro.ce.it conforme all'originale in DATA 00-00-0000e resterà affissa per n. 15 giorni consecutivi ai sensi dell'art. 124, comma 1, del Dlgs 18 agosto 2000 n. 267;"{""l"": 56.70000076, ""t"": 527.0590187040625, ""r"": 541.1900007599999, ""b"": 472.37802030406255, ""coord_origin"": ""BOTTOMLEFT""}";;;;False
atto_13;docling;json;atto_13.json;62;5;text;text;Il Segretario Generale SALVATORE CAPOLUONGO;"{""l"": 219.14900588999998, ""t"": 444.26503619406253, ""r"": 379.1450058899998, ""b"": 417.18203641406257, ""coord_origin"": ""BOTTOMLEFT""}";;;;False
atto_13;docling;json;atto_13.json;63;5;text;text;********************************************************************************;"{""l"": 57.650000750000004, ""t"": 402.86802920406257, ""r"": 537.65000075, ""b"": 389.5840292040626, ""coord_origin"": ""BOTTOMLEFT""}";;;;False
atto_13;docling;json;atto_13.json;64;5;text;text;*****************************************************************;"{""l"": 102.65000152, ""t"": 389.06903323406254, ""r"": 495.65000152, ""b"": 375.78503323406255, ""coord_origin"": ""BOTTOMLEFT""}";;;;False
atto_13;docling;json;atto_13.json;65;5;section_header;heading;CERTIFICATO DI ESECUTIVITA';"{""l"": 202.62799453, ""t"": 361.4710336640626, ""r"": 392.67199453, ""b"": 348.18703366406254, ""coord_origin"": ""BOTTOMLEFT""}";;;;False
atto_13;docling;json;atto_13.json;66;5;list_item;list_item;[ X ] Deliberazione dichiarata immediatamente eseguibile ai sensi dell' art. 134, comma 4, del D.Lgs. 267/2000 e.ss.mm.ii.;"{""l"": 56.70000076, ""t"": 320.11603296406247, ""r"": 503.87200076000005, ""b"": 295.07403279406253, ""coord_origin"": ""BOTTOMLEFT""}";;;;False
atto_13;docling;json;atto_13.json;67;5;list_item;list_item;[ ]Deliberazione esecutiva ad ogni effetto di legge decorso il decimo giorno di pubblicazione, ai sensi dell'art. 134, comma 3, del D.Lgs n. 267/2000 e.ss.mm.ii.;"{""l"": 56.70000076, ""t"": 282.1690114740625, ""r"": 508.75600076, ""b"": 257.12701130406253, ""coord_origin"": ""BOTTOMLEFT""}";;;;False
atto_13;docling;json;atto_13.json;68;5;text;text;Il Segretario SALVATORE CAPOLUONGO;"{""l"": 337.84899378, ""t"": 233.61402758406257, ""r"": 497.84499377999987, ""b"": 206.74802780406253, ""coord_origin"": ""BOTTOMLEFT""}";;;;False
atto_13;docling;json;atto_13.json;69;5;page_footer;footer;Documento informatico sottoscritto con firma digitale ai sensi dell'art.24 del D.Lgs. n.82/2005 e ss.mm.ii.;"{""l"": 56.70000076, ""t"": 162.01999489406262, ""r"": 490.6000007599997, ""b"": 150.94999489406257, ""coord_origin"": ""BOTTOMLEFT""}";;;;True
atto_13;docling;json;atto_13.json;70;6;picture;figure;[figure];"{""l"": 254.1564483642578, ""t"": 771.8954620361328, ""r"": 340.5013122558594, ""b"": 674.4100036621094, ""coord_origin"": ""BOTTOMLEFT""}";;;;True
atto_13;docling;json;atto_13.json;71;6;section_header;heading;COMUNE DI CARINARO;"{""l"": 204.31799698, ""t"": 659.9370264640626, ""r"": 390.9899969800001, ""b"": 642.2250264640626, ""coord_origin"": ""BOTTOMLEFT""}";;;;False
atto_13;docling;json;atto_13.json;72;6;section_header;heading;Proposta di Giunta Comunale;"{""l"": 220.80699539, ""t"": 627.9100280740626, ""r"": 374.4909953900001, ""b"": 614.6260280740626, ""coord_origin"": ""BOTTOMLEFT""}";;;;False
atto_13;docling;json;atto_13.json;73;6;text;text;Affari Generali Proposta n° 52/2026;"{""l"": 435.79698562000004, ""t"": 600.3120208740626, ""r"": 541.60000979, ""b"": 573.2290220440626, ""coord_origin"": ""BOTTOMLEFT""}";;;;False
atto_13;docling;json;atto_13.json;74;6;section_header;heading;OGGETTO: CONCESSIONE PATROCINIO ECONOMICO E MORALE ALL'ASSOCIAZIONE SPORTIVA BEAUTY FITNESS A.S.D;"{""l"": 56.70000076, ""t"": 545.1160217240625, ""r"": 445.41600076, ""b"": 504.23402310406254, ""coord_origin"": ""BOTTOMLEFT""}";;;;False
atto_13;docling;json;atto_13.json;75;6;text;text;PARERE DI REGOLARITA' TECNICA (Articolo 147 bis del decreto legislativo 18 agosto 2000, n. 267);"{""l"": 56.70000076, ""t"": 434.72402343406253, ""r"": 366.97200076000007, ""b"": 407.6410246040626, ""coord_origin"": ""BOTTOMLEFT""}";;;;False
atto_13;docling;json;atto_13.json;76;6;table;table;[table];"{""l"": 140.87765502929688, ""t"": 366.6304931640625, ""r"": 453.9825134277344, ""b"": 300.663330078125, ""coord_origin"": ""BOTTOMLEFT""}";;;;True
atto_13;docling;json;atto_13.json;77;6;text;text;Carinaro, lì 18-06-2026;"{""l"": 59.70000076, ""t"": 200.48604735406252, ""r"": 176.34000075999998, ""b"": 187.20204735406253, ""coord_origin"": ""BOTTOMLEFT""}";;;;False
atto_13;docling;json;atto_13.json;78;6;text;text;Il Responsabile;"{""l"": 380.96500015000004, ""t"": 186.6870475640626, ""r"": 458.28100015000007, ""b"": 173.4030475640625, ""coord_origin"": ""BOTTOMLEFT""}";;;;False
atto_13;docling;json;atto_13.json;79;6;text;text;PICONE VINCENZO;"{""l"": 362.45199585000006, ""t"": 153.2040484940626, ""r"": 473.79999585, ""b"": 139.8000484940626, ""coord_origin"": ""BOTTOMLEFT""}";;;;False
atto_13;docling;json;atto_13.json;80;7;picture;figure;[figure];"{""l"": 254.17080688476562, ""t"": 771.9213027954102, ""r"": 340.37860107421875, ""b"": 674.3388061523438, ""coord_origin"": ""BOTTOMLEFT""}";;;;True
atto_13;docling;json;atto_13.json;81;7;section_header;heading;COMUNE DI CARINARO;"{""l"": 204.31799698, ""t"": 659.9370264640626, ""r"": 390.9899969800001, ""b"": 642.2250264640626, ""coord_origin"": ""BOTTOMLEFT""}";;;;False
atto_13;docling;json;atto_13.json;82;7;section_header;heading;Proposta di Giunta Comunale;"{""l"": 220.80699539, ""t"": 627.9100280740626, ""r"": 374.4909953900001, ""b"": 614.6260280740626, ""coord_origin"": ""BOTTOMLEFT""}";;;;False
atto_13;docling;json;atto_13.json;83;7;text;text;Affari Generali Proposta n° 52/2026;"{""l"": 435.79698562000004, ""t"": 600.3120208740626, ""r"": 541.60000979, ""b"": 573.2290220440626, ""coord_origin"": ""BOTTOMLEFT""}";;;;False
atto_13;docling;json;atto_13.json;84;7;section_header;heading;OGGETTO: CONCESSIONE PATROCINIO ECONOMICO E MORALE ALL'ASSOCIAZIONE SPORTIVA BEAUTY FITNESS A.S.D;"{""l"": 56.70000076, ""t"": 545.1160217240625, ""r"": 445.41600076, ""b"": 504.23402310406254, ""coord_origin"": ""BOTTOMLEFT""}";;;;False
atto_13;docling;json;atto_13.json;85;7;section_header;heading;PARERE DI REGOLARITA' CONTABILE;"{""l"": 56.70000076, ""t"": 434.72402343406253, ""r"": 276.0120007599999, ""b"": 421.44002343406254, ""coord_origin"": ""BOTTOMLEFT""}";;;;False
atto_13;docling;json;atto_13.json;86;7;text;text;(Articolo 147 bis del decreto legislativo 18 agosto 2000, n. 267);"{""l"": 56.70000076, ""t"": 420.92502460406257, ""r"": 366.97200076000007, ""b"": 407.6410246040626, ""coord_origin"": ""BOTTOMLEFT""}";;;;False
atto_13;docling;json;atto_13.json;87;7;table;table;[table];"{""l"": 128.5059356689453, ""t"": 366.68817138671875, ""r"": 466.0692443847656, ""b"": 300.66552734375, ""coord_origin"": ""BOTTOMLEFT""}";;;;True
atto_13;docling;json;atto_13.json;88;7;text;text;Carinaro, lì 18-06-2026;"{""l"": 59.70000076, ""t"": 200.48604735406252, ""r"": 176.34000075999998, ""b"": 187.20204735406253, ""coord_origin"": ""BOTTOMLEFT""}";;;;False
atto_13;docling;json;atto_13.json;89;7;text;text;Il Responsabile;"{""l"": 380.96500015000004, ""t"": 186.6870475640626, ""r"": 458.28100015000007, ""b"": 173.4030475640625, ""coord_origin"": ""BOTTOMLEFT""}";;;;False
atto_13;docling;json;atto_13.json;90;7;text;text;FATTORE SALVATORE;"{""l"": 352.44699860000003, ""t"": 153.2040484940626, ""r"": 483.7989986, ""b"": 139.8000484940626, ""coord_origin"": ""BOTTOMLEFT""}";;;;False
atto_13;docling;json;atto_13.json;91;8;page_header;header;ORIGINALE;"{""l"": 449.02000808, ""t"": 778.5889983999999, ""r"": 515.70400808, ""b"": 765.3049983999999, ""coord_origin"": ""BOTTOMLEFT""}";;;;False
atto_13;docling;json;atto_13.json;92;8;picture;figure;[figure];"{""l"": 254.43316650390625, ""t"": 752.2281723022461, ""r"": 339.950439453125, ""b"": 655.5477905273438, ""coord_origin"": ""BOTTOMLEFT""}";;;;True
atto_13;docling;json;atto_13.json;93;8;section_header;heading;COMUNE DI CARINARO;"{""l"": 204.34300613, ""t"": 640.3889994199999, ""r"": 391.01500613000013, ""b"": 622.6769994199999, ""coord_origin"": ""BOTTOMLEFT""}";;;;False
atto_13;docling;json;atto_13.json;94;8;text;text;Provincia di Caserta;"{""l"": 247.34599685, ""t"": 608.3619934, ""r"": 348.00199685000007, ""b"": 595.0779934, ""coord_origin"": ""BOTTOMLEFT""}";;;;False
atto_13;docling;json;atto_13.json;95;8;section_header;heading;DELIBERAZIONE DI GIUNTA COMUNALE N. 52 DEL 18-06-2026;"{""l"": 117.99100113, ""t"": 585.3639923, ""r"": 477.35500112999995, ""b"": 572.0799923, ""coord_origin"": ""BOTTOMLEFT""}";;;;False
atto_13;docling;json;atto_13.json;96;8;section_header;heading;OGGETTO: CONCESSIONE PATROCINIO ECONOMICO E MORALE ALL'ASSOCIAZIONE SPORTIVA BEAUTY FITNESS A.S.D;"{""l"": 56.70000076, ""t"": 557.7660003499999, ""r"": 445.41600076, ""b"": 530.68300152, ""coord_origin"": ""BOTTOMLEFT""}";;;;False
atto_13;docling;json;atto_13.json;97;8;section_header;heading;C E R T I F I C A T O D I P U B B L I C A Z I O N E;"{""l"": 153.32300186, ""t"": 488.7710052399999, ""r"": 445.03100186000006, ""b"": 475.4870052399999, ""coord_origin"": ""BOTTOMLEFT""}";;;;False
atto_13;docling;json;atto_13.json;98;8;text;text;Il sottoscritto responsabile della pubblicazione OLIVA LORENZO certifica che copia della presente deliberazione viene pubblicata il giorno 19-06-2026 all'Albo Pretorio ove rimarrà affissa per 15 giorni consecutivi sino al 04-07-2026 ,;"{""l"": 56.70000076, ""t"": 461.1730132899999, ""r"": 541.6560007599998, ""b"": 420.2910146699999, ""coord_origin"": ""BOTTOMLEFT""}";;;;False
atto_13;docling;json;atto_13.json;99;8;text;text;Carinaro, 19-06-2026;"{""l"": 56.70000076, ""t"": 364.57999570999993, ""r"": 163.36800076, ""b"": 351.29599570999994, ""coord_origin"": ""BOTTOMLEFT""}";;;;False
atto_13;docling;json;atto_13.json;100;8;text;text;Il Responsabile della pubblicazione OLIVA LORENZO;"{""l"": 357.70100069, ""t"": 350.7809844799999, ""r"": 531.6530006900001, ""b"": 323.6979846899999, ""coord_origin"": ""BOTTOMLEFT""}";;;;False
atto_13;docling;json;atto_13.json;101;8;text;text;Documento informatico sottoscritto con firma digitale ai sensi dell'art.24 del D.Lgs. n.82/2005 e ss.mm.ii.;"{""l"": 56.70000076, ""t"": 256.57298485, ""r"": 482.79000075999977, ""b"": 245.50298484999996, ""coord_origin"": ""BOTTOMLEFT""}";;;;False
atto_14;docling;json;atto_14.json;1;1;picture;figure;[figure];"{""l"": 254.15786743164062, ""t"": 807.718563079834, ""r"": 340.2738037109375, ""b"": 709.9010467529297, ""coord_origin"": ""BOTTOMLEFT""}";;;;True
atto_14;docling;json;atto_14.json;2;1;section_header;heading;COMUNE DI CARINARO;"{""l"": 204.361526481903, ""t"": 691.6863932191693, ""r"": 391.04447466544485, ""b"": 678.5596174346566, ""coord_origin"": ""BOTTOMLEFT""}";;;;False
atto_14;docling;json;atto_14.json;3;1;section_header;heading;Provincia di Caserta;"{""l"": 247.317724079361, ""t"": 660.6242767865508, ""r"": 347.99746418780984, ""b"": 650.7544840823086, ""coord_origin"": ""BOTTOMLEFT""}";;;;False
atto_14;docling;json;atto_14.json;4;1;section_header;heading;Verbale di Deliberazione della Giunta Comunale;"{""l"": 152.04083458306502, ""t"": 620.9321117912824, ""r"": 443.4134265077948, ""b"": 609.3844058151898, ""coord_origin"": ""BOTTOMLEFT""}";;;;False
atto_14;docling;json;atto_14.json;5;1;text;text;N. 51 DEL 18-06-2026;"{""l"": 249.236182018341, ""t"": 594.3557333511894, ""r"": 346.1461579577205, ""b"": 586.1638539187977, ""coord_origin"": ""BOTTOMLEFT""}";;;;False
atto_14;docling;json;atto_14.json;6;1;section_header;heading;OGGETTO: APPROVAZIONE RELAZIONE SULLA PERFORMANCE P. O - ANNO;"{""l"": 60.240401999999996, ""t"": 559.6703073524495, ""r"": 543.7160247139062, ""b"": 549.4754429300717, ""coord_origin"": ""BOTTOMLEFT""}";;;;False
atto_14;docling;json;atto_14.json;7;1;text;text;2025;"{""l"": 147.357047862648, ""t"": 545.5464499754088, ""r"": 171.35698590995398, ""b"": 535.6766572711667, ""coord_origin"": ""BOTTOMLEFT""}";;;;False
atto_14;docling;json;atto_14.json;8;1;text;text;L'anno duemilaventisei addì diciotto del mese di Giugno, alle ore 18:45 nella sala della Casa Comunale, si è riunita la Giunta Comunale convocata nelle forme di legge. Presiede l'adunanza il Sindaco MARIANNA DELL'APROVITOLA e sono rispettivamente presenti;"{""l"": 56.759621931324, ""t"": 508.82585088956273, ""r"": 540.8383723454862, ""b"": 471.35258601591767, ""coord_origin"": ""BOTTOMLEFT""}";;;;False
atto_14;docling;json;atto_14.json;9;1;text;text;e assenti i seguenti Sigg.;"{""l"": 56.759621931324, ""t"": 467.42359309787577, ""r"": 175.0793165045425, ""b"": 457.55380039363365, ""coord_origin"": ""BOTTOMLEFT""}";;;;False
atto_14;docling;json;atto_14.json;10;1;table;table;[table];"{""l"": 73.32630920410156, ""t"": 429.9717102050781, ""r"": 521.1654052734375, ""b"": 314.32354736328125, ""coord_origin"": ""BOTTOMLEFT""}";;;;True
atto_14;docling;json;atto_14.json;11;1;text;text;Numero totale PRESENTI: 5- ASSENTI: 0;"{""l"": 56.759621931324, ""t"": 297.50948443897073, ""r"": 276.71905413488355, ""b"": 287.6396917347287, ""coord_origin"": ""BOTTOMLEFT""}";;;;True
atto_14;docling;json;atto_14.json;12;1;text;text;Con la partecipazione del Segretario Generale SALVATORE CAPOLUONGO, il Presidente, constatato che gli intervenuti sono in numero legale, dichiara aperta la riunione ed invita i convocati a DELIBERARE sull'oggetto sopra indicato.;"{""l"": 56.759621931324, ""t"": 269.90458178006577, ""r"": 540.2383738943034, ""b"": 232.43718201591776, ""coord_origin"": ""BOTTOMLEFT""}";;;;False
atto_14;docling;json;atto_14.json;13;4;page_header;header;Deliberazione n. 51 DEL 18-06-2026;"{""l"": 371.16240975, ""t"": 776.0290511708166, ""r"": 535.7692642688185, ""b"": 766.9487933707845, ""coord_origin"": ""BOTTOMLEFT""}";;;;False
atto_14;docling;json;atto_14.json;14;4;text;text;Letto, confermato e sottoscritto.;"{""l"": 56.7580490653725, ""t"": 738.1058955027411, ""r"": 200.3888456642876, ""b"": 729.025637702709, ""coord_origin"": ""BOTTOMLEFT""}";;;;True
atto_14;docling;json;atto_14.json;15;4;text;text;Il Sindaco MARIANNA DELL'APROVITOLA;"{""l"": 95.16096724617, ""t"": 702.4683741258261, ""r"": 258.7962990823821, ""b"": 680.666202624027, ""coord_origin"": ""BOTTOMLEFT""}";;;;False
atto_14;docling;json;atto_14.json;16;4;text;text;Il Segretario SALVATORE CAPOLUONGO;"{""l"": 339.47960253643805, ""t"": 702.4683741258261, ""r"": 496.4631973038665, ""b"": 679.5532349300717, ""coord_origin"": ""BOTTOMLEFT""}";;;;False
atto_14;docling;json;atto_14.json;17;4;section_header;heading;CERTIFICATO DI PUBBLICAZIONE;"{""l"": 196.681144993515, ""t"": 606.0267646278288, ""r"": 401.3526166609406, ""b"": 596.1569719235866, ""coord_origin"": ""BOTTOMLEFT""}";;;;True
atto_14;docling;json;atto_14.json;18;4;section_header;heading;IL SEGRETARIO GENERALE;"{""l"": 219.960370811142, ""t"": 578.4233103660947, ""r"": 375.23996997721184, ""b"": 568.5535176618527, ""coord_origin"": ""BOTTOMLEFT""}";;;;False
atto_14;docling;json;atto_14.json;19;4;section_header;heading;ATTESTA;"{""l"": 270.960245268219, ""t"": 537.0269534260008, ""r"": 324.2641076712857, ""b"": 527.1571607217586, ""coord_origin"": ""BOTTOMLEFT""}";;ATTESTA;ATTESTA;False
atto_14;docling;json;atto_14.json;20;4;text;text;Che la presente deliberazione è stata affissa all' albo pretorio del sito web dell' ente http://www.comune.carinaro.ce.it conforme all'originale in DATA 00-00-0000e resterà affissa per n. 15 giorni consecutivi ai sensi dell'art. 124, comma 1, del Dlgs 18 agosto 2000 n. 267;"{""l"": 56.759621931324, ""t"": 523.2223026942197, ""r"": 541.3177177112541, ""b"": 472.07402689363363, ""coord_origin"": ""BOTTOMLEFT""}";;;;False
atto_14;docling;json;atto_14.json;21;4;text;text;Il Segretario Generale SALVATORE CAPOLUONGO;"{""l"": 219.11662154292299, ""t"": 440.5474626577817, ""r"": 376.1002163103515, ""b"": 416.87884851591764, ""coord_origin"": ""BOTTOMLEFT""}";;;;False
atto_14;docling;json;atto_14.json;22;4;text;text;********************************************************************************;"{""l"": 57.597510594429, ""t"": 399.14373859787577, ""r"": 537.59627154055, ""b"": 389.27394589363365, ""coord_origin"": ""BOTTOMLEFT""}";;;;False
atto_14;docling;json;atto_14.json;23;4;text;text;*****************************************************************;"{""l"": 102.597397188858, ""t"": 385.3449529389707, ""r"": 492.59639045758126, ""b"": 375.4751602347286, ""coord_origin"": ""BOTTOMLEFT""}";;;;False
atto_14;docling;json;atto_14.json;24;4;section_header;heading;CERTIFICATO DI ESECUTIVITA';"{""l"": 202.681123920639, ""t"": 357.7473816577817, ""r"": 392.72463334823163, ""b"": 347.8775889535396, ""coord_origin"": ""BOTTOMLEFT""}";;;;False
atto_14;docling;json;atto_14.json;25;4;text;text;[ X ] Deliberazione dichiarata immediatamente eseguibile ai sensi dell' art. 134, comma 4, del D.Lgs. 267/2000 e.ss.mm.ii.;"{""l"": 56.7580490653725, ""t"": 316.5457313992025, ""r"": 503.91744853006423, ""b"": 294.86820857579403, ""coord_origin"": ""BOTTOMLEFT""}";;;;False
atto_14;docling;json;atto_14.json;26;4;text;text;[ ]Deliberazione esecutiva ad ogni effetto di legge decorso il decimo giorno di pubblicazione, ai sensi dell'art. 134, comma 3, del D.Lgs n. 267/2000 e.ss.mm.ii.;"{""l"": 56.7580490653725, ""t"": 278.629304125826, ""r"": 508.8472973917046, ""b"": 256.9450693491706, ""coord_origin"": ""BOTTOMLEFT""}";;;;False
atto_14;docling;json;atto_14.json;27;4;text;text;Il Segretario SALVATORE CAPOLUONGO;"{""l"": 337.797969072876, ""t"": 229.18702787582606, ""r"": 494.78156384030444, ""b"": 206.3996510159177, ""coord_origin"": ""BOTTOMLEFT""}";;;;False
atto_14;docling;json;atto_14.json;28;4;page_footer;footer;Documento informatico sottoscritto con firma digitale ai sensi dell'art.24 del D.Lgs. n.82/2005 e ss.mm.ii.;"{""l"": 56.758873584071246, ""t"": 158.63857794001058, ""r"": 490.6127843671521, ""b"": 150.44669850761898, ""coord_origin"": ""BOTTOMLEFT""}";;;;True
atto_14;docling;json;atto_14.json;29;5;picture;figure;[figure];"{""l"": 254.2921905517578, ""t"": 772.4830017089844, ""r"": 340.6253662109375, ""b"": 674.1120300292969, ""coord_origin"": ""BOTTOMLEFT""}";;;;True
atto_14;docling;json;atto_14.json;30;5;section_header;heading;COMUNE DI CARINARO;"{""l"": 204.361526481903, ""t"": 656.2831514735391, ""r"": 391.04447466544485, ""b"": 643.1563756890264, ""coord_origin"": ""BOTTOMLEFT""}";;;;False
atto_14;docling;json;atto_14.json;31;5;section_header;heading;Proposta di Giunta Comunale;"{""l"": 220.798255006485, ""t"": 625.2220158296568, ""r"": 374.4338584163143, ""b"": 615.3522231254146, ""coord_origin"": ""BOTTOMLEFT""}";;;;False
atto_14;docling;json;atto_14.json;32;5;text;text;Affari Generali Proposta n° 51/2026;"{""l"": 435.837500158905, ""t"": 597.6244445118468, ""r"": 538.6772346916115, ""b"": 573.9558482776516, ""coord_origin"": ""BOTTOMLEFT""}";;;;False
atto_14;docling;json;atto_14.json;33;5;section_header;heading;OGGETTO: APPROVAZIONE RELAZIONE SULLA PERFORMANCE P. O - ANNO 2025;"{""l"": 56.759621931324, ""t"": 542.4234010978757, ""r"": 536.1583844262613, ""b"": 532.5536083936336, ""coord_origin"": ""BOTTOMLEFT""}";;;;False
atto_14;docling;json;atto_14.json;34;5;text;text;PARERE DI REGOLARITA' TECNICA;"{""l"": 56.759621931324, ""t"": 459.62332009787576, ""r"": 257.0631048741399, ""b"": 449.75352739363365, ""coord_origin"": ""BOTTOMLEFT""}";;;;False
atto_14;docling;json;atto_14.json;35;5;text;text;(Articolo 147 bis del decreto legislativo 18 agosto 2000, n. 267);"{""l"": 56.759621931324, ""t"": 445.8245344389708, ""r"": 363.9948288439118, ""b"": 435.95474173472866, ""coord_origin"": ""BOTTOMLEFT""}";;;;False
atto_14;docling;json;atto_14.json;36;5;table;table;[table];"{""l"": 140.9815216064453, ""t"": 394.2089538574219, ""r"": 453.83880615234375, ""b"": 328.2808837890625, ""coord_origin"": ""BOTTOMLEFT""}";;;;True
atto_14;docling;json;atto_14.json;37;5;text;text;Carinaro, lì 17-06-2026;"{""l"": 59.759611394886, ""t"": 225.3844249389707, ""r"": 173.39931804887988, ""b"": 215.51463223472865, ""coord_origin"": ""BOTTOMLEFT""}";;;;False
atto_14;docling;json;atto_14.json;38;5;text;text;Il Responsabile;"{""l"": 380.997552658905, ""t"": 211.58560353796963, ""r"": 455.3133608223882, ""b"": 201.71581083372757, ""coord_origin"": ""BOTTOMLEFT""}";;;;False
atto_14;docling;json;atto_14.json;39;5;text;text;PICONE VINCENZO;"{""l"": 362.518610341095, ""t"": 178.50102801603532, ""r"": 473.84232297352395, ""b"": 167.92063543842914, ""coord_origin"": ""BOTTOMLEFT""}";;;;False
atto_14;docling;json;atto_14.json;40;6;picture;figure;[figure];"{""l"": 254.17794799804688, ""t"": 772.4810104370117, ""r"": 340.5663757324219, ""b"": 674.1900329589844, ""coord_origin"": ""BOTTOMLEFT""}";;;;True
atto_14;docling;json;atto_14.json;41;6;section_header;heading;COMUNE DI CARINARO;"{""l"": 204.361526481903, ""t"": 656.2831514735391, ""r"": 391.04447466544485, ""b"": 643.1563756890264, ""coord_origin"": ""BOTTOMLEFT""}";;;;False
atto_14;docling;json;atto_14.json;42;6;section_header;heading;Proposta di Giunta Comunale;"{""l"": 220.798255006485, ""t"": 625.2220158296568, ""r"": 374.4338584163143, ""b"": 615.3522231254146, ""coord_origin"": ""BOTTOMLEFT""}";;;;False
atto_14;docling;json;atto_14.json;43;6;text;text;Affari Generali Proposta n° 51/2026;"{""l"": 435.837500158905, ""t"": 597.6244445118468, ""r"": 538.6772346916115, ""b"": 573.9558482776516, ""coord_origin"": ""BOTTOMLEFT""}";;;;False
atto_14;docling;json;atto_14.json;44;6;text;text;OGGETTO: APPROVAZIONE RELAZIONE SULLA PERFORMANCE P. O - ANNO 2025;"{""l"": 56.759621931324, ""t"": 542.4234010978757, ""r"": 536.1583844262613, ""b"": 532.5536083936336, ""coord_origin"": ""BOTTOMLEFT""}";;;;False
atto_14;docling;json;atto_14.json;45;6;text;text;PARERE DI REGOLARITA' CONTABILE (Articolo 147 bis del decreto legislativo 18 agosto 2000, n. 267);"{""l"": 56.759621931324, ""t"": 459.62332009787576, ""r"": 363.9948288439118, ""b"": 435.95474173472866, ""coord_origin"": ""BOTTOMLEFT""}";;;;False
atto_14;docling;json;atto_14.json;46;6;table;table;[table];"{""l"": 128.48802185058594, ""t"": 394.5918884277344, ""r"": 466.1647644042969, ""b"": 328.2554931640625, ""coord_origin"": ""BOTTOMLEFT""}";;;;True
atto_14;docling;json;atto_14.json;47;6;text;text;Carinaro, lì 17-06-2026;"{""l"": 59.759611394886, ""t"": 225.3844249389707, ""r"": 173.39931804887988, ""b"": 215.51463223472865, ""coord_origin"": ""BOTTOMLEFT""}";;;;False
atto_14;docling;json;atto_14.json;48;6;text;text;Il Responsabile;"{""l"": 380.997552658905, ""t"": 211.58560353796963, ""r"": 455.3133608223882, ""b"": 201.71581083372757, ""coord_origin"": ""BOTTOMLEFT""}";;;;False
atto_14;docling;json;atto_14.json;49;6;text;text;FATTORE SALVATORE;"{""l"": 352.44050400000003, ""t"": 178.50102801603532, ""r"": 483.7921649329056, ""b"": 167.92063543842914, ""coord_origin"": ""BOTTOMLEFT""}";;;;False
atto_14;docling;json;atto_14.json;50;7;page_header;header;ORIGINALE;"{""l"": 449.03937065890506, ""t"": 775.8251541127607, ""r"": 515.7111985543211, ""b"": 765.9553614085187, ""coord_origin"": ""BOTTOMLEFT""}";;;;False
atto_14;docling;json;atto_14.json;51;7;picture;figure;[figure];"{""l"": 254.15597534179688, ""t"": 752.139030456543, ""r"": 340.2995300292969, ""b"": 655.23828125, ""coord_origin"": ""BOTTOMLEFT""}";;;;True
atto_14;docling;json;atto_14.json;52;7;section_header;heading;COMUNE DI CARINARO;"{""l"": 204.361526481903, ""t"": 636.606040357742, ""r"": 391.04447466544485, ""b"": 623.4792645732293, ""coord_origin"": ""BOTTOMLEFT""}";;;;False
atto_14;docling;json;atto_14.json;53;7;text;text;Provincia di Caserta;"{""l"": 247.317724079361, ""t"": 605.5462927865508, ""r"": 347.99746418780984, ""b"": 595.6765000823086, ""coord_origin"": ""BOTTOMLEFT""}";;;;False
atto_14;docling;json;atto_14.json;54;7;section_header;heading;DELIBERAZIONE DI GIUNTA COMUNALE N. 51 DEL 18-06-2026 OGGETTO: APPROVAZIONE RELAZIONE SULLA PERFORMANCE P. O - ANNO 2025;"{""l"": 56.759621931324, ""t"": 582.5072849818937, ""r"": 536.0383847360247, ""b"": 545.1570974665096, ""coord_origin"": ""BOTTOMLEFT""}";;;;False
atto_14;docling;json;atto_14.json;55;7;section_header;heading;C E R T I F I C A T O D I P U B B L I C A Z I O N E;"{""l"": 153.357035725296, ""t"": 499.8258467201598, ""r"": 445.0762826903004, ""b"": 489.9560540159177, ""coord_origin"": ""BOTTOMLEFT""}";;;;False
atto_14;docling;json;atto_14.json;56;7;text;text;Il sottoscritto responsabile della pubblicazione OLIVA LORENZO certifica che copia della presente deliberazione viene pubblicata il giorno 19-06-2026 all'Albo Pretorio ove rimarrà affissa per 15 giorni consecutivi sino al 04-07-2026 ,;"{""l"": 56.759621931324, ""t"": 472.22094409787576, ""r"": 541.5628732519893, ""b"": 434.7535800758236, ""coord_origin"": ""BOTTOMLEFT""}";;;;False
atto_14;docling;json;atto_14.json;57;7;text;text;Carinaro, 19-06-2026;"{""l"": 56.759621931324, ""t"": 375.6257252201598, ""r"": 163.43934655159913, ""b"": 365.75593251591766, ""coord_origin"": ""BOTTOMLEFT""}";;;;False
atto_14;docling;json;atto_14.json;58;7;text;text;Il Responsabile della pubblicazione;"{""l"": 357.71979307287603, ""t"": 361.82693959787576, ""r"": 528.635351876766, ""b"": 351.95714689363365, ""coord_origin"": ""BOTTOMLEFT""}";;;;False
atto_14;docling;json;atto_14.json;59;7;text;text;OLIVA LORENZO;"{""l"": 391.921589781189, ""t"": 348.0281539389707, ""r"": 494.2453256458781, ""b"": 338.1583612347286, ""coord_origin"": ""BOTTOMLEFT""}";;;;False
atto_14;docling;json;atto_14.json;60;7;text;text;Documento informatico sottoscritto con firma digitale ai sensi dell'art.24 del D.Lgs. n.82/2005 e ss.mm.ii.;"{""l"": 56.758873584071246, ""t"": 268.07667556501065, ""r"": 482.84405042751007, ""b"": 259.88479613261904, ""coord_origin"": ""BOTTOMLEFT""}";;;;False
atto_15;docling;json;atto_15.json;1;1;picture;figure;[figure];"{""l"": 254.1834259033203, ""t"": 807.7529487609863, ""r"": 340.31640625, ""b"": 709.8203887939453, ""coord_origin"": ""BOTTOMLEFT""}";;;;True
atto_15;docling;json;atto_15.json;2;1;section_header;heading;COMUNE DI CARINARO;"{""l"": 204.361526481903, ""t"": 691.6863932191693, ""r"": 391.04447466544485, ""b"": 678.5596174346566, ""coord_origin"": ""BOTTOMLEFT""}";;;;False
atto_15;docling;json;atto_15.json;3;1;section_header;heading;Provincia di Caserta;"{""l"": 247.317724079361, ""t"": 660.6242767865508, ""r"": 347.99746418780984, ""b"": 650.7544840823086, ""coord_origin"": ""BOTTOMLEFT""}";;;;False
atto_15;docling;json;atto_15.json;4;1;section_header;heading;Verbale di Deliberazione della Giunta Comunale;"{""l"": 152.04083458306502, ""t"": 620.9321117912824, ""r"": 443.4134265077948, ""b"": 609.3844058151898, ""coord_origin"": ""BOTTOMLEFT""}";;;;False
atto_15;docling;json;atto_15.json;5;1;text;text;N. 48 DEL 11-06-2026;"{""l"": 249.236182018341, ""t"": 594.3557333511894, ""r"": 346.1461579577205, ""b"": 586.1638539187977, ""coord_origin"": ""BOTTOMLEFT""}";;;;False
atto_15;docling;json;atto_15.json;6;1;text;text;OGGETTO:;"{""l"": 60.240401999999996, ""t"": 559.6703073524495, ""r"": 120.22088762043856, ""b"": 550.5900495524176, ""coord_origin"": ""BOTTOMLEFT""}";;;;False
atto_15;docling;json;atto_15.json;7;1;text;text;APPROVAZIONE PIAO 2026-2028;"{""l"": 147.357047862648, ""t"": 559.3452356343138, ""r"": 332.63656958785043, ""b"": 549.4754429300717, ""coord_origin"": ""BOTTOMLEFT""}";;;;False
atto_15;docling;json;atto_15.json;8;1;text;text;L'anno duemilaventisei addì undici del mese di Giugno, alle ore 17:40 nella sala della Casa Comunale, si è riunita la Giunta Comunale convocata nelle forme di legge. Presiede l'adunanza il Sindaco MARIANNA DELL'APROVITOLA e sono rispettivamente presenti e assenti i seguenti Sigg.;"{""l"": 56.759621931324, ""t"": 522.6246365118468, ""r"": 540.8383723454862, ""b"": 471.35258601591767, ""coord_origin"": ""BOTTOMLEFT""}";;;;False
atto_15;docling;json;atto_15.json;9;1;table;table;[table];"{""l"": 73.36040496826172, ""t"": 444.214111328125, ""r"": 521.1304931640625, ""b"": 328.12799072265625, ""coord_origin"": ""BOTTOMLEFT""}";;;;True
atto_15;docling;json;atto_15.json;10;1;text;text;Numero totale PRESENTI: 5- ASSENTI: 0;"{""l"": 56.759621931324, ""t"": 311.3082700978757, ""r"": 276.71905413488355, ""b"": 301.43847739363366, ""coord_origin"": ""BOTTOMLEFT""}";;;;True
atto_15;docling;json;atto_15.json;11;1;text;text;Con la partecipazione del Segretario Generale SALVATORE CAPOLUONGO, il Presidente, constatato che gli intervenuti sono in numero legale, dichiara aperta la riunione ed invita i convocati a DELIBERARE sull'oggetto sopra indicato.;"{""l"": 56.759621931324, ""t"": 283.70336743897076, ""r"": 540.2383738943034, ""b"": 246.23600345353964, ""coord_origin"": ""BOTTOMLEFT""}";;;;False
atto_15;docling;json;atto_15.json;12;2;section_header;heading;LA GIUNTA COMUNALE;"{""l"": 226.681057463562, ""t"": 775.5849226965048, ""r"": 368.7126908275189, ""b"": 765.7151299922626, ""coord_origin"": ""BOTTOMLEFT""}";;;;False
atto_15;docling;json;atto_15.json;13;2;text;text;PRESO ATTO che l'art. 6, cc. 1-4, D.L. 9 giugno 2021, n. 80, dispone:;"{""l"": 56.759621931324, ""t"": 747.9814729025328, ""r"": 399.32273764954664, ""b"": 738.1116801982906, ""coord_origin"": ""BOTTOMLEFT""}";;;PRESO_ATTO;False
atto_15;docling;json;atto_15.json;14;2;list_item;list_item;' 1. Per assicurare la qualità e la trasparenza dell'attività amministrativa e migliorare la qualità dei servizi ai cittadini e alle imprese e procedere alla costante e progressiva semplificazione e reingegnerizzazione dei processi anche in materia di diritto di accesso, le pubbliche amministrazioni, con esclusione delle scuole di ogni ordine e grado e delle istituzioni educative, di cui all'articolo 1, comma 2, del decreto legislativo 30 marzo 2001, n. 165, con più di cinquanta dipendenti, entro il 31 gennaio di ogni anno adottano il Piano integrato di attività e organizzazione, di seguito denominato Piano, nel rispetto delle vigenti discipline di settore e, in particolare, del decreto legislativo 27 ottobre 2009, n. 150 e della legge 6 novembre 2012, n. 190.;"{""l"": 56.759621931324, ""t"": 734.1826872436278, ""r"": 541.6783701771428, ""b"": 627.7154762776516, ""coord_origin"": ""BOTTOMLEFT""}";;;;False
atto_15;docling;json;atto_15.json;15;2;list_item;list_item;Il Piano ha durata triennale, viene aggiornato annualmente e definisce:;"{""l"": 56.759621931324, ""t"": 623.7864833596097, ""r"": 414.7546978139642, ""b"": 613.9166906553677, ""coord_origin"": ""BOTTOMLEFT""}";;;;False
atto_15;docling;json;atto_15.json;16;2;list_item;list_item;"gli obiettivi programmatici e strategici della performance secondo i principi e criteri direttivi di cui all'articolo 10 del decreto legislativo 27 ottobre 2009, n. 150, stabilendo il necessario collegamento della performance individuale ai risultati della performance organizzativa;";"{""l"": 56.759621931324, ""t"": 609.9818326278288, ""r"": 541.6783701771425, ""b"": 572.5144507347286, ""coord_origin"": ""BOTTOMLEFT""}";;;;False
atto_15;docling;json;atto_15.json;17;2;list_item;list_item;"la strategia di gestione del capitale umano e di sviluppo organizzativo, anche mediante il ricorso al lavoro agile, e gli obiettivi formativi annuali e pluriennali, finalizzati ai processi di pianificazione secondo le logiche del project management, al raggiungimento della completa alfabetizzazione digitale, allo sviluppo delle conoscenze tecniche e delle competenze trasversali e manageriali e all'accrescimento culturale e dei titoli di studio del personale, correlati all'ambito d'impiego e alla progressione di carriera del personale;";"{""l"": 56.759621931324, ""t"": 568.5854577800658, ""r"": 541.678370177143, ""b"": 489.71583600294764, ""coord_origin"": ""BOTTOMLEFT""}";;;;False
atto_15;docling;json;atto_15.json;18;2;list_item;list_item;"compatibilmente con le risorse finanziarie riconducibili al piano triennale dei fabbisogni di personale, di cui all'articolo 6 del decreto legislativo 30 marzo 2001, n. 165, gli strumenti e gli obiettivi del reclutamento di nuove risorse e della valorizzazione delle risorse interne, prevedendo, oltre alle forme di reclutamento ordinario, la percentuale di posizioni disponibili nei limiti STABILITI dalla legge destinata alle progressioni di carriera del personale, anche tra aree diverse, e le modalità di valorizzazione a tal fine dell'esperienza professionale maturata e dell'accrescimento culturale conseguito anche attraverso le attività poste in essere ai sensi della lettera b), assicurando adeguata informazione alle organizzazioni sindacali;";"{""l"": 56.759621931324, ""t"": 485.78684304828477, ""r"": 541.678370177143, ""b"": 379.31303389363364, ""coord_origin"": ""BOTTOMLEFT""}";;;;False
atto_15;docling;json;atto_15.json;19;2;list_item;list_item;"gli strumenti e le fasi per giungere alla piena trasparenza dei risultati dell'attività e dell'organizzazione amministrativa nonché' per raggiungere gli obiettivi in materia di contrasto alla corruzione, secondo quanto previsto dalla normativa vigente in materia e in conformità agli indirizzi adottati dall'Autorità nazionale anticorruzione (ANAC) con il Piano nazionale anticorruzione;";"{""l"": 56.759621931324, ""t"": 375.38404093897077, ""r"": 541.6783701771427, ""b"": 324.11420773472867, ""coord_origin"": ""BOTTOMLEFT""}";;;;False
atto_15;docling;json;atto_15.json;20;2;list_item;list_item;"l'elenco delle procedure da semplificare e reingegnerizzare ogni anno, anche mediante il ricorso alla tecnologia e sulla base della consultazione degli utenti, nonché la pianificazione delle attività inclusa la graduale misurazione dei tempi effettivi di completamento delle procedure effettuata attraverso strumenti automatizzati;";"{""l"": 56.759621931324, ""t"": 320.18521478006573, ""r"": 541.6783701771426, ""b"": 268.91902939363365, ""coord_origin"": ""BOTTOMLEFT""}";;;;False
atto_15;docling;json;atto_15.json;21;2;list_item;list_item;le modalità e le azioni finalizzate a realizzare la piena accessibilità alle amministrazioni, fisica e digitale, da parte dei cittadini ultrasessantacinquenni e dei cittadini con disabilità;"{""l"": 56.759621931324, ""t"": 264.98270509787574, ""r"": 541.6783701771427, ""b"": 241.3141267347287, ""coord_origin"": ""BOTTOMLEFT""}";;;;False
atto_15;docling;json;atto_15.json;22;2;list_item;list_item;le modalità e le azioni finalizzate al pieno rispetto della parità di genere, anche con riguardo alla composizione delle commissioni esaminatrici dei concorsi.;"{""l"": 56.759621931324, ""t"": 237.38509803796967, ""r"": 541.6783701771426, ""b"": 213.71655545353963, ""coord_origin"": ""BOTTOMLEFT""}";;;;False
atto_15;docling;json;atto_15.json;23;2;list_item;list_item;Il Piano definisce le modalità di monitoraggio degli esiti, con cadenza periodica, inclusi gli impatti sugli utenti, anche attraverso rilevazioni della soddisfazione degli utenti stessi mediante gli strumenti di cui al decreto legislativo 27 ottobre 2009, n. 150, nonché' le modalità di monitoraggio dei procedimenti attivati ai sensi del decreto legislativo 20 dicembre 2009, n. 198.;"{""l"": 56.759621931324, ""t"": 209.7875267201598, ""r"": 541.6783701771428, ""b"": 158.5140457347287, ""coord_origin"": ""BOTTOMLEFT""}";;;;False
atto_15;docling;json;atto_15.json;24;2;list_item;list_item;"Le pubbliche amministrazioni di cui al comma 1 del presente articolo pubblicano il Piano e i relativi aggiornamenti entro il 31 gennaio di ogni anno nel proprio sito internet istituzionale e li inviano al Dipartimento della funzione pubblica della Presidenza del Consiglio dei ministri per la pubblicazione sul relativo portale. ';";"{""l"": 56.759621931324, ""t"": 154.5850170379697, ""r"": 541.6783701771428, ""b"": 103.31518383372759, ""coord_origin"": ""BOTTOMLEFT""}";;;;False
atto_15;docling;json;atto_15.json;25;2;section_header;heading;VISTI:;"{""l"": 56.759621931324, ""t"": 99.50703303796968, ""r"": 90.80353405142756, ""b"": 89.63724033372762, ""coord_origin"": ""BOTTOMLEFT""}";;;VISTO;False
atto_15;docling;json;atto_15.json;26;2;text;text;"l'art. 6, c. 5, D.L. 9 giugno 2021, n. 80, come modificato dall'art. 1, c. 12, D.L. 30 dicembre 2021, n. 228, il quale stabilisce che: ' 5. Entro il 31 marzo 2022, con uno o più decreti del Presidente della Repubblica, adottati ai sensi dell'articolo 17, comma 2, della legge 23 agosto 1988, n. 400, previa intesa in sede di Conferenza unificata, ai sensi dell'articolo 9, comma 2, del decreto legislativo 28 agosto 1997, n. 281, sono INDIVIDUATI e abrogati gli adempimenti relativi ai piani assorbiti da quello di cui al presente articolo ';";"{""l"": 56.759621931324, ""t"": 85.70463533997179, ""r"": 541.6783701771418, ""b"": 62.03602123472865, ""coord_origin"": ""BOTTOMLEFT""}";;;;False
atto_15;docling;json;atto_15.json;27;3;text;text;"l'art. 6, c. 6, D.L. 9 giugno 2021, n. 80, come modificato dall'art. 1, c. 12, D.L. 30 dicembre 2021, n. 228, il quale stabilisce che: ' 6. Entro il medesimo termine di cui al comma 5, con decreto del Ministro per la pubblica amministrazione, di concerto con il Ministro dell'economia e delle finanze, previa intesa in sede di Conferenza unificata, ai sensi dell'articolo 9, comma 2, del decreto legislativo 28 agosto 1997, n. 281, è adottato un Piano tipo, quale strumento di supporto alle amministrazioni di cui al comma 1. Nel Piano tipo sono definite modalità semplificate per l'adozione del Piano di cui al comma 1 da parte delle amministrazioni con meno di cinquanta dipendenti ';";"{""l"": 56.759621931324, ""t"": 747.9814729025328, ""r"": 541.6783701771426, ""b"": 655.3130654665097, ""coord_origin"": ""BOTTOMLEFT""}";;;;False
atto_15;docling;json;atto_15.json;28;3;text;text;"l'art. 6, c. 6-bis, D.L. 9 giugno 2021, n. 80, come introdotto dall'art. 1, c. 12, D.L. 30 dicembre 2021, n. 228, successivamente modificato dall'art. 7, c. 1, D.L. 30 aprile 2022, n. 36, il quale stabilisce che: ' 6-bis. In sede di prima applicazione il Piano è adottato entro il 30 giugno 2022 e fino al predetto termine non si applicano le sanzioni previste dalle seguenti disposizioni: a) articolo 10, comma 5, del decreto legislativo 27 ottobre 2009, n. 150; b) articolo 14, comma 1, della legge 7 agosto 2015, n. 124; c) articolo 6, comma 6, del decreto legislativo 30 marzo 2001, n. 165 ';";"{""l"": 56.759621931324, ""t"": 651.3840725118469, ""r"": 541.6783701771425, ""b"": 572.5144507347286, ""coord_origin"": ""BOTTOMLEFT""}";;;;False
atto_15;docling;json;atto_15.json;29;3;text;text;"l'art. 6, c. 7, D.L. 9 giugno 2021, n. 80, il quale stabilisce che: ' 7. In caso di mancata adozione del Piano trovano applicazione le sanzioni di cui all'articolo 10, comma 5, del decreto legislativo 27 ottobre 2009, n. 150, ferme restando quelle previste dall'articolo 19, comma 5, lettera b), del decretolegge 24 giugno 2014, n. 90, convertito, con modificazioni, dalla legge 11 agosto 2014, n. 114 ';";"{""l"": 56.759621931324, ""t"": 568.5854577800658, ""r"": 541.6783701771424, ""b"": 517.3134072841367, ""coord_origin"": ""BOTTOMLEFT""}";;;;False
atto_15;docling;json;atto_15.json;30;3;text;text;l'art. 6, c. 8, D.L. 9 giugno 2021, n. 80, il quale stabilisce che: ' 8. All'attuazione delle disposizioni di cui al presente articolo le amministrazioni interessate provvedono con le risorse umane, strumentali e finanziarie disponibili a legislazione vigente. Gli enti locali con meno di 15.000 abitanti provvedono al monitoraggio dell'attuazione del presente articolo e al monitoraggio delle performance organizzative anche attraverso l'individuazione di un ufficio associato tra quelli esistenti in ambito provinciale o metropolitano, secondo le indicazioni delle Assemblee dei sindaci o delle Conferenze metropolitane '.;"{""l"": 56.759621931324, ""t"": 513.3844143660947, ""r"": 541.6783701771427, ""b"": 420.7167579535396, ""coord_origin"": ""BOTTOMLEFT""}";;;;False
atto_15;docling;json;atto_15.json;31;3;section_header;heading;CONSIDERATO che:;"{""l"": 56.759621931324, ""t"": 416.7877292201598, ""r"": 164.3633441664205, ""b"": 406.91793651591763, ""coord_origin"": ""BOTTOMLEFT""}";;;CONSIDERATO;False
atto_15;docling;json;atto_15.json;32;3;list_item;list_item;"il 30 giugno 2022, previa intesa in Conferenza Unificata, ai sensi dell'art. 9, c. 2, D.Lgs. 28 agosto 1997, n. 281, è stato pubblicato sulla Gazzetta Ufficiale Serie Generale n. 151, il Decreto del Presidente della Repubblica n. 81, recante ' Regolamento recante individuazione degli adempimenti relativi ai Piani assorbiti dal Piano integrato di attività e organizzazione ';";"{""l"": 56.759621931324, ""t"": 402.9816122201598, ""r"": 541.6783701771416, ""b"": 351.7154625758236, ""coord_origin"": ""BOTTOMLEFT""}";;;;False
atto_15;docling;json;atto_15.json;33;3;list_item;list_item;"il 30 giugno 2022, previa intesa in Conferenza Unificata, ai sensi dell'art. 9, c. 2, D.Lgs. 28 agosto 1997, n. 281, è stato pubblicato il Decreto del Ministro per la Pubblica Amministrazione concernente la definizione del contenuto del Piano Integrato di Attività e Organizzazione;";"{""l"": 56.759621931324, ""t"": 347.7864696577817, ""r"": 541.6783701771419, ""b"": 310.31542207582356, ""coord_origin"": ""BOTTOMLEFT""}";;;;False
atto_15;docling;json;atto_15.json;34;3;text;text;"DATO ATTO che: il Comune di Carinaro, alla DATA del 31/12/2025 ha meno di 50 (cinquanta) dipendenti, computati secondo il metodo di calcolo utilizzato per compilare la tabella 12 del CONTO Annuale, e precisamente 42 (quarantadue);";"{""l"": 56.759621931324, ""t"": 306.38642915778166, ""r"": 541.6783701771423, ""b"": 268.91902939363365, ""coord_origin"": ""BOTTOMLEFT""}";;;DATO_ATTO;False
atto_15;docling;json;atto_15.json;35;3;text;text;RILEVATO che il D.P.R. 30 giugno 2022, n. 81 recante ' Regolamento recante individuazione degli adempimenti relativi ai Piani assorbiti dal Piano integrato di attività e organizzazione ', pubblicato sulla Gazzetta Ufficiale Serie Generale n. 151 del 30 giugno 2022, stabilisce:;"{""l"": 56.759621931324, ""t"": 264.98270509787574, ""r"": 541.5611973234192, ""b"": 227.5153053337276, ""coord_origin"": ""BOTTOMLEFT""}";;;RILEVATO;False
atto_15;docling;json;atto_15.json;36;3;list_item;list_item;"all'art. 1, c. 3, che 'Le amministrazioni pubbliche di cui all'articolo 1, comma 2, del decreto legislativo 30 marzo 2001, n. 165, con non più di cinquanta dipendenti sono TENUTE al rispetto degli adempimenti STABILITI nel decreto del Ministro della pubblica amministrazione di cui all'articolo 6, comma 6, del decreto-legge n. 80 del 2021.';";"{""l"": 56.759621931324, ""t"": 223.58634815778169, ""r"": 541.6783701771425, ""b"": 172.3128671357298, ""coord_origin"": ""BOTTOMLEFT""}";;;;False
atto_15;docling;json;atto_15.json;37;3;text;text;"all'art. 1, c. 4, la soppressione del terzo periodo dell'art. 169, comma 3-bis del decreto legislativo 18 agosto 2000, n. 267, che recitava ' Il piano dettagliato degli obiettivi di cui all'art. 108, comma 1, del presente testo unico e il piano della performance di cui all'art. 10 del decreto legislativo 27 ottobre 2009, n. 150, sono unificati organicamente nel PEG. ', decretando pertanto la separazione fra ilPiano Esecutivo di Gestione, come definito nel citato art. 169, del decreto legislativo 18 agosto 2000, n. 267 e la definizione degli obiettivi di performance dell'Amministrazione;";"{""l"": 56.759621931324, ""t"": 168.38383843897077, ""r"": 541.6786093265545, ""b"": 89.63724033372762, ""coord_origin"": ""BOTTOMLEFT""}";;;;False
atto_15;docling;json;atto_15.json;38;3;list_item;list_item;all'art. 2, c. 1, che per gli Enti Locali, di cui all'articolo 2, comma 1, del decreto legislativo 18 agosto 2000, n. 267, il piano dettagliato degli obiettivi di cui all'articolo 108, comma 1, del medesimo;"{""l"": 56.759621931324, ""t"": 85.70463533997179, ""r"": 541.6783701771419, ""b"": 62.03602123472865, ""coord_origin"": ""BOTTOMLEFT""}";;;;False
atto_15;docling;json;atto_15.json;39;4;text;text;"decreto legislativo e il piano della performance di cui all'articolo 10 del decreto legislativo 27 ottobre 2009, n. 150, sono assorbiti nel piano integrato di attività e organizzazione di cui all'articolo 6 del decreto-legge 9 giugno 2021, n. 80, convertito, con modificazioni, dalla legge 6 agosto 2021, n. 113. PRESO ATTO che il decreto del Ministro per la Pubblica Amministrazione concernente la definizione del contenuto del Piano Integrato di Attività e Organizzazione, nonché le modalità semplificate per l'adozione dello stesso per gli Enti con meno di 50 dipendenti, stabilisce all'art. 2, comma 1, in combinato disposto con l'art. 6 del Decreto medesimo, il quale reca le modalità semplificate per la redazione del PIAO per le amministrazioni con meno di cinquanta dipendenti, che il PIAO contiene la scheda anagrafica dell'Amministrazione ed è suddiviso nelle Sezioni di cui agli artt. 3, 4 e 5 del Decreto stesso e ciascuna Sezione è a sua volta ripartita in sottosezioni di programmazione, riferite a specifici ambiti di attività amministrativa e gestionale;";"{""l"": 56.759621931324, ""t"": 803.1825073809798, ""r"": 541.6783701771425, ""b"": 655.3130654665097, ""coord_origin"": ""BOTTOMLEFT""}";;;;False
atto_15;docling;json;atto_15.json;40;4;text;text;PRESO, inoltre, ATTO che il suddetto decreto dispone:;"{""l"": 56.759621931324, ""t"": 651.3840725118469, ""r"": 324.32293125171503, ""b"": 641.5142798076047, ""coord_origin"": ""BOTTOMLEFT""}";;;;False
atto_15;docling;json;atto_15.json;41;4;text;text;"all'art. 2, c. 2, che ' Sono esclusi dal Piano integrato di attività e organizzazione gli adempimenti di carattere finanziario non contenuti nell'elenco di cui all'articolo 6, comma 2, lettere da a) a g), del decreto-legge 9 giugno 2021, n. 80, convertito, con modificazioni, dalla legge 6 agosto 2021, n. 113. '; all'art. 6, le modalità semplificate per la redazione del PIAO per le amministrazioni con meno di cinquanta dipendenti, disponendo in particolare al comma 4, che ' Le amministrazioni con meno di 50 dipendenti procedono esclusivamente alle attività di cui al presente articolo, nonché a quanto previsto dal primo periodo dell'articolo 6, comma 1.'";"{""l"": 56.759621931324, ""t"": 637.5852689818937, ""r"": 541.6783701771423, ""b"": 544.9168615458707, ""coord_origin"": ""BOTTOMLEFT""}";;;;False
atto_15;docling;json;atto_15.json;42;4;text;text;all'art. 7, c. 1, che 'Ai sensi dell'articolo 6, commi 1 e 4, del decreto-legge 9 giugno 2021, n. 80, convertito, con modificazioni, dalla legge 6 agosto 2021, n. 113, il piano integrato di attività e organizzazione è adottato entro il 31 gennaio, secondo lo schema di Piano tipo cui all'articolo 1, comma 3, del presente decreto, ha durata triennale e viene aggiornato annualmente entro la predetta DATA. Il Piano è PREDISPOSTO esclusivamente in formato digitale ed è pubblicato sul sito istituzionale del Dipartimento della funzione pubblica della Presidenza del Consiglio dei Ministri e sul sito istituzionale di ciascuna amministrazione .';"{""l"": 56.759621931324, ""t"": 540.9820214260008, ""r"": 541.678370177143, ""b"": 448.31432923472863, ""coord_origin"": ""BOTTOMLEFT""}";;;;False
atto_15;docling;json;atto_15.json;43;4;text;text;"all'art. 8, c. 2, che ' In ogni caso di differimento del termine previsto a legislazione vigente per l'approvazione dei bilanci di previsione, il termine di cui all'articolo 7, comma 1 del presente decreto, è differito di trenta giorni successivi a quello di approvazione dei bilanci ';";"{""l"": 56.759621931324, ""t"": 444.3853362800657, ""r"": 541.6783701771419, ""b"": 406.91793651591763, ""coord_origin"": ""BOTTOMLEFT""}";;;;False
atto_15;docling;json;atto_15.json;44;4;text;text;"all'art. 8, c. 3, che ' In sede di prima applicazione, il termine di cui all'articolo 7, comma 1, del presente decreto è differito di 120 giorni successivi a quello di approvazione del bilancio di previsione ';";"{""l"": 56.759621931324, ""t"": 402.9816122201598, ""r"": 541.6811832350038, ""b"": 365.51424823472865, ""coord_origin"": ""BOTTOMLEFT""}";;;;False
atto_15;docling;json;atto_15.json;45;4;text;text;all'art. 11, comma 1, che il Piano Integrato di Attività e Organizzazione, negli Enti Locali è approvato dalla Giunta Comunale.;"{""l"": 56.759621931324, ""t"": 361.5852552800657, ""r"": 496.234487484568, ""b"": 337.9166769535396, ""coord_origin"": ""BOTTOMLEFT""}";;;;False
atto_15;docling;json;atto_15.json;46;4;text;text;"VISTA la proposta di Piano integrato di attività e organizzazione (PIAO) 2026-2028;";"{""l"": 56.759621931324, ""t"": 333.9840004389707, ""r"": 466.2825648015299, ""b"": 324.11420773472867, ""coord_origin"": ""BOTTOMLEFT""}";;;VISTO;False
atto_15;docling;json;atto_15.json;47;4;text;text;"CONSIDERATO quanto sopra, si propone di adottare il Piano integrato di attività e organizzazione (PIAO) 2026-2028, come allegato alla presente deliberazione;";"{""l"": 56.759621931324, ""t"": 320.18521478006573, ""r"": 541.6783701771423, ""b"": 296.5166364535396, ""coord_origin"": ""BOTTOMLEFT""}";;;CONSIDERATO;False
atto_15;docling;json;atto_15.json;48;4;text;text;VISTI:;"{""l"": 56.759621931324, ""t"": 292.5876077201598, ""r"": 90.80353405142756, ""b"": 282.7178150159176, ""coord_origin"": ""BOTTOMLEFT""}";;;VISTO;False
atto_15;docling;json;atto_15.json;49;4;text;text;"il Regolamento per il funzionamento degli Uffici e dei Servizi; lo Statuto comunale;";"{""l"": 56.759621931324, ""t"": 278.7888220978757, ""r"": 358.28284358865284, ""b"": 255.11291239363368, ""coord_origin"": ""BOTTOMLEFT""}";;;;False
atto_15;docling;json;atto_15.json;50;4;text;text;"RITENUTO di provvedere in merito;";"{""l"": 56.759621931324, ""t"": 251.18391943897075, ""r"": 236.00315923762884, ""b"": 241.3141267347287, ""coord_origin"": ""BOTTOMLEFT""}";;;RITENUTO;False
atto_15;docling;json;atto_15.json;51;4;text;text;"VISTO il decreto legislativo 18 agosto 2000, n. 267;";"{""l"": 56.759621931324, ""t"": 237.38509803796967, ""r"": 308.7229715209661, ""b"": 227.5153053337276, ""coord_origin"": ""BOTTOMLEFT""}";;;VISTO;False
atto_15;docling;json;atto_15.json;52;4;text;text;"VISTO il decreto legislativo 30 marzo 2001, n. 165;";"{""l"": 56.759621931324, ""t"": 223.58634815778169, ""r"": 307.40297492836424, ""b"": 213.71655545353963, ""coord_origin"": ""BOTTOMLEFT""}";;;VISTO;False
atto_15;docling;json;atto_15.json;53;4;section_header;heading;DELIBERA;"{""l"": 266.278622341095, ""t"": 195.98140972015972, ""r"": 328.9424605826109, ""b"": 186.11161701591777, ""coord_origin"": ""BOTTOMLEFT""}";;DELIBERA;DELIBERA;False
atto_15;docling;json;atto_15.json;54;4;text;text;"DI APPROVARE il Piano Integrato di Attività e Organizzazione (PIAO) 2026-2028, che allegato alla presente deliberazione ne costituisce parte integrante e sostanziale;";"{""l"": 56.759621931324, ""t"": 168.38383843897077, ""r"": 541.5574376929063, ""b"": 144.71522433372763, ""coord_origin"": ""BOTTOMLEFT""}";;;;False
atto_15;docling;json;atto_15.json;55;4;text;text;"DI ESCLUDERE dall'approvazione del Piano Integrato di Attività e Organizzazione gli adempimenti di carattere finanziario non contenuti nell'elenco di cui all'art. 6, c. 2, lett. da a) a g), D.L. 9 giugno 2021, n. 80;";"{""l"": 56.759621931324, ""t"": 140.7862671577817, ""r"": 541.6783701771413, ""b"": 103.31518383372759, ""coord_origin"": ""BOTTOMLEFT""}";;;;False
atto_15;docling;json;atto_15.json;56;4;text;text;DI DEMANDARE al dipendente Ing. Della Volpe Filippo:;"{""l"": 56.759621931324, ""t"": 99.50703303796968, ""r"": 347.0054520530876, ""b"": 89.63724033372762, ""coord_origin"": ""BOTTOMLEFT""}";;;;False
atto_15;docling;json;atto_15.json;57;4;text;text;"di provvedere alla pubblicazione della presente deliberazione unitamente all'allegato Piano Integrato di Attività e Organizzazione, all'interno della sezione 'Amministrazione trasparente', sotto sezione di primo livello 'Disposizioni generali', sotto sezione di secondo livello 'Atti generali', nella sezione 'Amministrazione trasparente', sotto sezione di primo livello 'Personale', sotto sezione di secondo livello 'Dotazione organica', nella sezione 'Amministrazione trasparente' sotto sezione di primo livello 'Performance', sotto sezione di secondo livello 'Piano della Performance' e nella sezione 'Amministrazione trasparente' sotto sezione di primo livello 'Altri contenuti', sotto sezione di secondo livello 'Prevenzione della corruzione', nella sezione 'Amministrazione trasparente', sotto sezione di primo livello 'Altri contenuti', sotto sezione di secondo livello 'Accessibilità e Catalogo dei DATI, metadati e banche DATI', ai sensi dell'art. 6, c. 4, D.L. 9 giugno 2021, n. 80;";"{""l"": 56.759621931324, ""t"": 85.70463533997179, ""r"": 541.678370177142, ""b"": 62.03602123472865, ""coord_origin"": ""BOTTOMLEFT""}";;;;False
atto_15;docling;json;atto_15.json;58;5;text;text;DI DICHIARARE il presente provvedimento immediatamente eseguibile, ai sensi dell'art. 134, comma 4, del D.Lgs. 18.08.2000 n. 267.;"{""l"": 56.759621931324, ""t"": 678.9816438296568, ""r"": 541.6760277460047, ""b"": 655.3130654665097, ""coord_origin"": ""BOTTOMLEFT""}";;;;False
atto_15;docling;json;atto_15.json;59;6;page_header;header;Deliberazione n. 48 DEL 11-06-2026;"{""l"": 371.16240975, ""t"": 748.3103730808356, ""r"": 535.7692642688185, ""b"": 739.2301152808036, ""coord_origin"": ""BOTTOMLEFT""}";;;;False
atto_15;docling;json;atto_15.json;60;6;text;text;Letto, confermato e sottoscritto.;"{""l"": 56.7580490653725, ""t"": 710.3872255997946, ""r"": 200.3888456642876, ""b"": 701.3069677997626, ""coord_origin"": ""BOTTOMLEFT""}";;;;True
atto_15;docling;json;atto_15.json;61;6;text;text;Il Sindaco MARIANNA DELL'APROVITOLA;"{""l"": 95.16096724617, ""t"": 674.7496960021535, ""r"": 258.7962990823821, ""b"": 652.947540975498, ""coord_origin"": ""BOTTOMLEFT""}";;;;False
atto_15;docling;json;atto_15.json;62;6;text;text;Il Segretario SALVATORE CAPOLUONGO;"{""l"": 339.47960253643805, ""t"": 674.7496960021535, ""r"": 496.4631973038665, ""b"": 651.9556457412136, ""coord_origin"": ""BOTTOMLEFT""}";;;;False
atto_15;docling;json;atto_15.json;63;6;section_header;heading;CERTIFICATO DI PUBBLICAZIONE;"{""l"": 196.681144993515, ""t"": 578.4233103660947, ""r"": 401.3526166609406, ""b"": 568.5535176618527, ""coord_origin"": ""BOTTOMLEFT""}";;;;True
atto_15;docling;json;atto_15.json;64;6;section_header;heading;IL SEGRETARIO GENERALE;"{""l"": 219.960370811142, ""t"": 550.8257390482847, ""r"": 375.23996997721184, ""b"": 540.9559463440427, ""coord_origin"": ""BOTTOMLEFT""}";;;;False
atto_15;docling;json;atto_15.json;65;6;section_header;heading;ATTESTA;"{""l"": 270.960245268219, ""t"": 509.42348125659777, ""r"": 324.2641076712857, ""b"": 499.55368855235565, ""coord_origin"": ""BOTTOMLEFT""}";;ATTESTA;ATTESTA;False
atto_15;docling;json;atto_15.json;66;6;text;text;Che la presente deliberazione è stata affissa all' albo pretorio del sito web dell' ente http://www.comune.carinaro.ce.it conforme all'originale in DATA 00-00-0000e resterà affissa per n. 15 giorni;"{""l"": 56.759621931324, ""t"": 495.62469563431375, ""r"": 541.3177177112541, ""b"": 458.15804689363364, ""coord_origin"": ""BOTTOMLEFT""}";;;;False
atto_15;docling;json;atto_15.json;67;6;text;text;consecutivi ai sensi dell'art. 124, comma 1, del Dlgs 18 agosto 2000 n. 267;"{""l"": 56.759621931324, ""t"": 454.2217225978758, ""r"": 417.71869016280664, ""b"": 444.35192989363367, ""coord_origin"": ""BOTTOMLEFT""}";;;;False
atto_15;docling;json;atto_15.json;68;6;text;text;Il Segretario Generale SALVATORE CAPOLUONGO;"{""l"": 219.11662154292299, ""t"": 412.82536565778173, ""r"": 376.1002163103515, ""b"": 389.1567515159177, ""coord_origin"": ""BOTTOMLEFT""}";;;;False
atto_15;docling;json;atto_15.json;69;6;text;text;********************************************************************************;"{""l"": 57.597510594429, ""t"": 371.42532515778174, ""r"": 537.59627154055, ""b"": 361.5555324535396, ""coord_origin"": ""BOTTOMLEFT""}";;;;False
atto_15;docling;json;atto_15.json;70;6;text;text;*****************************************************************;"{""l"": 102.597397188858, ""t"": 357.62650372015975, ""r"": 492.59639045758126, ""b"": 347.75671101591763, ""coord_origin"": ""BOTTOMLEFT""}";;;;False
atto_15;docling;json;atto_15.json;71;6;section_header;heading;CERTIFICATO DI ESECUTIVITA';"{""l"": 202.681123920639, ""t"": 330.02893243897074, ""r"": 392.72463334823163, ""b"": 320.1591397347287, ""coord_origin"": ""BOTTOMLEFT""}";;;;False
atto_15;docling;json;atto_15.json;72;6;list_item;list_item;[ X ] Deliberazione dichiarata immediatamente eseguibile ai sensi dell' art. 134, comma 4, del D.Lgs. 267/2000 e.ss.mm.ii.;"{""l"": 56.7580490653725, ""t"": 288.8276948627645, ""r"": 503.91744853006423, ""b"": 267.1434600524176, ""coord_origin"": ""BOTTOMLEFT""}";;;;False
atto_15;docling;json;atto_15.json;73;6;list_item;list_item;[ ]Deliberazione esecutiva ad ogni effetto di legge decorso il decimo giorno di pubblicazione, ai sensi dell'art. 134, comma 3, del D.Lgs n. 267/2000 e.ss.mm.ii.;"{""l"": 56.7580490653725, ""t"": 250.9045556024496, ""r"": 508.8472973917046, ""b"": 229.22703281273255, ""coord_origin"": ""BOTTOMLEFT""}";;;;False
atto_15;docling;json;atto_15.json;74;6;text;text;Il Segretario SALVATORE CAPOLUONGO;"{""l"": 337.797969072876, ""t"": 201.4690571388876, ""r"": 494.78156384030444, ""b"": 178.67755401591774, ""coord_origin"": ""BOTTOMLEFT""}";;;;False
atto_15;docling;json;atto_15.json;75;6;page_footer;footer;Documento informatico sottoscritto con firma digitale ai sensi dell'art.24 del D.Lgs. n.82/2005 e ss.mm.ii.;"{""l"": 56.758873584071246, ""t"": 130.9181099400106, ""r"": 490.6127843671521, ""b"": 122.726230507619, ""coord_origin"": ""BOTTOMLEFT""}";;;;True
atto_15;docling;json;atto_15.json;76;7;picture;figure;[figure];"{""l"": 254.25079345703125, ""t"": 772.4466781616211, ""r"": 340.5798645019531, ""b"": 674.2116851806641, ""coord_origin"": ""BOTTOMLEFT""}";;;;True
atto_15;docling;json;atto_15.json;77;7;section_header;heading;COMUNE DI CARINARO;"{""l"": 204.361526481903, ""t"": 656.2831514735391, ""r"": 391.04447466544485, ""b"": 643.1563756890264, ""coord_origin"": ""BOTTOMLEFT""}";;;;False
atto_15;docling;json;atto_15.json;78;7;section_header;heading;Proposta di Giunta Comunale;"{""l"": 220.798255006485, ""t"": 625.2220158296568, ""r"": 374.4338584163143, ""b"": 615.3522231254146, ""coord_origin"": ""BOTTOMLEFT""}";;;;False
atto_15;docling;json;atto_15.json;79;7;section_header;heading;OGGETTO: APPROVAZIONE PIAO 2026-2028;"{""l"": 56.759621931324, ""t"": 542.4234010978757, ""r"": 310.43896709134845, ""b"": 532.5536083936336, ""coord_origin"": ""BOTTOMLEFT""}";;;;False
atto_15;docling;json;atto_15.json;80;7;text;text;PARERE DI REGOLARITA' TECNICA;"{""l"": 56.759621931324, ""t"": 459.62332009787576, ""r"": 257.0631048741399, ""b"": 449.75352739363365, ""coord_origin"": ""BOTTOMLEFT""}";;;;False
atto_15;docling;json;atto_15.json;81;7;text;text;(Articolo 147 bis del decreto legislativo 18 agosto 2000, n. 267);"{""l"": 56.759621931324, ""t"": 445.8245344389708, ""r"": 363.9948288439118, ""b"": 435.95474173472866, ""coord_origin"": ""BOTTOMLEFT""}";;;;False
atto_15;docling;json;atto_15.json;82;7;table;table;[table];"{""l"": 140.96534729003906, ""t"": 394.2245178222656, ""r"": 453.8596496582031, ""b"": 328.2734375, ""coord_origin"": ""BOTTOMLEFT""}";;;;True
atto_15;docling;json;atto_15.json;83;7;text;text;Carinaro, lì 11-06-2026;"{""l"": 59.759611394886, ""t"": 225.3844249389707, ""r"": 173.39931804887988, ""b"": 215.51463223472865, ""coord_origin"": ""BOTTOMLEFT""}";;;;False
atto_15;docling;json;atto_15.json;84;7;text;text;Area Contabile Proposta n° 46/2026;"{""l"": 435.837500158905, ""t"": 597.6244445118468, ""r"": 538.6772346916115, ""b"": 573.9558482776516, ""coord_origin"": ""BOTTOMLEFT""}";;;;False
atto_15;docling;json;atto_15.json;85;7;text;text;Il Responsabile;"{""l"": 380.997552658905, ""t"": 211.58560353796963, ""r"": 455.3133608223882, ""b"": 201.71581083372757, ""coord_origin"": ""BOTTOMLEFT""}";;;;False
atto_15;docling;json;atto_15.json;86;7;text;text;FATTORE SALVATORE;"{""l"": 352.44050400000003, ""t"": 178.50102801603532, ""r"": 483.7921649329056, ""b"": 167.92063543842914, ""coord_origin"": ""BOTTOMLEFT""}";;;;False
atto_15;docling;json;atto_15.json;87;8;picture;figure;[figure];"{""l"": 254.15542602539062, ""t"": 772.456657409668, ""r"": 340.5727844238281, ""b"": 674.2354431152344, ""coord_origin"": ""BOTTOMLEFT""}";;;;True
atto_15;docling;json;atto_15.json;88;8;section_header;heading;COMUNE DI CARINARO;"{""l"": 204.361526481903, ""t"": 656.2831514735391, ""r"": 391.04447466544485, ""b"": 643.1563756890264, ""coord_origin"": ""BOTTOMLEFT""}";;;;False
atto_15;docling;json;atto_15.json;89;8;section_header;heading;Proposta di Giunta Comunale;"{""l"": 220.798255006485, ""t"": 625.2220158296568, ""r"": 374.4338584163143, ""b"": 615.3522231254146, ""coord_origin"": ""BOTTOMLEFT""}";;;;False
atto_15;docling;json;atto_15.json;90;8;text;text;OGGETTO: APPROVAZIONE PIAO 2026-2028;"{""l"": 56.759621931324, ""t"": 542.4234010978757, ""r"": 310.43896709134845, ""b"": 532.5536083936336, ""coord_origin"": ""BOTTOMLEFT""}";;;;False
atto_15;docling;json;atto_15.json;91;8;text;text;PARERE DI REGOLARITA' CONTABILE (Articolo 147 bis del decreto legislativo 18 agosto 2000, n. 267);"{""l"": 56.759621931324, ""t"": 459.62332009787576, ""r"": 363.9948288439118, ""b"": 435.95474173472866, ""coord_origin"": ""BOTTOMLEFT""}";;;;False
atto_15;docling;json;atto_15.json;92;8;table;table;[table];"{""l"": 128.48605346679688, ""t"": 394.61090087890625, ""r"": 466.1535339355469, ""b"": 328.254638671875, ""coord_origin"": ""BOTTOMLEFT""}";;;;True
atto_15;docling;json;atto_15.json;93;8;text;text;Carinaro, lì 11-06-2026;"{""l"": 59.759611394886, ""t"": 225.3844249389707, ""r"": 173.39931804887988, ""b"": 215.51463223472865, ""coord_origin"": ""BOTTOMLEFT""}";;;;False
atto_15;docling;json;atto_15.json;94;8;text;text;Area Contabile Proposta n° 46/2026;"{""l"": 435.837500158905, ""t"": 597.6244445118468, ""r"": 538.6772346916115, ""b"": 573.9558482776516, ""coord_origin"": ""BOTTOMLEFT""}";;;;False
atto_15;docling;json;atto_15.json;95;8;text;text;Il Responsabile;"{""l"": 380.997552658905, ""t"": 211.58560353796963, ""r"": 455.3133608223882, ""b"": 201.71581083372757, ""coord_origin"": ""BOTTOMLEFT""}";;;;False
atto_15;docling;json;atto_15.json;96;8;text;text;FATTORE SALVATORE;"{""l"": 352.44050400000003, ""t"": 178.50102801603532, ""r"": 483.7921649329056, ""b"": 167.92063543842914, ""coord_origin"": ""BOTTOMLEFT""}";;;;False
atto_15;docling;json;atto_15.json;97;9;page_header;header;ORIGINALE;"{""l"": 449.03937065890506, ""t"": 775.8251541127607, ""r"": 515.7111985543211, ""b"": 765.9553614085187, ""coord_origin"": ""BOTTOMLEFT""}";;;;False
atto_15;docling;json;atto_15.json;98;9;picture;figure;[figure];"{""l"": 254.1258544921875, ""t"": 752.1414337158203, ""r"": 340.3160400390625, ""b"": 655.237548828125, ""coord_origin"": ""BOTTOMLEFT""}";;;;True
atto_15;docling;json;atto_15.json;99;9;section_header;heading;COMUNE DI CARINARO;"{""l"": 204.361526481903, ""t"": 636.606040357742, ""r"": 391.04447466544485, ""b"": 623.4792645732293, ""coord_origin"": ""BOTTOMLEFT""}";;;;False
atto_15;docling;json;atto_15.json;100;9;text;text;Provincia di Caserta;"{""l"": 247.317724079361, ""t"": 605.5462927865508, ""r"": 347.99746418780984, ""b"": 595.6765000823086, ""coord_origin"": ""BOTTOMLEFT""}";;;;False
atto_15;docling;json;atto_15.json;101;9;section_header;heading;DELIBERAZIONE DI GIUNTA COMUNALE N. 48 DEL 11-06-2026 OGGETTO: APPROVAZIONE PIAO 2026-2028;"{""l"": 56.759621931324, ""t"": 582.5072849818937, ""r"": 477.2397123728278, ""b"": 545.1570974665096, ""coord_origin"": ""BOTTOMLEFT""}";;;;False
atto_15;docling;json;atto_15.json;102;9;section_header;heading;C E R T I F I C A T O D I P U B B L I C A Z I O N E;"{""l"": 153.357035725296, ""t"": 499.8258467201598, ""r"": 445.0762826903004, ""b"": 489.9560540159177, ""coord_origin"": ""BOTTOMLEFT""}";;;;False
atto_15;docling;json;atto_15.json;103;9;text;text;Il sottoscritto responsabile della pubblicazione OLIVA LORENZO certifica che copia della presente deliberazione viene pubblicata il giorno 11-06-2026 all'Albo Pretorio ove rimarrà affissa per 15 giorni consecutivi sino al 26-06-2026 ,;"{""l"": 56.759621931324, ""t"": 472.22094409787576, ""r"": 541.5628732519893, ""b"": 434.7535800758236, ""coord_origin"": ""BOTTOMLEFT""}";;;;False
atto_15;docling;json;atto_15.json;104;9;text;text;Carinaro, 11-06-2026;"{""l"": 56.759621931324, ""t"": 375.6257252201598, ""r"": 163.43934655159913, ""b"": 365.75593251591766, ""coord_origin"": ""BOTTOMLEFT""}";;;;False
atto_15;docling;json;atto_15.json;105;9;text;text;Il Responsabile della pubblicazione;"{""l"": 357.71979307287603, ""t"": 361.82693959787576, ""r"": 528.635351876766, ""b"": 351.95714689363365, ""coord_origin"": ""BOTTOMLEFT""}";;;;False
atto_15;docling;json;atto_15.json;106;9;text;text;OLIVA LORENZO;"{""l"": 391.921589781189, ""t"": 348.0281539389707, ""r"": 494.2453256458781, ""b"": 338.1583612347286, ""coord_origin"": ""BOTTOMLEFT""}";;;;False
atto_15;docling;json;atto_15.json;107;9;text;text;Documento informatico sottoscritto con firma digitale ai sensi dell'art.24 del D.Lgs. n.82/2005 e ss.mm.ii.;"{""l"": 56.758873584071246, ""t"": 268.07667556501065, ""r"": 482.84405042751007, ""b"": 259.88479613261904, ""coord_origin"": ""BOTTOMLEFT""}";;;;False
atto_16;docling;json;atto_16.json;1;1;picture;figure;[figure];"{""l"": 224.23281860351562, ""t"": 823.8496208190918, ""r"": 359.7476806640625, ""b"": 696.3361968994141, ""coord_origin"": ""BOTTOMLEFT""}";;;;True
atto_16;docling;json;atto_16.json;2;1;text;text;ORIGINALE;"{""l"": 477.48799514, ""t"": 665.8380261240626, ""r"": 541.6619951399999, ""b"": 653.5510261240626, ""coord_origin"": ""BOTTOMLEFT""}";;;;False
atto_16;docling;json;atto_16.json;3;1;section_header;heading;VERBALE DI DELIBERAZIONE DELLA GIUNTA COMUNALE;"{""l"": 99.70400237999999, ""t"": 637.4410304240625, ""r"": 499.48800237999995, ""b"": 621.8030304240625, ""coord_origin"": ""BOTTOMLEFT""}";;;;False
atto_16;docling;json;atto_16.json;4;1;text;text;DELIBERA Numero 62 del 23/06/2026;"{""l"": 56.70000076, ""t"": 605.3090175140626, ""r"": 260.14800076000006, ""b"": 591.9050175140626, ""coord_origin"": ""BOTTOMLEFT""}";;;DELIBERA;False
atto_16;docling;json;atto_16.json;5;1;text;text;Oggetto : ADESIONE AL PROGETTO LECCO CLASSICA 2026 SOSTENUTO DALLA FONDAZIONE COMUNITARIA DEL LECCHESE IN COLLABORAZIONE CON FESTIVAL DI BELLAGIO E DEL LAGO DI COMO XV EDIZIONE;"{""l"": 56.70000076, ""t"": 563.9120296040626, ""r"": 538.1839977100002, ""b"": 509.1110292940625, ""coord_origin"": ""BOTTOMLEFT""}";;;;False
atto_16;docling;json;atto_16.json;6;1;text;text;L'anno DUEMILAVENTISEI , addì VENTITRE del mese di GIUGNO alle ore 10:43 , il Segretario Comunale, collegato in modalità telematica, dà ATTO che i componenti della Giunta Comunale partecipano alla seduta, mediante collegamento in videoconferenza, ai sensi del vigente regolamento approvato con deliberazione G.C. n. 43 del 28/04/2022.;"{""l"": 56.70000076, ""t"": 477.54500994406254, ""r"": 541.9320007600006, ""b"": 416.53700890406253, ""coord_origin"": ""BOTTOMLEFT""}";;;;False
atto_16;docling;json;atto_16.json;7;1;section_header;heading;Risultano:;"{""l"": 56.70000076, ""t"": 400.2740138540625, ""r"": 113.40000075999998, ""b"": 386.8700138540625, ""coord_origin"": ""BOTTOMLEFT""}";;;;False
atto_16;docling;json;atto_16.json;8;1;table;table;[table];"{""l"": 48.27867889404297, ""t"": 373.7424011230469, ""r"": 546.2958984375, ""b"": 315.177734375, ""coord_origin"": ""BOTTOMLEFT""}";;;;True
atto_16;docling;json;atto_16.json;9;1;text;text;PRESENTI: 2 ASSENTI: 1;"{""l"": 212.20599746, ""t"": 301.1810267940625, ""r"": 386.4339974600001, ""b"": 287.7770267940625, ""coord_origin"": ""BOTTOMLEFT""}";;;;True
atto_16;docling;json;atto_16.json;10;1;text;text;Partecipa il Segretario Comunale, Ilaria Anna Cerqua .;"{""l"": 56.70000076, ""t"": 259.78402362406246, ""r"": 364.12800076000013, ""b"": 246.38002362406246, ""coord_origin"": ""BOTTOMLEFT""}";;;;False
atto_16;docling;json;atto_16.json;11;1;text;text;Assume la presidenza il Sindaco Stefano Cassinelli che, constatata la legalità dell'adunanza, dichiara aperta la seduta e pone in discussione la seguente pratica segnata all'ordine del giorno:;"{""l"": 56.70000076, ""t"": 218.3870509640626, ""r"": 541.9320007600006, ""b"": 173.2470499540625, ""coord_origin"": ""BOTTOMLEFT""}";;;;False
atto_16;docling;json;atto_16.json;12;2;text;text;OGGETTO: ADESIONE AL PROGETTO LECCO CLASSICA 2026 SOSTENUTO DALLA FONDAZIONE COMUNITARIA DEL LECCHESE IN COLLABORAZIONE CON FESTIVAL DI BELLAGIO E DEL LAGO DI COMO XV EDIZIONE;"{""l"": 56.70000076, ""t"": 802.7040256040625, ""r"": 541.9320007600003, ""b"": 761.7020250840625, ""coord_origin"": ""BOTTOMLEFT""}";;;;False
atto_16;docling;json;atto_16.json;13;2;section_header;heading;LA GIUNTA COMUNALE;"{""l"": 234.40500258999998, ""t"": 747.5410261840624, ""r"": 360.89400259000007, ""b"": 735.2540261840625, ""coord_origin"": ""BOTTOMLEFT""}";;;;False
atto_16;docling;json;atto_16.json;14;2;text;text;"PREMESSO che la Repubblica tutela e promuove lo sviluppo della cultura ai sensi dell'art. 9 della Costituzione; che il principio di sussidiarietà orizzontale di cui all'art. 118, comma 4, Cost. impone alle istituzioni pubbliche di favorire l'autonoma iniziativa dei cittadini e delle formazioni sociali per lo svolgimento di attività di interesse generale; che il Comune di Dervio, quale ente esponenziale della comunità locale, persegue tra le proprie finalità istituzionali - ai sensi dell'art. 9, lett. G) dello Statuto - la promozione di manifestazioni per il tempo libero al fine di favorire momenti di incontro e di crescita culturale;";"{""l"": 56.70000076, ""t"": 722.1370214140625, ""r"": 541.3490007600001, ""b"": 634.0660204140625, ""coord_origin"": ""BOTTOMLEFT""}";;;PREMESSO;False
atto_16;docling;json;atto_16.json;15;2;text;text;"PREMESSO ALTRESÌ che la Giunta Comunale esercita, ai sensi dell'art. 48 del D.lgs. 267/2000, la funzione di indirizzo politico-amministrativo dell'Ente e adotta gli atti rientranti nella propria competenza residuale; che rientra tra le attribuzioni proprie della Giunta la decisione di sostenere, mediante partecipazione finanziaria, iniziative di interesse pubblico locale che per la loro natura, dimensione e ricaduta sulla collettività giustifichino il coinvolgimento diretto dell'Ente, in applicazione dei principi di cui agli artt. 3 e 118 Cost. e dell'art. 13 del D.lgs. 267/2000;";"{""l"": 56.70000076, ""t"": 620.9450200740625, ""r"": 541.3490007600001, ""b"": 545.5230211440625, ""coord_origin"": ""BOTTOMLEFT""}";;;PREMESSO;False
atto_16;docling;json;atto_16.json;16;2;text;text;"RITENUTO che il Comune di Dervio è dotato del Regolamento Comunale per la Concessione di Benefici Economici ai sensi dell'art. 12 L. 241/1990, approvato con deliberazione CC n. 29 del 22.07.2013, il cui art. 2 annovera espressamente tra le finalità dell'Ente la «promozione della cultura e dello spettacolo» e la «promozione delle attività artistiche», e il cui art. 8, comma 4, riconosce espressamente alla Giunta Comunale la facoltà di destinare risorse di bilancio al finanziamento di « iniziative di particolare valore sociale, civile, morale o culturale rispetto alle quali la contribuzione del Comune può svolgere una funzione incentivante, di coinvolgimento della popolazione o di potenziamento delle iniziative »; che tale disposizione costituisce specifica attribuzione di indirizzo politico alla Giunta, autonoma rispetto alla procedura ordinaria a bando, applicabile allorché l'iniziativa presenti caratteri di eccezionale rilievo culturale tali da giustificarne il riconoscimento diretto; che, in tale contesto, la qualificazione soggettiva del beneficiario è VALUTATA dalla Giunta in funzione della coerenza dell'iniziativa con le finalità pubbliche perseguite, indipendentemente dall'iscrizione ai registri amministrativi interni dell'Ente;";"{""l"": 56.70000076, ""t"": 532.4020208040624, ""r"": 541.3490007600001, ""b"": 381.08600942406235, ""coord_origin"": ""BOTTOMLEFT""}";;;RITENUTO;False
atto_16;docling;json;atto_16.json;17;2;text;text;"RILEVATO che l'Associazione Musicale TEMA, con sede legale in Lecco, via Cantù 1, C.F. 97302580150, P.IVA 04114100961, promuove il progetto Lecco Classica 2026, candidato al sostegno della Fondazione Comunitaria del Lecchese, all'interno del quale è prevista la realizzazione di un concerto nel territorio comunale, in programma il 29 giugno 2026 presso la Chiesa dei Santi Pietro e Paolo di Dervio, appuntamento che contribuirà ad arricchire l'offerta culturale locale e a valorizzare uno dei luoghi di maggiore interesse storico, artistico e religioso della comunità. L'evento rappresenterà un'importante occasione di incontro tra musica, patrimonio culturale e territorio, favorendo la partecipazione dei cittadini e l'attrattività del Comune nei confronti di visitatori e appassionati;";"{""l"": 56.70000076, ""t"": 367.96503960406244, ""r"": 541.3490007600002, ""b"": 267.24503652406247, ""coord_origin"": ""BOTTOMLEFT""}";;;RILEVATO;False
atto_16;docling;json;atto_16.json;18;2;text;text;RILEVATO altresì che è intenzione dell'Amministrazione Comunale:;"{""l"": 56.70000076, ""t"": 254.12400567406246, ""r"": 370.58500075999996, ""b"": 241.94700567406244, ""coord_origin"": ""BOTTOMLEFT""}";;;RILEVATO;False
atto_16;docling;json;atto_16.json;19;2;list_item;list_item;"-collaborare alla realizzazione dell'iniziativa, supportandone la promozione e favorendo, per quanto di competenza, le condizioni organizzative necessarie al buon esito dell'evento previsto a Dervio;";"{""l"": 74.70000076, ""t"": 241.48201978406246, ""r"": 541.3400003800001, ""b"": 216.6660188840624, ""coord_origin"": ""BOTTOMLEFT""}";;;;False
atto_16;docling;json;atto_16.json;20;2;list_item;list_item;"-formalizzare la propria adesione al progetto Lecco Classica 2026, in collaborazione con il Festival di Bellagio e del lago di Como XV Edizione mediante il versamento alla Fondazione Comunitaria del Lecchese della somma di Euro 1500,00 (previa presentazione della documentazione di rendicontazione relativa all'evento di Dervio da parte di Associazione Musicale TEMA), a favore del Progetto 2026.0095 Lecco Classica 2026;";"{""l"": 74.70000076, ""t"": 216.20400464406248, ""r"": 541.3460007600002, ""b"": 153.47100393406242, ""coord_origin"": ""BOTTOMLEFT""}";;;;False
atto_16;docling;json;atto_16.json;21;2;text;text;"RILEVATO che con istanza del 31 marzo 2026, l'Associazione Musicale TEMA, con sede legale in Lecco, via Cantù 1, C.F. 97302580150, P.IVA 04114100961, nella persona del Direttore Artistico M° Rossella Spinosa, ha richiesto la concessione del patrocinio del Comune di Dervio per la realizzazione del concerto programmato il 29 giugno 2026 presso la Chiesa dei Santi Pietro e Paolo in Dervio (LC) nell'ambito del progetto Lecco Classica 2026, in collaborazione con il Festival di Bellagio e del Lago di Como - XV Edizione;";"{""l"": 56.70000076, ""t"": 140.35300957406253, ""r"": 541.3490007600001, ""b"": 64.93101064406244, ""coord_origin"": ""BOTTOMLEFT""}";;;RILEVATO;False
atto_16;docling;json;atto_16.json;22;3;section_header;heading;RILEVATO CHE L'Associazione musicale Tema ha dichiarato:;"{""l"": 56.70000076, ""t"": 802.6310247140625, ""r"": 349.04700076000006, ""b"": 790.4540247140625, ""coord_origin"": ""BOTTOMLEFT""}";;;RILEVATO;False
atto_16;docling;json;atto_16.json;23;3;list_item;list_item;"che l'iniziativa ha carattere ricorrente ed è inserita in un circuito culturale internazionale in collegamento con la rete dei Comuni del Festival; che sono previste attività di comunicazione (ufficio stampa, materiali editoriali, pubblicità, siti internet); che l'Associazione non persegue scopi di lucro né opera in regime d'impresa; che nella proposta sono inclusi gli oneri SIAE e le relative agibilità;";"{""l"": 56.70000076, ""t"": 789.9820245440625, ""r"": 541.3490007600001, ""b"": 739.8580259540624, ""coord_origin"": ""BOTTOMLEFT""}";;;;False
atto_16;docling;json;atto_16.json;24;3;list_item;list_item;"di essere soggetto senza scopo di lucro, operante da oltre quindici anni nel settore della promozione musicale e culturale sul territorio lariano, come risulta dal proprio Statuto associativo;";"{""l"": 56.70000076, ""t"": 739.3860257840626, ""r"": 541.3380007600001, ""b"": 714.5600256140625, ""coord_origin"": ""BOTTOMLEFT""}";;;;False
atto_16;docling;json;atto_16.json;25;3;list_item;list_item;"che il Festival di Bellagio e del Lago di Como è una rassegna musicale di respiro internazionale giunta alla XV edizione; il programma dell'edizione 2025 - VERIFICATO sul sito ufficiale www.bellagiofestival.com comprende oltre 20 concerti da giugno ad agosto, coinvolgendo almeno 13 Comuni delle Province di Como e Lecco (tra cui Bellagio, Como, Civate, Oliveto Lario, Dervio, Ello, Magreglio, Menaggio, Mandello del Lario, Lezzeno, Valmadrera, Lecco, Zelbio); la manifestazione si avvale dell'Orchestra di Bellagio e del Lago di Como quale ensemble stabile residente e ospita il Concorso Internazionale Cosima Wagner per strumentisti; i concerti nel territorio sono in larga parte ad ingresso libero, con diretta ricaduta in termini di accessibilità culturale per la cittadinanza e di attrattività turistica per i Comuni ospitanti;";"{""l"": 56.70000076, ""t"": 714.0880254440625, ""r"": 541.3490007600001, ""b"": 613.3680223640624, ""coord_origin"": ""BOTTOMLEFT""}";;;;False
atto_16;docling;json;atto_16.json;26;3;text;text;"- che il concerto derviese dell'edizione 2025 (XIV Edizione, 29 giugno 2025, «Il violoncello di Dall'Abaco e Marais», con i giovani violoncellisti del progetto CELLOfest) ha riscosso apprezzamento della cittadinanza, confermando la funzione del Festival quale presidio culturale e vetrina turistica del territorio lacustre;";"{""l"": 56.70000076, ""t"": 612.8960241040625, ""r"": 541.3490007600001, ""b"": 562.7720255140624, ""coord_origin"": ""BOTTOMLEFT""}";;;;False
atto_16;docling;json;atto_16.json;27;3;section_header;heading;CONSIDERATO in diritto che:;"{""l"": 56.70000076, ""t"": 549.6510289840625, ""r"": 203.37400076000003, ""b"": 537.4740289840624, ""coord_origin"": ""BOTTOMLEFT""}";;;CONSIDERATO;False
atto_16;docling;json;atto_16.json;28;3;text;text;"- la presente partecipazione finanziaria dell'Ente all'iniziativa è qualificabile come ATTO di indirizzo politico della Giunta ex art. 48 TUEL, fondato sul perseguimento di un interesse pubblico locale direttamente identificabile: la promozione della cultura, del turismo e dell'immagine del territorio comunale, in applicazione dell'art. 9 Cost. e del principio di sussidiarietà orizzontale ex art. 118, comma 4, Cost.;";"{""l"": 56.70000076, ""t"": 537.0020269140625, ""r"": 541.34900076, ""b"": 486.8780283240625, ""coord_origin"": ""BOTTOMLEFT""}";;;;False
atto_16;docling;json;atto_16.json;29;3;text;text;"- l'iniziativa integra i presupposti dell'art. 8, comma 4, del Regolamento per la sussistenza di un «particolare valore culturale», ATTESTATO dalla convergenza di elementi oggettivi verificabili: dimensione sovracomunale e internazionale (20+ concerti, 13+ Comuni, Concorso Wagner); comprovata qualità artistica (Orchestra residente, artisti di rilievo nazionale e internazionale); ingresso libero ai concerti, che massimizza la ricaduta collettiva; presenza fisica dell'evento a Dervio con piano di comunicazione che include esplicitamente il Comune; XV edizione, che ATTESTA continuità e affidabilità organizzativa;";"{""l"": 56.70000076, ""t"": 486.4060186140625, ""r"": 541.3490007600001, ""b"": 410.9840196840625, ""coord_origin"": ""BOTTOMLEFT""}";;;;False
atto_16;docling;json;atto_16.json;30;3;list_item;list_item;"la concessione è sorretta dai criteri che questa Giunta esplicita e che costituiscono l'indirizzo politico adottato per la presente fattispecie: (i) criterio teleologico: l'iniziativa è coerente con le finalità di promozione della cultura, dello spettacolo e delle attività artistiche di cui all'art. 2 del Regolamento e con l'art. 9 lett. G) dello Statuto; (ii) criterio della ricaduta territoriale: l'evento si svolge fisicamente nel territorio comunale e genera visibilità istituzionale e turistica per il Comune; (iii) criterio della proporzionalità: l'importo di € 1.500,00 è congruo rispetto alla valenza dell'iniziativa e contenuto entro le disponibilità di bilancio;";"{""l"": 56.70000076, ""t"": 410.5120366740625, ""r"": 541.3490007600001, ""b"": 335.0900377440625, ""coord_origin"": ""BOTTOMLEFT""}";;;;False
atto_16;docling;json;atto_16.json;31;3;list_item;list_item;"la concessione del patrocinio non comporta assunzione di responsabilità in ordine agli aspetti organizzativi, di sicurezza e normativi della manifestazione, né esonera il beneficiario dall'obbligo di ottenere le autorizzazioni di competenza pubblica;";"{""l"": 56.70000076, ""t"": 334.6180242240624, ""r"": 541.3490007599999, ""b"": 297.1430238940625, ""coord_origin"": ""BOTTOMLEFT""}";;;;False
atto_16;docling;json;atto_16.json;32;3;text;text;"VISTI gli artt. 9 e 118, comma 4, della Costituzione;";"{""l"": 56.70000076, ""t"": 284.02201592406254, ""r"": 293.47500075999994, ""b"": 271.8450159240625, ""coord_origin"": ""BOTTOMLEFT""}";;;VISTO;False
atto_16;docling;json;atto_16.json;33;3;section_header;heading;VISTO :;"{""l"": 56.70000076, ""t"": 258.72404229406243, ""r"": 96.74000076, ""b"": 246.54704229406252, ""coord_origin"": ""BOTTOMLEFT""}";;;VISTO;False
atto_16;docling;json;atto_16.json;34;3;list_item;list_item;"-l'art. 48 del D.Lgs. 18 agosto 2000, n. 267 (TUEL);";"{""l"": 56.70000076, ""t"": 246.08199537406244, ""r"": 306.987, ""b"": 233.90499537406254, ""coord_origin"": ""BOTTOMLEFT""}";;;;False
atto_16;docling;json;atto_16.json;35;3;list_item;list_item;"-l'art. 13 del D.Lgs. 267/2000, concernente le funzioni e i compiti dei Comuni;";"{""l"": 56.70000076, ""t"": 233.44301832406245, ""r"": 423.09200000000004, ""b"": 221.26601832406254, ""coord_origin"": ""BOTTOMLEFT""}";;;;False
atto_16;docling;json;atto_16.json;36;3;list_item;list_item;"-l'art. 9, lett. G) dello Statuto del Comune di Dervio;";"{""l"": 56.70000076, ""t"": 220.80404126406256, ""r"": 307.61400000000003, ""b"": 208.62704126406254, ""coord_origin"": ""BOTTOMLEFT""}";;;;False
atto_16;docling;json;atto_16.json;37;3;list_item;list_item;"-il Regolamento Comunale per la Concessione di Benefici Economici ai sensi dell'art. 12 L. 241/1990, approvato con deliberazione CC n. 29 del 22.07.2013, ed in particolare gli artt. 2 (finalità istituzionali) e 8, comma 4 (iniziative di particolare valore culturale - attribuzione alla Giunta);";"{""l"": 56.70000076, ""t"": 208.16500318406247, ""r"": 541.3530000000001, ""b"": 170.71000234406245, ""coord_origin"": ""BOTTOMLEFT""}";;;;False
atto_16;docling;json;atto_16.json;38;3;list_item;list_item;"-l'art. 12 della L. 7 agosto 1990, n. 241;";"{""l"": 56.70000076, ""t"": 170.2480109940625, ""r"": 250.77700000000002, ""b"": 158.07101099406248, ""coord_origin"": ""BOTTOMLEFT""}";;;;False
atto_16;docling;json;atto_16.json;39;3;list_item;list_item;"-l'art. 3 della L. 241/1990, sull'obbligo di motivazione dei provvedimenti amministrativi;";"{""l"": 56.70000076, ""t"": 157.6090339440625, ""r"": 467.56499999999994, ""b"": 145.43203394406248, ""coord_origin"": ""BOTTOMLEFT""}";;;;False
atto_16;docling;json;atto_16.json;40;3;list_item;list_item;"-gli artt. 26 e 27 del D.Lgs. 14 marzo 2013, n. 33 (obblighi di pubblicazione in Amministrazione Trasparente per contributi superiori a € 1.000,00);";"{""l"": 56.70000076, ""t"": 144.96999585406252, ""r"": 541.342, ""b"": 120.15399495406245, ""coord_origin"": ""BOTTOMLEFT""}";;;;False
atto_16;docling;json;atto_16.json;41;3;text;text;DATO ATTO che sono stati ACQUISITI i pareri favorevoli ai sensi dell'art. 49, comma 1, D.Lgs. 267/2000:;"{""l"": 56.70000076, ""t"": 107.03605401406253, ""r"": 523.66100076, ""b"": 94.85905401406251, ""coord_origin"": ""BOTTOMLEFT""}";;;DATO_ATTO;False
atto_16;docling;json;atto_16.json;42;3;list_item;list_item;"parere di regolarità tecnica del Responsabile del Servizio competente;";"{""l"": 56.70000076, ""t"": 94.38700616406254, ""r"": 380.46300076000006, ""b"": 82.21000616406252, ""coord_origin"": ""BOTTOMLEFT""}";;;;False
atto_16;docling;json;atto_16.json;43;3;list_item;list_item;"parere di regolarità contabile del Responsabile del Servizio Finanziario, con attestazione di copertura finanziaria ai sensi dell'art. 151 TUEL;";"{""l"": 56.70000076, ""t"": 81.73801934406254, ""r"": 541.3490007600001, ""b"": 56.91201917406249, ""coord_origin"": ""BOTTOMLEFT""}";;;;False
atto_16;docling;json;atto_16.json;44;4;text;text;"RICONOSCIUTA la propria competenza ai sensi dell'art. 48 del D.Lgs. n. 267/2000;";"{""l"": 56.70000076, ""t"": 789.9820245440625, ""r"": 438.73000076, ""b"": 777.8050245440625, ""coord_origin"": ""BOTTOMLEFT""}";;;RICONOSCIUTO;False
atto_16;docling;json;atto_16.json;45;4;text;text;"Con voti unanimi resi e VERIFICATI nei modi e forme di legge;";"{""l"": 56.70000076, ""t"": 764.6840261140625, ""r"": 324.29700076000006, ""b"": 752.5070261140625, ""coord_origin"": ""BOTTOMLEFT""}";0.0;;;False
atto_16;docling;json;atto_16.json;46;4;section_header;heading;DELIBERA;"{""l"": 268.92399978000003, ""t"": 739.3930267140626, ""r"": 329.12699978, ""b"": 727.2160267140625, ""coord_origin"": ""BOTTOMLEFT""}";;DELIBERA;DELIBERA;False
atto_16;docling;json;atto_16.json;47;4;text;text;per le motivazioni espresse in PREMESSA che qui si intendono integralmente riportate:;"{""l"": 56.70000076, ""t"": 714.1150230240626, ""r"": 431.85500076000005, ""b"": 701.9380230240625, ""coord_origin"": ""BOTTOMLEFT""}";;;;False
atto_16;docling;json;atto_16.json;48;4;list_item;list_item;"Di aderire al progetto Lecco Classica 2026, promosso da Associazione Musicale TEMA e candidato al sostegno della Fondazione Comunitaria del Lecchese mediante il versamento alla Fondazione Comunitaria del Lecchese della somma di Euro 1500,00 (previa presentazione della documentazione di rendicontazione relativa all'evento di Dervio da parte di Associazione Musicale TEMA), a favore del Progetto 2026.0095 Lecco Classica 2026;";"{""l"": 60.00000071, ""t"": 688.8370231440625, ""r"": 541.3530007100002, ""b"": 626.1040224340625, ""coord_origin"": ""BOTTOMLEFT""}";;;;False
atto_16;docling;json;atto_16.json;49;4;list_item;list_item;"Di concedere il patrocinio del Comune di Dervio del Comune di Dervio per la realizzazione del concerto programmato il 29 giugno 2026 presso la Chiesa dei Santi Pietro e Paolo in Dervio (LC) nell'ambito del progetto Lecco Classica 2026, in collaborazione con il Festival di Bellagio e del Lago di Como - XV Edizione;";"{""l"": 60.00000071, ""t"": 613.0030311340624, ""r"": 541.3530007100001, ""b"": 562.9090303540625, ""coord_origin"": ""BOTTOMLEFT""}";;;;False
atto_16;docling;json;atto_16.json;50;4;list_item;list_item;"Di dare mandato al Responsabile del Servizio Cultura sport e turismo tempo libero di assumere apposito impegno di spesa e tutte le determinazioni necessarie a dar seguito al presente ATTO;";"{""l"": 60.00000071, ""t"": 549.8080238140625, ""r"": 541.34200071, ""b"": 524.9920229140624, ""coord_origin"": ""BOTTOMLEFT""}";;;;False
atto_16;docling;json;atto_16.json;51;4;list_item;list_item;Di comunicare la presente ai Capigruppo Consiliari ai sensi e per gli effetti di cui all'art. 125 del Decreto Legislativo 18 agosto 2000 n. 267.;"{""l"": 60.00000071, ""t"": 511.8910163640625, ""r"": 541.3420007100002, ""b"": 487.0750154640625, ""coord_origin"": ""BOTTOMLEFT""}";;;;False
atto_16;docling;json;atto_16.json;52;4;list_item;list_item;Di disporre , ai sensi dell'art. 32 - comma 1 della legge 18 giugno 2009 n. 69, la pubblicazione della presente deliberazione all'Albo on line, per 15 giorni consecutivi, nell'apposita sezione del sito istituzionale del Comune e nella sezione Amministrazione Trasparente.;"{""l"": 60.00000071, ""t"": 473.97402418406244, ""r"": 541.3420007100001, ""b"": 436.5190233440625, ""coord_origin"": ""BOTTOMLEFT""}";;;;False
atto_16;docling;json;atto_16.json;53;4;list_item;list_item;Di dichiarare , con separata votazione la presente deliberazione immediatamente eseguibile, ai sensi dell'art. 134, comma 4 del D.lgs. n. 267 del 18.08.2000 stante l'urgenza di provvedere a quanto deliberato.;"{""l"": 60.00000071, ""t"": 423.4180244240625, ""r"": 541.3420007100002, ""b"": 385.9630235840625, ""coord_origin"": ""BOTTOMLEFT""}";;;;False
atto_16;docling;json;atto_16.json;54;4;text;text;Il presente verbale viene letto, approvato e sottoscritto.;"{""l"": 56.70000076, ""t"": 373.85601459406246, ""r"": 333.3520007600001, ""b"": 360.45201459406246, ""coord_origin"": ""BOTTOMLEFT""}";;;;False
atto_16;docling;json;atto_16.json;55;4;text;text;il Sindaco Stefano Cassinelli il Segretario Comunale Ilaria Anna Cerqua;"{""l"": 114.36899948, ""t"": 332.67103610406247, ""r"": 223.76099947999992, ""b"": 305.4680363140625, ""coord_origin"": ""BOTTOMLEFT""}";;;;False
atto_17;docling;json;atto_17.json;1;1;picture;figure;[figure];"{""l"": 72.83952331542969, ""t"": 789.3288612365723, ""r"": 115.24982452392578, ""b"": 730.3599319458008, ""coord_origin"": ""BOTTOMLEFT""}";;;;True
atto_17;docling;json;atto_17.json;2;1;text;text;COPIA;"{""l"": 56.700000000000045, ""t"": 594.9239829101564, ""r"": 101.34000000000005, ""b"": 584.6029770622032, ""coord_origin"": ""BOTTOMLEFT""}";;;;False
atto_17;docling;json;atto_17.json;3;1;section_header;heading;COMUNE DI MOIMACCO;"{""l"": 206.4, ""t"": 771.9307629101563, ""r"": 480.28476, ""b"": 752.6046313438912, ""coord_origin"": ""BOTTOMLEFT""}";;;;False
atto_17;docling;json;atto_17.json;4;1;text;text;Provincia di Udine;"{""l"": 289.8, ""t"": 748.7734029101563, ""r"": 391.389864, ""b"": 737.2420722205011, ""coord_origin"": ""BOTTOMLEFT""}";;;;False
atto_17;docling;json;atto_17.json;5;1;text;text;__________;"{""l"": 262.92, ""t"": 666.2039829101562, ""r"": 325.92, ""b"": 655.882977062203, ""coord_origin"": ""BOTTOMLEFT""}";;;;False
atto_17;docling;json;atto_17.json;6;1;section_header;heading;VERBALE DI DELIBERAZIONE DELLA GIUNTA COMUNALE;"{""l"": 89.7, ""t"": 638.0547429101563, ""r"": 499.57962, ""b"": 626.0307710972908, ""coord_origin"": ""BOTTOMLEFT""}";;;;False
atto_17;docling;json;atto_17.json;7;1;text;text;__________;"{""l"": 262.92, ""t"": 622.5239829101563, ""r"": 325.92, ""b"": 612.2029770622031, ""coord_origin"": ""BOTTOMLEFT""}";;;;False
atto_17;docling;json;atto_17.json;8;1;text;text;ANNO 2026 del Reg. Delibere;"{""l"": 456.06, ""t"": 581.2439829101564, ""r"": 531.645, ""b"": 557.3951830271153, ""coord_origin"": ""BOTTOMLEFT""}";;;;False
atto_17;docling;json;atto_17.json;9;1;text;text;N. 9;"{""l"": 429.42, ""t"": 567.3239829101562, ""r"": 453.06, ""b"": 557.0029770622031, ""coord_origin"": ""BOTTOMLEFT""}";;;;False
atto_17;docling;json;atto_17.json;10;1;text;text;OGGETTO: ART 19, COMMA 5 DEL D.LGS 175/20016 - DETERMINAZIONE OBIETTIVI PER IL CONTENIMENTO DELLE SPESE DI FUNZIONAMENTO, CON PARTICOLARE RIFERIMENTO AL PERSONALE;"{""l"": 56.700000000000045, ""t"": 526.0439829101564, ""r"": 532.1400000000001, ""b"": 488.07812789526065, ""coord_origin"": ""BOTTOMLEFT""}";;;;False
atto_17;docling;json;atto_17.json;11;1;text;text;L'anno 2026 , il giorno 30 del mese di Gennaio alle ore 13:21 in modalità telematica, presso la sede comunale si è riunita la Giunta Comunale. La seduta si svolge in collegamento telematico, nel rispetto dei criteri di funzionamento approvati con DELIBERA di Consiglio Comunale n. 17 del 08/04/2022. Fatto l'appello nominale risultano:;"{""l"": 56.69999999999996, ""t"": 457.04398291015633, ""r"": 541.6188000000001, ""b"": 405.3381278952605, ""coord_origin"": ""BOTTOMLEFT""}";;;;False
atto_17;docling;json;atto_17.json;12;1;table;table;[table];"{""l"": 55.25584030151367, ""t"": 380.7088623046875, ""r"": 546.095458984375, ""b"": 298.45361328125, ""coord_origin"": ""BOTTOMLEFT""}";;;;True
atto_17;docling;json;atto_17.json;13;1;text;text;Assiste il Segretario Stanig dott.ssa Eva.;"{""l"": 56.7, ""t"": 270.1439829101563, ""r"": 253.98000000000008, ""b"": 259.77812789526047, ""coord_origin"": ""BOTTOMLEFT""}";;;;False
atto_17;docling;json;atto_17.json;14;1;text;text;Constatato il numero degli intervenuti, assume la presidenza il sig. Basaldella dott. Enrico nella sua qualità di Sindaco, espone gli oggetti iscritti all'ordine del giorno e dichiara aperta la discussione per la trattazione dell'argomento indicato in oggetto.;"{""l"": 56.700000000000045, ""t"": 228.7439829101562, ""r"": 541.6200000000002, ""b"": 190.77812789526047, ""coord_origin"": ""BOTTOMLEFT""}";;;;False
atto_17;docling;json;atto_17.json;15;1;page_footer;footer;Comune di Moimacco - Deliberazione n. 9 del 30/01/2026;"{""l"": 178.5, ""t"": 38.60398291015633, ""r"": 422.34, ""b"": 28.238127895260504, ""coord_origin"": ""BOTTOMLEFT""}";;;;True
atto_17;docling;json;atto_17.json;16;1;page_footer;footer;1;"{""l"": 533.64, ""t"": 37.233222910156314, ""r"": 541.125, ""b"": 28.577733972718306, ""coord_origin"": ""BOTTOMLEFT""}";;;;True
atto_17;docling;json;atto_17.json;17;2;text;text;OGGETTO: ART 19, COMMA 5 DEL D.LGS 175/20016 - DETERMINAZIONE OBIETTIVI PER IL CONTENIMENTO DELLE SPESE DI FUNZIONAMENTO, CON PARTICOLARE RIFERIMENTO AL PERSONALE;"{""l"": 51.059999999999945, ""t"": 797.0039829101563, ""r"": 550.1412000000001, ""b"": 759.0381278952607, ""coord_origin"": ""BOTTOMLEFT""}";;;;False
atto_17;docling;json;atto_17.json;18;2;section_header;heading;Proposta di DELIBERA della Giunta Comunale;"{""l"": 185.93999999999994, ""t"": 727.8839829101565, ""r"": 415.25999999999993, ""b"": 717.5629770622033, ""coord_origin"": ""BOTTOMLEFT""}";;;;False
atto_17;docling;json;atto_17.json;19;2;text;text;"DATO ATTO che CAFC S.p.A. è gestore unico in house providing (ex art.16 D.Lgs. 175/2016 ed ex artt. 5 e 192 D.Lgs. 50/2016) del servizio idrico integrato nell'Ambito Territoriale Ottimale Centrale Friuli ai sensi degli artt. 147, 149bis e 172 D.Lgs. 152/2006, come da deliberazione assembleare della competente CATO Consulta d'Ambito 07.10.2015, n.16;";"{""l"": 51.05999999999989, ""t"": 686.6639829101566, ""r"": 550.1411999999998, ""b"": 634.898127895261, ""coord_origin"": ""BOTTOMLEFT""}";;;DATO_ATTO;False
atto_17;docling;json;atto_17.json;20;2;text;text;"DATO ATTO altresì che il nostro Ente detiene una quota di partecipazione di CAFC S.p.A. pari al 1,59 (diretta) e 0,0947 (indiretta) del capitale sociale;";"{""l"": 51.06, ""t"": 617.6639829101568, ""r"": 550.1399999999996, ""b"": 593.4981278952612, ""coord_origin"": ""BOTTOMLEFT""}";;;DATO_ATTO;False
atto_17;docling;json;atto_17.json;21;2;text;text;"RICHIAMATO l'art. 19, comma 5 del D.Lgs. 175/2016 che testualmente recita: 'Le amministrazioni pubbliche socie fissano, con propri provvedimenti, obiettivi specifici, annuali e pluriennali, sul complesso delle spese di funzionamento, ivi comprese quelle per il personale, delle società controllate, anche attraverso il contenimento degli oneri contrattuali e delle assunzioni di personale e TENUTO CONTO di quanto STABILITO all'articolo 25, ovvero delle eventuali disposizioni che stabiliscono, a loro carico, divieti o limitazioni alle assunzioni di personale, tenendo CONTO del settore in cui ciascun soggetto opera';";"{""l"": 51.059999999999945, ""t"": 576.263982910157, ""r"": 550.1423999999997, ""b"": 483.0981278952614, ""coord_origin"": ""BOTTOMLEFT""}";;;RICHIAMATO;False
atto_17;docling;json;atto_17.json;22;2;text;text;"VISTA la nota prot. n. 191 del 14.01.2026 con la quale CAFC spa trasmette la propria proposta di ATTO di indirizzo in materia di personale;";"{""l"": 51.059999999999945, ""t"": 465.8639829101572, ""r"": 550.1412, ""b"": 441.6981278952614, ""coord_origin"": ""BOTTOMLEFT""}";;;VISTO;False
atto_17;docling;json;atto_17.json;23;2;text;text;"CONSIDERATO che, ad oggi, in materia di personale delle società in house providing (modalità e limiti per le assunzioni in via transitoria ed a regime, modalità di reclutamento, limiti alle retribuzioni) il vigente quadro di riferimento è individuabile nel D.Lgs. 175/2016 (testo unico in materia di società a partecipazione pubblica), in particolare agli artt. 19 e 11 c.6;";"{""l"": 51.059999999999945, ""t"": 424.46398291015714, ""r"": 550.1412000000003, ""b"": 372.69812789526134, ""coord_origin"": ""BOTTOMLEFT""}";;;CONSIDERATO;False
atto_17;docling;json;atto_17.json;24;2;text;text;"VISTI, in allegato al presente ATTO di cui è parte integrante e sostanziale, la relazione e l'ATTO di indirizzo PREDISPOSTI da CAFC S.p.A. relativamente all'oggetto;";"{""l"": 51.059999999999945, ""t"": 355.4639829101571, ""r"": 550.1411999999997, ""b"": 331.2981278952613, ""coord_origin"": ""BOTTOMLEFT""}";;;VISTO;False
atto_17;docling;json;atto_17.json;25;2;text;text;"RITENUTO che l'ATTO di indirizzo suddetto in Allegato 1 possa essere di competenza degli organi esecutivi (Giunte Comunali/Provinciale, Ufficio Presidenza U.T.I.), in quanto si tratta di indicazioni operative e non di indirizzi istituzionali generali che rientrino nelle competenze esclusive dei Consigli ex art. 42, c. 2, lettera e) D.Lgs. 267/2000 (partecipazione a società di capitali, organizzazione di pubblici servizi, concessione di pubblici servizi);";"{""l"": 51.059999999999945, ""t"": 314.06398291015705, ""r"": 550.1411999999998, ""b"": 248.4981278952613, ""coord_origin"": ""BOTTOMLEFT""}";;;RITENUTO;False
atto_17;docling;json;atto_17.json;26;2;text;text;"ACQUISITI favorevolmente i pareri resi ai sensi dell'art.49 del D. Lgs. 267/2000 e s.m.i.;";"{""l"": 51.06, ""t"": 231.26398291015698, ""r"": 471.0, ""b"": 220.89812789526127, ""coord_origin"": ""BOTTOMLEFT""}";;;ACQUISITO;False
atto_17;docling;json;atto_17.json;27;2;section_header;heading;PROPONE;"{""l"": 269.7600000000001, ""t"": 203.54398291015696, ""r"": 331.4400000000001, ""b"": 193.22297706220377, ""coord_origin"": ""BOTTOMLEFT""}";;;;False
atto_17;docling;json;atto_17.json;28;2;list_item;list_item;"Di approvare le PREMESSE, che costituiscono parte integrante della presente deliberazione;";"{""l"": 69.06000000000012, ""t"": 175.61998291015698, ""r"": 518.8800000000001, ""b"": 164.79812789526125, ""coord_origin"": ""BOTTOMLEFT""}";;;;False
atto_17;docling;json;atto_17.json;29;2;list_item;list_item;Di fissare quali obiettivi di contenimento delle spese di funzionamento ai sensi dell'art. 19, comma 5 del D.Lgs. 175/2016 quelli indicati nella relazione allegata.;"{""l"": 69.06000000000012, ""t"": 147.17998291015692, ""r"": 550.1412000000003, ""b"": 122.6181278952613, ""coord_origin"": ""BOTTOMLEFT""}";;;;False
atto_17;docling;json;atto_17.json;30;2;list_item;list_item;Di dichiarare la presente DELIBERA immediatamente eseguibile, ai sensi dell'art. 1, c. 19, della L.R. 21/2003, come sostituito dall'art. 17 della L.R. 17/2004.;"{""l"": 69.06000000000006, ""t"": 104.93998291015691, ""r"": 531.4800000000001, ""b"": 80.31812789526123, ""coord_origin"": ""BOTTOMLEFT""}";;;;False
atto_17;docling;json;atto_17.json;31;2;page_footer;footer;Comune di Moimacco - Deliberazione n. 9 del 30/01/2026;"{""l"": 179.94, ""t"": 38.60398291015633, ""r"": 423.78, ""b"": 28.238127895260504, ""coord_origin"": ""BOTTOMLEFT""}";;;;True
atto_17;docling;json;atto_17.json;32;2;page_footer;footer;2;"{""l"": 542.1, ""t"": 37.29322291015626, ""r"": 549.585, ""b"": 28.637733972718365, ""coord_origin"": ""BOTTOMLEFT""}";;;;True
atto_17;docling;json;atto_17.json;33;3;section_header;heading;LA GIUNTA COMUNALE;"{""l"": 228.12, ""t"": 810.6839829101563, ""r"": 373.08000000000004, ""b"": 800.3629770622031, ""coord_origin"": ""BOTTOMLEFT""}";;;;False
atto_17;docling;json;atto_17.json;34;3;text;text;"VISTA la suesposta proposta di deliberazione;";"{""l"": 51.06000000000006, ""t"": 783.2039829101564, ""r"": 277.68000000000006, ""b"": 772.8381278952606, ""coord_origin"": ""BOTTOMLEFT""}";;;VISTO;False
atto_17;docling;json;atto_17.json;35;3;text;text;"VISTO che sulla stessa sono stati espressi i pareri di cui al D. Lgs. 267/2000;";"{""l"": 51.06000000000006, ""t"": 755.6039829101564, ""r"": 424.68000000000006, ""b"": 745.2381278952607, ""coord_origin"": ""BOTTOMLEFT""}";;;VISTO;False
atto_17;docling;json;atto_17.json;36;3;text;text;"RIUNITO l'organo collegiale nelle forme sopra descritte con l'assistenza del segretario comunale in ossequio all'art. 97 TUEL;";"{""l"": 51.06000000000006, ""t"": 728.0039829101565, ""r"": 550.1351999999996, ""b"": 703.8381278952609, ""coord_origin"": ""BOTTOMLEFT""}";;;;False
atto_17;docling;json;atto_17.json;37;3;text;text;"VISTO l'art. 1 comma 20 bis della L.R. n. 21 del 11.12.2003 in materia di pubblicazione delle deliberazioni degli enti locali;";"{""l"": 51.06000000000006, ""t"": 686.6639829101566, ""r"": 550.1411999999998, ""b"": 662.498127895261, ""coord_origin"": ""BOTTOMLEFT""}";;;VISTO;False
atto_17;docling;json;atto_17.json;38;3;text;text;"Con voti favorevoli unanimi espressi nei modi e nelle forme di Legge;";"{""l"": 51.06000000000006, ""t"": 645.2639829101568, ""r"": 391.62000000000006, ""b"": 634.898127895261, ""coord_origin"": ""BOTTOMLEFT""}";0.0;;;False
atto_17;docling;json;atto_17.json;39;3;section_header;heading;DELIBERA;"{""l"": 267.78000000000003, ""t"": 617.5439829101568, ""r"": 333.4200000000001, ""b"": 607.2229770622037, ""coord_origin"": ""BOTTOMLEFT""}";;DELIBERA;DELIBERA;False
atto_17;docling;json;atto_17.json;40;3;list_item;list_item;"di accogliere la superiore proposta ed in conseguenza di adottare il presente ATTO con la narrativa, la motivazione ed il dispositivo di cui alla proposta stessa, che qui si intende integralmente trascritta;";"{""l"": 69.06, ""t"": 589.6199829101569, ""r"": 550.14, ""b"": 551.1981278952612, ""coord_origin"": ""BOTTOMLEFT""}";;;;False
atto_17;docling;json;atto_17.json;41;3;list_item;list_item;di dichiarare, VISTA l'urgenza di procedere, con voti unanimi resi ed ACCERTATI con separata votazione, il presente ATTO immediatamente esecutivo ai sensi art. 1, c. 19, L.R. 21/2003, come sostituito dall'art. 17 della L.R. 17/2004.;"{""l"": 69.06, ""t"": 533.519982910157, ""r"": 550.14, ""b"": 495.1581278952612, ""coord_origin"": ""BOTTOMLEFT""}";;;;False
atto_17;docling;json;atto_17.json;42;3;page_footer;footer;Comune di Moimacco - Deliberazione n. 9 del 30/01/2026;"{""l"": 179.94, ""t"": 38.60398291015633, ""r"": 423.78, ""b"": 28.238127895260504, ""coord_origin"": ""BOTTOMLEFT""}";;;;True
atto_17;docling;json;atto_17.json;43;3;page_footer;footer;3;"{""l"": 542.1, ""t"": 37.29322291015626, ""r"": 549.585, ""b"": 28.637733972718365, ""coord_origin"": ""BOTTOMLEFT""}";;;;True
atto_17;docling;json;atto_17.json;44;4;section_header;heading;PARERE DI REGOLARITÁ TECNICA;"{""l"": 51.06, ""t"": 733.2992229101562, ""r"": 266.6946360000002, ""b"": 722.1159260496911, ""coord_origin"": ""BOTTOMLEFT""}";;;;False
atto_17;docling;json;atto_17.json;45;4;text;text;Con riferimento all'art. 49, comma 1° del D.Lgs.n. 267/2000 del T.U.EE.LL., è stato espresso parere favorevole alla regolarità tecnica sulla proposta di deliberazione in oggetto da DOTT.SSA MARTINA NOBILE in DATA 26 gennaio 2026.;"{""l"": 51.06, ""t"": 704.9639829101562, ""r"": 550.1400000000001, ""b"": 666.9981278952606, ""coord_origin"": ""BOTTOMLEFT""}";;;;False
atto_17;docling;json;atto_17.json;46;4;section_header;heading;PARERE DI REGOLARITÁ CONTABILE;"{""l"": 54.06, ""t"": 601.3592229101563, ""r"": 286.97738400000003, ""b"": 590.1759260496912, ""coord_origin"": ""BOTTOMLEFT""}";;;;False
atto_17;docling;json;atto_17.json;47;4;text;text;Con riferimento all'art. 49, comma 1° del D.Lgs.n. 267/2000 del T.U.EE.LL., è stato espresso parere favorevole alla regolarità contabile sulla proposta di deliberazione in oggetto da DOTT.SSA MARIACRISTINA VIRGILIO in DATA 26 gennaio 2026.;"{""l"": 51.06, ""t"": 572.9639829101563, ""r"": 550.1412000000004, ""b"": 534.9981278952607, ""coord_origin"": ""BOTTOMLEFT""}";;;;False
atto_17;docling;json;atto_17.json;48;4;page_footer;footer;Comune di Moimacco - Deliberazione n. 9 del 30/01/2026;"{""l"": 179.94, ""t"": 38.60398291015633, ""r"": 423.78, ""b"": 28.238127895260504, ""coord_origin"": ""BOTTOMLEFT""}";;;;True
atto_17;docling;json;atto_17.json;49;4;page_footer;footer;4;"{""l"": 542.1, ""t"": 37.233222910156314, ""r"": 549.585, ""b"": 28.577733972718306, ""coord_origin"": ""BOTTOMLEFT""}";;;;True
atto_17;docling;json;atto_17.json;50;5;page_header;header;Letto, confermato e sottoscritto,;"{""l"": 51.06, ""t"": 761.4239829101564, ""r"": 207.66000000000003, ""b"": 751.0581278952607, ""coord_origin"": ""BOTTOMLEFT""}";;;;True
atto_17;docling;json;atto_17.json;51;5;section_header;heading;Il Presidente F.to Basaldella dott. Enrico;"{""l"": 86.82, ""t"": 733.8239829101562, ""r"": 221.46, ""b"": 709.6581278952606, ""coord_origin"": ""BOTTOMLEFT""}";;;;False
atto_17;docling;json;atto_17.json;52;5;text;text;Il Segretario F.to Stanig dott.ssa Eva;"{""l"": 336.78, ""t"": 733.8239829101562, ""r"": 453.42, ""b"": 709.6581278952606, ""coord_origin"": ""BOTTOMLEFT""}";;;;False
atto_17;docling;json;atto_17.json;53;5;section_header;heading;ATTESTAZIONE DI PUBBLICAZIONE;"{""l"": 192.66000000000003, ""t"": 649.0439829101563, ""r"": 399.0, ""b"": 638.6781278952606, ""coord_origin"": ""BOTTOMLEFT""}";;;ATTESTA;False
atto_17;docling;json;atto_17.json;54;5;text;text;Si ATTESTA che la presente deliberazione viene pubblicata all'Albo pretorio on line dal 04/02/2026 al 19/02/2026 per quindici giorni consecutivi, ai sensi della L.R. n. 21/2003 e successive modificazioni.;"{""l"": 51.06000000000003, ""t"": 621.4439829101564, ""r"": 540.6600000000001, ""b"": 597.2781278952607, ""coord_origin"": ""BOTTOMLEFT""}";;;ATTESTA;False
atto_17;docling;json;atto_17.json;55;5;text;text;Comune di Moimacco, lì 04/02/2026;"{""l"": 51.06000000000006, ""t"": 580.0439829101565, ""r"": 231.72000000000006, ""b"": 569.6781278952608, ""coord_origin"": ""BOTTOMLEFT""}";;;;False
atto_17;docling;json;atto_17.json;56;5;text;text;Il Responsabile della Pubblicazione F.to dott.ssa Romina Cencig;"{""l"": 289.5, ""t"": 552.4439829101563, ""r"": 464.16, ""b"": 528.2781278952606, ""coord_origin"": ""BOTTOMLEFT""}";;;;False
atto_17;docling;json;atto_17.json;57;5;section_header;heading;ATTESTATO DI ESECUTIVITA';"{""l"": 209.4, ""t"": 467.6639829101563, ""r"": 382.32000000000005, ""b"": 457.2981278952605, ""coord_origin"": ""BOTTOMLEFT""}";;;ATTESTA;False
atto_17;docling;json;atto_17.json;58;5;text;text;La presente deliberazione è divenuta esecutiva il giorno 30/01/2026, poiché dichiarata immediatamente esecutiva (art. 1, comma 19 della L.R. 11/12/2003 n. 21 come modificato dall'art. 17 della L.R. 24/05/2004 n. 17).;"{""l"": 51.06000000000003, ""t"": 440.06398291015626, ""r"": 540.6600000000001, ""b"": 402.09812789526046, ""coord_origin"": ""BOTTOMLEFT""}";;;;False
atto_17;docling;json;atto_17.json;59;5;text;text;Comune di Moimacco, lì 04/02/2026;"{""l"": 51.060000000000116, ""t"": 384.8639829101562, ""r"": 231.72000000000008, ""b"": 374.49812789526044, ""coord_origin"": ""BOTTOMLEFT""}";;;;False
atto_17;docling;json;atto_17.json;60;5;text;text;Il Responsabile dell'esecutività F.to dott.ssa Romina Cencig;"{""l"": 342.9, ""t"": 357.2639829101563, ""r"": 493.6079999999999, ""b"": 333.0981278952605, ""coord_origin"": ""BOTTOMLEFT""}";;;;False
atto_17;docling;json;atto_17.json;61;5;text;text;Copia conforme all'originale, in carta libera ad uso amministrativo.;"{""l"": 51.06, ""t"": 217.28398291015628, ""r"": 377.88, ""b"": 206.91812789526057, ""coord_origin"": ""BOTTOMLEFT""}";;;;False
atto_17;docling;json;atto_17.json;62;5;text;text;Lì, 04/02/2026;"{""l"": 51.06, ""t"": 189.68398291015626, ""r"": 125.4, ""b"": 179.31812789526055, ""coord_origin"": ""BOTTOMLEFT""}";;;;False
atto_17;docling;json;atto_17.json;63;5;text;text;Il Responsabile del Procedimento dott.ssa Romina Cencig;"{""l"": 299.28, ""t"": 175.8839829101563, ""r"": 463.92, ""b"": 151.71812789526052, ""coord_origin"": ""BOTTOMLEFT""}";;;;False
atto_17;docling;json;atto_17.json;64;5;page_footer;footer;Comune di Moimacco - Deliberazione n. 9 del 30/01/2026;"{""l"": 179.94, ""t"": 38.60398291015633, ""r"": 423.78, ""b"": 28.238127895260504, ""coord_origin"": ""BOTTOMLEFT""}";;;;True
atto_17;docling;json;atto_17.json;65;5;page_footer;footer;5;"{""l"": 542.1, ""t"": 37.233222910156314, ""r"": 549.585, ""b"": 28.577733972718306, ""coord_origin"": ""BOTTOMLEFT""}";;;;True
atto_18;docling;json;atto_18.json;1;1;picture;figure;[figure];"{""l"": 72.80622863769531, ""t"": 789.3399314880371, ""r"": 115.24668884277344, ""b"": 730.3911972045898, ""coord_origin"": ""BOTTOMLEFT""}";;;;True
atto_18;docling;json;atto_18.json;2;1;text;text;COPIA;"{""l"": 56.700000000000045, ""t"": 594.9239829101564, ""r"": 101.34000000000005, ""b"": 584.6029770622032, ""coord_origin"": ""BOTTOMLEFT""}";;;;False
atto_18;docling;json;atto_18.json;3;1;section_header;heading;COMUNE DI MOIMACCO;"{""l"": 206.4, ""t"": 771.4507629101563, ""r"": 480.28476, ""b"": 752.1246313438912, ""coord_origin"": ""BOTTOMLEFT""}";;;;False
atto_18;docling;json;atto_18.json;4;1;text;text;Provincia di Udine;"{""l"": 289.8, ""t"": 748.2334029101563, ""r"": 391.389864, ""b"": 736.7020722205011, ""coord_origin"": ""BOTTOMLEFT""}";;;;False
atto_18;docling;json;atto_18.json;5;1;text;text;__________;"{""l"": 262.92, ""t"": 666.2039829101562, ""r"": 325.92, ""b"": 655.882977062203, ""coord_origin"": ""BOTTOMLEFT""}";;;;False
atto_18;docling;json;atto_18.json;6;1;section_header;heading;VERBALE DI DELIBERAZIONE DELLA GIUNTA COMUNALE;"{""l"": 89.7, ""t"": 638.0547429101563, ""r"": 499.57962, ""b"": 626.0307710972908, ""coord_origin"": ""BOTTOMLEFT""}";;;;False
atto_18;docling;json;atto_18.json;7;1;text;text;__________;"{""l"": 262.92, ""t"": 622.5239829101563, ""r"": 325.92, ""b"": 612.2029770622031, ""coord_origin"": ""BOTTOMLEFT""}";;;;False
atto_18;docling;json;atto_18.json;8;1;text;text;ANNO 2026 del Reg. Delibere;"{""l"": 456.06, ""t"": 581.2439829101564, ""r"": 531.645, ""b"": 557.3951830271153, ""coord_origin"": ""BOTTOMLEFT""}";;;;False
atto_18;docling;json;atto_18.json;9;1;text;text;N. 26;"{""l"": 423.42, ""t"": 567.3239829101562, ""r"": 453.06, ""b"": 557.0029770622031, ""coord_origin"": ""BOTTOMLEFT""}";;;;False
atto_18;docling;json;atto_18.json;10;1;text;text;OGGETTO: OBIETTIVI SULLE SPESE DI FUNZIONAMENTO E DEL PERSONALE DELLA SOCIETA' IN HOUSE A&T 2000 S.P.A. AI SENSI DELL'ART. 19 DEL D.LGS. 175/2016 - ANNO 2026.;"{""l"": 56.700000000000045, ""t"": 526.0439829101564, ""r"": 532.1400000000002, ""b"": 488.07812789526065, ""coord_origin"": ""BOTTOMLEFT""}";;;;False
atto_18;docling;json;atto_18.json;11;1;text;text;L'anno 2026 , il giorno 31 del mese di Marzo alle ore 13:37 in modalità telematica presso la sede comunale si è riunita la Giunta Comunale. La seduta si svolge in collegamento telematico, nel rispetto dei criteri di funzionamento approvati con DELIBERA di Consiglio Comunale n. 17 del 08/04/2022. Fatto l'appello nominale risultano:;"{""l"": 56.69999999999999, ""t"": 457.04398291015633, ""r"": 541.6211999999999, ""b"": 405.3381278952605, ""coord_origin"": ""BOTTOMLEFT""}";;;;False
atto_18;docling;json;atto_18.json;12;1;table;table;[table];"{""l"": 55.23347854614258, ""t"": 380.7431335449219, ""r"": 546.1070556640625, ""b"": 285.957275390625, ""coord_origin"": ""BOTTOMLEFT""}";;;;True
atto_18;docling;json;atto_18.json;13;1;text;text;Assiste il Segretario Stanig dott.ssa Eva.;"{""l"": 56.7, ""t"": 256.3439829101562, ""r"": 253.98000000000008, ""b"": 245.9781278952605, ""coord_origin"": ""BOTTOMLEFT""}";;;;False
atto_18;docling;json;atto_18.json;14;1;text;text;Constatato il numero degli intervenuti, assume la presidenza il sig. Basaldella dott. Enrico nella sua qualità di Sindaco, espone gli oggetti iscritti all'ordine del giorno e dichiara aperta la discussione per la trattazione dell'argomento indicato in oggetto.;"{""l"": 56.700000000000045, ""t"": 214.94398291015625, ""r"": 541.6200000000002, ""b"": 176.9781278952605, ""coord_origin"": ""BOTTOMLEFT""}";;;;False
atto_18;docling;json;atto_18.json;15;1;page_footer;footer;Comune di Moimacco - Deliberazione n. 26 del 31/03/2026;"{""l"": 175.98, ""t"": 38.60398291015633, ""r"": 424.8, ""b"": 28.238127895260504, ""coord_origin"": ""BOTTOMLEFT""}";;;;True
atto_18;docling;json;atto_18.json;16;1;page_footer;footer;1;"{""l"": 533.64, ""t"": 37.233222910156314, ""r"": 541.125, ""b"": 28.577733972718306, ""coord_origin"": ""BOTTOMLEFT""}";;;;True
atto_18;docling;json;atto_18.json;17;2;text;text;OGGETTO: OBIETTIVI SULLE SPESE DI FUNZIONAMENTO E DEL PERSONALE DELLA SOCIETA' IN HOUSE A&T 2000 S.p.A. AI SENSI DELL'ART. 19 DEL D.LGS. 175/2016 - ANNO 2026.;"{""l"": 51.05999999999989, ""t"": 797.0039829101563, ""r"": 550.1424, ""b"": 759.0381278952607, ""coord_origin"": ""BOTTOMLEFT""}";;;;False
atto_18;docling;json;atto_18.json;18;2;section_header;heading;Proposta di DELIBERA della Giunta Comunale;"{""l"": 185.93999999999988, ""t"": 741.6839829101565, ""r"": 415.25999999999993, ""b"": 731.3629770622033, ""coord_origin"": ""BOTTOMLEFT""}";;;;False
atto_18;docling;json;atto_18.json;19;2;text;text;"PREMESSO che A&T 2000 S.p.A. è una società a controllo pubblico affidataria in house del servizio di gestione integrata dei rifiuti urbani nel territorio di 79 comuni del Friuli Venezia Giulia, tra cui il Comune di Moimacco, per effetto della Deliberazione n. 37/19 dd. 02.10.2019 dell'Assemblea Regionale D'Ambito di AUSIR;";"{""l"": 51.05999999999983, ""t"": 714.2039829101566, ""r"": 550.14, ""b"": 662.498127895261, ""coord_origin"": ""BOTTOMLEFT""}";;;PREMESSO;False
atto_18;docling;json;atto_18.json;20;2;text;text;"DATO ATTO che in A&T 2000 S.p.A. vige un sistema di controllo analogo congiunto regolato secondo specifiche disposizioni statutarie e apposita Convenzione stipulata fra gli Enti soci;";"{""l"": 51.05999999999983, ""t"": 645.2639829101568, ""r"": 550.1399999999996, ""b"": 621.0981278952611, ""coord_origin"": ""BOTTOMLEFT""}";;;DATO_ATTO;False
atto_18;docling;json;atto_18.json;21;2;text;text;"VISTO il c. 5 dell'art. 19 del D. Lgs. n. 175/2016 in base al quale Le amministrazioni pubbliche socie fissano, con propri provvedimenti, obiettivi specifici, annuali e pluriennali, sul complesso delle spese di funzionamento, ivi comprese quelle per il personale, delle società controllate, anche attraverso il contenimento degli oneri contrattuali e delle assunzioni di personale e TENUTO CONTO di quanto STABILITO all'articolo 25, ovvero delle eventuali disposizioni che stabiliscono, a loro carico, divieti o limitazioni alle assunzioni di personale, tenendo CONTO del settore in cui ciascun soggetto opera;";"{""l"": 51.05999999999983, ""t"": 603.8639829101569, ""r"": 550.1412000000001, ""b"": 524.4760063705677, ""coord_origin"": ""BOTTOMLEFT""}";;;VISTO;False
atto_18;docling;json;atto_18.json;22;2;text;text;"DATO ATTO che gli elementi relativi alle spese di funzionamento della società e del personale sono state inseriti nel budget per l'anno 2026, che è stato adottato dal Consiglio di Amministrazione di A&T 2000 S.p.A. ed approvato da parte del Coordinamento dei soci per il 'Controllo Analogo congiunto' e dell'Assemblea dei Soci di A&T 2000 S.p.A. nelle sedute del 10.03.2026;";"{""l"": 51.059999999999775, ""t"": 507.26398291015715, ""r"": 550.1399999999999, ""b"": 455.49812789526135, ""coord_origin"": ""BOTTOMLEFT""}";;;DATO_ATTO;False
atto_18;docling;json;atto_18.json;23;2;text;text;"ATTESO che A&T 2000 S.p.A. è chiamata a perseguire il costante efficientamento organizzativo e l'ottimizzazione dei suoi costi di funzionamento per l'erogazione dei servizi affidati dall'AUSIR e regolati dalle disposizioni dell'ARERA;";"{""l"": 51.059999999999775, ""t"": 438.2639829101571, ""r"": 550.1399999999999, ""b"": 400.2981278952613, ""coord_origin"": ""BOTTOMLEFT""}";;;ATTESO;False
atto_18;docling;json;atto_18.json;24;2;text;text;"DATO ATTO che la spesa sostenuta dalla società per le spese di funzionamento dell'organo amministrativo rispetta le disposizioni di cui all'art. 4, comma 4, del Decreto Legge 95/2012;";"{""l"": 51.05999999999983, ""t"": 383.06398291015705, ""r"": 550.1351999999994, ""b"": 358.89812789526127, ""coord_origin"": ""BOTTOMLEFT""}";;;DATO_ATTO;False
atto_18;docling;json;atto_18.json;25;2;text;text;"VISTO il documento adottato dal C.d.A. di A&T 2000 S.p.A. denominato 'OBIETTIVI SULLE SPESE DI FUNZIONAMENTO E DEL PERSONALE DELLA SOCIETA' IN HOUSE A&T 2000 S.p.A. AI SENSI DELL'ART. 19 DEL D.LGS. 175/2016 - ANNO 2026 - ELEMENTI RELATIVI AI COSTI E ALLA POLITICA DEL PERSONALE', allegato parte integrante e contestuale del presente provvedimento, in cui sono contenuti gli elementi utili per la fissazione di tali obiettivi, relativi in particolare ai costi e alla politica del personale della Società;";"{""l"": 51.05999999999983, ""t"": 341.663982910157, ""r"": 550.1459999999997, ""b"": 262.29812789526113, ""coord_origin"": ""BOTTOMLEFT""}";;;VISTO;False
atto_18;docling;json;atto_18.json;26;2;text;text;"DATO ATTO che il documento in parola è stato approvato da parte del Coordinamento dei soci per il 'Controllo Analogo congiunto' e dell'Assemblea dei Soci di A&T 2000 S.p.A. nelle sedute del 10.03.2026, che hanno fissato e fatto propri gli obiettivi ed elementi di gestione ivi INDIVIDUATI relativamente al contenimento dei costi di funzionamento ed in particolare delle spese per il personale della società A&T 2000 S.p.A., dando ATTO che gli obiettivi in parola saranno recepiti da parte degli organi competenti degli Enti Soci mediante propri provvedimenti come previsto dall'art. 19, comma 5, del D.Lgs. 175/2016;";"{""l"": 51.059999999999775, ""t"": 245.06398291015694, ""r"": 550.1411999999998, ""b"": 151.89812789526115, ""coord_origin"": ""BOTTOMLEFT""}";;;DATO_ATTO;False
atto_18;docling;json;atto_18.json;27;2;text;text;"RITENUTO che la politica del personale ivi descritta, accompagnata da un'oculata gestione del contratto integrativo aziendale, individui in maniera compiuta ed esauriente gli obiettivi e gli indicatori atti a perseguire le strategie aziendali nell'anno 2026, con il mantenimento da parte di A&T 2000 S.p.A. dell'obiettivo del contenimento dei costi del personale al netto delle dinamiche salariali indotte dal CCNL;";"{""l"": 51.059999999999775, ""t"": 134.66398291015685, ""r"": 550.1411999999999, ""b"": 69.09812789526109, ""coord_origin"": ""BOTTOMLEFT""}";;;RITENUTO;False
atto_18;docling;json;atto_18.json;28;2;page_footer;footer;Comune di Moimacco - Deliberazione n. 26 del 31/03/2026;"{""l"": 177.42, ""t"": 38.60398291015633, ""r"": 426.24, ""b"": 28.238127895260504, ""coord_origin"": ""BOTTOMLEFT""}";;;;True
atto_18;docling;json;atto_18.json;29;2;page_footer;footer;2;"{""l"": 542.1, ""t"": 37.29322291015626, ""r"": 549.585, ""b"": 28.637733972718365, ""coord_origin"": ""BOTTOMLEFT""}";;;;True
atto_18;docling;json;atto_18.json;30;3;text;text;"CONSIDERATO che la dotazione organica del personale ivi indicata, dal punto di VISTA numerico, potrà subire variazioni dovute a cessazioni dal rapporto, sostituzioni temporanee per eventi quali maternità, malattia o infortunio, attivazione o ampliamento dei servizi affidati e conseguente rafforzamento delle strutture organizzative, incluse le attività d'ufficio, rese necessarie dall'incremento dei volumi operativi o dall'estensione delle funzioni aziendali, garantendo in ogni caso tutti i principi di contenimento dei costi previsti;";"{""l"": 51.06, ""t"": 810.8039829101563, ""r"": 550.1400000000002, ""b"": 731.4381278952608, ""coord_origin"": ""BOTTOMLEFT""}";;;CONSIDERATO;False
atto_18;docling;json;atto_18.json;31;3;text;text;"ATTESO che il presente ATTO rientra tra i provvedimenti soggetti a pubblicazione sul sito internet istituzionale sia della società che delle pubbliche amministrazioni socie, ai sensi dell'art. 19, c. 7, del D. Lgs. n. 175/2016;";"{""l"": 51.06, ""t"": 714.2039829101566, ""r"": 550.1400000000004, ""b"": 676.2981278952609, ""coord_origin"": ""BOTTOMLEFT""}";;;ATTESO;False
atto_18;docling;json;atto_18.json;32;3;text;text;"RITENUTO che l'ATTO di indirizzo suddetto in Allegato 1 possa essere di competenza degli organi esecutivi (Giunte Comunali/Provinciale, Ufficio Presidenza U.T.I.), in quanto si tratta di indicazioni operative e non di indirizzi istituzionali generali che rientrino nelle competenze esclusive dei Consigli ex art. 42, c. 2, lettera e) D.Lgs. 267/2000 (partecipazione a società di capitali, organizzazione di pubblici servizi, concessione di pubblici servizi);";"{""l"": 51.06, ""t"": 659.0639829101567, ""r"": 550.1411999999998, ""b"": 593.4981278952612, ""coord_origin"": ""BOTTOMLEFT""}";;;RITENUTO;False
atto_18;docling;json;atto_18.json;33;3;text;text;"ACQUISITI favorevolmente i pareri resi ai sensi dell'art.49 del D. Lgs. 267/2000 e s.m.i.;";"{""l"": 51.06, ""t"": 576.263982910157, ""r"": 471.0, ""b"": 565.8981278952613, ""coord_origin"": ""BOTTOMLEFT""}";;;ACQUISITO;False
atto_18;docling;json;atto_18.json;34;3;section_header;heading;PROPONE;"{""l"": 269.7600000000001, ""t"": 548.5439829101571, ""r"": 331.4400000000001, ""b"": 538.2229770622039, ""coord_origin"": ""BOTTOMLEFT""}";;;;False
atto_18;docling;json;atto_18.json;35;3;list_item;list_item;"Di approvare le PREMESSE, che costituiscono parte integrante della presente deliberazione;";"{""l"": 69.06000000000012, ""t"": 520.6199829101571, ""r"": 518.8800000000001, ""b"": 509.79812789526136, ""coord_origin"": ""BOTTOMLEFT""}";;;;False
atto_18;docling;json;atto_18.json;36;3;list_item;list_item;"Di approvare il documento denominato 'OBIETTIVI SULLE SPESE DI FUNZIONAMENTO E DEL PERSONALE DELLA SOCIETA' IN HOUSE A&T 2000 S.p.A. AI SENSI DELL'ART. 19 DEL D.LGS. 175/2016 - ANNO 2026 - ELEMENTI RELATIVI AI COSTI E ALLA POLITICA DEL PERSONALE', allegato parte integrante e contestuale del presente provvedimento;";"{""l"": 69.06000000000012, ""t"": 492.1199829101571, ""r"": 550.1460000000003, ""b"": 426.1581278952613, ""coord_origin"": ""BOTTOMLEFT""}";;;;False
atto_18;docling;json;atto_18.json;37;3;list_item;list_item;"Di fissare e fare propri gli obiettivi ed elementi di gestione INDIVIDUATI nel documento innanzi approvato relativamente al contenimento dei costi di funzionamento, ed in particolare delle spese per il personale della società A&T 2000 S.p.A., ai sensi del c. 5 dell'art. 19 del D. Lgs. n. 175/2016 per l'anno 2026;";"{""l"": 69.06000000000017, ""t"": 408.47998291015705, ""r"": 550.1400000000002, ""b"": 356.3181278952613, ""coord_origin"": ""BOTTOMLEFT""}";;;;False
atto_18;docling;json;atto_18.json;38;3;list_item;list_item;"Di disporre la pubblicazione del presente provvedimento sul sito istituzionale del Comune;";"{""l"": 69.06000000000017, ""t"": 338.639982910157, ""r"": 525.6600000000002, ""b"": 327.81812789526134, ""coord_origin"": ""BOTTOMLEFT""}";;;;False
atto_18;docling;json;atto_18.json;39;3;list_item;list_item;"Di inviare il presente provvedimento ad A&T 2000 S.p.A. ai fini del relativo recepimento e dell'assolvimento degli obblighi di pubblicazione;";"{""l"": 69.06000000000023, ""t"": 310.199982910157, ""r"": 550.1412, ""b"": 285.57812789526133, ""coord_origin"": ""BOTTOMLEFT""}";;;;False
atto_18;docling;json;atto_18.json;40;3;list_item;list_item;Di dichiarare la presente DELIBERA immediatamente eseguibile, ai sensi dell'art. 1, c. 19, della L.R. 21/2003, come sostituito dall'art. 17 della L.R. 17/2004.;"{""l"": 69.06000000000023, ""t"": 267.89998291015695, ""r"": 531.4800000000002, ""b"": 243.33812789526132, ""coord_origin"": ""BOTTOMLEFT""}";;;;False
atto_18;docling;json;atto_18.json;41;3;section_header;heading;LA GIUNTA COMUNALE;"{""l"": 228.1200000000003, ""t"": 212.18398291015706, ""r"": 373.08000000000027, ""b"": 201.86297706220375, ""coord_origin"": ""BOTTOMLEFT""}";;;;False
atto_18;docling;json;atto_18.json;42;3;text;text;"VISTA la suesposta proposta di deliberazione;";"{""l"": 51.06000000000029, ""t"": 184.70398291015704, ""r"": 277.6800000000003, ""b"": 174.33812789526132, ""coord_origin"": ""BOTTOMLEFT""}";;;VISTO;False
atto_18;docling;json;atto_18.json;43;3;text;text;"VISTO che sulla stessa sono stati espressi i pareri di cui al D. Lgs. 267/2000;";"{""l"": 51.06000000000029, ""t"": 157.1039829101569, ""r"": 424.6800000000003, ""b"": 146.7381278952612, ""coord_origin"": ""BOTTOMLEFT""}";;;VISTO;False
atto_18;docling;json;atto_18.json;44;3;text;text;"RIUNITO l'organo collegiale nelle forme sopra descritte con l'assistenza del segretario comunale in ossequio all'art. 97 TUEL;";"{""l"": 51.06000000000029, ""t"": 129.503982910157, ""r"": 550.1351999999998, ""b"": 105.33812789526121, ""coord_origin"": ""BOTTOMLEFT""}";;;;False
atto_18;docling;json;atto_18.json;45;3;text;text;"VISTO l'art. 1 comma 20 bis della L.R. n. 21 del 11.12.2003 in materia di pubblicazione delle deliberazioni degli enti locali;";"{""l"": 51.06000000000029, ""t"": 88.10398291015701, ""r"": 550.1412, ""b"": 63.93812789526123, ""coord_origin"": ""BOTTOMLEFT""}";;;VISTO;False
atto_18;docling;json;atto_18.json;46;3;page_footer;footer;Comune di Moimacco - Deliberazione n. 26 del 31/03/2026;"{""l"": 177.42, ""t"": 38.60398291015633, ""r"": 426.24, ""b"": 28.238127895260504, ""coord_origin"": ""BOTTOMLEFT""}";;;;True
atto_18;docling;json;atto_18.json;47;3;page_footer;footer;3;"{""l"": 542.1, ""t"": 37.29322291015626, ""r"": 549.585, ""b"": 28.637733972718365, ""coord_origin"": ""BOTTOMLEFT""}";;;;True
atto_18;docling;json;atto_18.json;48;4;text;text;"Con voti favorevoli unanimi espressi nei modi e nelle forme di Legge;";"{""l"": 51.06, ""t"": 810.8039829101563, ""r"": 391.62, ""b"": 800.4381278952605, ""coord_origin"": ""BOTTOMLEFT""}";0.0;;;False
atto_18;docling;json;atto_18.json;49;4;section_header;heading;DELIBERA;"{""l"": 267.78, ""t"": 783.0839829101564, ""r"": 333.42, ""b"": 772.7629770622032, ""coord_origin"": ""BOTTOMLEFT""}";;DELIBERA;DELIBERA;False
atto_18;docling;json;atto_18.json;50;4;list_item;list_item;"di accogliere la superiore proposta ed in conseguenza di adottare il presente ATTO con la narrativa, la motivazione ed il dispositivo di cui alla proposta stessa, che qui si intende integralmente trascritta;";"{""l"": 69.05999999999995, ""t"": 755.1599829101564, ""r"": 550.1399999999999, ""b"": 716.7981278952607, ""coord_origin"": ""BOTTOMLEFT""}";;;;False
atto_18;docling;json;atto_18.json;51;4;list_item;list_item;di dichiarare, VISTA l'urgenza di procedere, con voti unanimi resi ed ACCERTATI con separata votazione, il presente ATTO immediatamente esecutivo ai sensi art. 1, c. 19, L.R. 21/2003, come sostituito dall'art. 17 della L.R. 17/2004.;"{""l"": 69.05999999999989, ""t"": 699.1199829101564, ""r"": 550.14, ""b"": 660.7581278952607, ""coord_origin"": ""BOTTOMLEFT""}";;;;False
atto_18;docling;json;atto_18.json;52;4;page_footer;footer;Comune di Moimacco - Deliberazione n. 26 del 31/03/2026;"{""l"": 177.42, ""t"": 38.60398291015633, ""r"": 426.24, ""b"": 28.238127895260504, ""coord_origin"": ""BOTTOMLEFT""}";;;;True
atto_18;docling;json;atto_18.json;53;4;page_footer;footer;4;"{""l"": 542.1, ""t"": 37.29322291015626, ""r"": 549.585, ""b"": 28.637733972718365, ""coord_origin"": ""BOTTOMLEFT""}";;;;True
atto_18;docling;json;atto_18.json;54;5;section_header;heading;PARERE DI REGOLARITÁ TECNICA;"{""l"": 51.06, ""t"": 733.2992229101562, ""r"": 266.6946360000002, ""b"": 722.1159260496911, ""coord_origin"": ""BOTTOMLEFT""}";;;;False
atto_18;docling;json;atto_18.json;55;5;text;text;Con riferimento all'art. 49, comma 1° del D.Lgs.n. 267/2000 del T.U.EE.LL., è stato espresso parere favorevole alla regolarità tecnica sulla proposta di deliberazione in oggetto da DOTT.SSA MARTINA NOBILE in DATA 17 marzo 2026.;"{""l"": 51.06, ""t"": 704.9639829101562, ""r"": 550.1400000000001, ""b"": 666.9981278952606, ""coord_origin"": ""BOTTOMLEFT""}";;;;False
atto_18;docling;json;atto_18.json;56;5;section_header;heading;PARERE DI REGOLARITÁ CONTABILE;"{""l"": 54.06, ""t"": 601.3592229101563, ""r"": 286.97738400000003, ""b"": 590.1759260496912, ""coord_origin"": ""BOTTOMLEFT""}";;;;False
atto_18;docling;json;atto_18.json;57;5;text;text;Con riferimento all'art. 49, comma 1° del D.Lgs.n. 267/2000 del T.U.EE.LL., è stato espresso parere favorevole alla regolarità contabile sulla proposta di deliberazione in oggetto da DOTT.SSA MARIACRISTINA VIRGILIO in DATA 18 marzo 2026.;"{""l"": 51.06, ""t"": 572.9639829101563, ""r"": 550.1412000000004, ""b"": 534.9981278952607, ""coord_origin"": ""BOTTOMLEFT""}";;;;False
atto_18;docling;json;atto_18.json;58;5;page_footer;footer;Comune di Moimacco - Deliberazione n. 26 del 31/03/2026;"{""l"": 177.42, ""t"": 38.60398291015633, ""r"": 426.24, ""b"": 28.238127895260504, ""coord_origin"": ""BOTTOMLEFT""}";;;;True
atto_18;docling;json;atto_18.json;59;5;page_footer;footer;5;"{""l"": 542.1, ""t"": 37.233222910156314, ""r"": 549.585, ""b"": 28.577733972718306, ""coord_origin"": ""BOTTOMLEFT""}";;;;True
atto_18;docling;json;atto_18.json;60;6;text;text;Letto, confermato e sottoscritto,;"{""l"": 51.06, ""t"": 761.4239829101564, ""r"": 207.66000000000003, ""b"": 751.0581278952607, ""coord_origin"": ""BOTTOMLEFT""}";;;;True
atto_18;docling;json;atto_18.json;61;6;section_header;heading;Il Presidente F.to Basaldella dott. Enrico;"{""l"": 86.82, ""t"": 733.8239829101562, ""r"": 221.46, ""b"": 709.6581278952606, ""coord_origin"": ""BOTTOMLEFT""}";;;;False
atto_18;docling;json;atto_18.json;62;6;text;text;Il Segretario F.to Stanig dott.ssa Eva;"{""l"": 336.78, ""t"": 733.8239829101562, ""r"": 453.42, ""b"": 709.6581278952606, ""coord_origin"": ""BOTTOMLEFT""}";;;;False
atto_18;docling;json;atto_18.json;63;6;section_header;heading;ATTESTAZIONE DI PUBBLICAZIONE;"{""l"": 192.66000000000003, ""t"": 649.0439829101563, ""r"": 399.0, ""b"": 638.6781278952606, ""coord_origin"": ""BOTTOMLEFT""}";;;ATTESTA;False
atto_18;docling;json;atto_18.json;64;6;text;text;Si ATTESTA che la presente deliberazione viene pubblicata all'Albo pretorio on line dal 03/04/2026 al 18/04/2026 per quindici giorni consecutivi, ai sensi della L.R. n. 21/2003 e successive modificazioni.;"{""l"": 51.06000000000003, ""t"": 621.4439829101564, ""r"": 540.6600000000001, ""b"": 597.2781278952607, ""coord_origin"": ""BOTTOMLEFT""}";;;ATTESTA;False
atto_18;docling;json;atto_18.json;65;6;text;text;Comune di Moimacco, lì 03/04/2026;"{""l"": 51.06000000000006, ""t"": 580.0439829101565, ""r"": 231.72000000000006, ""b"": 569.6781278952608, ""coord_origin"": ""BOTTOMLEFT""}";;;;False
atto_18;docling;json;atto_18.json;66;6;text;text;Il Responsabile della Pubblicazione F.to dott.ssa Romina Cencig;"{""l"": 289.5, ""t"": 552.4439829101563, ""r"": 464.16, ""b"": 528.2781278952606, ""coord_origin"": ""BOTTOMLEFT""}";;;;False
atto_18;docling;json;atto_18.json;67;6;section_header;heading;ATTESTATO DI ESECUTIVITA';"{""l"": 209.4, ""t"": 467.6639829101563, ""r"": 382.32000000000005, ""b"": 457.2981278952605, ""coord_origin"": ""BOTTOMLEFT""}";;;ATTESTA;False
atto_18;docling;json;atto_18.json;68;6;text;text;La presente deliberazione è divenuta esecutiva il giorno 31/03/2026, poiché dichiarata immediatamente esecutiva (art. 1, comma 19 della L.R. 11/12/2003 n. 21 come modificato dall'art. 17 della L.R. 24/05/2004 n. 17).;"{""l"": 51.06000000000003, ""t"": 440.06398291015626, ""r"": 540.6600000000001, ""b"": 402.09812789526046, ""coord_origin"": ""BOTTOMLEFT""}";;;;False
atto_18;docling;json;atto_18.json;69;6;text;text;Comune di Moimacco, lì 03/04/2026;"{""l"": 51.060000000000116, ""t"": 384.8639829101562, ""r"": 231.72000000000014, ""b"": 374.49812789526044, ""coord_origin"": ""BOTTOMLEFT""}";;;;False
atto_18;docling;json;atto_18.json;70;6;text;text;Il Responsabile dell'esecutività F.to dott.ssa Romina Cencig;"{""l"": 342.9, ""t"": 357.2639829101563, ""r"": 493.6079999999999, ""b"": 333.0981278952605, ""coord_origin"": ""BOTTOMLEFT""}";;;;False
atto_18;docling;json;atto_18.json;71;6;text;text;Copia conforme all'originale, in carta libera ad uso amministrativo.;"{""l"": 51.06, ""t"": 217.28398291015628, ""r"": 377.88, ""b"": 206.91812789526057, ""coord_origin"": ""BOTTOMLEFT""}";;;;False
atto_18;docling;json;atto_18.json;72;6;text;text;Lì 03/04/2026;"{""l"": 51.06, ""t"": 189.68398291015626, ""r"": 125.4, ""b"": 179.31812789526055, ""coord_origin"": ""BOTTOMLEFT""}";;;;False
atto_18;docling;json;atto_18.json;73;6;text;text;Il Responsabile del Procedimento dott.ssa Romina Cencig;"{""l"": 299.28, ""t"": 175.8839829101563, ""r"": 463.92, ""b"": 151.71812789526052, ""coord_origin"": ""BOTTOMLEFT""}";;;;False
atto_18;docling;json;atto_18.json;74;6;page_footer;footer;Comune di Moimacco - Deliberazione n. 26 del 31/03/2026;"{""l"": 177.42, ""t"": 38.60398291015633, ""r"": 426.24, ""b"": 28.238127895260504, ""coord_origin"": ""BOTTOMLEFT""}";;;;True
atto_18;docling;json;atto_18.json;75;6;page_footer;footer;6;"{""l"": 542.1, ""t"": 37.233222910156314, ""r"": 549.585, ""b"": 28.577733972718306, ""coord_origin"": ""BOTTOMLEFT""}";;;;True
atto_19;docling;json;atto_19.json;1;1;picture;figure;[figure];"{""l"": 66.54508972167969, ""t"": 779.9792442321777, ""r"": 108.35597229003906, ""b"": 724.3035278320312, ""coord_origin"": ""BOTTOMLEFT""}";;;;True
atto_19;docling;json;atto_19.json;2;1;text;text;COPIA;"{""l"": 51.06000000000003, ""t"": 589.8839829101563, ""r"": 95.70000000000003, ""b"": 579.5629770622031, ""coord_origin"": ""BOTTOMLEFT""}";;;;False
atto_19;docling;json;atto_19.json;3;1;section_header;heading;COMUNE DI MOIMACCO;"{""l"": 200.76, ""t"": 761.9707629101563, ""r"": 474.64476, ""b"": 742.6446313438912, ""coord_origin"": ""BOTTOMLEFT""}";;;;False
atto_19;docling;json;atto_19.json;4;1;text;text;Provincia di Udine;"{""l"": 284.16, ""t"": 738.8134029101562, ""r"": 385.749864, ""b"": 727.282072220501, ""coord_origin"": ""BOTTOMLEFT""}";;;;False
atto_19;docling;json;atto_19.json;5;1;text;text;__________;"{""l"": 264.36, ""t"": 661.1639829101563, ""r"": 327.36, ""b"": 650.8429770622031, ""coord_origin"": ""BOTTOMLEFT""}";;;;False
atto_19;docling;json;atto_19.json;6;1;section_header;heading;VERBALE DI DELIBERAZIONE DEL CONSIGLIO COMUNALE;"{""l"": 88.44, ""t"": 632.9547429101564, ""r"": 503.78580000000005, ""b"": 620.9307710972909, ""coord_origin"": ""BOTTOMLEFT""}";;;;False
atto_19;docling;json;atto_19.json;7;1;text;text;__________;"{""l"": 264.36, ""t"": 617.4839829101562, ""r"": 327.36, ""b"": 607.162977062203, ""coord_origin"": ""BOTTOMLEFT""}";;;;False
atto_19;docling;json;atto_19.json;8;1;text;text;ANNO 2025;"{""l"": 475.98, ""t"": 576.2039829101564, ""r"": 540.165, ""b"": 565.8381278952606, ""coord_origin"": ""BOTTOMLEFT""}";;;;False
atto_19;docling;json;atto_19.json;9;1;text;text;N. 8 del Reg. Delibere;"{""l"": 437.94, ""t"": 562.2839829101563, ""r"": 537.6628739999996, ""b"": 551.9629770622031, ""coord_origin"": ""BOTTOMLEFT""}";;;;False
atto_19;docling;json;atto_19.json;10;1;text;text;OGGETTO: OBIETTIVI SULLE SPESE DI FUNZIONAMENTO E DEL PERSONALE DELLA SOCIETA' IN HOUSE A&T 2000 S.P.A. AI SENSI DELL'ART. 19 DEL D.LGS. 175/2016 - ANNO 2025.;"{""l"": 51.06, ""t"": 521.0039829101564, ""r"": 540.6611999999999, ""b"": 483.0381278952607, ""coord_origin"": ""BOTTOMLEFT""}";;;;False
atto_19;docling;json;atto_19.json;11;1;text;text;L'anno 2025, il giorno 23 del mese di Aprile alle ore 19:11 nella sala consigliare si è riunito il Consiglio Comunale. Fatto l'appello nominale risultano:;"{""l"": 79.43999999999994, ""t"": 452.0039829101564, ""r"": 532.14, ""b"": 427.83812789526064, ""coord_origin"": ""BOTTOMLEFT""}";;;;False
atto_19;docling;json;atto_19.json;12;1;table;table;[table];"{""l"": 78.37673950195312, ""t"": 402.92413330078125, ""r"": 526.0654907226562, ""b"": 201.05279541015625, ""coord_origin"": ""BOTTOMLEFT""}";;;;True
atto_19;docling;json;atto_19.json;13;1;text;text;Assiste il Segretario Stanig dott.ssa Eva.;"{""l"": 79.44, ""t"": 173.12398291015631, ""r"": 276.7200000000001, ""b"": 162.7581278952606, ""coord_origin"": ""BOTTOMLEFT""}";;;;False
atto_19;docling;json;atto_19.json;14;1;text;text;Constatato il numero degli intervenuti, assume la presidenza il Sig. Basaldella dott. Enrico nella sua qualità di Sindaco, espone gli oggetti iscritti all'ordine del giorno e dichiara aperta la discussione per la trattazione dell'argomento indicato in oggetto.;"{""l"": 79.44000000000003, ""t"": 131.72398291015634, ""r"": 550.1400000000002, ""b"": 93.7581278952606, ""coord_origin"": ""BOTTOMLEFT""}";;;;False
atto_19;docling;json;atto_19.json;15;1;page_footer;footer;Comune di Moimacco - Deliberazione n. 8 del 23/04/2025;"{""l"": 167.16, ""t"": 37.29322291015626, ""r"": 415.49568, ""b"": 28.637733972718365, ""coord_origin"": ""BOTTOMLEFT""}";;;;True
atto_19;docling;json;atto_19.json;16;1;page_footer;footer;1;"{""l"": 542.1, ""t"": 37.233222910156314, ""r"": 549.585, ""b"": 28.577733972718306, ""coord_origin"": ""BOTTOMLEFT""}";;;;True
atto_19;docling;json;atto_19.json;17;2;text;text;OGGETTO: OBIETTIVI SULLE SPESE DI FUNZIONAMENTO E DEL PERSONALE DELLA SOCIETA' IN HOUSE A&T 2000 S.p.A. AI SENSI DELL'ART. 19 DEL D.LGS. 175/2016 ANNO 2025.;"{""l"": 51.059999999999974, ""t"": 789.0239829101563, ""r"": 540.66, ""b"": 751.0581278952607, ""coord_origin"": ""BOTTOMLEFT""}";;;;False
atto_19;docling;json;atto_19.json;18;2;section_header;heading;Proposta di DELIBERA del Consiglio Comunale;"{""l"": 184.56, ""t"": 719.9039829101565, ""r"": 416.58000000000004, ""b"": 709.5829770622033, ""coord_origin"": ""BOTTOMLEFT""}";;;;False
atto_19;docling;json;atto_19.json;19;2;text;text;"PREMESSO che A&T 2000 S.p.A. è una società a controllo pubblico affidataria in house del servizio di gestione integrata dei rifiuti urbani nel territorio di 79 comuni del Friuli Venezia Giulia, tra cui il Comune di Moimacco per effetto della Deliberazione n. 37/19 dd. 02.10.2019 dell'Assemblea Regionale D'Ambito di AUSIR;";"{""l"": 51.06000000000006, ""t"": 678.6239829101567, ""r"": 550.1436000000003, ""b"": 626.8581278952611, ""coord_origin"": ""BOTTOMLEFT""}";;;PREMESSO;False
atto_19;docling;json;atto_19.json;20;2;text;text;"DATO ATTO che in A&T 2000 S.p.A. vige un sistema di controllo analogo congiunto regolato secondo specifiche disposizioni statutarie e apposita Convenzione stipulata fra gli Enti soci;";"{""l"": 51.059999999999945, ""t"": 609.6239829101569, ""r"": 550.14, ""b"": 585.4581278952612, ""coord_origin"": ""BOTTOMLEFT""}";;;DATO_ATTO;False
atto_19;docling;json;atto_19.json;21;2;text;text;"VISTO il c. 5 dell'art. 19 del D. Lgs. n. 175/2016 in base al quale Le amministrazioni pubbliche socie fissano, con propri provvedimenti, obiettivi specifici, annuali e pluriennali, sul complesso delle spese di funzionamento, ivi comprese quelle per il personale, delle società controllate, anche attraverso il contenimento degli oneri contrattuali e delle assunzioni di personale e TENUTO CONTO di quanto STABILITO all'articolo 25, ovvero delle eventuali disposizioni che stabiliscono, a loro carico, divieti o limitazioni alle assunzioni di personale, tenendo CONTO del settore in cui ciascun soggetto opera;";"{""l"": 51.06, ""t"": 568.223982910157, ""r"": 550.1412000000004, ""b"": 488.83600637056765, ""coord_origin"": ""BOTTOMLEFT""}";;;VISTO;False
atto_19;docling;json;atto_19.json;22;2;text;text;"DATO ATTO che gli elementi relativi alle spese di funzionamento della società e del personale sono state inseriti nel budget per l'anno 2025, che è stato adottato dal Consiglio di Amministrazione, sottoposto all'analisi della Commissione per il 'Controllo Analogo congiunto' e approvato da parte del Coordinamento dei soci per il 'Controllo Analogo congiunto' e dell'Assemblea dei Soci di A&T 2000 S.p.A. nelle sedute del 28.01.2025;";"{""l"": 51.059999999999945, ""t"": 471.6239829101571, ""r"": 550.1411999999999, ""b"": 406.1181278952613, ""coord_origin"": ""BOTTOMLEFT""}";;;DATO_ATTO;False
atto_19;docling;json;atto_19.json;23;2;text;text;"ATTESO che A&T 2000 S.p.A. è chiamata a perseguire il costante efficientamento organizzativo e l'ottimizzazione dei suoi costi di funzionamento per l'erogazione dei servizi affidati dall'AUSIR e regolati dalle disposizioni dell'ARERA;";"{""l"": 51.05999999999992, ""t"": 388.88398291015704, ""r"": 550.1399999999999, ""b"": 350.91812789526125, ""coord_origin"": ""BOTTOMLEFT""}";;;ATTESO;False
atto_19;docling;json;atto_19.json;24;2;text;text;"DATO ATTO che la spesa sostenuta dalla società per le spese di funzionamento dell'organo amministrativo rispetta le disposizioni di cui all'art. 4, comma 4, del Decreto Legge 95/2012;";"{""l"": 51.059999999999945, ""t"": 333.683982910157, ""r"": 550.1399999999996, ""b"": 309.51812789526116, ""coord_origin"": ""BOTTOMLEFT""}";;;DATO_ATTO;False
atto_19;docling;json;atto_19.json;25;2;text;text;"VISTO il documento denominato 'OBIETTIVI SULLE SPESE DI FUNZIONAMENTO E DEL PERSONALE DELLA SOCIETA' IN HOUSE A&T 2000 S.p.A. AI SENSI DELL'ART. 19 DEL D.LGS. 175/2016 - ANNO 2025 - ELEMENTI RELATIVI AI COSTI E ALLA POLITICA DEL PERSONALE', allegato parte integrante e contestuale del presente provvedimento, adottato dal C.d.A. di A&T 2000 S.p.A., in cui sono contenuti gli elementi utili per la fissazione di tali obiettivi, relativi in particolare ai costi e alla politica del personale della Società;";"{""l"": 51.05999999999983, ""t"": 292.28398291015696, ""r"": 550.1436, ""b"": 212.91812789526114, ""coord_origin"": ""BOTTOMLEFT""}";;;VISTO;False
atto_19;docling;json;atto_19.json;26;2;text;text;"RITENUTO che la politica del personale ivi descritta, accompagnata da un'oculata gestione del contratto integrativo aziendale, individui in maniera compiuta ed esauriente gli obiettivi e gli indicatori atti a perseguire le strategie aziendali nell'anno 2025, con il mantenimento da parte di A&T 2000 S.p.A. dell'obiettivo del contenimento dei costi del personale al netto delle dinamiche salariali indotte dal CCNL;";"{""l"": 51.059999999999775, ""t"": 195.68398291015683, ""r"": 550.14, ""b"": 130.11812789526107, ""coord_origin"": ""BOTTOMLEFT""}";;;RITENUTO;False
atto_19;docling;json;atto_19.json;27;2;text;text;"CONSIDERATO che la dotazione organica del personale ivi indicata, dal punto di VISTA numerico, potrà subire variazioni dovute ad eventuali uscite dall'azienda per quiescenza o ad eventuali necessità di sostituzioni anche temporanee per eventi quali maternità, malattia o infortunio, garantendo in ogni caso tutti i principi di contenimento dei costi previsti;";"{""l"": 51.059999999999775, ""t"": 112.88398291015687, ""r"": 550.1399999999998, ""b"": 61.11812789526107, ""coord_origin"": ""BOTTOMLEFT""}";;;CONSIDERATO;False
atto_19;docling;json;atto_19.json;28;2;page_footer;footer;Comune di Moimacco - Deliberazione n. 8 del 23/04/2025;"{""l"": 167.16, ""t"": 37.29322291015626, ""r"": 415.49568, ""b"": 28.637733972718365, ""coord_origin"": ""BOTTOMLEFT""}";;;;True
atto_19;docling;json;atto_19.json;29;2;page_footer;footer;2;"{""l"": 542.1, ""t"": 37.233222910156314, ""r"": 549.585, ""b"": 28.577733972718306, ""coord_origin"": ""BOTTOMLEFT""}";;;;True
atto_19;docling;json;atto_19.json;30;3;text;text;"DATO ATTO che gli elementi ed obiettivi innanzi RICHIAMATI potrebbero richiedere eventuali modifiche ed integrazioni in presenza di significative azioni di riorganizzazione o modifica operativa dei servizi resi da A&T 2000 S.p.A. o di future variazioni aziendali e societarie;";"{""l"": 51.06, ""t"": 789.0239829101563, ""r"": 550.1375999999993, ""b"": 751.0581278952607, ""coord_origin"": ""BOTTOMLEFT""}";;;DATO_ATTO;False
atto_19;docling;json;atto_19.json;31;3;text;text;"ATTESO che il presente ATTO rientra tra i provvedimenti soggetti a pubblicazione sul sito internet istituzionale sia della società che delle pubbliche amministrazioni socie, ai sensi dell'art. 19, c. 7, del D. Lgs. n. 175/2016;";"{""l"": 51.06, ""t"": 733.8239829101565, ""r"": 550.1400000000003, ""b"": 695.8581278952608, ""coord_origin"": ""BOTTOMLEFT""}";;;ATTESO;False
atto_19;docling;json;atto_19.json;32;3;section_header;heading;PROPONE;"{""l"": 269.7600000000002, ""t"": 664.7039829101567, ""r"": 331.4400000000002, ""b"": 654.3829770622035, ""coord_origin"": ""BOTTOMLEFT""}";;;;False
atto_19;docling;json;atto_19.json;33;3;text;text;"1) di approvare le PREMESSE, che costituiscono parte integrante della presente deliberazione;";"{""l"": 51.06000000000023, ""t"": 623.4239829101568, ""r"": 493.8600000000002, ""b"": 613.0581278952611, ""coord_origin"": ""BOTTOMLEFT""}";;;;False
atto_19;docling;json;atto_19.json;34;3;text;text;"2) di approvare il documento denominato 'OBIETTIVI SULLE SPESE DI FUNZIONAMENTO E DEL PERSONALE DELLA SOCIETA' IN HOUSE A&T 2000 S.p.A. AI SENSI DELL'ART. 19 DEL D.LGS. 175/2016 - ANNO 2025 - ELEMENTI RELATIVI AI COSTI E ALLA POLITICA DEL PERSONALE', allegato parte integrante e contestuale del presente provvedimento;";"{""l"": 51.05999999999999, ""t"": 596.1839829101563, ""r"": 550.1436000000002, ""b"": 544.4781278952606, ""coord_origin"": ""BOTTOMLEFT""}";;;;False
atto_19;docling;json;atto_19.json;35;3;text;text;"3) di fissare e fare propri gli obiettivi ed elementi di gestione INDIVIDUATI nel documento innanzi approvato relativamente al contenimento dei costi di funzionamento, ed in particolare delle spese per il personale della società A&T 2000 S.p.A., ai sensi del c. 5 dell'art. 19 del D. Lgs. n. 175/2016 per l'anno 2025;";"{""l"": 51.05999999999989, ""t"": 527.2439829101564, ""r"": 550.1399999999998, ""b"": 475.4781278952607, ""coord_origin"": ""BOTTOMLEFT""}";;;;False
atto_19;docling;json;atto_19.json;36;3;text;text;"4) di dare ATTO che i suddetti obiettivi ed elementi di gestione potranno essere oggetto di successiva revisione in presenza di significative azioni di riorganizzazione o modifica operativa dei servizi resi da A&T 2000 S.p.A. o di future variazioni aziendali e societarie;";"{""l"": 51.059999999999775, ""t"": 458.24398291015643, ""r"": 550.1399999999999, ""b"": 420.27812789526064, ""coord_origin"": ""BOTTOMLEFT""}";;;;False
atto_19;docling;json;atto_19.json;37;3;text;text;"5) di disporre la pubblicazione del presente provvedimento sul sito istituzionale del Comune;";"{""l"": 51.05999999999983, ""t"": 403.0439829101564, ""r"": 500.6399999999999, ""b"": 392.6781278952606, ""coord_origin"": ""BOTTOMLEFT""}";;;;False
atto_19;docling;json;atto_19.json;38;3;text;text;"6) di inviare il presente provvedimento ad A&T 2000 S.p.A. ai fini del relativo recepimento e dell'assolvimento degli obblighi di pubblicazione;";"{""l"": 51.05999999999983, ""t"": 375.44398291015636, ""r"": 550.1387999999998, ""b"": 351.2781278952606, ""coord_origin"": ""BOTTOMLEFT""}";;;;False
atto_19;docling;json;atto_19.json;39;3;text;text;7) di dichiarare la presente DELIBERA immediatamente eseguibile, ai sensi art. 1, c. 19, L.R. 21/2003, come sostituito dall'art. 17 della L.R. 17/2004.;"{""l"": 51.05999999999983, ""t"": 334.04398291015633, ""r"": 550.1363999999998, ""b"": 309.8781278952606, ""coord_origin"": ""BOTTOMLEFT""}";;;;False
atto_19;docling;json;atto_19.json;40;3;section_header;heading;IL CONSIGLIO COMUNALE;"{""l"": 219.41999999999982, ""t"": 278.72398291015634, ""r"": 381.7799999999998, ""b"": 268.40297706220304, ""coord_origin"": ""BOTTOMLEFT""}";;;;False
atto_19;docling;json;atto_19.json;41;3;text;text;"VISTA la suesposta proposta di deliberazione;";"{""l"": 51.05999999999983, ""t"": 237.44398291015625, ""r"": 277.67999999999984, ""b"": 227.07812789526054, ""coord_origin"": ""BOTTOMLEFT""}";;;VISTO;False
atto_19;docling;json;atto_19.json;42;3;text;text;"VISTO che sulla stessa sono stati espressi i pareri di cui al D. Lgs. 267/2000;";"{""l"": 51.05999999999983, ""t"": 209.84398291015623, ""r"": 424.67999999999984, ""b"": 199.4781278952605, ""coord_origin"": ""BOTTOMLEFT""}";;;VISTO;False
atto_19;docling;json;atto_19.json;43;3;text;text;"RIUNITO l'organo collegiale nelle forme sopra descritte con l'assistenza del segretario comunale in ossequio all'art. 97 TUEL;";"{""l"": 51.05999999999983, ""t"": 182.2439829101562, ""r"": 550.1327999999993, ""b"": 158.07812789526042, ""coord_origin"": ""BOTTOMLEFT""}";;;;False
atto_19;docling;json;atto_19.json;44;3;text;text;"VISTO l'art. 1 comma 20 bis della L.R. n. 21 del 11.12.2003 in materia di pubblicazione delle deliberazioni degli enti locali;";"{""l"": 51.059999999999775, ""t"": 140.84398291015611, ""r"": 550.1399999999998, ""b"": 116.67812789526045, ""coord_origin"": ""BOTTOMLEFT""}";;;VISTO;False
atto_19;docling;json;atto_19.json;45;3;text;text;"Il Sindaco prende la parola: è un ATTO dovuto in base al Testo Unico sulle partecipate; anche le società partecipate sono TENUTE a contenere le spese di personale, redigendo annualmente il presente ATTO che va approvato dalle singole amministrazioni.";"{""l"": 51.059999999999775, ""t"": 99.44398291015614, ""r"": 550.1375999999993, ""b"": 61.4781278952604, ""coord_origin"": ""BOTTOMLEFT""}";;;;False
atto_19;docling;json;atto_19.json;46;3;page_footer;footer;Comune di Moimacco - Deliberazione n. 8 del 23/04/2025;"{""l"": 167.16, ""t"": 37.29322291015626, ""r"": 415.49568, ""b"": 28.637733972718365, ""coord_origin"": ""BOTTOMLEFT""}";;;;True
atto_19;docling;json;atto_19.json;47;3;page_footer;footer;3;"{""l"": 542.1, ""t"": 37.233222910156314, ""r"": 549.585, ""b"": 28.577733972718306, ""coord_origin"": ""BOTTOMLEFT""}";;;;True
atto_19;docling;json;atto_19.json;48;4;text;text;"DATO ATTO che gli interventi sono registrati su supporto informatico depositato presso la segreteria che costituisce, ex art. 22, L. n. 241/1990 e s.m.i., documentazione a comprova della discussione ai sensi dell'art. 44 del Regolamento del Consiglio Comunale;";"{""l"": 51.06, ""t"": 789.0239829101563, ""r"": 550.1399999999998, ""b"": 751.0581278952607, ""coord_origin"": ""BOTTOMLEFT""}";;;DATO_ATTO;False
atto_19;docling;json;atto_19.json;49;4;text;text;UDITA quindi la proposta del Presidente, si procede a votazione sull'argomento in esame.;"{""l"": 51.06, ""t"": 733.8239829101565, ""r"": 486.71999999999997, ""b"": 723.4581278952608, ""coord_origin"": ""BOTTOMLEFT""}";;;;False
atto_19;docling;json;atto_19.json;50;4;text;text;Procedutosi a votazione nei modi e nelle forme previste dalla legge, si ottiene il seguente risultato: Voti favorevoli: 12 unanimità Voti contrari:Astenuti: -;"{""l"": 51.06, ""t"": 706.2239829101566, ""r"": 526.5, ""b"": 654.458127895261, ""coord_origin"": ""BOTTOMLEFT""}";;;;False
atto_19;docling;json;atto_19.json;51;4;text;text;pertanto, in esito alla suddetta votazione;"{""l"": 51.06000000000006, ""t"": 651.0239829101567, ""r"": 247.32000000000005, ""b"": 640.658127895261, ""coord_origin"": ""BOTTOMLEFT""}";;;;False
atto_19;docling;json;atto_19.json;52;4;text;text;con voti resi ed ACCERTATI nelle forme di legge;"{""l"": 51.06000000000006, ""t"": 623.4239829101568, ""r"": 270.6600000000001, ""b"": 613.0581278952611, ""coord_origin"": ""BOTTOMLEFT""}";;;;False
atto_19;docling;json;atto_19.json;53;4;section_header;heading;DELIBERA;"{""l"": 267.78000000000003, ""t"": 581.903982910157, ""r"": 333.4200000000001, ""b"": 571.5829770622038, ""coord_origin"": ""BOTTOMLEFT""}";;DELIBERA;DELIBERA;False
atto_19;docling;json;atto_19.json;54;4;list_item;list_item;"di accogliere la superiore proposta ed in conseguenza di adottare il presente ATTO con la narrativa, la motivazione ed il dispositivo di cui alla proposta stessa, che qui si intende integralmente trascritta;";"{""l"": 69.06, ""t"": 553.979982910157, ""r"": 550.14, ""b"": 515.6181278952613, ""coord_origin"": ""BOTTOMLEFT""}";;;;False
atto_19;docling;json;atto_19.json;55;4;list_item;list_item;di dichiarare, VISTA l'urgenza di procedere, con voti unanimi resi ed ACCERTATI con separata votazione (voti favorevoli 12, voti contrari -, astenuti - ), il presente ATTO immediatamente esecutivo ai sensi art. 1, c. 19, L.R. 21/2003, come sostituito dall'art. 17 della L.R. 17/2004.;"{""l"": 69.06000000000003, ""t"": 497.939982910157, ""r"": 550.1375999999993, ""b"": 459.5781278952613, ""coord_origin"": ""BOTTOMLEFT""}";;;;False
atto_19;docling;json;atto_19.json;56;4;page_footer;footer;Comune di Moimacco - Deliberazione n. 8 del 23/04/2025;"{""l"": 167.16, ""t"": 37.29322291015626, ""r"": 415.49568, ""b"": 28.637733972718365, ""coord_origin"": ""BOTTOMLEFT""}";;;;True
atto_19;docling;json;atto_19.json;57;4;page_footer;footer;4;"{""l"": 542.1, ""t"": 37.233222910156314, ""r"": 549.585, ""b"": 28.577733972718306, ""coord_origin"": ""BOTTOMLEFT""}";;;;True
atto_19;docling;json;atto_19.json;58;5;section_header;heading;PARERE DI REGOLARITÁ TECNICA;"{""l"": 51.06, ""t"": 768.1592229101562, ""r"": 266.6946360000002, ""b"": 756.9759260496911, ""coord_origin"": ""BOTTOMLEFT""}";;;;False
atto_19;docling;json;atto_19.json;59;5;text;text;Con riferimento all'art. 49, comma 1° del D.Lgs.n. 267/2000 del T.U.EE.LL., è stato espresso parere favorevole alla regolarità tecnica sulla proposta di deliberazione in oggetto da DOTT.SSA MARTINA NOBILE in DATA 24 febbraio 2025.;"{""l"": 51.06000000000006, ""t"": 739.8239829101562, ""r"": 550.1400000000002, ""b"": 701.8581278952606, ""coord_origin"": ""BOTTOMLEFT""}";;;;False
atto_19;docling;json;atto_19.json;60;5;section_header;heading;PARERE DI REGOLARITÁ CONTABILE;"{""l"": 54.06, ""t"": 636.1592229101562, ""r"": 286.97738400000003, ""b"": 624.9759260496911, ""coord_origin"": ""BOTTOMLEFT""}";;;;False
atto_19;docling;json;atto_19.json;61;5;text;text;Con riferimento all'art. 49, comma 1° del D.Lgs.n. 267/2000 del T.U.EE.LL., è stato espresso parere favorevole alla regolarità contabile sulla proposta di deliberazione in oggetto da DOTT.SSA MARIACRISTINA VIRGILIO in DATA 24 febbraio 2025.;"{""l"": 51.06, ""t"": 607.8239829101562, ""r"": 550.1412000000004, ""b"": 569.8581278952606, ""coord_origin"": ""BOTTOMLEFT""}";;;;False
atto_19;docling;json;atto_19.json;62;5;page_footer;footer;Comune di Moimacco - Deliberazione n. 8 del 23/04/2025;"{""l"": 167.16, ""t"": 37.29322291015626, ""r"": 415.49568, ""b"": 28.637733972718365, ""coord_origin"": ""BOTTOMLEFT""}";;;;True
atto_19;docling;json;atto_19.json;63;5;page_footer;footer;5;"{""l"": 542.1, ""t"": 37.233222910156314, ""r"": 549.585, ""b"": 28.577733972718306, ""coord_origin"": ""BOTTOMLEFT""}";;;;True
atto_19;docling;json;atto_19.json;64;6;page_header;header;Letto, confermato e sottoscritto,;"{""l"": 51.06, ""t"": 789.0239829101563, ""r"": 207.66, ""b"": 778.6581278952606, ""coord_origin"": ""BOTTOMLEFT""}";;;;True
atto_19;docling;json;atto_19.json;65;6;section_header;heading;Il Presidente F.to Basaldella dott. Enrico;"{""l"": 86.82, ""t"": 761.4239829101563, ""r"": 221.46, ""b"": 737.2581278952605, ""coord_origin"": ""BOTTOMLEFT""}";;;;False
atto_19;docling;json;atto_19.json;66;6;section_header;heading;Il Segretario F.to Stanig dott.ssa Eva;"{""l"": 336.78, ""t"": 761.4239829101563, ""r"": 453.42, ""b"": 737.2581278952605, ""coord_origin"": ""BOTTOMLEFT""}";;;;False
atto_19;docling;json;atto_19.json;67;6;section_header;heading;ATTESTAZIONE DI PUBBLICAZIONE;"{""l"": 192.66000000000003, ""t"": 676.6439829101563, ""r"": 399.0, ""b"": 666.2781278952606, ""coord_origin"": ""BOTTOMLEFT""}";;;ATTESTA;False
atto_19;docling;json;atto_19.json;68;6;text;text;Si ATTESTA che la presente deliberazione viene pubblicata all'Albo pretorio on line dal 28/04/2025 al 13/05/2025 per quindici giorni consecutivi, ai sensi della L.R. n. 21/2003 e successive modificazioni.;"{""l"": 51.06000000000003, ""t"": 649.0439829101564, ""r"": 540.6600000000001, ""b"": 624.8781278952607, ""coord_origin"": ""BOTTOMLEFT""}";;;ATTESTA;False
atto_19;docling;json;atto_19.json;69;6;text;text;Comune di Moimacco, lì 28/04/2025;"{""l"": 51.06000000000006, ""t"": 607.6439829101565, ""r"": 237.7200000000001, ""b"": 597.2781278952608, ""coord_origin"": ""BOTTOMLEFT""}";;;;False
atto_19;docling;json;atto_19.json;70;6;text;text;La Responsabile della Pubblicazione F.to dott.ssa Martina Nobile;"{""l"": 286.86, ""t"": 580.0439829101563, ""r"": 466.86, ""b"": 555.8781278952605, ""coord_origin"": ""BOTTOMLEFT""}";;;;False
atto_19;docling;json;atto_19.json;71;6;section_header;heading;ATTESTATO DI ESECUTIVITA';"{""l"": 209.4, ""t"": 495.2639829101563, ""r"": 382.32000000000005, ""b"": 484.89812789526053, ""coord_origin"": ""BOTTOMLEFT""}";;;ATTESTA;False
atto_19;docling;json;atto_19.json;72;6;text;text;La presente deliberazione è divenuta esecutiva il giorno 23/04/2025, poiché dichiarata immediatamente esecutiva (art. 1, comma 19 della L.R. 11/12/2003 n. 21 come modificato dall'art. 17 della L.R. 24/05/2004 n. 17).;"{""l"": 51.06000000000003, ""t"": 467.6639829101563, ""r"": 540.6600000000001, ""b"": 429.6981278952605, ""coord_origin"": ""BOTTOMLEFT""}";;;;False
atto_19;docling;json;atto_19.json;73;6;text;text;Lì 28/04/2025;"{""l"": 51.060000000000116, ""t"": 412.46398291015623, ""r"": 125.40000000000012, ""b"": 402.09812789526046, ""coord_origin"": ""BOTTOMLEFT""}";;;;False
atto_19;docling;json;atto_19.json;74;6;text;text;La Responsabile dell'esecutività F.to dott.ssa Martina Nobile;"{""l"": 340.26, ""t"": 384.8639829101563, ""r"": 496.30679999999995, ""b"": 360.69812789526054, ""coord_origin"": ""BOTTOMLEFT""}";;;;False
atto_19;docling;json;atto_19.json;75;6;text;text;Copia conforme all'originale, in carta libera ad uso amministrativo.;"{""l"": 51.06, ""t"": 244.8839829101563, ""r"": 377.88, ""b"": 234.5181278952606, ""coord_origin"": ""BOTTOMLEFT""}";;;;False
atto_19;docling;json;atto_19.json;76;6;text;text;Lì;"{""l"": 51.06, ""t"": 217.28398291015628, ""r"": 70.74000000000001, ""b"": 206.91812789526057, ""coord_origin"": ""BOTTOMLEFT""}";;;;False
atto_19;docling;json;atto_19.json;77;6;text;text;La Responsabile del Procedimento dott.ssa Martina Nobile;"{""l"": 296.58, ""t"": 203.48398291015633, ""r"": 466.56, ""b"": 179.31812789526055, ""coord_origin"": ""BOTTOMLEFT""}";;;;False
atto_19;docling;json;atto_19.json;78;6;page_footer;footer;Comune di Moimacco - Deliberazione n. 8 del 23/04/2025;"{""l"": 167.16, ""t"": 37.29322291015626, ""r"": 415.49568, ""b"": 28.637733972718365, ""coord_origin"": ""BOTTOMLEFT""}";;;;True
atto_19;docling;json;atto_19.json;79;6;page_footer;footer;6;"{""l"": 542.1, ""t"": 37.233222910156314, ""r"": 549.585, ""b"": 28.577733972718306, ""coord_origin"": ""BOTTOMLEFT""}";;;;True
atto_2;docling;json;atto_2.json;1;1;section_header;heading;COMUNE DI AUSONIA;"{""l"": 193.11000061, ""t"": 792.8310255840624, ""r"": 457.78200061, ""b"": 773.0913892204261, ""coord_origin"": ""BOTTOMLEFT""}";;;;False
atto_2;docling;json;atto_2.json;2;1;section_header;heading;Provincia di Frosinone;"{""l"": 234.95000457999998, ""t"": 766.8640247540625, ""r"": 414.44600457999996, ""b"": 752.0592974813352, ""coord_origin"": ""BOTTOMLEFT""}";;;;False
atto_2;docling;json;atto_2.json;3;1;section_header;heading;COPIA DI DELIBERAZIONE DELLA GIUNTA COMUNALE;"{""l"": 130.50699996999998, ""t"": 678.2560247040625, ""r"": 517.8869999700001, ""b"": 666.7412368252745, ""coord_origin"": ""BOTTOMLEFT""}";;;;False
atto_2;docling;json;atto_2.json;4;1;section_header;heading;Verbale n. 43 del 11-06-2026;"{""l"": 219.72599793, ""t"": 635.2540186140625, ""r"": 429.0679979299998, ""b"": 622.8818550781509, ""coord_origin"": ""BOTTOMLEFT""}";;;;False
atto_2;docling;json;atto_2.json;5;1;text;text;OGGETTO: Conferimento incarico a Legale di fiducia per recupero spese di lite liquidate in favore del Comune di Ausonia, nei confronti del Sig. A. Miele a seguito della Sentenza n.° 819/2017 del Tribunale di Cassino e 05014/2023 del Consiglio di Stato.;"{""l"": 92.15000153, ""t"": 605.8000240140625, ""r"": 555.5300030599997, ""b"": 560.6097619655542, ""coord_origin"": ""BOTTOMLEFT""}";;;;False
atto_2;docling;json;atto_2.json;6;1;text;text;L'anno duemilaventisei, il giorno undici del mese di giugno alle ore 13:05 e seg. in Ausonia e nella residenza municipale, nella sala delle adunanze, previa l'osservanza di tutte le formalità prescritte dalle vigenti leggi, sono stati oggi convocati in seduta i componenti della Giunta Comunale.;"{""l"": 92.15000153, ""t"": 544.8550319540625, ""r"": 556.0820015300003, ""b"": 492.85332004185256, ""coord_origin"": ""BOTTOMLEFT""}";;;;False
atto_2;docling;json;atto_2.json;7;1;text;text;Fatto normale appello nominale, risultano:;"{""l"": 162.95000153, ""t"": 475.8600368340625, ""r"": 389.7500015300001, ""b"": 465.25532523185257, ""coord_origin"": ""BOTTOMLEFT""}";;;;False
atto_2;docling;json;atto_2.json;8;1;table;table;[table];"{""l"": 94.17060089111328, ""t"": 453.13604736328125, ""r"": 552.73388671875, ""b"": 344.15594482421875, ""coord_origin"": ""BOTTOMLEFT""}";;;;True
atto_2;docling;json;atto_2.json;9;1;text;text;Assiste il Segretario Comunale Erminio VERNILE, il quale provvede alla redazione del presente verbale. Essendo legale il numero degli intervenuti, il Dott. Benedetto CARDILLO - Sindaco, assume la Presidenza e dichiara aperta la seduta per la trattazione dell'oggetto sopra indicato.;"{""l"": 92.15000153, ""t"": 315.1640224340624, ""r"": 556.0820015300005, ""b"": 263.16231052185253, ""coord_origin"": ""BOTTOMLEFT""}";;;;False
atto_2;docling;json;atto_2.json;10;1;text;text;.;"{""l"": 92.15000153, ""t"": 259.96800802406244, ""r"": 95.48600153, ""b"": 249.3632964218525, ""coord_origin"": ""BOTTOMLEFT""}";;;;False
atto_2;docling;json;atto_2.json;11;2;section_header;heading;PREMESSO:;"{""l"": 42.54999924, ""t"": 754.7340266640624, ""r"": 98.19399924, ""b"": 744.8642084822443, ""coord_origin"": ""BOTTOMLEFT""}";;;PREMESSO;False
atto_2;docling;json;atto_2.json;12;2;list_item;list_item;"-che , a seguito di vertenza promossa dal Sig. Antonio Miele innanzi al Tribunale Civile di Cassino fu emessa Sentenza favorevole al Comune di Ausonia n.° 819/2017 con la quale il Miele veniva condannato al pagamento delle spese legali in favore del Comune di Ausonia per complessivi €. 7.232,96;";"{""l"": 60.54999924, ""t"": 740.9460246440624, ""r"": 506.1459992399999, ""b"": 689.7122090022442, ""coord_origin"": ""BOTTOMLEFT""}";;;;False
atto_2;docling;json;atto_2.json;13;2;list_item;list_item;"-che , a seguito di successivo Ricorso promosso dal medesimo Sig. Antonio Miele innanzi al Consiglio di Stato fu, parimenti, emessa Sentenza favorevole al Comune di Ausonia n.° 05014/2023 con la quale il ricorrente Miele veniva condannato al pagamento delle spese legali in favore di questo Comune per complessivi €. 5.836,48;";"{""l"": 60.54999924, ""t"": 685.7940242240625, ""r"": 506.1459992399999, ""b"": 634.5602085822443, ""coord_origin"": ""BOTTOMLEFT""}";;;;False
atto_2;docling;json;atto_2.json;14;2;list_item;list_item;"-che , pertanto, la parte soccombente è risultata condannata alla rifusione delle spese legali nei confronti dell'Ente, nei due giudizi, per complessivi €. 13.069,44, somma che questo Comune era TENUTO a liquidare all'Avv.to Ivan Caserta, con Studio in Pontecorvo (FR) in quanto incaricato della difesa degli interessi del Comune in ambedue i sopracitati procedimenti, giuste Deliberazioni della Giunta Comunale n.° 113 del 05.10.2015 e n.° 48 del 15.05.2017;";"{""l"": 60.54999924, ""t"": 630.6420314240625, ""r"": 506.14599924000015, ""b"": 551.8322117522443, ""coord_origin"": ""BOTTOMLEFT""}";;;;False
atto_2;docling;json;atto_2.json;15;2;text;text;"CONSIDERATO che, a fronte della complessiva somma dovuta dalla parte soccombente pari ad €. 13.069,44, ad oggi il Sig. Antonio Miele, nonostante ripetuti solleciti, è ancora debitore nei confronti del Comune di Ausonia di un importo pari ad €. 10.569,44;";"{""l"": 42.54999924, ""t"": 534.1260402140624, ""r"": 506.1459992399999, ""b"": 496.6802227722443, ""coord_origin"": ""BOTTOMLEFT""}";;;CONSIDERATO;False
atto_2;docling;json;atto_2.json;16;2;text;text;"RAVVISATA , pertanto, l'opportunità di agire stragiudizialmente, prima, ed eventualmente in giudizio, poi, al fine di ottenere il pagamento delle sopra quantificate spese legali conferendo incarico ad un Legale di fiducia a tutela degli interessi di questo Comune;";"{""l"": 42.54999924, ""t"": 478.9740321540625, ""r"": 506.14599924000004, ""b"": 441.52821471224433, ""coord_origin"": ""BOTTOMLEFT""}";;;RAVVISATO;False
atto_2;docling;json;atto_2.json;17;2;text;text;VISTA la nota pervenuta in DATA 12.05.2026 (ACQUISITA al protocollo con il n.° 2965), con la quale l'Avv. Emiliano Simeone, con Studio in Spigno Saturnia (LT) - Piazza Dante n.° 1, previ informali contatti, ha manifestato la propria disponibilità ad accettare l'incarico professionale di cui trattasi a tutela del Comune verso il corrispettivo di seguito analiticamente riportato:;"{""l"": 42.54999924, ""t"": 423.8220240940625, ""r"": 506.14599924, ""b"": 372.5882084522443, ""coord_origin"": ""BOTTOMLEFT""}";;;VISTO;False
atto_2;docling;json;atto_2.json;18;2;list_item;list_item;"-€. 492,00 per ATTO di significazione e diffida;";"{""l"": 60.54999924, ""t"": 368.6700160440625, ""r"": 297.92199886000014, ""b"": 358.80019786224426, ""coord_origin"": ""BOTTOMLEFT""}";;;;False
atto_2;docling;json;atto_2.json;19;2;list_item;list_item;"-€. 808,88 per eventuale Ricorso per Decreto Ingiuntivo;";"{""l"": 60.54999924, ""t"": 354.8820216540625, ""r"": 349.2339988600001, ""b"": 345.01220347224427, ""coord_origin"": ""BOTTOMLEFT""}";;;;False
atto_2;docling;json;atto_2.json;20;2;list_item;list_item;"-€. 276,12 per eventuale ATTO di Precetto;";"{""l"": 60.54999924, ""t"": 341.0940272740625, ""r"": 275.5899988600001, ""b"": 331.2242090922443, ""coord_origin"": ""BOTTOMLEFT""}";;;;False
atto_2;docling;json;atto_2.json;21;2;text;text;"il tutto per un ammontare massimo complessivo di €. 1.577,00 oltre spese per eventuale azione esecutiva mobiliare/immobiliare nei confronti del debitore;";"{""l"": 42.54999924, ""t"": 327.30603288406246, ""r"": 506.14599924, ""b"": 303.6482136422443, ""coord_origin"": ""BOTTOMLEFT""}";;;;False
atto_2;docling;json;atto_2.json;22;2;text;text;"VALUTATA l'opportunità di procedere in merito;";"{""l"": 42.54999924, ""t"": 285.9420192140625, ""r"": 268.52199924000007, ""b"": 276.07220103224427, ""coord_origin"": ""BOTTOMLEFT""}";;;VALUTATO;False
atto_2;docling;json;atto_2.json;23;2;text;text;"VALUTATA , altresì, la propria competenza ai sensi del D. Lgs. 267/2000;";"{""l"": 42.54999924, ""t"": 252.3660304440624, ""r"": 384.8379992400001, ""b"": 242.49621226224428, ""coord_origin"": ""BOTTOMLEFT""}";;;VALUTATO;False
atto_2;docling;json;atto_2.json;24;2;text;text;"VISTO il D.Lgs. n.° 267 del 18.08.2000;";"{""l"": 42.54999924, ""t"": 232.57800554406242, ""r"": 233.34999924000002, ""b"": 222.7081873622443, ""coord_origin"": ""BOTTOMLEFT""}";;;VISTO;False
atto_2;docling;json;atto_2.json;25;2;text;text;VISTO;"{""l"": 42.54999924, ""t"": 218.79004167406242, ""r"": 69.21399923999999, ""b"": 208.9202234922443, ""coord_origin"": ""BOTTOMLEFT""}";;;VISTO;False
atto_2;docling;json;atto_2.json;26;2;text;text;"il vigente Statuto comunale;";"{""l"": 69.21399923999999, ""t"": 218.79004167406242, ""r"": 210.21399924000005, ""b"": 208.9202234922443, ""coord_origin"": ""BOTTOMLEFT""}";;;;False
atto_2;docling;json;atto_2.json;27;2;text;text;"ACQUISITI i pareri di regolarità tecnica e contabile ai sensi dell'Art. 49 del TUEL 267/00 e ss. mm. e ii.;";"{""l"": 42.54999924, ""t"": 205.00201677406244, ""r"": 506.14599923999987, ""b"": 181.34419753224427, ""coord_origin"": ""BOTTOMLEFT""}";;;ACQUISITI_PARERI;False
atto_2;docling;json;atto_2.json;28;2;text;text;"Con votazione unanime e favorevole resa in forma palese;";"{""l"": 42.54999924, ""t"": 163.63800310406248, ""r"": 324.81399924000004, ""b"": 153.76818492224436, ""coord_origin"": ""BOTTOMLEFT""}";0.0;;;False
atto_2;docling;json;atto_2.json;29;2;section_header;heading;DELIBERA;"{""l"": 231.01200486000002, ""t"": 136.06201433406238, ""r"": 317.6880048599999, ""b"": 126.19219615224426, ""coord_origin"": ""BOTTOMLEFT""}";;DELIBERA;DELIBERA;False
atto_2;docling;json;atto_2.json;30;2;list_item;list_item;"1 )-Di considerare la PREMESSA narrativa parte integrante e sostanziale del presente provvedimento;";"{""l"": 42.54999924, ""t"": 108.4860255640624, ""r"": 440.40999923999993, ""b"": 84.82820632224423, ""coord_origin"": ""BOTTOMLEFT""}";;;;False
atto_2;docling;json;atto_2.json;31;2;list_item;list_item;2)- Di conferire incarico professionale in via stragiudiziale ed, eventualmente, giudiziale innanzi agli Organi di Giustizia competenti, nei confronti del Sig. Antonio Miele, nato a;"{""l"": 42.54999924, ""t"": 67.12201189406244, ""r"": 506.14599924000004, ""b"": 43.464192652244265, ""coord_origin"": ""BOTTOMLEFT""}";;;;False
atto_2;docling;json;atto_2.json;32;2;section_header;heading;LA GIUNTA COMUNALE;"{""l"": 201.85299301, ""t"": 782.3100249640624, ""r"": 346.8489930099999, ""b"": 772.4402067822443, ""coord_origin"": ""BOTTOMLEFT""}";;;;False
atto_2;docling;json;atto_2.json;33;3;text;text;"Formia (LT) il 22 luglio 1960 ed ivi residente, alla via Virgilio, n.° 15, al fine di recuperare la somma complessiva di €. 10.569,44 oltre ogni accessorio di legge, dovuta dal Sig. A. Miele medesimo a titolo di rifusione delle spese legali in favore del Comune di Ausonia a seguito della Sentenza emessa dal Tribunale Civile di Cassino n.° 819/2017 e della Sentenza emessa dal Consiglio di Stato n.° 05014/2023;";"{""l"": 92.15000153, ""t"": 796.0980250740624, ""r"": 555.7460015300001, ""b"": 731.0762074222442, ""coord_origin"": ""BOTTOMLEFT""}";;;;False
atto_2;docling;json;atto_2.json;34;3;text;text;"3)- Di autorizzare il Sindaco, in qualità di Legale Rappresentante dell'Ente, a costituirsi in giudizio in nome e per CONTO del Comune di Ausonia con conseguente potere di sottoscrizione del mandato 'ad litem';";"{""l"": 92.15000153, ""t"": 713.3700282440625, ""r"": 555.7460015300001, ""b"": 675.9242108022444, ""coord_origin"": ""BOTTOMLEFT""}";;;;False
atto_2;docling;json;atto_2.json;35;3;text;text;"4)-Di Nominare, per le finalità di cui al precedente punto n.° 2 del presente deliberato, l'Avv. Emiliano Simeone, con Studio in Spigno Saturnia (LT) - Piazza Dante n.° 1, per la difesa degli interessi del Comune con ampia facoltà di dire, eccepire, dedurre quanto riterrà necessario e conveniente per il Comune;";"{""l"": 92.15000153, ""t"": 658.2180201940624, ""r"": 555.74600153, ""b"": 606.9842045522443, ""coord_origin"": ""BOTTOMLEFT""}";;;;False
atto_2;docling;json;atto_2.json;36;3;text;text;5)- Di dare ATTO che alla succitata Professionista sarà RICONOSCIUTO il compenso professionale di seguito analiticamente riportato:;"{""l"": 92.15000153, ""t"": 589.2780177540624, ""r"": 555.7340015300001, ""b"": 565.6201985122442, ""coord_origin"": ""BOTTOMLEFT""}";;;;False
atto_2;docling;json;atto_2.json;37;3;list_item;list_item;"-€. 492,00 per ATTO di significazione e diffida;";"{""l"": 110.15000153, ""t"": 561.7020289840624, ""r"": 347.52200115000016, ""b"": 551.8322108022443, ""coord_origin"": ""BOTTOMLEFT""}";;;;False
atto_2;docling;json;atto_2.json;38;3;list_item;list_item;"-€. 808,88 per eventuale Ricorso per Decreto Ingiuntivo;";"{""l"": 110.15000153, ""t"": 547.9140193340625, ""r"": 398.8340011500001, ""b"": 538.0442011522443, ""coord_origin"": ""BOTTOMLEFT""}";;;;False
atto_2;docling;json;atto_2.json;39;3;list_item;list_item;"-€. 276,12 per eventuale ATTO di Precetto;";"{""l"": 110.15000153, ""t"": 534.1260402140624, ""r"": 325.19000115000006, ""b"": 524.2562220322443, ""coord_origin"": ""BOTTOMLEFT""}";;;;False
atto_2;docling;json;atto_2.json;40;3;text;text;"il tutto per un ammontare massimo complessivo di €. 1.577,00 oltre spese per eventuale azione esecutiva mobiliare/immobiliare nei confronti del debitore;";"{""l"": 92.15000153, ""t"": 520.3380153040624, ""r"": 555.7460015300001, ""b"": 496.68019606224425, ""coord_origin"": ""BOTTOMLEFT""}";;;;False
atto_2;docling;json;atto_2.json;41;3;text;text;"6)- Di stanziare ed impegnare la suddetta somma a valere sul Bilancio di Previsione 2026, gestione competenza - Cap. 1058- Codice 01.11-1.10.05.04.001 'Spese per liti, arbitraggi e risarcimenti';";"{""l"": 92.15000153, ""t"": 478.9740321540625, ""r"": 555.7460015300001, ""b"": 441.52821471224433, ""coord_origin"": ""BOTTOMLEFT""}";;;;False
atto_2;docling;json;atto_2.json;42;3;text;text;Di dichiarare con separata, favorevole e palese votazione, il presente provvedimento immediatamente eseguibile ai sensi e per gli effetti dell'articolo 134, comma 4, del D. Lgs. 18.08.2000 n. 267.;"{""l"": 92.15000153, ""t"": 423.8220240940625, ""r"": 555.74600153, ""b"": 386.3582050922443, ""coord_origin"": ""BOTTOMLEFT""}";;;;False
atto_2;docling;json;atto_2.json;43;4;text;text;Letto, confermato e sottoscritto.;"{""l"": 42.54999924, ""t"": 772.6320258740625, ""r"": 185.39999924000003, ""b"": 763.7947662055542, ""coord_origin"": ""BOTTOMLEFT""}";;;;True
atto_2;docling;json;atto_2.json;44;4;text;text;IL Sindaco;"{""l"": 129.71899796, ""t"": 749.6340266840625, ""r"": 183.05899796, ""b"": 740.7967670155542, ""coord_origin"": ""BOTTOMLEFT""}";;;;False
atto_2;docling;json;atto_2.json;45;4;text;text;IL Segretario Comunale f.to Dott. Erminio VERNILE;"{""l"": 330.68099595, ""t"": 749.6340266840625, ""r"": 453.50099594999995, ""b"": 729.2977674155542, ""coord_origin"": ""BOTTOMLEFT""}";;;;False
atto_2;docling;json;atto_2.json;46;4;text;text;f.to Dott. Benedetto CARDILLO;"{""l"": 85.52000046, ""t"": 738.1350270840625, ""r"": 227.26000046000001, ""b"": 729.2977674155542, ""coord_origin"": ""BOTTOMLEFT""}";;;;False
atto_2;docling;json;atto_2.json;47;4;text;text;______________________________;"{""l"": 71.57699966999999, ""t"": 715.1370278940625, ""r"": 241.20699967000004, ""b"": 706.2997682255542, ""coord_origin"": ""BOTTOMLEFT""}";;;;False
atto_2;docling;json;atto_2.json;48;4;text;text;______________________________;"{""l"": 307.27699662, ""t"": 715.1370278940625, ""r"": 476.90699662000003, ""b"": 706.2997682255542, ""coord_origin"": ""BOTTOMLEFT""}";;;;False
atto_2;docling;json;atto_2.json;49;4;text;text;Il sottoscritto Segretario Comunale, VISTI gli atti di ufficio:;"{""l"": 77.94999924, ""t"": 656.1420184740625, ""r"": 328.04999924, ""b"": 647.3047588055542, ""coord_origin"": ""BOTTOMLEFT""}";;;;False
atto_2;docling;json;atto_2.json;50;4;section_header;heading;ATTESTA;"{""l"": 249.79600144, ""t"": 633.1440326340625, ""r"": 298.68600144, ""b"": 624.3067729655542, ""coord_origin"": ""BOTTOMLEFT""}";;ATTESTA;ATTESTA;False
atto_2;docling;json;atto_2.json;51;4;text;text;Che la presente deliberazione:;"{""l"": 42.54999924, ""t"": 610.1460315340624, ""r"": 180.96999924000002, ""b"": 601.3087718655541, ""coord_origin"": ""BOTTOMLEFT""}";;;;False
atto_2;docling;json;atto_2.json;52;4;checkbox_selected;other; viene dichiarata immediatamente eseguibile (art. 134, 4° comma del D. Lvo 267/2000);"{""l"": 42.54999924, ""t"": 577.4790222540624, ""r"": 447.4999984799998, ""b"": 566.3790222540624, ""coord_origin"": ""BOTTOMLEFT""}";;;;False
atto_2;docling;json;atto_2.json;53;4;checkbox_unselected;other; è divenuta esecutiva il 11-06-2026;"{""l"": 42.54999924, ""t"": 554.4810211540625, ""r"": 218.94999848000006, ""b"": 543.3810211540625, ""coord_origin"": ""BOTTOMLEFT""}";;;;False
atto_2;docling;json;atto_2.json;54;4;checkbox_selected;other; viene comunicata in elenco ai Capigruppo Consiliari (art. 125);"{""l"": 42.54999924, ""t"": 519.9840118840625, ""r"": 339.5499984799999, ""b"": 508.8840118840625, ""coord_origin"": ""BOTTOMLEFT""}";;;;False
atto_2;docling;json;atto_2.json;55;4;text;text;IL Segretario Comunale f.to Dott. Erminio VERNILE;"{""l"": 212.83100367, ""t"": 495.15602604406246, ""r"": 335.65100366999997, ""b"": 474.81976677555417, ""coord_origin"": ""BOTTOMLEFT""}";;;;False
atto_2;docling;json;atto_2.json;56;4;text;text;______________________________;"{""l"": 189.42700053, ""t"": 460.6590272540625, ""r"": 359.05700053000004, ""b"": 451.8217675855542, ""coord_origin"": ""BOTTOMLEFT""}";;;;False
atto_2;docling;json;atto_2.json;57;4;text;text;Il sottoscritto responsabile del servizio delle pubblicazioni;"{""l"": 42.54999924, ""t"": 401.6640216440625, ""r"": 298.23999924000003, ""b"": 392.8267619755542, ""coord_origin"": ""BOTTOMLEFT""}";;;;False
atto_2;docling;json;atto_2.json;58;4;section_header;heading;ATTESTA;"{""l"": 250.34699631, ""t"": 378.66603580406246, ""r"": 298.13699631, ""b"": 369.82877613555416, ""coord_origin"": ""BOTTOMLEFT""}";;ATTESTA;ATTESTA;False
atto_2;docling;json;atto_2.json;59;4;text;text;Che la presente deliberazione è stata pubblicata, in DATA odierna, per 15 giorni consecutivi dal 15-06- 2026 al 30-06-2026 al numero 366 nel sito web istituzionale di questo Comune accessibile al pubblico al portale www.comunediausonia.it (art. 32, comma 1, della legge 18 giugno 2009, n. 69).;"{""l"": 42.54999924, ""t"": 355.66801944406245, ""r"": 505.92999924000003, ""b"": 323.83276153555414, ""coord_origin"": ""BOTTOMLEFT""}";;;;False
atto_2;docling;json;atto_2.json;60;4;text;text;Dalla Residenza Municipale, lì 15-06-2026;"{""l"": 42.54999924, ""t"": 298.17302433406246, ""r"": 233.2099992400001, ""b"": 289.33576466555417, ""coord_origin"": ""BOTTOMLEFT""}";;;;False
atto_2;docling;json;atto_2.json;61;4;text;text;IL Responsabile Procedimento Pubblicazione f.to Sig. Onofrio CORENO;"{""l"": 164.77399588999998, ""t"": 275.1750079740625, ""r"": 383.7039958900001, ""b"": 254.83874870555428, ""coord_origin"": ""BOTTOMLEFT""}";;;;False
atto_2;docling;json;atto_2.json;62;4;text;text;______________________________;"{""l"": 189.42699671999998, ""t"": 240.6780091840625, ""r"": 359.05699672000003, ""b"": 231.8407495155542, ""coord_origin"": ""BOTTOMLEFT""}";;;;False
atto_2;docling;json;atto_2.json;63;4;text;text;__________________________________________________________________________________;"{""l"": 42.54999924, ""t"": 194.68202701406244, ""r"": 501.37999924, ""b"": 185.84476734555415, ""coord_origin"": ""BOTTOMLEFT""}";;;;False
atto_2;docling;json;atto_2.json;64;4;text;text;Copia conforme all'originale, in carta libera per uso amministrativo.;"{""l"": 92.20000077, ""t"": 171.6840411740625, ""r"": 390.11000077000006, ""b"": 162.8467815055542, ""coord_origin"": ""BOTTOMLEFT""}";;;;False
atto_2;docling;json;atto_2.json;65;4;text;text;Dalla Residenza Municipale, li 15-06-2026;"{""l"": 92.20000077, ""t"": 148.68605533406242, ""r"": 282.3100007700001, ""b"": 139.84879566555412, ""coord_origin"": ""BOTTOMLEFT""}";;;;False
atto_2;docling;json;atto_2.json;66;4;text;text;IL Segretario Comunale;"{""l"": 266.40199519000004, ""t"": 125.68800846406248, ""r"": 381.43199519000007, ""b"": 116.85074879555418, ""coord_origin"": ""BOTTOMLEFT""}";;;;False
atto_2;docling;json;atto_2.json;67;4;text;text;Dott. Erminio VERNILE;"{""l"": 270.84299708000003, ""t"": 114.18900886406243, ""r"": 376.98299708, ""b"": 105.35174919555425, ""coord_origin"": ""BOTTOMLEFT""}";;;;False
atto_2;docling;json;atto_2.json;68;4;text;text;______________________________;"{""l"": 239.10199595, ""t"": 91.19100967406246, ""r"": 408.73199595000006, ""b"": 82.35375000555416, ""coord_origin"": ""BOTTOMLEFT""}";;;;False
atto_20;docling;json;atto_20.json;1;1;picture;figure;[figure];"{""l"": 66.56438446044922, ""t"": 768.6565475463867, ""r"": 108.18304443359375, ""b"": 713.0156097412109, ""coord_origin"": ""BOTTOMLEFT""}";;;;True
atto_20;docling;json;atto_20.json;2;1;text;text;COPIA;"{""l"": 51.06000000000003, ""t"": 578.3639829101563, ""r"": 95.70000000000003, ""b"": 568.0429770622031, ""coord_origin"": ""BOTTOMLEFT""}";;;;False
atto_20;docling;json;atto_20.json;3;1;section_header;heading;COMUNE DI MOIMACCO;"{""l"": 200.76, ""t"": 750.5107629101564, ""r"": 474.64476, ""b"": 731.1846313438913, ""coord_origin"": ""BOTTOMLEFT""}";;;;False
atto_20;docling;json;atto_20.json;4;1;text;text;Provincia di Udine;"{""l"": 284.16, ""t"": 727.2934029101563, ""r"": 385.749864, ""b"": 715.7620722205011, ""coord_origin"": ""BOTTOMLEFT""}";;;;False
atto_20;docling;json;atto_20.json;5;1;text;text;__________;"{""l"": 264.36, ""t"": 649.6439829101563, ""r"": 327.36, ""b"": 639.3229770622031, ""coord_origin"": ""BOTTOMLEFT""}";;;;False
atto_20;docling;json;atto_20.json;6;1;section_header;heading;VERBALE DI DELIBERAZIONE DEL CONSIGLIO COMUNALE;"{""l"": 88.44, ""t"": 621.4347429101563, ""r"": 503.78580000000005, ""b"": 609.4107710972908, ""coord_origin"": ""BOTTOMLEFT""}";;;;False
atto_20;docling;json;atto_20.json;7;1;text;text;__________;"{""l"": 264.36, ""t"": 605.9639829101562, ""r"": 327.36, ""b"": 595.642977062203, ""coord_origin"": ""BOTTOMLEFT""}";;;;False
atto_20;docling;json;atto_20.json;8;1;text;text;ANNO 2024;"{""l"": 475.98, ""t"": 564.6839829101564, ""r"": 540.165, ""b"": 554.3181278952607, ""coord_origin"": ""BOTTOMLEFT""}";;;;False
atto_20;docling;json;atto_20.json;9;1;text;text;N. 9 del Reg. Delibere;"{""l"": 437.94, ""t"": 550.7639829101563, ""r"": 537.6628739999996, ""b"": 540.4429770622031, ""coord_origin"": ""BOTTOMLEFT""}";;;;False
atto_20;docling;json;atto_20.json;10;1;text;text;OGGETTO: OBIETTIVI SULLE SPESE DI FUNZIONAMENTO E DEL PERSONALE DELLA SOCIETA' IN HOUSE A&T 2000 S.P.A. AI SENSI DELL'ART. 19 DEL D.LGS. 175/2016 - ANNO 2024.;"{""l"": 51.06, ""t"": 509.48398291015644, ""r"": 540.6611999999999, ""b"": 471.51812789526065, ""coord_origin"": ""BOTTOMLEFT""}";;;;False
atto_20;docling;json;atto_20.json;11;1;text;text;L'anno 2024 , il giorno 02 del mese di Maggio alle ore 19:10 nella sala consigliare si è riunito il Consiglio Comunale. Fatto l'appello nominale risultano:;"{""l"": 79.43999999999997, ""t"": 440.4839829101564, ""r"": 541.1400000000001, ""b"": 416.3181278952606, ""coord_origin"": ""BOTTOMLEFT""}";;;;False
atto_20;docling;json;atto_20.json;12;1;table;table;[table];"{""l"": 78.43966674804688, ""t"": 391.4357604980469, ""r"": 526.07275390625, ""b"": 205.79864501953125, ""coord_origin"": ""BOTTOMLEFT""}";;;;True
atto_20;docling;json;atto_20.json;13;1;text;text;Assiste il Segretario Stanig dott.ssa Eva.;"{""l"": 79.44, ""t"": 177.74398291015632, ""r"": 279.7200000000001, ""b"": 167.3781278952606, ""coord_origin"": ""BOTTOMLEFT""}";;;;False
atto_20;docling;json;atto_20.json;14;1;text;text;Constatato il numero degli intervenuti, assume la presidenza il Sig. Basaldella dott. Enrico nella sua qualità di Sindaco , espone gli oggetti iscritti all'ordine del giorno e dichiara aperta la discussione per la trattazione dell'argomento indicato in oggetto.;"{""l"": 79.44000000000003, ""t"": 136.34398291015623, ""r"": 550.1399999999999, ""b"": 98.3781278952606, ""coord_origin"": ""BOTTOMLEFT""}";;;;False
atto_20;docling;json;atto_20.json;15;1;page_footer;footer;Comune di Moimacco - Deliberazione n. 9 del 02/05/2024;"{""l"": 167.16, ""t"": 37.29322291015626, ""r"": 415.49568, ""b"": 28.637733972718365, ""coord_origin"": ""BOTTOMLEFT""}";;;;True
atto_20;docling;json;atto_20.json;16;1;page_footer;footer;1;"{""l"": 542.1, ""t"": 37.233222910156314, ""r"": 549.585, ""b"": 28.577733972718306, ""coord_origin"": ""BOTTOMLEFT""}";;;;True
atto_20;docling;json;atto_20.json;17;2;text;text;OGGETTO: OBIETTIVI SULLE SPESE DI FUNZIONAMENTO E DEL PERSONALE DELLA SOCIETA' IN HOUSE A&T 2000 S.p.A. AI SENSI DELL'ART. 19 DEL D.LGS. 175/2016 - ANNO 2024.;"{""l"": 51.06, ""t"": 761.4239829101564, ""r"": 550.2048, ""b"": 723.4581278952608, ""coord_origin"": ""BOTTOMLEFT""}";;;;False
atto_20;docling;json;atto_20.json;18;2;section_header;heading;Proposta di DELIBERA del Consiglio Comunale;"{""l"": 184.56, ""t"": 706.1039829101566, ""r"": 416.58000000000004, ""b"": 695.7829770622034, ""coord_origin"": ""BOTTOMLEFT""}";;;;False
atto_20;docling;json;atto_20.json;19;2;text;text;"PREMESSO che A&T 2000 S.p.A. è una società a controllo pubblico affidataria in house del servizio di gestione integrata dei rifiuti urbani nel territorio di 79 comuni del Friuli Venezia Giulia, tra cui il Comune di Moimacco per effetto della Deliberazione n. 37/19 dd. 02.10.2019 dell'Assemblea Regionale D'Ambito di AUSIR;";"{""l"": 51.06000000000006, ""t"": 678.6239829101567, ""r"": 550.1412000000003, ""b"": 626.8581278952611, ""coord_origin"": ""BOTTOMLEFT""}";;;PREMESSO;False
atto_20;docling;json;atto_20.json;20;2;text;text;"DATO ATTO che in A&T 2000 S.p.A. vige un sistema di controllo analogo congiunto regolato secondo specifiche disposizioni statutarie e apposita Convenzione stipulata fra gli Enti soci;";"{""l"": 51.06000000000006, ""t"": 609.6239829101569, ""r"": 550.1387999999998, ""b"": 585.4581278952612, ""coord_origin"": ""BOTTOMLEFT""}";;;DATO_ATTO;False
atto_20;docling;json;atto_20.json;21;2;text;text;"VISTO il c. 5 dell'art. 19 del D. Lgs. n. 175/2016 in base al quale Le amministrazioni pubbliche socie fissano, con propri provvedimenti, obiettivi specifici, annuali e pluriennali, sul complesso delle spese di funzionamento, ivi comprese quelle per il personale, delle società controllate, anche attraverso il contenimento degli oneri contrattuali e delle assunzioni di personale e TENUTO CONTO di quanto STABILITO all'articolo 25, ovvero delle eventuali disposizioni che stabiliscono, a loro carico, divieti o limitazioni alle assunzioni di personale, tenendo CONTO del settore in cui ciascun soggetto opera;";"{""l"": 51.06000000000006, ""t"": 568.223982910157, ""r"": 550.1412000000004, ""b"": 488.83600637056765, ""coord_origin"": ""BOTTOMLEFT""}";;;VISTO;False
atto_20;docling;json;atto_20.json;22;2;text;text;"CONSIDERATO che gli obiettivi sul complesso delle spese di funzionamento della società così fissati vengono recepiti nel budget adottato dal Consiglio di Amministrazione e sottoposto al parere della Commissione per il 'Controllo Analogo congiunto' e all'approvazione da parte del Coordinamento dei soci per il 'Controllo Analogo congiunto';";"{""l"": 51.06, ""t"": 471.6239829101571, ""r"": 550.1411999999998, ""b"": 419.9181278952613, ""coord_origin"": ""BOTTOMLEFT""}";;;CONSIDERATO;False
atto_20;docling;json;atto_20.json;23;2;text;text;"ATTESO che A&T 2000 S.p.A. è chiamata a perseguire il costante efficientamento organizzativo e l'ottimizzazione dei suoi costi di funzionamento per l'erogazione dei servizi affidati dall'AUSIR e regolati dalle disposizioni dell'ARERA;";"{""l"": 51.06, ""t"": 402.68398291015706, ""r"": 550.1412, ""b"": 364.71812789526126, ""coord_origin"": ""BOTTOMLEFT""}";;;ATTESO;False
atto_20;docling;json;atto_20.json;24;2;text;text;"DATO ATTO che la spesa sostenuta dalla società per le spese di funzionamento dell'organo amministrativo rispetta le disposizioni di cui all'art. 4, comma 4, del Decreto Legge 95/2012;";"{""l"": 51.06000000000006, ""t"": 347.483982910157, ""r"": 550.1351999999996, ""b"": 323.3181278952612, ""coord_origin"": ""BOTTOMLEFT""}";;;DATO_ATTO;False
atto_20;docling;json;atto_20.json;25;2;text;text;"VISTO il documento denominato 'OBIETTIVI SULLE SPESE DI FUNZIONAMENTO E DEL PERSONALE DELLA SOCIETA' IN HOUSE A&T 2000 S.p.A. AI SENSI DELL'ART. 19 DEL D.LGS. 175/2016 ANNO 2024', allegato parte integrante e contestuale del presente provvedimento, adottato dal C.d.A. di A&T 2000 S.p.A. e sottoposto all'esame della Commissione 'per il controllo analogo congiunto' della Società, in cui sono contenuti gli elementi utili per la fissazione di tali obiettivi, relativi in particolare ai costi e alla politica del personale della Società;";"{""l"": 51.06, ""t"": 306.0839829101569, ""r"": 550.1436000000002, ""b"": 226.7181278952612, ""coord_origin"": ""BOTTOMLEFT""}";;;VISTO;False
atto_20;docling;json;atto_20.json;26;2;text;text;"RITENUTO che la politica del personale ivi descritta, accompagnata da un'oculata gestione del contratto integrativo aziendale, individui in maniera compiuta ed esauriente gli obiettivi e gli indicatori atti a perseguire le strategie aziendali nell'anno 2024, con il mantenimento da parte di A&T 2000 S.p.A. dell'obiettivo del contenimento dei costi del personale al netto delle dinamiche salariali indotte dal CCNL;";"{""l"": 51.06, ""t"": 209.4839829101569, ""r"": 550.1400000000003, ""b"": 143.91812789526114, ""coord_origin"": ""BOTTOMLEFT""}";;;RITENUTO;False
atto_20;docling;json;atto_20.json;27;2;text;text;"CONSIDERATO che la dotazione organica del personale ivi indicata, dal punto di VISTA numerico, potrà subire variazioni dovute ad eventuali uscite dall'azienda per quiescenza o ad eventuali necessità di sostituzioni anche temporanee per eventi quali maternità, malattia o infortunio, garantendo in ogni caso tutti i principi di contenimento dei costi previsti;";"{""l"": 51.06, ""t"": 126.68398291015683, ""r"": 550.14, ""b"": 74.91812789526114, ""coord_origin"": ""BOTTOMLEFT""}";;;CONSIDERATO;False
atto_20;docling;json;atto_20.json;28;2;page_footer;footer;Comune di Moimacco - Deliberazione n. 9 del 02/05/2024;"{""l"": 167.16, ""t"": 37.29322291015626, ""r"": 415.49568, ""b"": 28.637733972718365, ""coord_origin"": ""BOTTOMLEFT""}";;;;True
atto_20;docling;json;atto_20.json;29;2;page_footer;footer;2;"{""l"": 542.1, ""t"": 37.233222910156314, ""r"": 549.585, ""b"": 28.577733972718306, ""coord_origin"": ""BOTTOMLEFT""}";;;;True
atto_20;docling;json;atto_20.json;30;3;text;text;"DATO ATTO che gli elementi ed obiettivi innanzi RICHIAMATI potrebbero richiedere eventuali modifiche ed integrazioni in presenza di significative azioni di riorganizzazione o modifica operativa dei servizi resi da A&T 2000 S.p.A. o di future variazioni aziendali e societarie;";"{""l"": 51.06, ""t"": 789.0239829101563, ""r"": 550.1375999999992, ""b"": 751.0581278952607, ""coord_origin"": ""BOTTOMLEFT""}";;;DATO_ATTO;False
atto_20;docling;json;atto_20.json;31;3;text;text;"ATTESO che il presente ATTO rientra tra i provvedimenti soggetti a pubblicazione sul sito internet istituzionale sia della società che delle pubbliche amministrazioni socie, ai sensi dell'art. 19, c. 7, del D. Lgs. n. 175/2016;";"{""l"": 51.06, ""t"": 733.8239829101565, ""r"": 550.1400000000004, ""b"": 695.8581278952608, ""coord_origin"": ""BOTTOMLEFT""}";;;ATTESO;False
atto_20;docling;json;atto_20.json;32;3;section_header;heading;PROPONE;"{""l"": 269.76, ""t"": 678.5039829101567, ""r"": 331.44, ""b"": 668.1829770622035, ""coord_origin"": ""BOTTOMLEFT""}";;;;False
atto_20;docling;json;atto_20.json;33;3;list_item;list_item;"DI APPROVARE le PREMESSE, che costituiscono parte integrante della presente deliberazione;";"{""l"": 69.06, ""t"": 650.5799829101567, ""r"": 543.54, ""b"": 639.7581278952609, ""coord_origin"": ""BOTTOMLEFT""}";;;;False
atto_20;docling;json;atto_20.json;34;3;list_item;list_item;"DI APPROVARE il documento denominato 'OBIETTIVI SULLE SPESE DI FUNZIONAMENTO E DEL PERSONALE DELLA SOCIETA' IN HOUSE A&T 2000 S.p.A. AI SENSI DELL'ART. 19 DEL D.LGS. 175/2016 ANNO 2024', allegato parte integrante e contestuale del presente provvedimento;";"{""l"": 69.05999999999995, ""t"": 622.1399829101566, ""r"": 550.1424, ""b"": 569.978127895261, ""coord_origin"": ""BOTTOMLEFT""}";;;;False
atto_20;docling;json;atto_20.json;35;3;list_item;list_item;"DI FISSARE e fare propri gli obiettivi ed elementi di gestione INDIVIDUATI nel documento innanzi approvato relativamente al contenimento dei costi di funzionamento, ed in particolare delle spese per il personale della società A&T 2000 S.p.A., ai sensi del c. 5 dell'art. 19 del D. Lgs. n. 175/2016 per l'anno 2024;";"{""l"": 69.05999999999995, ""t"": 552.2999829101567, ""r"": 550.1399999999998, ""b"": 500.07812789526105, ""coord_origin"": ""BOTTOMLEFT""}";;;;False
atto_20;docling;json;atto_20.json;36;3;list_item;list_item;"DI DARE ATTO che i suddetti obiettivi ed elementi di gestione potranno essere oggetto di successiva revisione in presenza di significative azioni di riorganizzazione o modifica operativa dei servizi resi da A&T 2000 S.p.A. o di future variazioni aziendali e societarie;";"{""l"": 69.05999999999995, ""t"": 482.3999829101568, ""r"": 550.1399999999999, ""b"": 444.038127895261, ""coord_origin"": ""BOTTOMLEFT""}";;;;False
atto_20;docling;json;atto_20.json;37;3;list_item;list_item;"DI DISPORRE la pubblicazione del presente provvedimento sul sito istituzionale del Comune;";"{""l"": 69.05999999999995, ""t"": 426.35998291015676, ""r"": 545.5799999999999, ""b"": 415.538127895261, ""coord_origin"": ""BOTTOMLEFT""}";;;;False
atto_20;docling;json;atto_20.json;38;3;list_item;list_item;"DI INVIARE il presente provvedimento ad A&T 2000 S.p.A. ai fini del relativo recepimento e dell'assolvimento degli obblighi di pubblicazione;";"{""l"": 69.05999999999995, ""t"": 397.91998291015676, ""r"": 550.1375999999999, ""b"": 373.298127895261, ""coord_origin"": ""BOTTOMLEFT""}";;;;False
atto_20;docling;json;atto_20.json;39;3;list_item;list_item;DI DICHIARARE la presente DELIBERA immediatamente eseguibile, ai sensi art. 1, c. 19, L.R. 21/2003, come sostituito dall'art. 17 della L.R. 17/2004.;"{""l"": 69.06, ""t"": 355.61998291015675, ""r"": 550.1375999999997, ""b"": 331.058127895261, ""coord_origin"": ""BOTTOMLEFT""}";;;;False
atto_20;docling;json;atto_20.json;40;3;section_header;heading;IL CONSIGLIO COMUNALE;"{""l"": 219.42, ""t"": 313.7039829101568, ""r"": 381.78, ""b"": 303.3829770622035, ""coord_origin"": ""BOTTOMLEFT""}";;;;False
atto_20;docling;json;atto_20.json;41;3;text;text;"VISTA la suesposta proposta di deliberazione;";"{""l"": 51.06, ""t"": 286.2239829101568, ""r"": 277.68, ""b"": 275.85812789526096, ""coord_origin"": ""BOTTOMLEFT""}";;;VISTO;False
atto_20;docling;json;atto_20.json;42;3;text;text;"VISTO che sulla stessa sono stati espressi i pareri di cui al D. Lgs. 267/2000;";"{""l"": 51.06, ""t"": 258.62398291015666, ""r"": 424.68, ""b"": 248.25812789526094, ""coord_origin"": ""BOTTOMLEFT""}";;;VISTO;False
atto_20;docling;json;atto_20.json;43;3;text;text;"RIUNITO l'organo collegiale nelle forme sopra descritte con l'assistenza del segretario comunale in ossequio all'art. 97 TUEL;";"{""l"": 51.06, ""t"": 231.02398291015663, ""r"": 550.1327999999995, ""b"": 206.85812789526096, ""coord_origin"": ""BOTTOMLEFT""}";;;;False
atto_20;docling;json;atto_20.json;44;3;text;text;"VISTO l'art. 1 comma 20 bis della L.R. n. 21 del 11.12.2003 in materia di pubblicazione delle deliberazioni degli enti locali;";"{""l"": 51.059999999999945, ""t"": 189.62398291015666, ""r"": 550.14, ""b"": 165.45812789526087, ""coord_origin"": ""BOTTOMLEFT""}";;;VISTO;False
atto_20;docling;json;atto_20.json;45;3;text;text;Il Sindaco prende la parola e comunica che come è noto la società in oggetto gestisce il ciclo integrato dei rifiuti per il Comune. Il comune è TENUTO a fissare, in virtù del decreto Madia, obiettivi circa le spese di funzionamento e del personale al fine del loro contenimento.;"{""l"": 51.059999999999945, ""t"": 148.22398291015656, ""r"": 550.1424000000001, ""b"": 110.25812789526094, ""coord_origin"": ""BOTTOMLEFT""}";;;;False
atto_20;docling;json;atto_20.json;46;3;text;text;"DATO ATTO che gli interventi sono registrati su supporto informatico depositato presso la segreteria che costituisce, ex art. 22, L. n. 241/1990 e s.m.i., documentazione a comprova della discussione ai sensi dell'art. 44 del Regolamento del Consiglio Comunale;";"{""l"": 51.059999999999945, ""t"": 93.08398291015658, ""r"": 550.1375999999995, ""b"": 55.11812789526084, ""coord_origin"": ""BOTTOMLEFT""}";;;DATO_ATTO;False
atto_20;docling;json;atto_20.json;47;3;page_footer;footer;Comune di Moimacco - Deliberazione n. 9 del 02/05/2024;"{""l"": 167.16, ""t"": 37.29322291015626, ""r"": 415.49568, ""b"": 28.637733972718365, ""coord_origin"": ""BOTTOMLEFT""}";;;;True
atto_20;docling;json;atto_20.json;48;3;page_footer;footer;3;"{""l"": 542.1, ""t"": 37.233222910156314, ""r"": 549.585, ""b"": 28.577733972718306, ""coord_origin"": ""BOTTOMLEFT""}";;;;True
atto_20;docling;json;atto_20.json;49;4;text;text;UDITA quindi la proposta del Presidente, si procede a votazione sull'argomento in esame.;"{""l"": 51.06, ""t"": 761.4239829101564, ""r"": 486.71999999999997, ""b"": 751.0581278952607, ""coord_origin"": ""BOTTOMLEFT""}";;;;False
atto_20;docling;json;atto_20.json;50;4;text;text;Procedutosi a votazione nei modi e nelle forme previste dalla legge, si ottiene il seguente risultato:;"{""l"": 51.06, ""t"": 733.8239829101565, ""r"": 526.5, ""b"": 723.4581278952608, ""coord_origin"": ""BOTTOMLEFT""}";;;;False
atto_20;docling;json;atto_20.json;51;4;text;text;Voti favorevoli: 11;"{""l"": 51.06000000000006, ""t"": 720.0239829101565, ""r"": 146.04000000000008, ""b"": 709.6581278952608, ""coord_origin"": ""BOTTOMLEFT""}";;;;False
atto_20;docling;json;atto_20.json;52;4;text;text;Voti contrari: -;"{""l"": 51.06000000000007, ""t"": 706.2239829101566, ""r"": 129.06000000000006, ""b"": 695.8581278952608, ""coord_origin"": ""BOTTOMLEFT""}";;;;False
atto_20;docling;json;atto_20.json;53;4;text;text;Astenuti: -;"{""l"": 51.06000000000007, ""t"": 692.4239829101566, ""r"": 108.06000000000007, ""b"": 682.0581278952609, ""coord_origin"": ""BOTTOMLEFT""}";;;;False
atto_20;docling;json;atto_20.json;54;4;text;text;pertanto, in esito alla suddetta votazione;"{""l"": 51.06000000000007, ""t"": 678.6239829101567, ""r"": 247.32000000000005, ""b"": 668.2581278952609, ""coord_origin"": ""BOTTOMLEFT""}";;;;False
atto_20;docling;json;atto_20.json;55;4;text;text;con voti resi ed ACCERTATI nelle forme di legge;"{""l"": 51.06000000000006, ""t"": 651.0239829101567, ""r"": 270.6600000000001, ""b"": 640.658127895261, ""coord_origin"": ""BOTTOMLEFT""}";;;;False
atto_20;docling;json;atto_20.json;56;4;section_header;heading;DELIBERA;"{""l"": 267.78000000000003, ""t"": 609.5039829101569, ""r"": 333.4200000000001, ""b"": 599.1829770622037, ""coord_origin"": ""BOTTOMLEFT""}";;DELIBERA;DELIBERA;False
atto_20;docling;json;atto_20.json;57;4;list_item;list_item;"di accogliere la superiore proposta ed in conseguenza di adottare il presente ATTO con la narrativa, la motivazione ed il dispositivo di cui alla proposta stessa, che qui si intende integralmente trascritta;";"{""l"": 69.06, ""t"": 581.5799829101569, ""r"": 550.14, ""b"": 543.2181278952612, ""coord_origin"": ""BOTTOMLEFT""}";;;;False
atto_20;docling;json;atto_20.json;58;4;list_item;list_item;di dichiarare, VISTA l'urgenza di procedere, con voti unanimi resi ed ACCERTATI con separata votazione (voti favorevoli 11, voti contrari -, astenuti - ), il presente ATTO immediatamente esecutivo ai sensi art. 1, c. 19, L.R. 21/2003, come sostituito dall'art. 17 della L.R. 17/2004.;"{""l"": 69.06000000000003, ""t"": 525.5399829101569, ""r"": 550.1399999999999, ""b"": 487.1781278952612, ""coord_origin"": ""BOTTOMLEFT""}";;;;False
atto_20;docling;json;atto_20.json;59;4;page_footer;footer;Comune di Moimacco - Deliberazione n. 9 del 02/05/2024;"{""l"": 167.16, ""t"": 37.29322291015626, ""r"": 415.49568, ""b"": 28.637733972718365, ""coord_origin"": ""BOTTOMLEFT""}";;;;True
atto_20;docling;json;atto_20.json;60;4;page_footer;footer;4;"{""l"": 542.1, ""t"": 37.233222910156314, ""r"": 549.585, ""b"": 28.577733972718306, ""coord_origin"": ""BOTTOMLEFT""}";;;;True
atto_20;docling;json;atto_20.json;61;5;section_header;heading;PARERE DI REGOLARITÁ TECNICA;"{""l"": 51.06, ""t"": 768.1592229101562, ""r"": 266.6946360000002, ""b"": 756.9759260496911, ""coord_origin"": ""BOTTOMLEFT""}";;;;False
atto_20;docling;json;atto_20.json;62;5;text;text;Con riferimento all'art. 49, comma 1° del D.Lgs.n. 267/2000 del T.U.EE.LL., è stato espresso parere favorevole alla regolarità tecnica sulla proposta di deliberazione in oggetto da DOTT.SSA MARTINA NOBILE in DATA 20 marzo 2024.;"{""l"": 51.06, ""t"": 739.8239829101562, ""r"": 550.1400000000001, ""b"": 701.8581278952606, ""coord_origin"": ""BOTTOMLEFT""}";;;;False
atto_20;docling;json;atto_20.json;63;5;section_header;heading;PARERE DI REGOLARITÁ CONTABILE;"{""l"": 54.06, ""t"": 636.1592229101562, ""r"": 286.97738400000003, ""b"": 624.9759260496911, ""coord_origin"": ""BOTTOMLEFT""}";;;;False
atto_20;docling;json;atto_20.json;64;5;text;text;Con riferimento all'art. 49, comma 1° del D.Lgs.n. 267/2000 del T.U.EE.LL., è stato espresso parere favorevole alla regolarità contabile sulla proposta di deliberazione in oggetto da DOTT.SSA MARIACRISTINA VIRGILIO in DATA 20 marzo 2024.;"{""l"": 51.06, ""t"": 607.8239829101562, ""r"": 550.1412000000004, ""b"": 569.8581278952606, ""coord_origin"": ""BOTTOMLEFT""}";;;;False
atto_20;docling;json;atto_20.json;65;5;page_footer;footer;Comune di Moimacco - Deliberazione n. 9 del 02/05/2024;"{""l"": 167.16, ""t"": 37.29322291015626, ""r"": 415.49568, ""b"": 28.637733972718365, ""coord_origin"": ""BOTTOMLEFT""}";;;;True
atto_20;docling;json;atto_20.json;66;5;page_footer;footer;5;"{""l"": 542.1, ""t"": 37.233222910156314, ""r"": 549.585, ""b"": 28.577733972718306, ""coord_origin"": ""BOTTOMLEFT""}";;;;True
atto_20;docling;json;atto_20.json;67;6;page_header;header;Letto, confermato e sottoscritto,;"{""l"": 51.06, ""t"": 789.0239829101563, ""r"": 207.66000000000003, ""b"": 778.6581278952606, ""coord_origin"": ""BOTTOMLEFT""}";;;;True
atto_20;docling;json;atto_20.json;68;6;section_header;heading;Il Presidente F.to Basaldella dott. Enrico;"{""l"": 86.82, ""t"": 761.4239829101563, ""r"": 221.46, ""b"": 737.2581278952605, ""coord_origin"": ""BOTTOMLEFT""}";;;;False
atto_20;docling;json;atto_20.json;69;6;section_header;heading;Il Segretario F.to Stanig dott.ssa Eva;"{""l"": 336.78, ""t"": 761.4239829101563, ""r"": 453.42, ""b"": 737.2581278952605, ""coord_origin"": ""BOTTOMLEFT""}";;;;False
atto_20;docling;json;atto_20.json;70;6;section_header;heading;ATTESTAZIONE DI PUBBLICAZIONE;"{""l"": 192.66000000000003, ""t"": 676.6439829101563, ""r"": 399.0, ""b"": 666.2781278952606, ""coord_origin"": ""BOTTOMLEFT""}";;;ATTESTA;False
atto_20;docling;json;atto_20.json;71;6;text;text;Si ATTESTA che la presente deliberazione viene pubblicata all'Albo pretorio on line dal 07/05/2024 al 22/05/2024 per quindici giorni consecutivi, ai sensi della L.R. n. 21/2003 e successive modificazioni.;"{""l"": 51.06000000000003, ""t"": 649.0439829101564, ""r"": 540.6600000000001, ""b"": 624.8781278952607, ""coord_origin"": ""BOTTOMLEFT""}";;;ATTESTA;False
atto_20;docling;json;atto_20.json;72;6;text;text;Comune di Moimacco, lì 07/05/2024;"{""l"": 51.06000000000006, ""t"": 607.6439829101565, ""r"": 237.7200000000001, ""b"": 597.2781278952608, ""coord_origin"": ""BOTTOMLEFT""}";;;;False
atto_20;docling;json;atto_20.json;73;6;text;text;Il Responsabile della Pubblicazione F.to rag. Maria Domenicone;"{""l"": 289.5, ""t"": 580.0439829101563, ""r"": 464.16, ""b"": 555.8781278952605, ""coord_origin"": ""BOTTOMLEFT""}";;;;False
atto_20;docling;json;atto_20.json;74;6;section_header;heading;ATTESTATO DI ESECUTIVITA';"{""l"": 209.4, ""t"": 495.2639829101563, ""r"": 382.32000000000005, ""b"": 484.89812789526053, ""coord_origin"": ""BOTTOMLEFT""}";;;ATTESTA;False
atto_20;docling;json;atto_20.json;75;6;text;text;La presente deliberazione è divenuta esecutiva il giorno 02/05/2024, poiché dichiarata immediatamente esecutiva (art. 1, comma 19 della L.R. 11/12/2003 n. 21 come modificato dall'art. 17 della L.R. 24/05/2004 n. 17).;"{""l"": 51.06, ""t"": 467.6639829101563, ""r"": 540.6600000000001, ""b"": 429.6981278952605, ""coord_origin"": ""BOTTOMLEFT""}";;;;False
atto_20;docling;json;atto_20.json;76;6;text;text;Lì 07/05/2024;"{""l"": 51.060000000000116, ""t"": 412.46398291015623, ""r"": 125.40000000000012, ""b"": 402.09812789526046, ""coord_origin"": ""BOTTOMLEFT""}";;;;False
atto_20;docling;json;atto_20.json;77;6;text;text;Il Responsabile dell'esecutività F.to rag. Maria Domenicone;"{""l"": 342.9, ""t"": 384.8639829101563, ""r"": 493.6079999999999, ""b"": 360.69812789526054, ""coord_origin"": ""BOTTOMLEFT""}";;;;False
atto_20;docling;json;atto_20.json;78;6;text;text;Copia conforme all'originale, in carta libera ad uso amministrativo.;"{""l"": 51.06, ""t"": 244.8839829101563, ""r"": 377.88, ""b"": 234.5181278952606, ""coord_origin"": ""BOTTOMLEFT""}";;;;False
atto_20;docling;json;atto_20.json;79;6;text;text;Lì 07/05/2024;"{""l"": 51.06, ""t"": 217.28398291015628, ""r"": 125.4, ""b"": 206.91812789526057, ""coord_origin"": ""BOTTOMLEFT""}";;;;False
atto_20;docling;json;atto_20.json;80;6;text;text;Il Responsabile del Procedimento Rag. Maria Domenicone;"{""l"": 299.28, ""t"": 203.48398291015633, ""r"": 463.92, ""b"": 179.31812789526055, ""coord_origin"": ""BOTTOMLEFT""}";;;;False
atto_20;docling;json;atto_20.json;81;6;page_footer;footer;Comune di Moimacco - Deliberazione n. 9 del 02/05/2024;"{""l"": 167.16, ""t"": 37.29322291015626, ""r"": 415.49568, ""b"": 28.637733972718365, ""coord_origin"": ""BOTTOMLEFT""}";;;;True
atto_20;docling;json;atto_20.json;82;6;page_footer;footer;6;"{""l"": 542.1, ""t"": 37.233222910156314, ""r"": 549.585, ""b"": 28.577733972718306, ""coord_origin"": ""BOTTOMLEFT""}";;;;True
atto_3;docling;json;atto_3.json;1;1;picture;figure;[figure];"{""l"": 58.51446533203125, ""t"": 757.6317138671875, ""r"": 238.87428283691406, ""b"": 661.3275909423828, ""coord_origin"": ""BOTTOMLEFT""}";;;;True
atto_3;docling;json;atto_3.json;2;1;section_header;heading;DELIBERAZIONE DELLA GIUNTA COMUNALE;"{""l"": 135.02, ""t"": 654.5199829101563, ""r"": 464.368, ""b"": 636.5199829101563, ""coord_origin"": ""BOTTOMLEFT""}";;;;False
atto_3;docling;json;atto_3.json;3;1;table;table;[table];"{""l"": 34.076637268066406, ""t"": 614.6149597167969, ""r"": 553.2103271484375, ""b"": 571.2691345214844, ""coord_origin"": ""BOTTOMLEFT""}";;;;True
atto_3;docling;json;atto_3.json;4;1;text;text;L'anno duemilaventisei, addì 04 del mese di Giugno alle ore 20:00 nella sala delle adunanze del Comune suddetto, convocata regolarmente la Giunta Municipale, si è la medesima riunita nelle persone seguenti:;"{""l"": 63.744, ""t"": 549.4599829101563, ""r"": 526.1077599999999, ""b"": 528.4599829101563, ""coord_origin"": ""BOTTOMLEFT""}";;;;False
atto_3;docling;json;atto_3.json;5;1;table;table;[table];"{""l"": 60.53858184814453, ""t"": 517.1354370117188, ""r"": 545.8064575195312, ""b"": 421.4022521972656, ""coord_origin"": ""BOTTOMLEFT""}";;;;True
atto_3;docling;json;atto_3.json;6;1;text;text;"La verifica della regolarità della seduta, svolta secondo le modalità STABILITE nel decreto n. 2 del 05/05/2020, in base alla previsione dell'art. 73, del D.L: 17 marzo 2020, n. 18, è stata operata dal Segretario Comunale Dott. Zanzarella Vincenzo Presiede il Sig. Giuseppe Ciccolini nella sua qualità di Sindaco;";"{""l"": 56.664, ""t"": 407.9599829101563, ""r"": 540.8224799999999, ""b"": 375.3199829101563, ""coord_origin"": ""BOTTOMLEFT""}";;;;False
atto_3;docling;json;atto_3.json;7;1;text;text;Partecipa con funzioni consultive referenti e di assistenza e ne cura la relativa verbalizzazione il Segretario Comunale Dott. Zanzarella Vincenzo. Il Sindaco, constatato il numero legale degli intervenuti, dichiara aperta la riunione e li invita a DELIBERARE sull'oggetto sopraindicato.;"{""l"": 56.664, ""t"": 373.1599829101563, ""r"": 540.8024399999999, ""b"": 340.5199829101563, ""coord_origin"": ""BOTTOMLEFT""}";;;;False
atto_3;docling;json;atto_3.json;8;1;section_header;heading;LA GIUNTA COMUNALE;"{""l"": 252.41, ""t"": 326.8399829101563, ""r"": 344.93248, ""b"": 317.3599829101563, ""coord_origin"": ""BOTTOMLEFT""}";;;;False
atto_3;docling;json;atto_3.json;9;1;text;text;ACQUISITI i pareri di cui all'articolo 49 del T.U. 267/00:;"{""l"": 56.664, ""t"": 303.67998291015624, ""r"": 260.54088000000013, ""b"": 294.1999829101562, ""coord_origin"": ""BOTTOMLEFT""}";;;ACQUISITI_PARERI;False
atto_3;docling;json;atto_3.json;10;1;table;table;[table];"{""l"": 55.5983772277832, ""t"": 295.24383544921875, ""r"": 566.0574951171875, ""b"": 245.8753662109375, ""coord_origin"": ""BOTTOMLEFT""}";;;;True
atto_3;docling;json;atto_3.json;11;1;text;text;(Dott.ssa Lucia A. Palmas );"{""l"": 461.26, ""t"": 267.28998291015637, ""r"": 594.4160799999997, ""b"": 257.80998291015635, ""coord_origin"": ""BOTTOMLEFT""}";;;;False
atto_3;docling;json;atto_3.json;12;1;table;table;[table];"{""l"": 55.83802795410156, ""t"": 234.07861328125, ""r"": 566.3112182617188, ""b"": 184.7974853515625, ""coord_origin"": ""BOTTOMLEFT""}";;;;True
atto_3;docling;json;atto_3.json;13;2;text;text;Il presente verbale viene approvato e sottoscritto come segue:;"{""l"": 56.664, ""t"": 769.0899829101563, ""r"": 300.53247999999996, ""b"": 759.6099829101563, ""coord_origin"": ""BOTTOMLEFT""}";;;;False
atto_3;docling;json;atto_3.json;14;2;text;text;Il Sindaco (Sig. Giuseppe Ciccolini);"{""l"": 250.73, ""t"": 749.7699829101563, ""r"": 346.61248, ""b"": 728.6499829101563, ""coord_origin"": ""BOTTOMLEFT""}";;;;False
atto_3;docling;json;atto_3.json;15;2;text;text;Il Segretario Comunale (Dott. Zanzarella Vincenzo);"{""l"": 245.57, ""t"": 714.9699829101563, ""r"": 351.77248, ""b"": 693.8499829101563, ""coord_origin"": ""BOTTOMLEFT""}";;;;False
atto_3;docling;json;atto_3.json;16;2;text;text;Il sottoscritto Segretario comunale, VISTI gli atti d'ufficio,;"{""l"": 56.664, ""t"": 654.4899829101563, ""r"": 272.4477600000002, ""b"": 645.0099829101563, ""coord_origin"": ""BOTTOMLEFT""}";;;;False
atto_3;docling;json;atto_3.json;17;2;text;text;ATTESTA;"{""l"": 280.73, ""t"": 642.8499829101563, ""r"": 316.73247999999995, ""b"": 633.3699829101563, ""coord_origin"": ""BOTTOMLEFT""}";;ATTESTA;ATTESTA;False
atto_3;docling;json;atto_3.json;18;2;text;text;che la presente deliberazione:;"{""l"": 56.664, ""t"": 625.4499829101563, ""r"": 174.96248, ""b"": 615.9699829101563, ""coord_origin"": ""BOTTOMLEFT""}";;;;False
atto_3;docling;json;atto_3.json;19;2;list_item;list_item; È stata affissa all'Albo Pretorio Comunale per quindici giorni consecutivi, dal 05/06/2026 al 20/06/2026 ai sensi dell'art.;"{""l"": 58.824, ""t"": 608.2190629101563, ""r"": 540.7674399999999, ""b"": 598.5399829101563, ""coord_origin"": ""BOTTOMLEFT""}";;;;False
atto_3;docling;json;atto_3.json;20;2;text;text;"124, comma 1, D.Lgs. 267/2000 senza reclami;";"{""l"": 78.024, ""t"": 590.6199829101563, ""r"": 258.87248, ""b"": 581.1399829101563, ""coord_origin"": ""BOTTOMLEFT""}";;;;False
atto_3;docling;json;atto_3.json;21;2;checkbox_selected;other; È diventata esecutiva il giorno 04/06/2026;"{""l"": 58.824, ""t"": 573.4190629101563, ""r"": 235.11248, ""b"": 563.7399829101563, ""coord_origin"": ""BOTTOMLEFT""}";;;;False
atto_3;docling;json;atto_3.json;22;2;checkbox_unselected;other;" Perché dichiarata immediatamente eseguibile (art 134, comma 4, D.Lgs. 267/2000);";"{""l"": 73.584, ""t"": 556.0190629101563, ""r"": 409.01248, ""b"": 546.3399829101563, ""coord_origin"": ""BOTTOMLEFT""}";;;;False
atto_3;docling;json;atto_3.json;23;2;checkbox_unselected;other;" Perché decorsi 10 giorni dalla pubblicazione (art. 134, comma 3, D. Lgs. 267/2000);";"{""l"": 73.584, ""t"": 538.6190629101562, ""r"": 405.29247999999995, ""b"": 528.9399829101562, ""coord_origin"": ""BOTTOMLEFT""}";;;;False
atto_3;docling;json;atto_3.json;24;2;text;text;Dalla residenza comunale, lì 05/06/2026;"{""l"": 56.664, ""t"": 503.7399829101563, ""r"": 214.35248, ""b"": 494.2599829101563, ""coord_origin"": ""BOTTOMLEFT""}";;;;False
atto_3;docling;json;atto_3.json;25;2;text;text;Il Segretario Comunale (Dott. Dott. Zanzarella Vincenzo);"{""l"": 269.09, ""t"": 503.7399829101563, ""r"": 436.76248, ""b"": 482.6199829101563, ""coord_origin"": ""BOTTOMLEFT""}";;;;False
atto_3;docling;json;atto_3.json;26;3;text;text;Oggetto: Centro estivo Comune di Bitti. Anno 2026. ATTO di indirizzo per l'attivazione.;"{""l"": 56.664, ""t"": 748.2422629101563, ""r"": 401.8, ""b"": 726.3467029101563, ""coord_origin"": ""BOTTOMLEFT""}";;;;False
atto_3;docling;json;atto_3.json;27;3;section_header;heading;LA GIUNTA MUNICIPALE;"{""l"": 242.81, ""t"": 702.6308629101563, ""r"": 364.99888000000004, ""b"": 693.6974582692723, ""coord_origin"": ""BOTTOMLEFT""}";;;;False
atto_3;docling;json;atto_3.json;28;3;text;text;"VISTA la Deliberazione CC n. 3 del 13/03/2026 di approvazione del documento unico di programmazione (DUP) -periodo 2026-2028 discussione e conseguente deliberazione (art. 170, comma 1, del d.lgs. n. 267/2000);";"{""l"": 56.664, ""t"": 672.6422629101563, ""r"": 538.72, ""b"": 652.5467029101563, ""coord_origin"": ""BOTTOMLEFT""}";;;VISTO;False
atto_3;docling;json;atto_3.json;29;3;text;text;"VISTA la Deliberazione del Consiglio Comunale N. 4 DEL 13/03/2026 avente per oggetto APPROVAZIONE DEL BILANCIO DI PREVISIONE FINANZIARIO 2026-2028 (ART. 151 DEL D.LGS. N. 267/2000 E ART. 10, D.LGS. N. 118/2011);";"{""l"": 56.664, ""t"": 638.0822629101563, ""r"": 540.7804400000008, ""b"": 606.5567029101563, ""coord_origin"": ""BOTTOMLEFT""}";;;VISTO;False
atto_3;docling;json;atto_3.json;30;3;text;text;"VISTO il decreto legislativo 23/6/2011 n. 118, emanato in attuazione degli art. 1 e 2 della legge 5 maggio 2009 n. 42 recante 'Disposizioni in materia di armonizzazione dei sistemi contabili e degli schemi di bilancio delle regioni, degli enti locali e dei loro organismi';";"{""l"": 56.664, ""t"": 589.5722629101563, ""r"": 540.5506800000005, ""b"": 553.0367029101564, ""coord_origin"": ""BOTTOMLEFT""}";;;VISTO;False
atto_3;docling;json;atto_3.json;31;3;text;text;"VISTO il decreto legislativo 18 agosto 2000, n. 267, come modificato e integrato dal D.Lgs. 10 agosto 2014, n. 126, dalla L. 23 dicembre 2014, n. 190 e dal D.L. 19 giugno 2015, n. 78, convertito, con modificazioni, dalla L. 6 agosto 2015, n. 125 e in particolare gli artt. 107, 163, 183, 185 e 191;";"{""l"": 56.664, ""t"": 536.0522629101563, ""r"": 540.3415200000012, ""b"": 502.6367029101563, ""coord_origin"": ""BOTTOMLEFT""}";;;VISTO;False
atto_3;docling;json;atto_3.json;32;3;text;text;"PREMESSO che per l' Amministrazione Comunale riveste fondamentale importanza la promozione e valorizzazione della socialità, nelle sue varie manifestazioni, anche quali momenti di arricchimento e svago rivolti sia agli adulti che ai minori;";"{""l"": 56.664, ""t"": 490.81226291015633, ""r"": 541.17, ""b"": 457.5167029101563, ""coord_origin"": ""BOTTOMLEFT""}";;;PREMESSO;False
atto_3;docling;json;atto_3.json;33;3;text;text;"DATO ATTO che le attività estive per bambini e ragazzi rappresentano una soluzione sempre più utilizzata dalle famiglie e nei centri estivi i bambini si ritrovano a spendersi in contesti diversi di gioco, di movimento, di relazione e scambio tra il gruppo dei pari;";"{""l"": 56.664, ""t"": 445.6722629101563, ""r"": 541.15024, ""b"": 412.2567029101563, ""coord_origin"": ""BOTTOMLEFT""}";;;DATO_ATTO;False
atto_3;docling;json;atto_3.json;34;3;text;text;VISTA la legge 30 dicembre 2025, n. 199, che prevede, all'articolo 1, comma 222, che, al fine di sostenere le famiglie e facilitare la conciliazione fra vita privata e lavoro, nello stato di previsione del Ministero dell'economia e delle finanze, per il successivo trasferimento al bilancio autonomo della Presidenza del Consiglio dei ministri -Dipartimento per le Politiche della famiglia, è istituito un Fondo per le attività socio-educative a favore dei minori, con una dotazione pari a 60 milioni di euro annui a decorrere dall'anno 2026, destinato al finanziamento di iniziative dei comuni, da attuare anche in collaborazione con enti pubblici e privati, finalizzate al potenziamento dei centri estivi, dei servizi socioeducativi territoriali e dei centri con funzione educativa e ricreativa che svolgono attività a favore dei minori.;"{""l"": 56.664, ""t"": 400.4322629101563, ""r"": 541.05988, ""b"": 322.8567029101563, ""coord_origin"": ""BOTTOMLEFT""}";;;VISTO;False
atto_3;docling;json;atto_3.json;35;3;text;text;CHE il Comune di Bitti entro la DATA di scadenza ha trasmesso la propria manifestazione di interesse per usufruire del Fondo per le attività socioeducative a favore dei minori per l'anno 2026, come risultante l'elenco provvisorio dei comuni che hanno manifestato l'interesse al finanziamento per le attività socioeducative per l'anno 2026;"{""l"": 56.664, ""t"": 308.3922629101563, ""r"": 540.6066800000008, ""b"": 276.8667029101564, ""coord_origin"": ""BOTTOMLEFT""}";;;;False
atto_3;docling;json;atto_3.json;36;3;text;text;"VISTA la Legge Regionale 12 marzo 2026, n. 7, che reca disposizioni per il sostegno alla fruizione dei centri estivi, ne riconosce il valore educativo, sociale e di supporto alla conciliazione dei tempi di vita e di lavoro, promuovendo e sostenendo la partecipazione dei minori residenti in Sardegna, nel periodo di sospensione delle attività scolastiche, alle attività svolte in tali contesti e qualifica 'centri estivi' le strutture nelle quali si organizzano attività diurne di natur a ludico-ricreativa ed educativa rivolte a minori di età compresa tra i 3 e i 17 anni;";"{""l"": 56.664, ""t"": 262.4022629101563, ""r"": 541.15024, ""b"": 207.86670291015628, ""coord_origin"": ""BOTTOMLEFT""}";;;VISTO;False
atto_3;docling;json;atto_3.json;37;3;text;text;"RICHIAMATA la determinazione n. 288 del 13.05.2026 avente per oggetto : 'Legge regionale 12 marzo 2026, n. 7 (Disposizioni per il sostegno alla fruizione dei centri estivi), articoli 2 e 4 e Deliberazione della Giunta Regionale n. 18/39 del 22.04.2026: Primo programma sperimentale di finanziamento'. Approvazione avviso e modulistica annualità 2026.' . Approvazione Avviso pubblico e relativa modulistica. Apertura Termini presentazione domande;";"{""l"": 56.664, ""t"": 192.20226291015626, ""r"": 540.8701600000003, ""b"": 149.18670291015633, ""coord_origin"": ""BOTTOMLEFT""}";;;RICHIAMATO;False
atto_3;docling;json;atto_3.json;38;3;text;text;"CHE entro la DATA del 20 maggio 2026 n. 22 famiglie hanno manifestato il proprio interessate alla frequenza di centri estivi da parte dei propri figli;";"{""l"": 56.664, ""t"": 134.70226291015626, ""r"": 541.0117600000001, ""b"": 114.60670291015629, ""coord_origin"": ""BOTTOMLEFT""}";;;;False
atto_3;docling;json;atto_3.json;39;3;text;text;"CHE si intende attivare questo importante servizio a favore di minori di età compresa tra i 4 (nati anno 2022) e i 9 anni (nati anno 2017) a partire dal 15 giugno e fino alla DATA del 8 agosto 2026 dando la possibilità di partecipazione anche ai minori che nel periodo estivo trascorrono le proprie vacanze nel nostro paese;";"{""l"": 56.664, ""t"": 100.26226291015632, ""r"": 541.17, ""b"": 65.16670291015635, ""coord_origin"": ""BOTTOMLEFT""}";;;;False
atto_3;docling;json;atto_3.json;40;4;text;text;"CHE si rende necessario inoltre stabilire la quota di partecipazione al centro estivo fissato per tutto il periodo in € 150,00 quale contribuzione utenza e rimborsabile sottoforma di voucher in base alle disponibilità delle somme che la Regione Sardegna garantirà per il sostegno e concesse ai sensi della Legge Regionale 12 marzo 2026, n. 7 e secondo i criteri STABILITI dalla stessa;";"{""l"": 56.664, ""t"": 768.6422629101563, ""r"": 541.0951600000002, ""b"": 720.3467029101563, ""coord_origin"": ""BOTTOMLEFT""}";;;;False
atto_3;docling;json;atto_3.json;41;4;text;text;"RITENUTO di demandare agli Uffici la gestione dell'iter amministrativo correlato;";"{""l"": 56.664, ""t"": 707.6822629101563, ""r"": 390.3760400000005, ""b"": 699.1067029101563, ""coord_origin"": ""BOTTOMLEFT""}";;;RITENUTO;False
atto_3;docling;json;atto_3.json;42;4;text;text;"Tutto ciò PREMESSO e CONSIDERATO;";"{""l"": 56.664, ""t"": 686.4422629101563, ""r"": 193.82000000000002, ""b"": 677.8667029101563, ""coord_origin"": ""BOTTOMLEFT""}";;;;False
atto_3;docling;json;atto_3.json;43;4;text;text;Con votazione unanime espressa nelle forme di legge;"{""l"": 56.664, ""t"": 665.2022629101563, ""r"": 272.78000000000003, ""b"": 656.6267029101563, ""coord_origin"": ""BOTTOMLEFT""}";0.0;;;False
atto_3;docling;json;atto_3.json;44;4;section_header;heading;DELIBERA;"{""l"": 277.85, ""t"": 644.0822629101563, ""r"": 329.8, ""b"": 635.5067029101563, ""coord_origin"": ""BOTTOMLEFT""}";;DELIBERA;DELIBERA;False
atto_3;docling;json;atto_3.json;45;4;text;text;"DI ATTIVARE il centro estivo a favore di minori di età compresa tra i 4 (nati anno 2022) e i 9 anni (nati anno 2017) a partire dal 15 giugno e fino alla DATA del 8 agosto 2026 dando la possibilità di partecipazione anche ai minori che nel periodo estivo trascorrono le proprie vacanze nel nostro paese;";"{""l"": 56.664, ""t"": 622.8422629101564, ""r"": 541.15024, ""b"": 587.7167029101563, ""coord_origin"": ""BOTTOMLEFT""}";;;;False
atto_3;docling;json;atto_3.json;46;4;text;text;"DI STABILIRE la quota di partecipazione al centro estivo è fissata per tutto i l periodo in € 150,00 quale contribuzione utenza e rimborsabile sottoforma di voucher in base alle disponibilità delle somme che la Regione Sardegna garantirà per il sostegno per questa misura e concesse ai sensi della Legge Regionale 12 marzo 2026, n. 7 e secondo i criteri STABILITI dalla stessa;";"{""l"": 56.664, ""t"": 575.0522629101563, ""r"": 541.06336, ""b"": 526.8767029101563, ""coord_origin"": ""BOTTOMLEFT""}";;;;False
atto_3;docling;json;atto_3.json;47;4;text;text;"DI DARE ATTO che eventuali attività aggiuntive o extra possono richiedere una contribuzione aggiuntiva a carico degli utenti;";"{""l"": 56.664, ""t"": 514.2122629101563, ""r"": 540.5307600000004, ""b"": 492.4367029101563, ""coord_origin"": ""BOTTOMLEFT""}";;;;False
atto_3;docling;json;atto_3.json;48;4;text;text;"DI DARE MANDATO agli Uffici per l'iter istruttorio;";"{""l"": 56.664, ""t"": 479.7722629101563, ""r"": 274.72824, ""b"": 471.1967029101563, ""coord_origin"": ""BOTTOMLEFT""}";;;;False
atto_3;docling;json;atto_3.json;49;4;text;text;DI DICHIARARE la presente deliberazione, con separata ed unanime votazione, immediatamente esecutiva, ai sensi dell'art. 134, comma 4, del d.lgs.267/2000.;"{""l"": 56.664, ""t"": 460.3322629101563, ""r"": 540.5407200000002, ""b"": 440.2167029101563, ""coord_origin"": ""BOTTOMLEFT""}";;;;False
atto_4;docling;json;atto_4.json;1;1;page_header;header;PIANO NAZIONALE DI RIPRESA E RESILIENZA (PNRR);"{""l"": 56.64, ""t"": 797.9731029101563, ""r"": 268.80512, ""b"": 790.7618003687198, ""coord_origin"": ""BOTTOMLEFT""}";;;;False
atto_4;docling;json;atto_4.json;2;1;page_header;header;Missione 2 -Componente 4 Sub-investimento 2.1b;"{""l"": 56.64, ""t"": 784.2931029101563, ""r"": 255.00512, ""b"": 777.0818003687199, ""coord_origin"": ""BOTTOMLEFT""}";;;;False
atto_4;docling;json;atto_4.json;3;1;picture;figure;[figure];"{""l"": 58.038795471191406, ""t"": 754.7551116943359, ""r"": 117.04131317138672, ""b"": 668.2497711181641, ""coord_origin"": ""BOTTOMLEFT""}";;;;True
atto_4;docling;json;atto_4.json;4;1;section_header;heading;N.;"{""l"": 60.264, ""t"": 623.3778229101564, ""r"": 85.97399999999999, ""b"": 609.7553519124765, ""coord_origin"": ""BOTTOMLEFT""}";;;;False
atto_4;docling;json;atto_4.json;5;1;section_header;heading;53 del 24.06.2026;"{""l"": 60.264, ""t"": 601.2039829101562, ""r"": 132.53, ""b"": 533.1653519124765, ""coord_origin"": ""BOTTOMLEFT""}";;;;False
atto_4;docling;json;atto_4.json;6;1;section_header;heading;Comune di Bitti;"{""l"": 167.54, ""t"": 741.1479829101562, ""r"": 252.29, ""b"": 730.9055235134045, ""coord_origin"": ""BOTTOMLEFT""}";;;;False
atto_4;docling;json;atto_4.json;7;1;text;text;Piazza Giorgio Asproni, 47 08021 BITTI (NU);"{""l"": 167.54, ""t"": 722.1738229101562, ""r"": 275.42, ""b"": 700.7125816108523, ""coord_origin"": ""BOTTOMLEFT""}";;;;False
atto_4;docling;json;atto_4.json;8;1;text;text;Tel.: 0784 41 80 20;"{""l"": 167.54, ""t"": 696.2538229101563, ""r"": 243.86, ""b"": 687.7525816108523, ""coord_origin"": ""BOTTOMLEFT""}";;;;False
atto_4;docling;json;atto_4.json;9;1;text;text;-;"{""l"": 243.89, ""t"": 696.2538229101563, ""r"": 248.86999999999998, ""b"": 687.7525816108523, ""coord_origin"": ""BOTTOMLEFT""}";;;;False
atto_4;docling;json;atto_4.json;10;1;text;text;Fax: 0784 41 43 08;"{""l"": 248.93, ""t"": 696.2538229101563, ""r"": 327.28000000000003, ""b"": 687.7525816108523, ""coord_origin"": ""BOTTOMLEFT""}";;;;False
atto_4;docling;json;atto_4.json;11;1;text;text;www.comune.bitti.nu.it -protocollo@pec.comune.bitti.nu.it;"{""l"": 167.54, ""t"": 683.4138229101562, ""r"": 406.96000000000004, ""b"": 674.9125816108523, ""coord_origin"": ""BOTTOMLEFT""}";;;;False
atto_4;docling;json;atto_4.json;12;1;section_header;heading;DELIBERA DELLA GIUNTA MUNICIPALE;"{""l"": 144.86, ""t"": 656.9499829101562, ""r"": 454.09, ""b"": 644.1469086642167, ""coord_origin"": ""BOTTOMLEFT""}";;;DELIBERA;False
atto_4;docling;json;atto_4.json;13;1;section_header;heading;OGGETTO;"{""l"": 152.42, ""t"": 623.3778229101564, ""r"": 236.24, ""b"": 609.7553519124765, ""coord_origin"": ""BOTTOMLEFT""}";;;;False
atto_4;docling;json;atto_4.json;14;1;text;text;ID 6.7 EX ID 12 -RIPRISTINI PUNTUALI DI DISSESTI IN VARIE VIE DEL CENTRO URBANO, finanziato nell'ambito dell'Accordo di concessione di finanziamento tra la Regione Autonoma della Sardegna - Direzione Generale della Protezione Civile e il Comune di Bitti (NU).;"{""l"": 152.42, ""t"": 606.4801429101562, ""r"": 544.9770399999999, ""b"": 559.8270802651447, ""coord_origin"": ""BOTTOMLEFT""}";;;;False
atto_4;docling;json;atto_4.json;15;1;text;text;CUP: E97H21011870006;"{""l"": 152.42, ""t"": 556.8901429101562, ""r"": 263.93, ""b"": 547.4670802651447, ""coord_origin"": ""BOTTOMLEFT""}";;;;False
atto_4;docling;json;atto_4.json;16;1;text;text;Anticipazione di cassa per chiusura e rendicontazione interventi.;"{""l"": 152.42, ""t"": 544.5301429101562, ""r"": 428.46999999999997, ""b"": 535.1070802651446, ""coord_origin"": ""BOTTOMLEFT""}";;;;False
atto_4;docling;json;atto_4.json;17;1;text;text;L'anno duemila ventisei , addì ventiquattro del mese di giugno alle ore 10:40 nella sala delle adunanze del Comune suddetto, convocata con apposito avviso la Giunta Municipale, si è la medesima riunita nelle persone seguenti:;"{""l"": 56.64, ""t"": 515.3979829101563, ""r"": 541.5760000000001, ""b"": 478.15552351340455, ""coord_origin"": ""BOTTOMLEFT""}";;;;False
atto_4;docling;json;atto_4.json;18;1;table;table;[table];"{""l"": 51.440059661865234, ""t"": 478.2939758300781, ""r"": 545.4447021484375, ""b"": 413.025390625, ""coord_origin"": ""BOTTOMLEFT""}";;;;True
atto_4;docling;json;atto_4.json;19;1;text;text;Il Sindaco, constatato il numero legale degli intervenuti, dichiara aperta la riunione e li invita a DELIBERARE sull'oggetto sopraindicato.;"{""l"": 56.64, ""t"": 397.6779829101563, ""r"": 532.7039999999998, ""b"": 373.85552351340453, ""coord_origin"": ""BOTTOMLEFT""}";;;;False
atto_4;docling;json;atto_4.json;20;1;text;text;La verifica della regolarità della seduta, svolta secondo le modalità STABILITE nel decreto n. 2 del 05/05/2020, in base alla previsione dell'art. 73, del DL 17 marzo 2020, n. 18, è stata operata dal Segretario Comunale Dott.ssa Donatella Pipere.;"{""l"": 56.64, ""t"": 370.6579829101563, ""r"": 532.692, ""b"": 333.41552351340454, ""coord_origin"": ""BOTTOMLEFT""}";;;;False
atto_4;docling;json;atto_4.json;21;1;section_header;heading;LA GIUNTA COMUNALE;"{""l"": 226.49, ""t"": 316.6579829101563, ""r"": 368.7020000000001, ""b"": 306.41552351340454, ""coord_origin"": ""BOTTOMLEFT""}";;;;False
atto_4;docling;json;atto_4.json;22;1;text;text;ACQUISITI i pareri di cui all'articolo 49 del Decreto Legislativo 18 agosto 2000, n. 267:;"{""l"": 56.64, ""t"": 289.6579829101563, ""r"": 447.3959999999998, ""b"": 279.41552351340454, ""coord_origin"": ""BOTTOMLEFT""}";;;ACQUISITI_PARERI;False
atto_4;docling;json;atto_4.json;23;1;list_item;list_item;1 Si esprime parere favorevole sotto il profilo tecnico-amministrativo.;"{""l"": 60.264, ""t"": 261.8179829101563, ""r"": 398.95, ""b"": 251.5755235134045, ""coord_origin"": ""BOTTOMLEFT""}";;;;False
atto_4;docling;json;atto_4.json;24;1;text;text;IL RESPONSABILE DEL SERVIZIO TECNICO f.to Ing. Eugenio Tucconi;"{""l"": 286.85, ""t"": 247.6579829101563, ""r"": 532.06, ""b"": 223.8555235134046, ""coord_origin"": ""BOTTOMLEFT""}";;;;False
atto_4;docling;json;atto_4.json;25;1;list_item;list_item;2 Si esprime parere favorevole sulla regolarità contabile attestante la copertura finanziaria.;"{""l"": 60.264, ""t"": 165.06798291015627, ""r"": 490.78, ""b"": 154.8255235134045, ""coord_origin"": ""BOTTOMLEFT""}";;;;False
atto_4;docling;json;atto_4.json;26;1;text;text;IL RESPONSABILE DEL SERVIZIO FINANZIARIO f.to Dott.ssa. Maria Debora Cosseddu;"{""l"": 266.93, ""t"": 150.7879829101563, ""r"": 537.82, ""b"": 127.10552351340459, ""coord_origin"": ""BOTTOMLEFT""}";;;;False
atto_4;docling;json;atto_4.json;27;1;picture;figure;[figure];"{""l"": 401.44647216796875, ""t"": 803.1553726196289, ""r"": 527.8340454101562, ""b"": 773.7973403930664, ""coord_origin"": ""BOTTOMLEFT""}";;;;True
atto_4;docling;json;atto_4.json;28;1;page_footer;footer;Pagina 1;"{""l"": 265.13, ""t"": 46.13998291015628, ""r"": 309.77, ""b"": 35.807982910156284, ""coord_origin"": ""BOTTOMLEFT""}";;;;True
atto_4;docling;json;atto_4.json;29;2;page_header;header;Missione 2 -Componente 4 Sub-investimento 2.1b;"{""l"": 56.64, ""t"": 784.2931029101563, ""r"": 255.00512, ""b"": 777.0818003687199, ""coord_origin"": ""BOTTOMLEFT""}";;;;False
atto_4;docling;json;atto_4.json;30;2;section_header;heading;PIANO NAZIONALE DI RIPRESA E RESILIENZA (PNRR);"{""l"": 56.64, ""t"": 797.9731029101563, ""r"": 268.80512, ""b"": 790.7618003687198, ""coord_origin"": ""BOTTOMLEFT""}";;;;False
atto_4;docling;json;atto_4.json;31;2;text;text;Il Sindaco espone l'argomento:;"{""l"": 56.64, ""t"": 737.0401429101563, ""r"": 188.38031999999998, ""b"": 727.6170802651448, ""coord_origin"": ""BOTTOMLEFT""}";;;;False
atto_4;docling;json;atto_4.json;32;2;section_header;heading;VISTI:;"{""l"": 56.64, ""t"": 716.8801429101562, ""r"": 91.464, ""b"": 707.4570802651447, ""coord_origin"": ""BOTTOMLEFT""}";;;VISTO;False
atto_4;docling;json;atto_4.json;33;2;list_item;list_item;"-il Regolamento (UE) 12 febbraio 2021, n. 2021/241, che istituisce il dispositivo per la ripresa e la resilienza;";"{""l"": 64.944, ""t"": 695.4707029101563, ""r"": 539.5, ""b"": 685.6170802651448, ""coord_origin"": ""BOTTOMLEFT""}";;;;False
atto_4;docling;json;atto_4.json;34;2;list_item;list_item;-il Piano Nazionale di Ripresa e Resilienza (PNRR) approvato con Decisione del Consiglio ECOFIN del 13 luglio 2021 e notificata all'Italia dal Segretariato generale del Consiglio con nota LT161/21, del 14 luglio 2021-;"{""l"": 64.944, ""t"": 673.6307029101563, ""r"": 542.3774400000004, ""b"": 635.3370802651447, ""coord_origin"": ""BOTTOMLEFT""}";;;;False
atto_4;docling;json;atto_4.json;35;2;list_item;list_item;"-la Missione 2 - Componente 4 - SubInvestimento 2.1b del PNRR che prevede 'Misure per la gestione del rischio di alluvione e per la riduzione del rischio idrogeologico';";"{""l"": 64.944, ""t"": 623.3507029101563, ""r"": 542.4855200000002, ""b"": 599.3370802651447, ""coord_origin"": ""BOTTOMLEFT""}";;;;False
atto_4;docling;json;atto_4.json;36;2;list_item;list_item;"-il Regolamento (UE) 2018/1046 del 18 luglio 2018, che stabilisce le regole finanziarie applicabili al bilancio generale dell'Unione, che modifica i Regolamenti (UE) n. 1296/2013, n. 1301/2013, n. 1303/2013, n. 1304/2013, n. 1309/2013, n. 1316/2013, n. 223/2014, n. 283/2014 e la decisione n. 541/2014/UE e abroga il regolamento (UE, Euratom) n. 966/2012;";"{""l"": 64.944, ""t"": 587.3507029101563, ""r"": 542.5319999999999, ""b"": 534.7470802651447, ""coord_origin"": ""BOTTOMLEFT""}";;;;False
atto_4;docling;json;atto_4.json;37;2;list_item;list_item;"-l'articolo 17 del Regolamento UE 2020/852 che definisce gli obiettivi ambientali, tra cui il principio di non arrecare un danno significativo (DNSH, 'Do no significant harm'), e la Comunicazione della Commissione UE 2021/C 58/01 recante 'Orientamenti tecnici sull'applicazione del principio 'non arrecare un danno significativo» a norma del regolamento sul dispositivo per la ripresa e la resilienza';";"{""l"": 64.944, ""t"": 522.7607029101563, ""r"": 542.4326400000001, ""b"": 470.3070802651447, ""coord_origin"": ""BOTTOMLEFT""}";;;;False
atto_4;docling;json;atto_4.json;38;2;list_item;list_item;"-i principi trasversali previsti dal PNRR, quali, tra l'altro, il principio del contributo all'obiettivo climatico e digitale (c.d. tagging), il principio di parità di genere e l'obbligo di protezione e valorizzazione dei giovani;";"{""l"": 64.944, ""t"": 458.3207029101563, ""r"": 542.32224, ""b"": 434.1870802651447, ""coord_origin"": ""BOTTOMLEFT""}";;;;False
atto_4;docling;json;atto_4.json;39;2;list_item;list_item;"-gli obblighi di assicurare il conseguimento di target e milestone e degli obiettivi finanziari STABILITI nel PNRR;";"{""l"": 64.944, ""t"": 422.3207029101563, ""r"": 540.1, ""b"": 412.4670802651447, ""coord_origin"": ""BOTTOMLEFT""}";;;;False
atto_4;docling;json;atto_4.json;40;2;text;text;"VISTA la nota del Capo Dipartimento della Protezione Civile, prot. n. PNRR/1353 del 11 gennaio 2023, di comunicazione dell'approvazione dell'elenco di dettaglio dei ""nuovi progetti"", ricadenti nel sub -investimento 2.1b della Missione 2 -Componente 4 del Piano Nazionale di Ripresa e Resilienza (PNRR), per l'importo complessivo di euro 49.394.516,58, assegnato alla Regione Sardegna con DPCM 23 agosto 2022, e il Decreto di rettifica e approvazione dell'elenco di dettaglio dei nuovi interventi Rep. n. 1419 del 24 maggio 2023;";"{""l"": 56.64, ""t"": 401.6101429101563, ""r"": 542.73664, ""b"": 335.1670802651447, ""coord_origin"": ""BOTTOMLEFT""}";;;VISTO;False
atto_4;docling;json;atto_4.json;41;2;section_header;heading;VISTE:;"{""l"": 56.64, ""t"": 324.4301429101563, ""r"": 94.944, ""b"": 315.0070802651446, ""coord_origin"": ""BOTTOMLEFT""}";;;VISTO;False
atto_4;docling;json;atto_4.json;42;2;list_item;list_item;"-la nota Prot. n. 2587 del 02.03.2023 con la quale la Direzione Generale della Protezione Civile ha richiesto al Comune di Bitti l'intendimento a svolgere il ruolo di Soggetto Attuatore per alcuni degli interventi contenuti nell'elenco 'nuovi progetti' approvato con nota Prot. n. PNRR/1353 del 11.01.2023;";"{""l"": 64.824, ""t"": 309.0207029101563, ""r"": 542.4009599999999, ""b"": 270.72708026514465, ""coord_origin"": ""BOTTOMLEFT""}";;;;False
atto_4;docling;json;atto_4.json;43;2;list_item;list_item;-le note n. 4106 e 4107 del 12.04.2023, relative all'accettazione da parte del Comune di Bitti degli interventi proposti ed alla trasmissione della relativa documentazione, composta, per ogni singolo intervento assunto, da: nomina del RUP, cronoprogramma ed elenco del personale reso disponibile all'attuazione.;"{""l"": 64.944, ""t"": 264.7407029101562, ""r"": 542.39952, ""b"": 226.44708026514468, ""coord_origin"": ""BOTTOMLEFT""}";;;;False
atto_4;docling;json;atto_4.json;44;2;text;text;VISTA la deliberazione n. 11/55 del 23.03.2023 avente ad oggetto Schema di accordo tra Regione Autonoma della Sardegna e Dipartimento della Protezione Civile, ai sensi dell'art. 15 della Legge n. 241/1990, per la realizzazione degli interventi 'in essere' e 'nuovi progetti' approvati nel sub - investimento 2.1b della Missione 2 -Componente 4 del Piano nazionale di ripresa e resilienza (PNRR) e INDIVIDUATI come 'Misure per la gestione del rischio di alluvione e per la riduzione del rischio idrogeologico'.;"{""l"": 56.64, ""t"": 215.59014291015626, ""r"": 542.69944, ""b"": 149.25708026514474, ""coord_origin"": ""BOTTOMLEFT""}";;;VISTO;False
atto_4;docling;json;atto_4.json;45;2;text;text;VISTA la convenzione n. 11, prot. uscita 7580, del 30.06.2023, tra la Regione Autonoma della Sardegna ed il Comune di Bitti, ACQUISITA al protocollo generale dell'ente al n. 4137 del 30 giugno 2023, che regola i rapporti di attuazione, gestione e controllo relativi ai progetti finanziati con fondi a valere sul Piano Nazionale di Ripresa e Resilienza (PNRR) - Missione 2, componente 4, subinvestimento 2.1b: 'Misure per la riduzione del rischio di alluvione e del rischio idrogeologico' approvati con Decreto del Capo Dipartimento di Protezione Civile;"{""l"": 56.64, ""t"": 138.40014291015632, ""r"": 542.5094399999997, ""b"": 72.10108026514467, ""coord_origin"": ""BOTTOMLEFT""}";;;VISTO;False
atto_4;docling;json;atto_4.json;46;2;picture;figure;[figure];"{""l"": 401.3356628417969, ""t"": 803.2696647644043, ""r"": 527.79736328125, ""b"": 773.3866653442383, ""coord_origin"": ""BOTTOMLEFT""}";;;;True
atto_4;docling;json;atto_4.json;47;2;page_footer;footer;Pagina 2;"{""l"": 265.13, ""t"": 46.13998291015628, ""r"": 309.77, ""b"": 35.807982910156284, ""coord_origin"": ""BOTTOMLEFT""}";;;;True
atto_4;docling;json;atto_4.json;48;3;page_header;header;Missione 2 -Componente 4 Sub-investimento 2.1b;"{""l"": 56.64, ""t"": 784.2931029101563, ""r"": 255.00512, ""b"": 777.0818003687199, ""coord_origin"": ""BOTTOMLEFT""}";;;;False
atto_4;docling;json;atto_4.json;49;3;section_header;heading;PIANO NAZIONALE DI RIPRESA E RESILIENZA (PNRR);"{""l"": 56.64, ""t"": 797.9731029101563, ""r"": 268.80512, ""b"": 790.7618003687198, ""coord_origin"": ""BOTTOMLEFT""}";;;;False
atto_4;docling;json;atto_4.json;50;3;picture;figure;[figure];"{""l"": 401.25311279296875, ""t"": 803.2441940307617, ""r"": 527.8878784179688, ""b"": 773.6145629882812, ""coord_origin"": ""BOTTOMLEFT""}";;;;True
atto_4;docling;json;atto_4.json;51;3;text;text;"Repertorio n. 3403 del 28/12/2022 INDIVIDUATI nel territorio comunale di Bitti (NU) e Decreto di rettifica e approvazione dell'elenco di dettaglio dei nuovi interventi Rep. n. 1419 del 24 maggio 2023;";"{""l"": 56.64, ""t"": 752.4001429101562, ""r"": 542.3558400000002, ""b"": 728.8170802651447, ""coord_origin"": ""BOTTOMLEFT""}";;;;False
atto_4;docling;json;atto_4.json;52;3;text;text;"DATO ATTO che l'attuazione del PNRR prevede, per l'attuazione della Missione 2, Componente 4, Sub -Investimento 2.1b e per la realizzazione degli interventi ad essa connessi, finalizzati a salvaguardare e riqualificare il territorio, nonché a metterlo in sicurezza da frane o ridurre il rischio di allagamento, l'individuazione delle Amministrazioni centrali in qualità di titolari di Intervento, si è proceduto ad individuare il Comune di Bitti quale soggetto attuatore con decreto Capo Dipartimento della protezione Civile Rep. n. 1419 del 24.05.2023 dell'Investimento INDIVIDUATO ai numeri progressivi e ai Cup di cui all'art. 3 comma 1 e nella Tabella allegata alla summenzionata convenzione per farne parte integrante e sostanziale;";"{""l"": 56.64, ""t"": 717.9601429101563, ""r"": 542.4331199999996, ""b"": 623.0970802651447, ""coord_origin"": ""BOTTOMLEFT""}";;;DATO_ATTO;False
atto_4;docling;json;atto_4.json;53;3;text;text;DATO ATTO che tra gli interventi finanziati nell'ambito dell'Accordo di concessione di finanziamento tra la Regione Autonoma della Sardegna - Direzione Generale della Protezione Civile e il Comune di Bitti (NU) rientrano quelli di seguito indicati:;"{""l"": 56.64, ""t"": 612.3601429101562, ""r"": 541.2346400000002, ""b"": 574.4970802651447, ""coord_origin"": ""BOTTOMLEFT""}";;;DATO_ATTO;False
atto_4;docling;json;atto_4.json;54;3;list_item;list_item;"ID 6.7 EX ID 12 -RIPRISTINI PUNTUALI DI DISSESTI IN VARIE VIE DEL CENTRO URBANO, CUP E97H21011870006- CIG: B140F38915;";"{""l"": 56.64, ""t"": 567.5418229101563, ""r"": 541.41976, ""b"": 542.5470802651447, ""coord_origin"": ""BOTTOMLEFT""}";;;;False
atto_4;docling;json;atto_4.json;55;3;text;text;"PRESO ATTO che l'accordo di finanziamento stipulato prevede l'erogazione delle somme assegnate sino ad un massimo del 90%, mentre il restante 10% deve essere anticipato dal soggetto attuatore;";"{""l"": 56.64, ""t"": 534.6901429101563, ""r"": 541.2077600000001, ""b"": 511.10708026514465, ""coord_origin"": ""BOTTOMLEFT""}";;;PRESO_ATTO;False
atto_4;docling;json;atto_4.json;56;3;text;text;"CONSIDERATO che al fine di procedere alla chiusura ed alla rendicontazione del l'intervento sopra indicato si rende necessario provvedere all'anticipazione di cassa per l'importo pari ad € 34.759,05;";"{""l"": 56.64, ""t"": 500.2501429101563, ""r"": 541.4094399999999, ""b"": 476.6670802651447, ""coord_origin"": ""BOTTOMLEFT""}";;;CONSIDERATO;False
atto_4;docling;json;atto_4.json;57;3;section_header;heading;VISTI:;"{""l"": 56.64, ""t"": 465.8101429101563, ""r"": 88.66704, ""b"": 456.3870802651447, ""coord_origin"": ""BOTTOMLEFT""}";;;VISTO;False
atto_4;docling;json;atto_4.json;58;3;list_item;list_item;"il T.U. delle leggi sull'Ordinamento degli Enti Locali, approvato con Decreto Legislativo 18 - 08-2000, n. 267;";"{""l"": 56.64, ""t"": 446.1091429101563, ""r"": 536.38, ""b"": 436.2270802651447, ""coord_origin"": ""BOTTOMLEFT""}";;;;False
atto_4;docling;json;atto_4.json;59;3;list_item;list_item;"il D.Lgs. 31 marzo 2023, n. 36 costituente il nuovo Codice disciplinante i contratti di appalto e di concessione aventi ad oggetto l'acquisizione di servizi, forniture, lavori e opere, nonché i concorsi pubblici di progettazione;";"{""l"": 56.64, ""t"": 425.8291429101563, ""r"": 541.2916000000001, ""b"": 387.5070802651447, ""coord_origin"": ""BOTTOMLEFT""}";;;;False
atto_4;docling;json;atto_4.json;60;3;list_item;list_item;"il D.Lgs. 9 aprile 2008, n. 81 'Attuazione dell'art. 1 della Legge 3 Agosto 2007, n. 123, in materia di tutela della salute e della sicurezza nei luoghi di lavoro';";"{""l"": 56.64, ""t"": 377.08914291015634, ""r"": 541.1169599999996, ""b"": 353.0470802651447, ""coord_origin"": ""BOTTOMLEFT""}";;;;False
atto_4;docling;json;atto_4.json;61;3;list_item;list_item;"il D.L. 77/2021 convertito con modificazioni in legge 108/2021 e ss.mm.ii.;";"{""l"": 56.64, ""t"": 342.64914291015634, ""r"": 395.34999999999997, ""b"": 332.7670802651447, ""coord_origin"": ""BOTTOMLEFT""}";;;;False
atto_4;docling;json;atto_4.json;62;3;list_item;list_item;"il D.L. 13/2023 convertito con modificazioni in legge 41/2021e ss.mm.ii.;";"{""l"": 56.64, ""t"": 322.36914291015637, ""r"": 387.43, ""b"": 312.48708026514464, ""coord_origin"": ""BOTTOMLEFT""}";;;;False
atto_4;docling;json;atto_4.json;63;3;list_item;list_item;"la L. 8 del 13/03/2018 della Regione Autonoma della Sardegna recante: Nuove norme in materia di contratti pubblici di lavori, servizi e forniture;";"{""l"": 56.64, ""t"": 302.2091429101563, ""r"": 541.1500799999997, ""b"": 278.0470802651447, ""coord_origin"": ""BOTTOMLEFT""}";;;;False
atto_4;docling;json;atto_4.json;64;3;text;text;"ACQUISITI in merito il parere favorevole del Responsabili del Servizio Tecnico e del Responsabile del Servizio Finanziario, espressi in calce alla presente;";"{""l"": 56.64, ""t"": 267.3101429101563, ""r"": 541.02752, ""b"": 243.60708026514476, ""coord_origin"": ""BOTTOMLEFT""}";;;ACQUISITO;False
atto_4;docling;json;atto_4.json;65;3;text;text;"VISTO il T.U. 267/00;";"{""l"": 56.64, ""t"": 232.75014291015623, ""r"": 162.14, ""b"": 223.32708026514467, ""coord_origin"": ""BOTTOMLEFT""}";;;VISTO;False
atto_4;docling;json;atto_4.json;66;3;text;text;con votazione unanime,;"{""l"": 56.64, ""t"": 212.59014291015626, ""r"": 161.29999999999998, ""b"": 203.1670802651447, ""coord_origin"": ""BOTTOMLEFT""}";0.0;;;False
atto_4;docling;json;atto_4.json;67;3;section_header;heading;DELIBERA;"{""l"": 268.73, ""t"": 172.12014291015635, ""r"": 329.34999999999997, ""b"": 162.69708026514468, ""coord_origin"": ""BOTTOMLEFT""}";;DELIBERA;DELIBERA;False
atto_4;docling;json;atto_4.json;68;3;list_item;list_item;"di considerare quanto esposto in PREMESSA, quale parte integrante e sostanziale della presente;";"{""l"": 56.64, ""t"": 151.84014291015626, ""r"": 476.38, ""b"": 142.4170802651447, ""coord_origin"": ""BOTTOMLEFT""}";;;;False
atto_4;docling;json;atto_4.json;69;3;list_item;list_item;"di autorizzare , al fine di poter procedere alla chiusura ed alla rendicontazione degli interventi citati in PREMESSA, l'anticipazione di cassa complessiva pari a € 34.759,05, necessari al pagamento delle somme a saldo in favore della ditta esecutrice dei lavori, del professionista incaricato e delle somme dovute ai sensi dell'art. 45 del D.Lgs 36/2023;";"{""l"": 56.64, ""t"": 131.5601429101563, ""r"": 538.29856, ""b"": 79.54108026514473, ""coord_origin"": ""BOTTOMLEFT""}";;;;False
atto_4;docling;json;atto_4.json;70;3;page_footer;footer;Pagina 3;"{""l"": 265.13, ""t"": 46.13998291015628, ""r"": 309.77, ""b"": 35.807982910156284, ""coord_origin"": ""BOTTOMLEFT""}";;;;True
atto_4;docling;json;atto_4.json;71;4;page_header;header;Missione 2 -Componente 4 Sub-investimento 2.1b;"{""l"": 56.64, ""t"": 784.2931029101563, ""r"": 255.00512, ""b"": 777.0818003687199, ""coord_origin"": ""BOTTOMLEFT""}";;;;False
atto_4;docling;json;atto_4.json;72;4;section_header;heading;PIANO NAZIONALE DI RIPRESA E RESILIENZA (PNRR);"{""l"": 56.64, ""t"": 797.9731029101563, ""r"": 268.80512, ""b"": 790.7618003687198, ""coord_origin"": ""BOTTOMLEFT""}";;;;False
atto_4;docling;json;atto_4.json;73;4;picture;figure;[figure];"{""l"": 401.3266296386719, ""t"": 803.2236022949219, ""r"": 527.8558959960938, ""b"": 773.4283142089844, ""coord_origin"": ""BOTTOMLEFT""}";;;;True
atto_4;docling;json;atto_4.json;74;4;list_item;list_item;"di definire la presente direttiva per il responsabile del Servizio Economico Finanziario ai fini dell'adozione degli atti conseguenti e necessari;";"{""l"": 56.64, ""t"": 752.4001429101562, ""r"": 537.9281600000003, ""b"": 728.8170802651447, ""coord_origin"": ""BOTTOMLEFT""}";;;;False
atto_4;docling;json;atto_4.json;75;4;list_item;list_item;di dare ATTO che la somma complessiva di € 34.759,05, relativa agli interventi di che trattasi , risulta essere regolarmente iscritta sui capitoli del Bilancio finanziario 2026/2028, come di seguito indicato:;"{""l"": 56.64, ""t"": 717.9601429101563, ""r"": 538.2875200000001, ""b"": 694.2570802651447, ""coord_origin"": ""BOTTOMLEFT""}";;;;False
atto_4;docling;json;atto_4.json;76;4;list_item;list_item;"di dare mandato al Responsabile del Servizio Tecnico Comunale affinché vengano PREDISPOSTI tutti gli atti conseguenti all'approvazione del presente progetto;";"{""l"": 56.64, ""t"": 637.5601429101563, ""r"": 541.1688799999997, ""b"": 613.8570802651446, ""coord_origin"": ""BOTTOMLEFT""}";;;;False
atto_4;docling;json;atto_4.json;77;4;list_item;list_item;"di dare ATTO che i pareri RICHIAMATI in narrativa, in ordine alla regolarità tecnica e contabile, formano parte integrante della presente deliberazione;";"{""l"": 56.64, ""t"": 603.1201429101562, ""r"": 541.42384, ""b"": 579.4170802651447, ""coord_origin"": ""BOTTOMLEFT""}";;;;False
atto_4;docling;json;atto_4.json;78;4;list_item;list_item;di dichiarare la presente, con separata unanime votazione, immediatamente eseguibile.;"{""l"": 56.64, ""t"": 568.6501429101562, ""r"": 444.82, ""b"": 559.2270802651447, ""coord_origin"": ""BOTTOMLEFT""}";;;;False
atto_4;docling;json;atto_4.json;79;4;table;table;[table];"{""l"": 70.10616302490234, ""t"": 686.5899353027344, ""r"": 542.504638671875, ""b"": 646.5792694091797, ""coord_origin"": ""BOTTOMLEFT""}";;;;True
atto_4;docling;json;atto_4.json;80;4;page_footer;footer;Pagina 4;"{""l"": 265.13, ""t"": 46.13998291015628, ""r"": 309.77, ""b"": 35.807982910156284, ""coord_origin"": ""BOTTOMLEFT""}";;;;True
atto_4;docling;json;atto_4.json;81;5;page_header;header;Missione 2 -Componente 4 Sub-investimento 2.1b;"{""l"": 56.64, ""t"": 784.2931029101563, ""r"": 255.00512, ""b"": 777.0818003687199, ""coord_origin"": ""BOTTOMLEFT""}";;;;False
atto_4;docling;json;atto_4.json;82;5;section_header;heading;PIANO NAZIONALE DI RIPRESA E RESILIENZA (PNRR);"{""l"": 56.64, ""t"": 797.9731029101563, ""r"": 268.80512, ""b"": 790.7618003687198, ""coord_origin"": ""BOTTOMLEFT""}";;;;False
atto_4;docling;json;atto_4.json;83;5;text;text;Il presente verbale viene approvato e sottoscritto come segue:;"{""l"": 56.64, ""t"": 732.2401429101562, ""r"": 322.39, ""b"": 722.8170802651447, ""coord_origin"": ""BOTTOMLEFT""}";;;;False
atto_4;docling;json;atto_4.json;84;5;section_header;heading;IL SINDACO;"{""l"": 268.25, ""t"": 711.7479829101562, ""r"": 329.95, ""b"": 701.5055235134046, ""coord_origin"": ""BOTTOMLEFT""}";;;;False
atto_4;docling;json;atto_4.json;85;5;text;text;f.to (Sig. Giuseppe Ciccolini);"{""l"": 198.53, ""t"": 699.1981429101563, ""r"": 345.88, ""b"": 692.3356951143327, ""coord_origin"": ""BOTTOMLEFT""}";;;;False
atto_4;docling;json;atto_4.json;86;5;section_header;heading;IL SEGRETARIO COMUNALE;"{""l"": 56.64, ""t"": 675.7479829101562, ""r"": 197.57, ""b"": 665.5055235134046, ""coord_origin"": ""BOTTOMLEFT""}";;;;False
atto_4;docling;json;atto_4.json;87;5;text;text;f.to ( Dott. Vincenzo Zanzarella );"{""l"": 56.64, ""t"": 663.1981429101563, ""r"": 169.79, ""b"": 656.3356951143327, ""coord_origin"": ""BOTTOMLEFT""}";;;;False
atto_4;docling;json;atto_4.json;88;5;text;text;Il sottoscritto Segretario comunale, VISTI gli atti d'ufficio,;"{""l"": 56.64, ""t"": 587.7879829101563, ""r"": 317.3759999999999, ""b"": 577.5455235134046, ""coord_origin"": ""BOTTOMLEFT""}";;;;False
atto_4;docling;json;atto_4.json;89;5;section_header;heading;ATTESTA;"{""l"": 270.05, ""t"": 574.2279829101562, ""r"": 328.15, ""b"": 563.9855235134046, ""coord_origin"": ""BOTTOMLEFT""}";;ATTESTA;ATTESTA;False
atto_4;docling;json;atto_4.json;90;5;text;text;che la presente deliberazione:;"{""l"": 56.64, ""t"": 553.9179829101563, ""r"": 195.89, ""b"": 543.6755235134046, ""coord_origin"": ""BOTTOMLEFT""}";;;;False
atto_4;docling;json;atto_4.json;91;5;text;text;" È stata affissa all'Albo Pretorio Comunale per quindici giorni consecutivi, dal 24 06 2026 al 09 07 2026, ai sensi dell'art. 124, comma 1, D.Lgs. 267/2000 senza reclami;";"{""l"": 56.64, ""t"": 534.8019829101562, ""r"": 541.66, ""b"": 502.7555235134045, ""coord_origin"": ""BOTTOMLEFT""}";;;;False
atto_4;docling;json;atto_4.json;92;5;text;text; È diventata esecutiva il giorno 24 06 2026;"{""l"": 56.64, ""t"": 493.7619829101563, ""r"": 266.45, ""b"": 482.1155235134045, ""coord_origin"": ""BOTTOMLEFT""}";;;;False
atto_4;docling;json;atto_4.json;93;5;list_item;list_item;" Perché dichiarata immediatamente eseguibile (art 134, comma 4, D.Lgs. 267/2000);";"{""l"": 110.66, ""t"": 473.34914291015633, ""r"": 452.23, ""b"": 463.68258161085237, ""coord_origin"": ""BOTTOMLEFT""}";;;;False
atto_4;docling;json;atto_4.json;94;5;list_item;list_item;"o Perché decorsi 10 giorni dalla pubblicazione (art. 134, comma 3, D. Lgs. 267/2000);";"{""l"": 110.66, ""t"": 455.2638229101563, ""r"": 455.35, ""b"": 446.76258161085235, ""coord_origin"": ""BOTTOMLEFT""}";;;;False
atto_4;docling;json;atto_4.json;95;5;text;text;Dalla residenza comunale, lì 24.06.2026;"{""l"": 56.64, ""t"": 404.2779829101563, ""r"": 242.81, ""b"": 394.03552351340454, ""coord_origin"": ""BOTTOMLEFT""}";;;;False
atto_4;docling;json;atto_4.json;96;5;text;text;IL SEGRETARIO COMUNALE f.to ( Dott. Vincenzo Zanzarella );"{""l"": 340.27, ""t"": 404.2779829101563, ""r"": 481.18, ""b"": 384.86569511433265, ""coord_origin"": ""BOTTOMLEFT""}";;;;False
atto_4;docling;json;atto_4.json;97;5;picture;figure;[figure];"{""l"": 401.47076416015625, ""t"": 803.1995544433594, ""r"": 527.7885131835938, ""b"": 773.7501678466797, ""coord_origin"": ""BOTTOMLEFT""}";;;;True
atto_4;docling;json;atto_4.json;98;5;page_footer;footer;Pagina 5;"{""l"": 265.13, ""t"": 46.13998291015628, ""r"": 309.77, ""b"": 35.807982910156284, ""coord_origin"": ""BOTTOMLEFT""}";;;;True
atto_5;docling;json;atto_5.json;1;1;picture;figure;[figure];"{""l"": 58.122100830078125, ""t"": 737.1976089477539, ""r"": 125.82109069824219, ""b"": 640.6800384521484, ""coord_origin"": ""BOTTOMLEFT""}";;;;True
atto_5;docling;json;atto_5.json;2;1;section_header;heading;COMUNE DI BITTI;"{""l"": 137.0, ""t"": 735.5866495768229, ""r"": 240.33333333333334, ""b"": 724.9199829101562, ""coord_origin"": ""BOTTOMLEFT""}";;;;False
atto_5;docling;json;atto_5.json;3;1;text;text;Provincia di Nuoro;"{""l"": 138.66666666666669, ""t"": 719.5866495768229, ""r"": 207.66666666666666, ""b"": 711.2533162434896, ""coord_origin"": ""BOTTOMLEFT""}";;;;False
atto_5;docling;json;atto_5.json;4;1;text;text;Piazza G. Asproni;"{""l"": 139.33333333333331, ""t"": 703.9199829101562, ""r"": 199.0, ""b"": 694.9199829101562, ""coord_origin"": ""BOTTOMLEFT""}";;;;False
atto_5;docling;json;atto_5.json;5;1;text;text;Tel. 0784.415124 Fax 0784.414308 C.A.P. 08021;"{""l"": 139.66666666666669, ""t"": 691.586649576823, ""r"": 194.66666666666666, ""b"": 666.9199829101562, ""coord_origin"": ""BOTTOMLEFT""}";;;;False
atto_5;docling;json;atto_5.json;6;1;section_header;heading;DELIBERAZIONE DELLA GIUNTA COMUNALE;"{""l"": 29.64, ""t"": 622.4948629101563, ""r"": 423.31288, ""b"": 610.8706737388856, ""coord_origin"": ""BOTTOMLEFT""}";;;;False
atto_5;docling;json;atto_5.json;7;1;text;text;N.n APPROVAZIONE DELLA RELAZIONE SULLA GESTIONE (ART. 151, COMMA 6 E ART. 231, COMMA1, D.LGS. N. 267/2000 E ART. 11, COMMA. 6, D.LGS. N. 118/2011) E DELLO SCHEMA DI RENDICONTO DELL'ESERCIZIO 2025.;"{""l"": 16.8, ""t"": 587.9559829101563, ""r"": 39.455999999999996, ""b"": 577.1928447886094, ""coord_origin"": ""BOTTOMLEFT""}";;;;False
atto_5;docling;json;atto_5.json;8;1;section_header;heading;N. 49 Del 04/06/2026;"{""l"": 56.64, ""t"": 574.1559829101562, ""r"": 123.356, ""b"": 535.7628447886093, ""coord_origin"": ""BOTTOMLEFT""}";;;;False
atto_5;docling;json;atto_5.json;9;1;text;text;L'anno duemilaventi sei , addì 04 del mese di Giugno alle ore 20:00, nella sala delle adunanze del Comune suddetto, convocata con apposito avviso la Giunta Municipale, si è la medesima riunita nelle persone seguenti:;"{""l"": 56.64, ""t"": 519.4007029101563, ""r"": 541.3194399999999, ""b"": 484.5752629101563, ""coord_origin"": ""BOTTOMLEFT""}";;;;False
atto_5;docling;json;atto_5.json;10;1;table;table;[table];"{""l"": 51.36689758300781, ""t"": 471.89117431640625, ""r"": 542.4202880859375, ""b"": 377.2422790527344, ""coord_origin"": ""BOTTOMLEFT""}";;;;True
atto_5;docling;json;atto_5.json;11;1;text;text;La verifica della regolarità della seduta, svolta secondo le modalità STABILITE nel decreto n. 2 del 05/05/2022 adottato dal Sindaco, in base alla previsione dell'art. 73 del decreto legge 17 marzo 2020, n.. 18, è stata operata dal Segretario comunale Dott. Vincenzo Zanzarella, presente in video conferenza;"{""l"": 56.64, ""t"": 362.54070291015626, ""r"": 541.0276799999998, ""b"": 327.7152629101563, ""coord_origin"": ""BOTTOMLEFT""}";;;;False
atto_5;docling;json;atto_5.json;12;1;text;text;"Presiede il Sig. Giuseppe Ciccolini nella sua qualità di Sindaco;";"{""l"": 92.064, ""t"": 324.6207029101563, ""r"": 375.43, ""b"": 315.1152629101564, ""coord_origin"": ""BOTTOMLEFT""}";;;;False
atto_5;docling;json;atto_5.json;13;1;text;text;"Partecipa con funzioni consultive referenti e di assistenza e ne cura la relativa verbalizzazione il Segretario Comunale Dott Vincenzo Zanzarella collegato in video conferenza;";"{""l"": 56.64, ""t"": 311.90070291015627, ""r"": 541.0166399999999, ""b"": 289.7952629101562, ""coord_origin"": ""BOTTOMLEFT""}";;;;False
atto_5;docling;json;atto_5.json;14;1;text;text;Il Sindaco, constatato il numero legale degli intervenuti, dichiara aperta la riunione e li invita a DELIBERARE sull'oggetto sopraindicato.;"{""l"": 56.64, ""t"": 286.58070291015633, ""r"": 541.0276799999997, ""b"": 264.4752629101563, ""coord_origin"": ""BOTTOMLEFT""}";;;;False
atto_5;docling;json;atto_5.json;15;1;section_header;heading;LA GIUNTA COMUNALE;"{""l"": 226.61, ""t"": 247.09398291015623, ""r"": 368.60599999999994, ""b"": 237.00052836470172, ""coord_origin"": ""BOTTOMLEFT""}";;;;False
atto_5;docling;json;atto_5.json;16;1;text;text;ACQUISITI i pareri di cui all' articolo 49 del D.Lgs.vo 267/2000:;"{""l"": 56.64, ""t"": 219.68598291015633, ""r"": 361.75, ""b"": 209.35398291015633, ""coord_origin"": ""BOTTOMLEFT""}";;;ACQUISITI_PARERI;False
atto_5;docling;json;atto_5.json;17;1;table;table;[table];"{""l"": 56.34069061279297, ""t"": 195.18231201171875, ""r"": 566.5916748046875, ""b"": 144.3642578125, ""coord_origin"": ""BOTTOMLEFT""}";;;;True
atto_5;docling;json;atto_5.json;18;1;list_item;list_item;2 Si esprime parere favorevole sulla regolarità contabile attestante la copertura finanziaria.;"{""l"": 60.264, ""t"": 113.39598291015625, ""r"": 555.196, ""b"": 102.6328447886093, ""coord_origin"": ""BOTTOMLEFT""}";;;;False
atto_5;docling;json;atto_5.json;19;1;text;text;IL RESPONSABILE DEL SERVIZIO;"{""l"": 60.264, ""t"": 99.31486291015631, ""r"": 476.02888, ""b"": 90.38145826927234, ""coord_origin"": ""BOTTOMLEFT""}";;;;False
atto_5;docling;json;atto_5.json;20;1;text;text;(F.to Dott.ssa Maria Debora Cosseddu );"{""l"": 60.264, ""t"": 87.79486291015633, ""r"": 593.0921200000001, ""b"": 78.86145826927236, ""coord_origin"": ""BOTTOMLEFT""}";;;;False
atto_5;docling;json;atto_5.json;21;2;text;text;PREMESSO che:;"{""l"": 56.64, ""t"": 725.6559829101564, ""r"": 128.66, ""b"": 715.3239829101564, ""coord_origin"": ""BOTTOMLEFT""}";;;PREMESSO;False
atto_5;docling;json;atto_5.json;22;2;list_item;list_item;"n. 05, in DATA 14/03/2025, esecutiva ai sensi di legge, è stato approvato il Documento unico di programmazione per il periodo 2025/2027;";"{""l"": 74.544, ""t"": 704.0559829101563, ""r"": 541.4540000000002, ""b"": 673.0839829101564, ""coord_origin"": ""BOTTOMLEFT""}";;;;False
atto_5;docling;json;atto_5.json;23;2;list_item;list_item;"n. 06, in DATA 14/03/2025, esecutiva ai sensi di legge, è stato approvato il bilancio di previsione finanziario per il periodo 2025/2027;";"{""l"": 74.544, ""t"": 661.6959829101563, ""r"": 541.346, ""b"": 630.8439829101563, ""coord_origin"": ""BOTTOMLEFT""}";;;;False
atto_5;docling;json;atto_5.json;24;2;text;text;"PREMESSO altresì che l'articolo 227, comma 2, del d.Lgs. 18/08/2000, n. 267 e l'articolo 18, comma 1, lett. b), del d.Lgs. 23/06/2011, n. 118, prevedono che gli enti locali deliberano, entro il 30 aprile dell'anno successivo, il rendiconto della gestione composto dal CONTO del bilancio, dal CONTO economico e dallo stato patrimoniale;";"{""l"": 56.64, ""t"": 620.4159829101563, ""r"": 541.3760000000001, ""b"": 548.0139829101563, ""coord_origin"": ""BOTTOMLEFT""}";;;PREMESSO;False
atto_5;docling;json;atto_5.json;25;2;text;text;"RICHIAMATI gli artt. 151, comma 6 e 231, comma 1, del D.Lgs. 18/08/2000, n. 267 i quali prevedono che al rendiconto dell'esercizio venga allegata una relazione sulla gestione redatta secondo quanto previsto dall'art. 11, comma 6, del d.Lgs. n. 118/2011;";"{""l"": 56.64, ""t"": 537.5859829101563, ""r"": 541.624, ""b"": 485.8539829101563, ""coord_origin"": ""BOTTOMLEFT""}";;;RICHIAMATO;False
atto_5;docling;json;atto_5.json;26;2;text;text;RICHIAMATO altresì l'articolo 11, comma 6, del d.Lgs. n. 118/2011, il quale così dispone:;"{""l"": 56.64, ""t"": 454.7859829101563, ""r"": 481.3, ""b"": 444.4539829101563, ""coord_origin"": ""BOTTOMLEFT""}";;;RICHIAMATO;False
atto_5;docling;json;atto_5.json;27;2;list_item;list_item;La relazione sulla gestione allegata al rendiconto è un documento illustrativo della gestione dell'ente, nonché dei fatti di rilievo verificatisi dopo la chiusura dell'esercizio e di ogni eventuale informazione utile ad una migliore comprensione dei DATI contabili. In particolare la relazione illustra:;"{""l"": 84.984, ""t"": 435.1419829101563, ""r"": 519.3929999999999, ""b"": 406.3241088770071, ""coord_origin"": ""BOTTOMLEFT""}";;;;False
atto_5;docling;json;atto_5.json;28;2;list_item;list_item;"i criteri di valutazione utilizzati;";"{""l"": 84.984, ""t"": 404.0619829101563, ""r"": 221.55200000000002, ""b"": 396.0041088770071, ""coord_origin"": ""BOTTOMLEFT""}";;;;False
atto_5;docling;json;atto_5.json;29;2;list_item;list_item;"le principali voci del CONTO del bilancio;";"{""l"": 84.984, ""t"": 393.7419829101563, ""r"": 253.11200000000002, ""b"": 385.68410887700713, ""coord_origin"": ""BOTTOMLEFT""}";;;;False
atto_5;docling;json;atto_5.json;30;2;list_item;list_item;"le principali variazioni alle previsioni finanziarie intervenute in corso d'anno, comprendendo l'utilizzazione dei fondi di riserva e gli utilizzi delle quote vincolate e accantonate del risultato di amministrazione al 1° gennaio dell'esercizio precedente, distinguendo i vincoli derivanti dalla legge e dai principi contabili, dai trasferimenti, da mutui e altri finanziamenti, vincoli formalmente attribuiti dall'ente;";"{""l"": 84.984, ""t"": 383.4219829101563, ""r"": 519.288, ""b"": 344.2641088770071, ""coord_origin"": ""BOTTOMLEFT""}";;;;False
atto_5;docling;json;atto_5.json;31;2;list_item;list_item;"l'elenco analitico delle quote vincolate e accantonate del risultato di amministrazione al 31 dicembre dell'esercizio precedente, distinguendo i vincoli derivanti dalla legge e dai principi contabili, dai trasferimenti, da mutui e altri finanziamenti, vincoli formalmente attribuiti dall'ente;";"{""l"": 84.984, ""t"": 342.0019829101563, ""r"": 519.261, ""b"": 313.18410887700713, ""coord_origin"": ""BOTTOMLEFT""}";;;;False
atto_5;docling;json;atto_5.json;32;2;list_item;list_item;"le ragioni della persistenza dei residui con anzianità superiore ai cinque anni e di maggiore consistenza, nonché sulla fondatezza degli stessi, compresi i crediti di cui al comma 4, lettera n);";"{""l"": 84.984, ""t"": 310.9219829101563, ""r"": 519.2910000000002, ""b"": 292.54410887700715, ""coord_origin"": ""BOTTOMLEFT""}";;;;False
atto_5;docling;json;atto_5.json;33;2;list_item;list_item;"l'elenco delle movimentazioni effettuate nel corso dell'esercizio sui capitoli di entrata e di spesa riguardanti l'anticipazione, evidenziando l'utilizzo medio e l'utilizzo massimo dell'anticipazione nel corso dell'anno, nel caso in cui il CONTO del bilancio, in deroga al principio generale dell'integrità, espone il saldo al 31 dicembre dell'anticipazione attivata al netto dei relativi rimborsi;";"{""l"": 84.984, ""t"": 290.1619829101563, ""r"": 519.3779999999999, ""b"": 251.14410887700706, ""coord_origin"": ""BOTTOMLEFT""}";;;;False
atto_5;docling;json;atto_5.json;34;2;list_item;list_item;"l'elencazione dei diritti reali di godimento e la loro illustrazione;";"{""l"": 84.984, ""t"": 248.88198291015624, ""r"": 348.892, ""b"": 240.82410887700712, ""coord_origin"": ""BOTTOMLEFT""}";;;;False
atto_5;docling;json;atto_5.json;35;2;list_item;list_item;"l'elenco dei propri enti e organismi strumentali, con la precisazione che i relativi rendiconti o bilanci di esercizio sono consultabili nel proprio sito internet;";"{""l"": 84.984, ""t"": 238.4419829101563, ""r"": 519.3179999999999, ""b"": 220.06410887700713, ""coord_origin"": ""BOTTOMLEFT""}";;;;False
atto_5;docling;json;atto_5.json;36;2;list_item;list_item;"l'elenco delle partecipazioni dirette possedute con l'indicazione della relativa quota percentuale;";"{""l"": 84.984, ""t"": 217.8019829101563, ""r"": 477.202, ""b"": 209.74410887700708, ""coord_origin"": ""BOTTOMLEFT""}";;;;False
atto_5;docling;json;atto_5.json;37;2;list_item;list_item;"gli esiti della verifica dei crediti e debiti reciproci con i propri enti strumentali e le società controllate e partecipate. La predetta informativa, asseverata dai rispettivi organi di revisione, evidenzia analiticamente eventuali discordanze e ne fornisce la motivazione; in tal caso l'ente assume senza indugio, e comunque non oltre il termine dell'esercizio finanziario in corso, i provvedimenti necessari ai fini della riconciliazione delle partite debitorie e creditorie;";"{""l"": 84.984, ""t"": 207.48198291015626, ""r"": 519.3870000000001, ""b"": 157.99410887700708, ""coord_origin"": ""BOTTOMLEFT""}";;;;False
atto_5;docling;json;atto_5.json;38;2;list_item;list_item;"gli oneri e gli impegni sostenuti, derivanti da contratti relativi a strumenti finanziari derivati o da contratti di finanziamento che includono una componente derivata;";"{""l"": 84.984, ""t"": 155.61198291015626, ""r"": 519.3149999999998, ""b"": 137.2341088770071, ""coord_origin"": ""BOTTOMLEFT""}";;;;False
atto_5;docling;json;atto_5.json;39;2;list_item;list_item;"l'elenco delle garanzie principali o sussidiarie prestate dall'ente a favore di enti e di altri soggetti ai sensi delle leggi vigenti, con l'indicazione delle eventuali richieste di escussione nei confronti dell'ente e del rischio di applicazione dell'art. 3, comma 17, della legge 24 dicembre 2003, n. 350;";"{""l"": 84.984, ""t"": 134.97198291015627, ""r"": 519.2699999999999, ""b"": 106.15410887700716, ""coord_origin"": ""BOTTOMLEFT""}";;;;False
atto_5;docling;json;atto_5.json;40;2;list_item;list_item;"l'elenco descrittivo dei beni appartenenti al patrimonio immobiliare dell'ente alla DATA di chiusura dell'esercizio cui il CONTO si riferisce, con l'indicazione delle rispettive destinazioni e degli eventuali proventi da essi prodotti;";"{""l"": 84.984, ""t"": 103.89598291015625, ""r"": 519.344, ""b"": 75.19810887700714, ""coord_origin"": ""BOTTOMLEFT""}";;;;False
atto_5;docling;json;atto_5.json;41;2;list_item;list_item;gli elementi richiesti dall'art. 2427 e dagli altri articoli del codice civile, nonché da altre norme di legge e;"{""l"": 84.984, ""t"": 72.81598291015632, ""r"": 519.2969999999999, ""b"": 64.75810887700709, ""coord_origin"": ""BOTTOMLEFT""}";;;;False
atto_5;docling;json;atto_5.json;42;2;section_header;heading;LA GIUNTA COMUNALE;"{""l"": 234.41, ""t"": 756.0971029101562, ""r"": 363.97912, ""b"": 746.195015838333, ""coord_origin"": ""BOTTOMLEFT""}";;;;False
atto_5;docling;json;atto_5.json;43;3;page_header;header;"dai documenti sui principi contabili applicabili; o) altre informazioni riguardanti i risultati della gestione, richieste dalla legge o necessarie per l'interpretazione del rendiconto.";"{""l"": 84.984, ""t"": 769.2719829101563, ""r"": 519.4459999999999, ""b"": 740.4341088770071, ""coord_origin"": ""BOTTOMLEFT""}";;;;False
atto_5;docling;json;atto_5.json;44;3;section_header;heading;PRESO ATTO che:;"{""l"": 56.64, ""t"": 719.8959829101564, ""r"": 130.34, ""b"": 709.5639829101564, ""coord_origin"": ""BOTTOMLEFT""}";;;PRESO_ATTO;False
atto_5;docling;json;atto_5.json;45;3;list_item;list_item;"la gestione finanziaria si è svolta in conformità ai principi ed alle regole previste in materia di finanza locale e di contabilità pubblica;";"{""l"": 74.544, ""t"": 698.2959829101563, ""r"": 541.26, ""b"": 667.3239829101564, ""coord_origin"": ""BOTTOMLEFT""}";;;;False
atto_5;docling;json;atto_5.json;46;3;list_item;list_item;"il Tesoriere comunale ha reso il CONTO della gestione, ai sensi dell'art. 226 del d.Lgs. n. 267/2000, debitamente sottoscritto e corredato di tutta la documentazione contabile prevista (reversali di incasso, mandati di pagamento e relativi allegati di svolgimento, ecc.);";"{""l"": 74.544, ""t"": 655.9359829101563, ""r"": 541.356, ""b"": 604.3239829101564, ""coord_origin"": ""BOTTOMLEFT""}";;;;False
atto_5;docling;json;atto_5.json;47;3;list_item;list_item;"gli agenti contabili interni a materia e a danaro hanno reso il CONTO della propria gestione, come previsto dall'art. 233 del D.Lgs. n. 267/2000;";"{""l"": 74.544, ""t"": 593.0559829101563, ""r"": 541.2839999999995, ""b"": 562.0539829101564, ""coord_origin"": ""BOTTOMLEFT""}";;;;False
atto_5;docling;json;atto_5.json;48;3;list_item;list_item;"il responsabile del servizio finanziario ha eseguito con determinazione n. 09 del 14/04/2026 la parificazione del CONTO del tesoriere e degli agenti contabili, verificando la corrispondenza delle riscossioni e dei pagamenti effettuati durante l'esercizio finanziario 2025 con le risultanze del CONTO del bilancio;";"{""l"": 74.544, ""t"": 550.7859829101563, ""r"": 541.66, ""b"": 478.4139829101563, ""coord_origin"": ""BOTTOMLEFT""}";;;;False
atto_5;docling;json;atto_5.json;49;3;list_item;list_item;"con propria deliberazione n. 40 in DATA 15/05/2026, è stato approvato il riaccertamento ordinario dei residui ai sensi dell'art. 3, comma 4, del d.Lgs. n. 118/2011;";"{""l"": 74.544, ""t"": 467.14598291015625, ""r"": 541.5579999999998, ""b"": 436.17398291015627, ""coord_origin"": ""BOTTOMLEFT""}";;;;False
atto_5;docling;json;atto_5.json;50;3;section_header;heading;VISTI:;"{""l"": 56.64, ""t"": 425.7459829101563, ""r"": 86.304, ""b"": 415.4139829101563, ""coord_origin"": ""BOTTOMLEFT""}";;;VISTO;False
atto_5;docling;json;atto_5.json;51;3;list_item;list_item;"lo schema del rendiconto della gestione dell'esercizio 2025 redatto secondo lo schema di cui all'allegato 10 al d.Lgs. n. 118/2011;";"{""l"": 74.664, ""t"": 404.14598291015625, ""r"": 541.4859999999999, ""b"": 373.1539829101563, ""coord_origin"": ""BOTTOMLEFT""}";;;;False
atto_5;docling;json;atto_5.json;52;3;text;text;"che si allegano al presente provvedimento quale parte integrante e sostanziale;";"{""l"": 56.64, ""t"": 362.84598291015624, ""r"": 435.43, ""b"": 352.51398291015624, ""coord_origin"": ""BOTTOMLEFT""}";;;;False
atto_5;docling;json;atto_5.json;53;3;text;text;VISTA la relazione sulla gestione dell'esercizio 2025, redatta ai sensi dell'art. 11, comma 6, del;"{""l"": 56.64, ""t"": 321.4459829101563, ""r"": 541.612, ""b"": 311.1139829101562, ""coord_origin"": ""BOTTOMLEFT""}";;;VISTO;False
atto_5;docling;json;atto_5.json;54;3;text;text;"d.Lgs. n. 118/2011, allegata al presente provvedimento quale parte integrante e sostanziale; RICHIAMATO l'art. 232, comma 2, del TUEL, approvato con decreto legislativo del 18 agosto 2000, n. 267, come novellato dall'art. 57, comma 2-ter, del decreto-legge n. 124 del 2019, il quale prevede che 'Gli enti locali con popolazione inferiore a 5.000 abitanti possono non tenere la contabilità economico-patrimoniale.";"{""l"": 56.64, ""t"": 300.6859829101563, ""r"": 541.4979999999997, ""b"": 207.55398291015626, ""coord_origin"": ""BOTTOMLEFT""}";;;;False
atto_5;docling;json;atto_5.json;55;3;text;text;Gli enti locali che optano per la facoltà di cui al primo periodo allegano al rendiconto una situazione patrimoniale al 31 dicembre dell'anno precedente redatta secondo lo schema di cui all'allegato n. 10 al decreto legislativo 23giugno 2011, n. 118, e con modalità semplificate INDIVIDUATE con decreto del Ministero dell'economia e delle finanze, di concerto con il Ministero dell'interno e con la Presidenza del Consiglio dei ministri - Dipartimento per gli affari regionali'.;"{""l"": 56.64, ""t"": 197.24598291015627, ""r"": 544.4879999999998, ""b"": 104.08398291015624, ""coord_origin"": ""BOTTOMLEFT""}";;;;False
atto_5;docling;json;atto_5.json;56;4;text;text;VISTO l'art. 233 bis del medesimo decreto, che testualmente enuncia 'Gli enti locali con popolazione inferiore a 5.000 abitanti possono non predisporre il bilancio consolidato'.;"{""l"": 56.64, ""t"": 768.2759829101564, ""r"": 541.3319999999999, ""b"": 737.1639829101563, ""coord_origin"": ""BOTTOMLEFT""}";;;VISTO;False
atto_5;docling;json;atto_5.json;57;4;text;text;VISTO il Decreto del MEF del 10 novembre 2020 che stabilisce che gli enti locali con popolazione inferiore a 5.000 abitanti, che non tengono la contabilità economico-patrimoniale, alleghino al rendiconto della gestione una situazione patrimoniale al 31 dicembre dell'esercizio di riferimento (aggiornando comunque l'inventario dei beni mobili ed immobili), redatta secondo lo schema di cui all'allegato n. 10 al D.Lgs. n. 118/2011, con modalità semplificate definite dall'allegato 'A' al citato decreto del MEF.;"{""l"": 56.64, ""t"": 706.0959829101563, ""r"": 541.66, ""b"": 592.3239829101564, ""coord_origin"": ""BOTTOMLEFT""}";;;VISTO;False
atto_5;docling;json;atto_5.json;58;4;text;text;"L'Ente, si avvalso della facoltà di non tenere la contabilità economica patrimoniale nel 2020 con la DELIBERA di Giunta Comunale n.82 del 28/12/2020 e che per il 2025, si intende prorogata la facoltà di non tenere la contabilità economica patrimoniale, e pertanto si allega al rendiconto la situazione patrimoniale al 31 dicembre 2025 come previsto dal Decreto MEF del 10 novembre 2020;";"{""l"": 56.64, ""t"": 581.8959829101564, ""r"": 541.5099999999999, ""b"": 509.49398291015626, ""coord_origin"": ""BOTTOMLEFT""}";;;;False
atto_5;docling;json;atto_5.json;59;4;text;text;"RITENUTO di provvedere in merito;";"{""l"": 56.64, ""t"": 478.4259829101563, ""r"": 220.37, ""b"": 468.0939829101563, ""coord_origin"": ""BOTTOMLEFT""}";;;RITENUTO;False
atto_5;docling;json;atto_5.json;60;4;text;text;"VISTO il D.Lgs. 18/08/2000, n. 267;";"{""l"": 56.64, ""t"": 437.02598291015624, ""r"": 228.05, ""b"": 426.69398291015625, ""coord_origin"": ""BOTTOMLEFT""}";;;VISTO;False
atto_5;docling;json;atto_5.json;61;4;text;text;"VISTO il d.Lgs. n. 118/2011;";"{""l"": 56.64, ""t"": 416.26598291015625, ""r"": 192.05, ""b"": 405.93398291015626, ""coord_origin"": ""BOTTOMLEFT""}";;;VISTO;False
atto_5;docling;json;atto_5.json;62;4;text;text;"VISTO lo Statuto Comunale;";"{""l"": 56.64, ""t"": 395.62598291015627, ""r"": 190.73, ""b"": 385.2939829101563, ""coord_origin"": ""BOTTOMLEFT""}";;;VISTO;False
atto_5;docling;json;atto_5.json;63;4;text;text;VISTO il vigente Regolamento comunale di contabilità;"{""l"": 56.64, ""t"": 374.84598291015624, ""r"": 316.39, ""b"": 364.51398291015624, ""coord_origin"": ""BOTTOMLEFT""}";;;VISTO;False
atto_5;docling;json;atto_5.json;64;4;text;text;A voti unanimi e palesi;"{""l"": 56.64, ""t"": 354.20598291015625, ""r"": 171.62, ""b"": 343.87398291015626, ""coord_origin"": ""BOTTOMLEFT""}";;;;False
atto_5;docling;json;atto_5.json;65;4;section_header;heading;DELIBERA;"{""l"": 266.33, ""t"": 312.6139829101563, ""r"": 331.99, ""b"": 302.5205283647017, ""coord_origin"": ""BOTTOMLEFT""}";;DELIBERA;DELIBERA;False
atto_5;docling;json;atto_5.json;66;4;list_item;list_item;"di approvare lo schema del rendiconto della gestione relativo all'esercizio finanziario 2025 redatto secondo lo schema di cui all'allegato 10 al d.Lgs. n. 118/2011, i quali sono allegati al presente provvedimento quali parti integranti e sostanziali;";"{""l"": 74.664, ""t"": 271.40598291015624, ""r"": 541.66, ""b"": 219.67398291015627, ""coord_origin"": ""BOTTOMLEFT""}";;;;False
atto_5;docling;json;atto_5.json;67;4;list_item;list_item;"di dare ATTO che allo schema del rendiconto si allega la situazione patrimoniale al 31/12/2025 nella forma prevista dal Decreto del MEF del 10 novembre 2020;";"{""l"": 74.664, ""t"": 209.24598291015627, ""r"": 541.66, ""b"": 178.24398291015632, ""coord_origin"": ""BOTTOMLEFT""}";;;;False
atto_5;docling;json;atto_5.json;68;4;list_item;list_item;di dare ATTO che il CONTO del bilancio dell'esercizio 2025 si chiude con un avanzo di amministrazione di € 5.824.720,64 così come risulta dal seguente prospetto riassuntivo della gestione finanziaria:;"{""l"": 74.664, ""t"": 167.94798291015627, ""r"": 541.636, ""b"": 116.20398291015624, ""coord_origin"": ""BOTTOMLEFT""}";;;;False
atto_5;docling;json;atto_5.json;69;4;text;text;Il risultato di amministrazione, come definito dall'allegato a) al D.lgs. 181/2011 è il seguente:;"{""l"": 56.64, ""t"": 91.97998291015631, ""r"": 510.34, ""b"": 81.64798291015632, ""coord_origin"": ""BOTTOMLEFT""}";;;;False
atto_5;docling;json;atto_5.json;70;5;table;table;[table];"{""l"": 41.53290939331055, ""t"": 745.8412780761719, ""r"": 567.2102661132812, ""b"": 244.85113525390625, ""coord_origin"": ""BOTTOMLEFT""}";;;;True
atto_5;docling;json;atto_5.json;71;5;text;text;Va RILEVATO che il risultato di amministrazione al 31.12.2025 va distinto nelle sue componenti come definite dal D.lgs. 118/2011 nelle seguenti risultanze:;"{""l"": 56.64, ""t"": 215.00598291015626, ""r"": 541.2720000000002, ""b"": 190.87398291015631, ""coord_origin"": ""BOTTOMLEFT""}";;;;False
atto_5;docling;json;atto_5.json;72;5;table;table;[table];"{""l"": 49.64137649536133, ""t"": 177.0509033203125, ""r"": 536.5851440429688, ""b"": 62.2550048828125, ""coord_origin"": ""BOTTOMLEFT""}";;;;True
atto_5;docling;json;atto_5.json;73;6;table;table;[table];"{""l"": 49.69017791748047, ""t"": 772.2276153564453, ""r"": 536.91015625, ""b"": 585.020751953125, ""coord_origin"": ""BOTTOMLEFT""}";;;;True
atto_5;docling;json;atto_5.json;74;6;list_item;list_item;"di approvare la Relazione sulla gestione dell'esercizio 2025, redatta ai sensi dell'art. 11, comma 6, del d.Lgs. n. 118/2011 che si allega al presente provvedimento quale parte integrante e sostanziale;";"{""l"": 74.664, ""t"": 555.4659829101563, ""r"": 541.66, ""b"": 503.73398291015627, ""coord_origin"": ""BOTTOMLEFT""}";;;;False
atto_5;docling;json;atto_5.json;75;6;list_item;list_item;"di trasmettere lo schema di rendiconto e la relazione sulla gestione all'organo di revisione, ai fini della resa del prescritto parere;";"{""l"": 74.664, ""t"": 493.4259829101563, ""r"": 541.4159999999998, ""b"": 462.3339829101563, ""coord_origin"": ""BOTTOMLEFT""}";;;;False
atto_5;docling;json;atto_5.json;76;6;list_item;list_item;di trasmettere altresì al Consiglio Comunale, una volta ACQUISITO il parere dell'organo di revisione, lo schema di rendiconto della gestione dell'esercizio 2025, corredato di tutti i documenti previsti dalla normativa, ai fini della sua approvazione.;"{""l"": 74.664, ""t"": 452.02598291015624, ""r"": 541.5639999999999, ""b"": 400.2939829101563, ""coord_origin"": ""BOTTOMLEFT""}";;;;False
atto_5;docling;json;atto_5.json;77;6;text;text;Infine la Giunta comunale, stante l'urgenza di provvedere, con separata ed unanime votazione;"{""l"": 56.64, ""t"": 369.20598291015625, ""r"": 510.94, ""b"": 358.87398291015626, ""coord_origin"": ""BOTTOMLEFT""}";;;;False
atto_5;docling;json;atto_5.json;78;6;section_header;heading;DELIBERA;"{""l"": 266.33, ""t"": 327.6139829101563, ""r"": 331.99, ""b"": 317.5205283647017, ""coord_origin"": ""BOTTOMLEFT""}";;DELIBERA;DELIBERA;False
atto_5;docling;json;atto_5.json;79;6;text;text;di dichiarare il presente provvedimento immediatamente eseguibile, ai sensi dell'art. 134, comma 4, del d.Lgs. n. 267/2000.;"{""l"": 56.64, ""t"": 307.0459829101562, ""r"": 541.2239999999998, ""b"": 276.07398291015625, ""coord_origin"": ""BOTTOMLEFT""}";;;;False
atto_5;docling;json;atto_5.json;80;7;page_header;header;Approvato e sottoscritto;"{""l"": 56.64, ""t"": 769.0108629101563, ""r"": 164.54888, ""b"": 760.0774582692723, ""coord_origin"": ""BOTTOMLEFT""}";;;;False
atto_5;docling;json;atto_5.json;81;7;text;text; Il Presidente;"{""l"": 101.66, ""t"": 725.0199829101563, ""r"": 176.42888, ""b"": 713.0199829101563, ""coord_origin"": ""BOTTOMLEFT""}";;;;False
atto_5;docling;json;atto_5.json;82;7;text;text;f.to Sig. Giuseppe Ciccolini;"{""l"": 77.904, ""t"": 692.5508629101563, ""r"": 200.21887999999998, ""b"": 683.6174582692722, ""coord_origin"": ""BOTTOMLEFT""}";;;;False
atto_5;docling;json;atto_5.json;83;7;text;text; Il Segretario Comunale;"{""l"": 390.67, ""t"": 725.0199829101563, ""r"": 517.66888, ""b"": 713.0199829101563, ""coord_origin"": ""BOTTOMLEFT""}";;;;False
atto_5;docling;json;atto_5.json;84;7;text;text;f.to Dott. Vincenzo Zanzarella;"{""l"": 387.19, ""t"": 692.5508629101563, ""r"": 521.14888, ""b"": 683.6174582692722, ""coord_origin"": ""BOTTOMLEFT""}";;;;False
atto_5;docling;json;atto_5.json;85;7;picture;figure;[figure];"{""l"": 277.0124206542969, ""t"": 737.0358352661133, ""r"": 324.3424987792969, ""b"": 688.6951599121094, ""coord_origin"": ""BOTTOMLEFT""}";;;;True
atto_5;docling;json;atto_5.json;86;7;section_header;heading;PUBBLICAZIONE;"{""l"": 256.49, ""t"": 655.5908629101564, ""r"": 341.47888, ""b"": 646.6574582692723, ""coord_origin"": ""BOTTOMLEFT""}";;;;False
atto_5;docling;json;atto_5.json;87;7;text;text;In DATA odierna, la presente deliberazione viene pubblicata all'Albo Pretorio informatico comunale per 15 giorni consecutivi (art. 124, comma 1, del D.Lgs. n. 267/2000);"{""l"": 61.464, ""t"": 632.5508629101563, ""r"": 538.0499999999998, ""b"": 606.3374582692722, ""coord_origin"": ""BOTTOMLEFT""}";;;;False
atto_5;docling;json;atto_5.json;88;7;text;text;DATA 05/06/2026;"{""l"": 61.584, ""t"": 563.5208629101563, ""r"": 138.26888, ""b"": 554.5874582692722, ""coord_origin"": ""BOTTOMLEFT""}";;;;False
atto_5;docling;json;atto_5.json;89;7;text;text; Il Responsabile;"{""l"": 409.75, ""t"": 554.1099829101563, ""r"": 498.46888, ""b"": 542.1099829101563, ""coord_origin"": ""BOTTOMLEFT""}";;;;False
atto_5;docling;json;atto_5.json;90;7;text;text;f.to Dott. Vincenzo Zanzarella;"{""l"": 387.19, ""t"": 521.6408629101563, ""r"": 520.048, ""b"": 512.7074582692723, ""coord_origin"": ""BOTTOMLEFT""}";;;;False
atto_5;docling;json;atto_5.json;91;7;section_header;heading;ATTESTAZIONE;"{""l"": 260.33, ""t"": 477.7208629101563, ""r"": 339.79888, ""b"": 468.78745826927235, ""coord_origin"": ""BOTTOMLEFT""}";;;ATTESTA;False
atto_5;docling;json;atto_5.json;92;7;text;text;"Il sottoscritto, VISTI gli atti d'ufficio, ATTESTA che la presente deliberazione: è stata pubblicata all'albo pretorio informatico comunale per 15 giorni consecutivi (art. 124, D.Lgs. n. 267/2000);";"{""l"": 61.464, ""t"": 454.6808629101563, ""r"": 538.5488799999999, ""b"": 411.30745826927233, ""coord_origin"": ""BOTTOMLEFT""}";;;;False
atto_5;docling;json;atto_5.json;93;7;text;text;"è stata dichiarata immediatamente eseguibile ai sensi dell'art. 134 del D.Lgs. n. 267/2000;";"{""l"": 61.464, ""t"": 385.6808629101563, ""r"": 462.22888, ""b"": 376.74745826927233, ""coord_origin"": ""BOTTOMLEFT""}";;;;False
atto_5;docling;json;atto_5.json;94;7;text;text;DATA 05/06/2026;"{""l"": 61.584, ""t"": 345.46086291015627, ""r"": 138.26888, ""b"": 336.5274582692723, ""coord_origin"": ""BOTTOMLEFT""}";;;;False
atto_5;docling;json;atto_5.json;95;7;text;text; Il Responsabile;"{""l"": 409.75, ""t"": 336.0499829101563, ""r"": 498.46888, ""b"": 324.04998291015636, ""coord_origin"": ""BOTTOMLEFT""}";;;;False
atto_5;docling;json;atto_5.json;96;7;text;text;f.to Dott. Vincenzo Zanzarella;"{""l"": 387.19, ""t"": 303.58086291015627, ""r"": 520.048, ""b"": 294.6474582692723, ""coord_origin"": ""BOTTOMLEFT""}";;;;False
atto_5;docling;json;atto_5.json;97;7;text;text;È copia conforme all'originale.;"{""l"": 61.584, ""t"": 271.1808629101563, ""r"": 197.69888, ""b"": 262.24745826927233, ""coord_origin"": ""BOTTOMLEFT""}";;;;False
atto_5;docling;json;atto_5.json;98;7;text;text;DATA 05/06/2026;"{""l"": 61.584, ""t"": 236.74086291015624, ""r"": 138.26888, ""b"": 227.80745826927227, ""coord_origin"": ""BOTTOMLEFT""}";;;;False
atto_5;docling;json;atto_5.json;99;7;text;text; Il Responsabile;"{""l"": 409.75, ""t"": 215.80998291015635, ""r"": 498.46888, ""b"": 203.80998291015635, ""coord_origin"": ""BOTTOMLEFT""}";;;;False
atto_5;docling;json;atto_5.json;100;7;text;text;f.to Dott. Vincenzo Zanzarella;"{""l"": 387.19, ""t"": 184.0971029101563, ""r"": 521.44912, ""b"": 174.19501583833312, ""coord_origin"": ""BOTTOMLEFT""}";;;;False
atto_6;docling;json;atto_6.json;1;1;section_header;heading;COMUNE DI AUSONIA;"{""l"": 193.11000061, ""t"": 792.8310255840624, ""r"": 457.78200061, ""b"": 773.0913892204261, ""coord_origin"": ""BOTTOMLEFT""}";;;;False
atto_6;docling;json;atto_6.json;2;1;section_header;heading;Provincia di Frosinone;"{""l"": 234.95000457999998, ""t"": 766.8640247540625, ""r"": 414.44600457999996, ""b"": 752.0592974813352, ""coord_origin"": ""BOTTOMLEFT""}";;;;False
atto_6;docling;json;atto_6.json;3;1;section_header;heading;COPIA DI DELIBERAZIONE DELLA GIUNTA COMUNALE;"{""l"": 130.50699996999998, ""t"": 678.2560247040625, ""r"": 517.8869999700001, ""b"": 666.7412368252745, ""coord_origin"": ""BOTTOMLEFT""}";;;;False
atto_6;docling;json;atto_6.json;4;1;section_header;heading;Verbale n. 45 del 22-06-2026;"{""l"": 219.72599793, ""t"": 635.2540186140625, ""r"": 429.0679979299998, ""b"": 622.8818550781509, ""coord_origin"": ""BOTTOMLEFT""}";;;;False
atto_6;docling;json;atto_6.json;5;1;text;text;"OGGETTO: Approvazione dell'accordo tra comuni, ai sensi dell'art. 3, comma 1, lett. b) dell'Avviso ""Sport e Periferie 2026"", ed individuazione del Comune Capofila per la presentazione della candidatura.";"{""l"": 92.15000153, ""t"": 605.8000240140625, ""r"": 555.5260015299996, ""b"": 572.1087625155542, ""coord_origin"": ""BOTTOMLEFT""}";;;;False
atto_6;docling;json;atto_6.json;6;1;text;text;L'anno duemilaventisei, il giorno ventidue del mese di giugno alle ore 12:00 e seg. in Ausonia e nella residenza municipale, nella sala delle adunanze, previa l'osservanza di tutte le formalità prescritte dalle vigenti leggi, sono stati oggi convocati in seduta i componenti della Giunta Comunale.;"{""l"": 92.15000153, ""t"": 556.3540248740625, ""r"": 556.0820015300008, ""b"": 504.35231296185253, ""coord_origin"": ""BOTTOMLEFT""}";;;;False
atto_6;docling;json;atto_6.json;7;1;text;text;Fatto normale appello nominale, risultano:;"{""l"": 162.95000153, ""t"": 487.3590297540625, ""r"": 389.7500015300001, ""b"": 476.75431815185254, ""coord_origin"": ""BOTTOMLEFT""}";;;;False
atto_6;docling;json;atto_6.json;8;1;text;text;Presenti / Assenti;"{""l"": 454.18998909, ""t"": 456.78002563406244, ""r"": 538.10998909, ""b"": 447.9427659655542, ""coord_origin"": ""BOTTOMLEFT""}";;;;False
atto_6;docling;json;atto_6.json;9;1;text;text;CARDILLO Benedetto;"{""l"": 95.65000153, ""t"": 434.65502372406246, ""r"": 196.82000153, ""b"": 425.81776405555416, ""coord_origin"": ""BOTTOMLEFT""}";;;;False
atto_6;docling;json;atto_6.json;10;1;text;text;Sindaco;"{""l"": 301.20000458, ""t"": 434.65502372406246, ""r"": 340.12000458, ""b"": 425.81776405555416, ""coord_origin"": ""BOTTOMLEFT""}";;;;False
atto_6;docling;json;atto_6.json;11;1;text;text;Presente;"{""l"": 476.13798905, ""t"": 434.65502372406246, ""r"": 518.9379890499999, ""b"": 425.81776405555416, ""coord_origin"": ""BOTTOMLEFT""}";;;;False
atto_6;docling;json;atto_6.json;12;1;text;text;PINCHERA Stefania;"{""l"": 95.65000153, ""t"": 412.8550244840625, ""r"": 189.58000153, ""b"": 404.0177648155542, ""coord_origin"": ""BOTTOMLEFT""}";;;;False
atto_6;docling;json;atto_6.json;13;1;text;text;Vice Sindaco;"{""l"": 301.20000458, ""t"": 412.8550244840625, ""r"": 362.35000458, ""b"": 404.0177648155542, ""coord_origin"": ""BOTTOMLEFT""}";;;;False
atto_6;docling;json;atto_6.json;14;1;text;text;Presente;"{""l"": 476.13798905, ""t"": 412.8550244840625, ""r"": 518.9379890499999, ""b"": 404.0177648155542, ""coord_origin"": ""BOTTOMLEFT""}";;;;False
atto_6;docling;json;atto_6.json;15;1;text;text;STAGNO Gaetano;"{""l"": 95.65000153, ""t"": 391.0550214340625, ""r"": 181.80000153000003, ""b"": 382.2177617655542, ""coord_origin"": ""BOTTOMLEFT""}";;;;False
atto_6;docling;json;atto_6.json;16;1;text;text;Assessore;"{""l"": 301.20000458, ""t"": 391.0550214340625, ""r"": 350.66000457999996, ""b"": 382.2177617655542, ""coord_origin"": ""BOTTOMLEFT""}";;;;False
atto_6;docling;json;atto_6.json;17;1;text;text;Assente;"{""l"": 478.08298873999996, ""t"": 391.0550214340625, ""r"": 516.99298874, ""b"": 382.2177617655542, ""coord_origin"": ""BOTTOMLEFT""}";;;;False
atto_6;docling;json;atto_6.json;18;1;text;text;Totale;"{""l"": 408.15700912999995, ""t"": 369.28002659406246, ""r"": 438.72700913, ""b"": 360.44276692555417, ""coord_origin"": ""BOTTOMLEFT""}";;;;False
atto_6;docling;json;atto_6.json;19;1;text;text;2;"{""l"": 460.85098839, ""t"": 369.28002659406246, ""r"": 477.53098839, ""b"": 360.44276692555417, ""coord_origin"": ""BOTTOMLEFT""}";;;;False
atto_6;docling;json;atto_6.json;20;1;text;text;1;"{""l"": 517.5510006, ""t"": 369.28002659406246, ""r"": 539.7810006, ""b"": 360.44276692555417, ""coord_origin"": ""BOTTOMLEFT""}";;;;False
atto_6;docling;json;atto_6.json;21;1;text;text;Assiste il Segretario Comunale Erminio VERNILE, il quale provvede alla redazione del presente verbale. Essendo legale il numero degli intervenuti, il Dott. Benedetto CARDILLO - Sindaco, assume la Presidenza e dichiara aperta la seduta per la trattazione dell'oggetto sopra indicato.;"{""l"": 92.15000153, ""t"": 326.6630153540625, ""r"": 556.0820015300005, ""b"": 274.6613034418525, ""coord_origin"": ""BOTTOMLEFT""}";;;;False
atto_6;docling;json;atto_6.json;22;1;text;text;.;"{""l"": 92.15000153, ""t"": 271.46703146406253, ""r"": 95.48600153, ""b"": 260.8623198618526, ""coord_origin"": ""BOTTOMLEFT""}";;;;False
atto_6;docling;json;atto_6.json;23;2;section_header;heading;PREMESSO che:;"{""l"": 42.54999924, ""t"": 773.3450251640625, ""r"": 117.69099924, ""b"": 764.2934841114309, ""coord_origin"": ""BOTTOMLEFT""}";;;PREMESSO;False
atto_6;docling;json;atto_6.json;24;2;list_item;list_item;"- il Dipartimento per lo Sport della Presidenza del Consiglio dei Ministri ha pubblicato l'Avviso 'Sport e Periferie 2026', destinato al finanziamento di interventi di realizzazione, rigenerazione e adeguamento di impianti sportivi pubblici;";"{""l"": 42.54999924, ""t"": 758.0050249640625, ""r"": 505.5659992399997, ""b"": 716.7514814314309, ""coord_origin"": ""BOTTOMLEFT""}";;;;False
atto_6;docling;json;atto_6.json;25;2;list_item;list_item;"- l'art. 3, comma 1, lett. b), dell'Avviso, consente ai Comuni con popolazione pari o inferiore a 5.000 abitanti (DATI ISTAT al 1° gennaio 2025) di partecipare mediante accordo con altri Comuni confinanti , al fine di raggiungere la soglia minima dei 5.000 abitanti richiesta per l'ammissibilità;";"{""l"": 42.54999924, ""t"": 713.5300226740625, ""r"": 505.56599923999994, ""b"": 657.4514821914308, ""coord_origin"": ""BOTTOMLEFT""}";;;;False
atto_6;docling;json;atto_6.json;26;2;list_item;list_item;"- i Comuni di Spigno Saturnia ed Ausonia sono confinanti e ciascuno ha popolazione inferiore a 5.000 abitanti;";"{""l"": 42.54999924, ""t"": 654.2300196240625, ""r"": 505.5549992399998, ""b"": 627.8014787614309, ""coord_origin"": ""BOTTOMLEFT""}";;;;False
atto_6;docling;json;atto_6.json;27;2;list_item;list_item;"- i suddetti Comuni hanno manifestato la volontà di partecipare congiuntamente all'Avviso, individuando un Comune Capofila per la presentazione della candidatura e per la gestione dei rapporti con il Dipartimento per lo Sport;";"{""l"": 42.54999924, ""t"": 624.5800257340625, ""r"": 505.56599924000005, ""b"": 583.3264860214309, ""coord_origin"": ""BOTTOMLEFT""}";;;;False
atto_6;docling;json;atto_6.json;28;2;list_item;list_item;"- l'intervento oggetto della candidatura sarà localizzato nel territorio del Comune di Spigno Saturnia, presso l'impianto sportivo sito in Spigno Saturnia, in via Silvio Pellico;";"{""l"": 42.54999924, ""t"": 580.1050196240625, ""r"": 505.5659992399999, ""b"": 553.6764787614309, ""coord_origin"": ""BOTTOMLEFT""}";;;;False
atto_6;docling;json;atto_6.json;29;2;section_header;heading;VISTO:;"{""l"": 42.54999924, ""t"": 537.9030257340625, ""r"": 73.80099924000001, ""b"": 528.8514846814309, ""coord_origin"": ""BOTTOMLEFT""}";;;VISTO;False
atto_6;docling;json;atto_6.json;30;2;list_item;list_item;"- l'Avviso 'Sport e Periferie 2026';";"{""l"": 42.54999924, ""t"": 521.6640121840625, ""r"": 214.71499923999994, ""b"": 510.56401218406245, ""coord_origin"": ""BOTTOMLEFT""}";;;;False
atto_6;docling;json;atto_6.json;31;2;list_item;list_item;"- la Deliberazione di G.C. n. 54 del 19.06.2026 del Comune di SPIGNO SATURNIA (LT) << AVVISO SPORT E PERIFERIE - 2026 - ATTO di Indirizzo e Approvazione schema di accordo ex art 15 Legge n. 241/90 tra i comuni di AUSONIA (FR) e SPIGNO SATURNIA (LT) ai sensi dell'art. 3, comma 1, lett. b) dell'Avviso 'Sport e Periferie 2026 '>>;";"{""l"": 42.54999924, ""t"": 506.83903049406246, ""r"": 505.5659992399999, ""b"": 451.6594900114309, ""coord_origin"": ""BOTTOMLEFT""}";;;;False
atto_6;docling;json;atto_6.json;32;2;list_item;list_item;"- lo schema di Accordo tra Comuni PREDISPOSTO ed allegato al presente ATTO quale Allegato A , parte integrante e sostanziale;";"{""l"": 42.54999924, ""t"": 447.53901218406247, ""r"": 495.96299924000004, ""b"": 422.0094713214309, ""coord_origin"": ""BOTTOMLEFT""}";;;;False
atto_6;docling;json;atto_6.json;33;2;section_header;heading;CONSIDERATO che:;"{""l"": 42.54999924, ""t"": 406.2360182840624, ""r"": 129.38399923999998, ""b"": 397.1844772314309, ""coord_origin"": ""BOTTOMLEFT""}";;;CONSIDERATO;False
atto_6;docling;json;atto_6.json;34;2;list_item;list_item;"- la partecipazione congiunta consente ai Comuni sottoscrittori di raggiungere la soglia demografica minima prevista dall'Avviso;";"{""l"": 42.54999924, ""t"": 389.99701999406244, ""r"": 505.56599924000005, ""b"": 364.46747722143084, ""coord_origin"": ""BOTTOMLEFT""}";;;;False
atto_6;docling;json;atto_6.json;35;2;list_item;list_item;"- è necessario approvare formalmente l'Accordo ed individuare il Comune di Spigno Saturnia (Lt) quale Comune Capofila per procedere alla presentazione della candidatura sulla piattaforma ministeriale;";"{""l"": 42.54999924, ""t"": 360.34702609406247, ""r"": 505.56599924, ""b"": 319.9924863814308, ""coord_origin"": ""BOTTOMLEFT""}";;;;False
atto_6;docling;json;atto_6.json;36;2;section_header;heading;RITENUTO:;"{""l"": 42.54999924, ""t"": 304.21901999406236, ""r"": 92.12699924, ""b"": 295.1674789414309, ""coord_origin"": ""BOTTOMLEFT""}";;;RITENUTO;False
atto_6;docling;json;atto_6.json;37;2;list_item;list_item;"- di approvare lo schema di Accordo tra Comuni, conforme ai requisiti dell'Avviso;";"{""l"": 42.54999924, ""t"": 287.98002170406244, ""r"": 437.39899923999985, ""b"": 276.88002170406253, ""coord_origin"": ""BOTTOMLEFT""}";;;;False
atto_6;docling;json;atto_6.json;38;2;list_item;list_item;"- di individuare il Comune di Spigno Saturnia (Lt) quale Comune Capofila ;";"{""l"": 42.54999924, ""t"": 273.1550400140625, ""r"": 403.5409992399999, ""b"": 262.05504001406246, ""coord_origin"": ""BOTTOMLEFT""}";;;;False
atto_6;docling;json;atto_6.json;39;2;list_item;list_item;"- di dichiarare il presente ATTO immediatamente eseguibile per consentire la tempestiva presentazione della domanda, CONSIDERATO che la piattaforma sarà attiva dal 4 giugno 2026 al 25 giugno 2026;";"{""l"": 42.54999924, ""t"": 258.3300278040624, ""r"": 505.56599923999994, ""b"": 217.97548809143086, ""coord_origin"": ""BOTTOMLEFT""}";;;;False
atto_6;docling;json;atto_6.json;40;2;section_header;heading;VISTO:;"{""l"": 42.54999924, ""t"": 207.2020522240624, ""r"": 73.80099924000001, ""b"": 198.15051117143082, ""coord_origin"": ""BOTTOMLEFT""}";;;VISTO;False
atto_6;docling;json;atto_6.json;41;2;list_item;list_item;"- il D.Lgs n. 36/2023 (Codice dei contratti pubblici in attuazione dell'articolo 1 della legge 21 giugno 2022, n. 78, recante delega al Governo in materia di contratti pubblici);";"{""l"": 42.54999924, ""t"": 194.92904001406248, ""r"": 505.5659992399999, ""b"": 168.50049915143086, ""coord_origin"": ""BOTTOMLEFT""}";;;;False
atto_6;docling;json;atto_6.json;42;2;list_item;list_item;"- il D.Lgs n. 209/2024 c.d. correttivo appalti;";"{""l"": 42.54999924, ""t"": 165.27901559406246, ""r"": 263.7199992399999, ""b"": 153.06901559406242, ""coord_origin"": ""BOTTOMLEFT""}";;;;False
atto_6;docling;json;atto_6.json;43;2;list_item;list_item;"- il D.Lgs 18 agosto 2000, n° 267 ' Testo Unico delle leggi sull'ordinamento degli Enti Locali ';";"{""l"": 42.54999924, ""t"": 150.4540033940625, ""r"": 480.13399923999987, ""b"": 138.24400339406247, ""coord_origin"": ""BOTTOMLEFT""}";;;;False
atto_6;docling;json;atto_6.json;44;2;text;text;"ACQUISITI i pareri espressi in merito alla regolarità tecnica e contabile ai sensi dell'art. 49 del D.Lgs n° 267 del 18/08/2000;";"{""l"": 42.54999924, ""t"": 116.07705127406246, ""r"": 505.56199923999986, ""b"": 92.20050945143089, ""coord_origin"": ""BOTTOMLEFT""}";;;ACQUISITI_PARERI;False
atto_6;docling;json;atto_6.json;45;2;text;text;"Con voti favorevoli unanimi resi nei modi e forme di legge;";"{""l"": 60.54999924, ""t"": 81.42702780406239, ""r"": 336.61699923999987, ""b"": 72.3754867514308, ""coord_origin"": ""BOTTOMLEFT""}";0.0;;;False
atto_6;docling;json;atto_6.json;46;2;section_header;heading;LA GIUNTA COMUNALE;"{""l"": 214.90800095, ""t"": 796.2370253640624, ""r"": 333.21300095, ""b"": 787.1854843114309, ""coord_origin"": ""BOTTOMLEFT""}";;;;False
atto_6;docling;json;atto_6.json;47;2;page_footer;footer;DELIBERA;"{""l"": 246.85200119, ""t"": 56.602015594062436, ""r"": 301.26900119000004, ""b"": 47.550474541430845, ""coord_origin"": ""BOTTOMLEFT""}";;DELIBERA;DELIBERA;True
atto_6;docling;json;atto_6.json;48;3;list_item;list_item;"Di Approvare lo schema di Accordo tra Comuni, ai sensi dell'art. 3, comma 1, lett. b), dell'Avviso 'Sport e Periferie 2026', allegato al presente ATTO come Allegato A , parte integrante e sostanziale;";"{""l"": 110.15000153, ""t"": 796.2370253640624, ""r"": 555.1700015299998, ""b"": 757.5354856514309, ""coord_origin"": ""BOTTOMLEFT""}";;;;False
atto_6;docling;json;atto_6.json;49;3;list_item;list_item;Di Individuare il Comune di Spigno Saturnia quale Comune Capofila , incaricato di:;"{""l"": 110.15000153, ""t"": 741.7620268940625, ""r"": 529.68800115, ""b"": 732.7104858414309, ""coord_origin"": ""BOTTOMLEFT""}";;;;False
atto_6;docling;json;atto_6.json;50;3;list_item;list_item;"- presentare la candidatura sulla piattaforma ministeriale;";"{""l"": 110.15000153, ""t"": 729.6500223140624, ""r"": 396.1870015299998, ""b"": 717.4000223140624, ""coord_origin"": ""BOTTOMLEFT""}";;;;False
atto_6;docling;json;atto_6.json;51;3;list_item;list_item;"- curare i rapporti con il Dipartimento per lo Sport;";"{""l"": 110.15000153, ""t"": 714.8250253640624, ""r"": 362.76900152999997, ""b"": 702.5750253640624, ""coord_origin"": ""BOTTOMLEFT""}";;;;False
atto_6;docling;json;atto_6.json;52;3;list_item;list_item;"- trasmettere la documentazione progettuale richiesta;";"{""l"": 110.15000153, ""t"": 700.0000284140624, ""r"": 380.45700152999996, ""b"": 687.7500284140624, ""coord_origin"": ""BOTTOMLEFT""}";;;;False
atto_6;docling;json;atto_6.json;53;3;list_item;list_item;"- coordinare le attività amministrative con gli altri Comuni aderenti;";"{""l"": 110.15000153, ""t"": 685.1750238340624, ""r"": 442.49700152999975, ""b"": 672.9250238340624, ""coord_origin"": ""BOTTOMLEFT""}";;;;False
atto_6;docling;json;atto_6.json;54;3;list_item;list_item;"Di Dare ATTO che l'intervento oggetto della candidatura sarà realizzato nel territorio del Comune Capofila, presso l'impianto sportivo sito in loc. 'Campo Boario' - Via 'Silvio Pellico';";"{""l"": 110.15000153, ""t"": 662.6370192640625, ""r"": 555.17000153, ""b"": 623.9354757314309, ""coord_origin"": ""BOTTOMLEFT""}";;;;False
atto_6;docling;json;atto_6.json;55;3;list_item;list_item;"Di Dare ATTO che ciascun Comune sottoscrittore approverà il medesimo Accordo con propria DELIBERA di Giunta, come richiesto dall'Avviso;";"{""l"": 110.15000153, ""t"": 613.1620284140624, ""r"": 555.1640011499999, ""b"": 589.2854856414309, ""coord_origin"": ""BOTTOMLEFT""}";;;;False
atto_6;docling;json;atto_6.json;56;3;list_item;list_item;"Di Trasmettere il presente ATTO al Comune di Spigno Saturnia per la sottoscrizione dell'Accordo;";"{""l"": 110.15000153, ""t"": 578.5120192640625, ""r"": 555.1640011499999, ""b"": 554.635476491431, ""coord_origin"": ""BOTTOMLEFT""}";;;;False
atto_6;docling;json;atto_6.json;57;3;list_item;list_item;Di Dichiarare il presente provvedimento immediatamente eseguibile , ai sensi dell'art. 134, comma 4, del D.Lgs. 267/2000, stante l'urgenza di procedere alla presentazione della candidatura entro i termini STABILITI dall'Avviso.;"{""l"": 110.15000153, ""t"": 543.8620253640624, ""r"": 555.1700015299998, ""b"": 505.1604818314309, ""coord_origin"": ""BOTTOMLEFT""}";;;;False
atto_6;docling;json;atto_6.json;58;4;text;text;Letto, confermato e sottoscritto.;"{""l"": 42.54999924, ""t"": 772.6320258740625, ""r"": 185.39999924000003, ""b"": 763.7947662055542, ""coord_origin"": ""BOTTOMLEFT""}";;;;True
atto_6;docling;json;atto_6.json;59;4;text;text;IL Sindaco;"{""l"": 129.71899796, ""t"": 749.6340266840625, ""r"": 183.05899796, ""b"": 740.7967670155542, ""coord_origin"": ""BOTTOMLEFT""}";;;;False
atto_6;docling;json;atto_6.json;60;4;text;text;IL Segretario Comunale f.to Dott. Erminio VERNILE;"{""l"": 330.68099595, ""t"": 749.6340266840625, ""r"": 453.50099594999995, ""b"": 729.2977674155542, ""coord_origin"": ""BOTTOMLEFT""}";;;;False
atto_6;docling;json;atto_6.json;61;4;text;text;f.to Dott. Benedetto CARDILLO;"{""l"": 85.52000046, ""t"": 738.1350270840625, ""r"": 227.26000046000001, ""b"": 729.2977674155542, ""coord_origin"": ""BOTTOMLEFT""}";;;;False
atto_6;docling;json;atto_6.json;62;4;text;text;______________________________;"{""l"": 71.57699966999999, ""t"": 715.1370278940625, ""r"": 241.20699967000004, ""b"": 706.2997682255542, ""coord_origin"": ""BOTTOMLEFT""}";;;;False
atto_6;docling;json;atto_6.json;63;4;text;text;______________________________;"{""l"": 307.27699662, ""t"": 715.1370278940625, ""r"": 476.90699662000003, ""b"": 706.2997682255542, ""coord_origin"": ""BOTTOMLEFT""}";;;;False
atto_6;docling;json;atto_6.json;64;4;text;text;Il sottoscritto Segretario Comunale, VISTI gli atti di ufficio:;"{""l"": 77.94999924, ""t"": 656.1420184740625, ""r"": 328.04999924, ""b"": 647.3047588055542, ""coord_origin"": ""BOTTOMLEFT""}";;;;False
atto_6;docling;json;atto_6.json;65;4;section_header;heading;ATTESTA;"{""l"": 249.79600144, ""t"": 633.1440326340625, ""r"": 298.68600144, ""b"": 624.3067729655542, ""coord_origin"": ""BOTTOMLEFT""}";;ATTESTA;ATTESTA;False
atto_6;docling;json;atto_6.json;66;4;text;text;Che la presente deliberazione:;"{""l"": 42.54999924, ""t"": 610.1460315340624, ""r"": 180.96999924000002, ""b"": 601.3087718655541, ""coord_origin"": ""BOTTOMLEFT""}";;;;False
atto_6;docling;json;atto_6.json;67;4;checkbox_selected;other; viene dichiarata immediatamente eseguibile (art. 134, 4° comma del D. Lvo 267/2000);"{""l"": 42.54999924, ""t"": 577.4790222540624, ""r"": 447.4999984799998, ""b"": 566.3790222540624, ""coord_origin"": ""BOTTOMLEFT""}";;;;False
atto_6;docling;json;atto_6.json;68;4;checkbox_unselected;other; è divenuta esecutiva il 22-06-2026;"{""l"": 42.54999924, ""t"": 554.4810211540625, ""r"": 218.94999848000006, ""b"": 543.3810211540625, ""coord_origin"": ""BOTTOMLEFT""}";;;;False
atto_6;docling;json;atto_6.json;69;4;checkbox_selected;other; viene comunicata in elenco ai Capigruppo Consiliari (art. 125);"{""l"": 42.54999924, ""t"": 519.9840118840625, ""r"": 339.5499984799999, ""b"": 508.8840118840625, ""coord_origin"": ""BOTTOMLEFT""}";;;;False
atto_6;docling;json;atto_6.json;70;4;text;text;IL Segretario Comunale f.to Dott. Erminio VERNILE;"{""l"": 212.83100367, ""t"": 495.15602604406246, ""r"": 335.65100366999997, ""b"": 474.81976677555417, ""coord_origin"": ""BOTTOMLEFT""}";;;;False
atto_6;docling;json;atto_6.json;71;4;text;text;______________________________;"{""l"": 189.42700053, ""t"": 460.6590272540625, ""r"": 359.05700053000004, ""b"": 451.8217675855542, ""coord_origin"": ""BOTTOMLEFT""}";;;;False
atto_6;docling;json;atto_6.json;72;4;text;text;Il sottoscritto responsabile del servizio delle pubblicazioni;"{""l"": 42.54999924, ""t"": 401.6640216440625, ""r"": 298.23999924000003, ""b"": 392.8267619755542, ""coord_origin"": ""BOTTOMLEFT""}";;;;False
atto_6;docling;json;atto_6.json;73;4;section_header;heading;ATTESTA;"{""l"": 250.34699631, ""t"": 378.66603580406246, ""r"": 298.13699631, ""b"": 369.82877613555416, ""coord_origin"": ""BOTTOMLEFT""}";;ATTESTA;ATTESTA;False
atto_6;docling;json;atto_6.json;74;4;text;text;Che la presente deliberazione è stata pubblicata, in DATA odierna, per 15 giorni consecutivi dal 22-06- 2026 al 07-07-2026 al numero 396 nel sito web istituzionale di questo Comune accessibile al pubblico al portale www.comunediausonia.it (art. 32, comma 1, della legge 18 giugno 2009, n. 69).;"{""l"": 42.54999924, ""t"": 355.66801944406245, ""r"": 505.92999924000003, ""b"": 323.83276153555414, ""coord_origin"": ""BOTTOMLEFT""}";;;;False
atto_6;docling;json;atto_6.json;75;4;text;text;Dalla Residenza Municipale, lì 22-06-2026;"{""l"": 42.54999924, ""t"": 298.17302433406246, ""r"": 233.2099992400001, ""b"": 289.33576466555417, ""coord_origin"": ""BOTTOMLEFT""}";;;;False
atto_6;docling;json;atto_6.json;76;4;text;text;IL Responsabile Procedimento Pubblicazione f.to Sig. Onofrio CORENO;"{""l"": 164.77399588999998, ""t"": 275.1750079740625, ""r"": 383.7039958900001, ""b"": 254.83874870555428, ""coord_origin"": ""BOTTOMLEFT""}";;;;False
atto_6;docling;json;atto_6.json;77;4;text;text;______________________________;"{""l"": 189.42699671999998, ""t"": 240.6780091840625, ""r"": 359.05699672000003, ""b"": 231.8407495155542, ""coord_origin"": ""BOTTOMLEFT""}";;;;False
atto_6;docling;json;atto_6.json;78;4;text;text;__________________________________________________________________________________;"{""l"": 42.54999924, ""t"": 194.68202701406244, ""r"": 501.37999924, ""b"": 185.84476734555415, ""coord_origin"": ""BOTTOMLEFT""}";;;;False
atto_6;docling;json;atto_6.json;79;4;text;text;Copia conforme all'originale, in carta libera per uso amministrativo.;"{""l"": 92.20000077, ""t"": 171.6840411740625, ""r"": 390.11000077000006, ""b"": 162.8467815055542, ""coord_origin"": ""BOTTOMLEFT""}";;;;False
atto_6;docling;json;atto_6.json;80;4;text;text;Dalla Residenza Municipale, li 22-06-2026;"{""l"": 92.20000077, ""t"": 148.68605533406242, ""r"": 282.3100007700001, ""b"": 139.84879566555412, ""coord_origin"": ""BOTTOMLEFT""}";;;;False
atto_6;docling;json;atto_6.json;81;4;text;text;IL Segretario Comunale;"{""l"": 266.40199519000004, ""t"": 125.68800846406248, ""r"": 381.43199519000007, ""b"": 116.85074879555418, ""coord_origin"": ""BOTTOMLEFT""}";;;;False
atto_6;docling;json;atto_6.json;82;4;text;text;Dott. Erminio VERNILE;"{""l"": 270.84299708000003, ""t"": 114.18900886406243, ""r"": 376.98299708, ""b"": 105.35174919555425, ""coord_origin"": ""BOTTOMLEFT""}";;;;False
atto_6;docling;json;atto_6.json;83;4;text;text;______________________________;"{""l"": 239.10199595, ""t"": 91.19100967406246, ""r"": 408.73199595000006, ""b"": 82.35375000555416, ""coord_origin"": ""BOTTOMLEFT""}";;;;False
atto_7;docling;json;atto_7.json;1;1;picture;figure;[figure];"{""l"": 58.094093322753906, ""t"": 775.3136291503906, ""r"": 116.2547836303711, ""b"": 709.8089599609375, ""coord_origin"": ""BOTTOMLEFT""}";;;;True
atto_7;docling;json;atto_7.json;2;1;section_header;heading;COMUNE DI CARBONARA DI NOLA;"{""l"": 164.64, ""t"": 753.2455029101562, ""r"": 443.31756, ""b"": 739.3982683647017, ""coord_origin"": ""BOTTOMLEFT""}";;;;False
atto_7;docling;json;atto_7.json;3;1;text;text;CITTA' METROPOLITANA DI NAPOLI Tel. (081 8253402 - fax 825 3114);"{""l"": 220.44, ""t"": 735.9839829101562, ""r"": 443.04, ""b"": 711.7725283647018, ""coord_origin"": ""BOTTOMLEFT""}";;;;False
atto_7;docling;json;atto_7.json;4;1;section_header;heading;VERBALE DI DELIBERAZIONE DI GIUNTA COMUNALE;"{""l"": 141.83999999999992, ""t"": 656.2319829101564, ""r"": 453.08399999999983, ""b"": 644.5807101828836, ""coord_origin"": ""BOTTOMLEFT""}";;;;False
atto_7;docling;json;atto_7.json;5;1;text;text;N. 16 DEL 18-02-2026;"{""l"": 244.3199999999999, ""t"": 628.6319829101565, ""r"": 368.376, ""b"": 616.9807101828837, ""coord_origin"": ""BOTTOMLEFT""}";;;;False
atto_7;docling;json;atto_7.json;6;1;text;text;OGGETTO: DELIMITAZIONE SPAZI PER AFFISSIONE DI STAMPATI E MANIFESTI PER PROPAGANDA ELETTORALE REFERENDUM DI DOMENICA 22 E LUNEDÌ 23 MARZO 2026.;"{""l"": 56.64, ""t"": 587.5046229101563, ""r"": 537.9238080000006, ""b"": 551.4654520010654, ""coord_origin"": ""BOTTOMLEFT""}";;;;False
atto_7;docling;json;atto_7.json;7;1;text;text;L'anno duemilaventisei , il giorno diciotto del mese di febbraio alle ore 11:00 nella sala delle adunanze del Comune suddetto, convocata nelle forme di legge, la Giunta Comunale si è riunita con la presenza degli assessori:;"{""l"": 56.639999999999986, ""t"": 521.7119829101564, ""r"": 541.8984000000006, ""b"": 482.8349829101564, ""coord_origin"": ""BOTTOMLEFT""}";;;;False
atto_7;docling;json;atto_7.json;8;1;table;table;[table];"{""l"": 50.69822692871094, ""t"": 470.15728759765625, ""r"": 526.5347900390625, ""b"": 418.2180480957031, ""coord_origin"": ""BOTTOMLEFT""}";;;;True
atto_7;docling;json;atto_7.json;9;1;text;text;Con la partecipazione del Segretario Comunale Dott.ssa Rosalba VITALE .;"{""l"": 92.04, ""t"": 390.07198291015624, ""r"": 490.29720000000043, ""b"": 378.79498291015625, ""coord_origin"": ""BOTTOMLEFT""}";;;;False
atto_7;docling;json;atto_7.json;10;1;text;text;Il VICE SINDACO Raffaele ALBANO costatato che gli intervenuti sono in numero legale, dichiara aperta la riunione ed invita i convocati a DELIBERARE sull'oggetto sopraindicato.;"{""l"": 56.63999999999993, ""t"": 362.4719829101562, ""r"": 541.8972000000008, ""b"": 337.3949829101562, ""coord_origin"": ""BOTTOMLEFT""}";;;;False
atto_7;docling;json;atto_7.json;11;1;text;text;COPIA;"{""l"": 500.52, ""t"": 670.0319829101563, ""r"": 541.896, ""b"": 658.3807101828836, ""coord_origin"": ""BOTTOMLEFT""}";;;;False
atto_7;docling;json;atto_7.json;12;2;text;text;"PREMESSO che con DD.P.R. del 13 Gennaio 2026, pubblicato nella Gazzetta Ufficiale n. 10 del 14 Gennaio 2026, sono stati convocati per domenica 22 e lunedì 23 marzo 2026 i comizi per il referendum popolare confermativo della legge costituzionale recante: ' Norme in materia di ordinamento giurisdizionale e di istituzione della Corte Disciplinare' , approvata dal Parlamento e pubblicata nella Gazzetta Ufficiale della Repubblica Italiana n. 253 del 30 ottobre 2025;";"{""l"": 61.679039999999986, ""t"": 743.7839829101563, ""r"": 493.9114559999996, ""b"": 681.0925361409255, ""coord_origin"": ""BOTTOMLEFT""}";;;PREMESSO;False
atto_7;docling;json;atto_7.json;13;2;text;text;"VISTA la Circolare n.7/Ref 2026 del 12/02/2026 - protocollo n.0062427 - ad oggetto: "" Consultazioni referendarie di domenica 22 e lunedì 23 marzo 2026. Referendum popolare confermativo della legge costituzionale recante: 'Norme in materia di ordinamento giurisdizionale e di istituzione della Corte Disciplinare' . Precisazione del quesito referendario. Adempimenti in materia di propaganda elettorale e comunicazione politica. Partiti e gruppi politici rappresentati in Parlamento e promotori dei referendum.' , secondo cui, la Giunta Comunale, dal 33° al 30° giorno antecedente quello della votazione, quindi da martedì 17 a venerdì 20 febbraio 2026 , dovrà stabilire e delimitare e ripartire in ogni centro abitato, gli spazi da destinare alle affissioni di propaganda elettorale dei partiti e gruppi politici rappresentati in Parlamento e promotori dei referendum;";"{""l"": 61.67999999999989, ""t"": 656.6639829101563, ""r"": 494.4, ""b"": 523.9749752178489, ""coord_origin"": ""BOTTOMLEFT""}";;;VISTO;False
atto_7;docling;json;atto_7.json;14;2;text;text;"RICHIAMATO l'articolo 2, comma 1 della legge 4 aprile 1956, n. 212, modificato dalla legge 24 aprile 1975 n.130 e dall'art. 1,comma 400, lettera h) della legge 27 dicembre 2013, n° 147, contenente ' Norme per la disciplina della propaganda elettorale', il quale stabilisce che l'affissione di stampati, giornali murali od altri e di manifesti di propaganda elettorale, da parte di partiti o gruppi politici che parteciperanno alle elezioni con liste di canditati, sia effettuata esclusivamente negli appositi spazi a ciò destinati in ogni Comune (c.d. 'propaganda diretta'), avendo cura di sceglierli nelle località più frequentate ed in equa proporzione per tutto l'abitato;";"{""l"": 61.67423999999994, ""t"": 508.0718229101563, ""r"": 494.1066240000007, ""b"": 422.6617758332334, ""coord_origin"": ""BOTTOMLEFT""}";;;RICHIAMATO;False
atto_7;docling;json;atto_7.json;15;2;text;text;RICHIAMATO altresì l'art. 52 della legge 25 maggio 1970, n. 352, che prevede che alla propaganda relativa allo svolgimento dei referendum previsti dalla medesima legge si applicano le disposizioni della citata legge n. 212/1956, e le facoltà RICONOSCIUTE ai partiti e gruppi politici che partecipano direttamente alla competizione elettorale, concernenti l'assegnazione degli appositi spazi per le affissioni di propaganda, si intendono attribuite ai partiti e gruppi politici rappresentati in Parlamento e ai promotori dei referendum, questi ultimi CONSIDERATI come gruppo unico.;"{""l"": 61.68, ""t"": 406.3507029101563, ""r"": 496.3982399999999, ""b"": 336.93541614092555, ""coord_origin"": ""BOTTOMLEFT""}";;;RICHIAMATO;False
atto_7;docling;json;atto_7.json;16;2;text;text;"RITENUTO che il numero degli spazi deve stabilirsi per ciascun centro abitato in base alla relativa popolazione residente, secondo la tabella di cui all'art.2, secondo comma, della Legge 56/2012 e s.m.i.;";"{""l"": 65.63999999999999, ""t"": 321.2284629101563, ""r"": 493.90920000000034, ""b"": 286.44785583323323, ""coord_origin"": ""BOTTOMLEFT""}";;;RITENUTO;False
atto_7;docling;json;atto_7.json;17;2;text;text;VISTA la legge 27 dicembre 2013, n. 147 (legge di stabilità 2014), che per il contenimento delle spese ha apportato modifiche alla disciplina della propaganda elettorale di cui alla legge 4 aprile 1956 n. 212, art.2 comma 2 riducendo il numero degli spazi elettorali e stabilendo per una popolazione tra i 3.001 e i 10.000 abitanti almeno 3 e non più di 5 spazi elettorali,;"{""l"": 65.51856, ""t"": 270.59902291015635, ""r"": 493.9964160000005, ""b"": 223.22177583323332, ""coord_origin"": ""BOTTOMLEFT""}";;;VISTO;False
atto_7;docling;json;atto_7.json;18;2;text;text;"DATO ATTO che questo Comune conta n. 2.450 abitanti e che, pertanto, il numero degli spazi elettorali può essere fissato entro il numero minimo di 3 e massimo di 5 spazi;";"{""l"": 65.63999999999996, ""t"": 207.25150291015643, ""r"": 493.8263999999999, ""b"": 185.18897583323326, ""coord_origin"": ""BOTTOMLEFT""}";;;DATO_ATTO;False
atto_7;docling;json;atto_7.json;19;2;text;text;"CONSIDERATO che il comma 2 dell'art.1 della legge n. 212/56 è stato abrogato dall'art.1 comma 400 lettera h) della legge del 27/12/2013 n. 147(legge di stabilità 2014) che ha disposto l'abolizione della propaganda indiretta;";"{""l"": 65.64, ""t"": 169.42846291015633, ""r"": 496.4329439999998, ""b"": 134.76929583323317, ""coord_origin"": ""BOTTOMLEFT""}";;;CONSIDERATO;False
atto_7;docling;json;atto_7.json;20;2;text;text;"RILEVATO che , secondo il disposto dell'art.3 della citata L. 212/56, come modificata, la giunta municipale provvede, nei termini predetti, a delimitare gli spazi di cui al primo comma dell'art.1 e a ripartirli in tante sezioni. Ad ogni lista, spetta una superficie di metri 2 di altezza per metri 1 di base e ad ogni candidatura uninominale una superficie di metri 1 di altezza per metri 0,70 di base, nonché ad assegnare le sezioni seguendo l'ordine di presentazione delle domande, su di una sola linea orizzontale a partire dal lato sinistro e proseguendo verso destra;";"{""l"": 65.64000000000001, ""t"": 127.5537429101563, ""r"": 494.1233760000008, ""b"": 67.57985583323318, ""coord_origin"": ""BOTTOMLEFT""}";;;RILEVATO;False
atto_7;docling;json;atto_7.json;21;3;text;text;"VISTO il piano PREDISPOSTO dall'ufficio competente per stabilire gli spazi da destinarsi alle affissioni di propaganda elettorale secondo i criteri di cui alla legge sopra menzionata;";"{""l"": 65.64, ""t"": 742.9084629101563, ""r"": 469.3518240000004, ""b"": 720.8459358332333, ""coord_origin"": ""BOTTOMLEFT""}";;;VISTO;False
atto_7;docling;json;atto_7.json;22;3;text;text;"DATO ATTO che gli spazi prescelti corrispondono alle località più frequentate e risultano suddivisi in equa proporzione per tutto l'abitato tale da rendere attuabili le assegnazioni previste dalla legge, qualunque sia il numero senza impedire la visibilità di monumenti o panorami;";"{""l"": 65.64, ""t"": 704.9884629101563, ""r"": 477.2575680000005, ""b"": 657.6112158332332, ""coord_origin"": ""BOTTOMLEFT""}";;;DATO_ATTO;False
atto_7;docling;json;atto_7.json;23;3;text;text;"VISTE le disposizioni ministeriali ed, in particolare, la circolare del Ministero dell'Interno n. 1943/V dello 08.04.1980;";"{""l"": 65.62896, ""t"": 641.6409429101564, ""r"": 480.0584160000007, ""b"": 619.5784158332333, ""coord_origin"": ""BOTTOMLEFT""}";;;VISTO;False
atto_7;docling;json;atto_7.json;24;3;text;text;"RITENUTO di dover provvedere agli adempimenti di cui alla L. 212/1956 e s.m.i.;";"{""l"": 65.64, ""t"": 603.7084629101563, ""r"": 437.99711999999994, ""b"": 594.1299247283381, ""coord_origin"": ""BOTTOMLEFT""}";;;RITENUTO;False
atto_7;docling;json;atto_7.json;25;3;section_header;heading;PROPONE DI DELIBERARE;"{""l"": 220.2, ""t"": 578.3937429101563, ""r"": 367.31904, ""b"": 568.8152047283381, ""coord_origin"": ""BOTTOMLEFT""}";;PROPONE_DELIBERARE;PROPONE_DELIBERARE;False
atto_7;docling;json;atto_7.json;26;3;section_header;heading;"Di ritenere la narrativa che precede parte integrante e sostanziale della presente;";"{""l"": 65.64, ""t"": 552.9839829101562, ""r"": 502.56, ""b"": 542.5725283647017, ""coord_origin"": ""BOTTOMLEFT""}";;;;False
atto_7;docling;json;atto_7.json;27;3;text;text;1) Di stabilire , per le consultazioni di cui all'oggetto, in esecuzione della legge n°21 2 del 04.04.1956 e successive modifiche e secondo quanto previsto dalla legge n. 147 del 27.12.2013 (legge di stabilità 2014) nei siti indicati di seguito, n.ro CINQUE spazi per l'affissione esclusiva degli stampati, dei giornali murali od altro e dei manifesti di propaganda elettorale da parte dei comitati referendari, partiti e gruppi politici che partecipano alla competizione elettorale per il Referendum Popolare del 22 e 23 marzo 2026.;"{""l"": 65.48495999999977, ""t"": 539.2684629101564, ""r"": 487.0694399999999, ""b"": 466.6979358332334, ""coord_origin"": ""BOTTOMLEFT""}";;;;False
atto_7;docling;json;atto_7.json;28;3;text;text;Determinazione e delimitazione degli spazi elettorali, con ubicazione secondo il seguente prospetto:;"{""l"": 65.51999999999998, ""t"": 463.30846291015627, ""r"": 460.6747199999999, ""b"": 441.24593583323326, ""coord_origin"": ""BOTTOMLEFT""}";;;;False
atto_7;docling;json;atto_7.json;29;3;table;table;[table];"{""l"": 85.17772674560547, ""t"": 405.3841552734375, ""r"": 509.4508361816406, ""b"": 320.54022216796875, ""coord_origin"": ""BOTTOMLEFT""}";;;;True
atto_7;docling;json;atto_7.json;30;3;list_item;list_item;"Di delimitare gli spazi elettorali ai sensi dell'art.3 dare della legge 4 aprile 1956, n.212, e ss.mm.ii., per le dimensioni di metri 2 di altezza per metri 1 di base e di metri 1 di altezza per metri 0,70 di base, destinati all'affissione di stampati, giornali murali e manifesti, da parte di partiti, gruppi politici o promotori dei referendum che partecipano alla competizione elettorale;";"{""l"": 65.51664, ""t"": 269.9884629101563, ""r"": 515.5125600000009, ""b"": 222.48977583323324, ""coord_origin"": ""BOTTOMLEFT""}";;;;False
atto_7;docling;json;atto_7.json;31;3;list_item;list_item;"Di dare ATTO che con successiva deliberazione, da assumere nei termini di legge, si procederà all' assegnazione degli spazi per la propaganda di cui trattasi;";"{""l"": 65.51712, ""t"": 219.22846291015628, ""r"": 522.2871840000001, ""b"": 197.16593583323322, ""coord_origin"": ""BOTTOMLEFT""}";;;;False
atto_7;docling;json;atto_7.json;32;3;list_item;list_item;"Di dare ATTO che il parere di regolarità contabile non è richiesto in quanto non comporta spesa;";"{""l"": 65.64, ""t"": 194.14846291015624, ""r"": 526.8, ""b"": 184.56992472833815, ""coord_origin"": ""BOTTOMLEFT""}";;;;False
atto_7;docling;json;atto_7.json;33;3;list_item;list_item;Di dichiarare, immediatamente eseguibile la presente deliberazione ai sensi dell'art. 134 comma 4 del D. Lgs. n. 267/2000.;"{""l"": 65.54696720000004, ""t"": 181.30846291015632, ""r"": 496.7803344000001, ""b"": 159.206724493734, ""coord_origin"": ""BOTTOMLEFT""}";;;;False
atto_7;docling;json;atto_7.json;34;3;section_header;heading;LA GIUNTA COMUNALE;"{""l"": 226.56, ""t"": 141.74398291015632, ""r"": 371.64, ""b"": 131.33252836470172, ""coord_origin"": ""BOTTOMLEFT""}";;;;False
atto_7;docling;json;atto_7.json;35;4;section_header;heading;VISTA la proposta di deliberazione avente ad oggetto: ' DELIMITAZIONE SPAZI PER AFFISSIONE DI STAMPATI E MANIFESTI PER PROPAGANDA ELETTORALE REFERENDUM DI DOMENICA 22 E LUNEDÌ 23 MARZO 2026';"{""l"": 56.64, ""t"": 767.9039829101563, ""r"": 489.84119999999996, ""b"": 727.7349752178486, ""coord_origin"": ""BOTTOMLEFT""}";;;VISTO;False
atto_7;docling;json;atto_7.json;36;4;text;text;(Art. 58, decreto legge 25 giugno 2008, n. 112, convertito con modificazioni dalla legge 6 agosto 2008, n.133);"{""l"": 59.639999999999986, ""t"": 717.7041429101563, ""r"": 526.3228799999999, ""b"": 708.5978560136045, ""coord_origin"": ""BOTTOMLEFT""}";;;;False
atto_7;docling;json;atto_7.json;37;4;text;text;"RITENUTO che la stessa sia meritevole di approvazione;";"{""l"": 56.64, ""t"": 675.5039829101562, ""r"": 339.96000000000004, ""b"": 665.0925283647017, ""coord_origin"": ""BOTTOMLEFT""}";;;RITENUTO;False
atto_7;docling;json;atto_7.json;38;4;text;text;"VISTI i pareri favorevoli espressi ai sensi dell'art. 49 del d.lgs. n. 267/2000;";"{""l"": 56.64000000000004, ""t"": 647.6639829101562, ""r"": 427.68000000000006, ""b"": 637.2525283647017, ""coord_origin"": ""BOTTOMLEFT""}";;;VISTI_PARERI;False
atto_7;docling;json;atto_7.json;39;4;text;text;Con voti favorevoli unanimi, resi nei modi di legge,;"{""l"": 56.64000000000004, ""t"": 619.9439829101561, ""r"": 308.8800000000001, ""b"": 609.6549752178485, ""coord_origin"": ""BOTTOMLEFT""}";0.0;;;False
atto_7;docling;json;atto_7.json;40;4;section_header;heading;DELIBERA;"{""l"": 266.28000000000003, ""t"": 564.2639829101561, ""r"": 331.92, ""b"": 553.8525283647016, ""coord_origin"": ""BOTTOMLEFT""}";;DELIBERA;DELIBERA;False
atto_7;docling;json;atto_7.json;41;4;list_item;list_item;"DI APPROVARE , così come ad ogni effetto approva, la proposta di deliberazione, che forma parte integrante e sostanziale del presente provvedimento;";"{""l"": 74.64, ""t"": 536.5439829101563, ""r"": 517.6799999999997, ""b"": 512.4549752178486, ""coord_origin"": ""BOTTOMLEFT""}";;;;False
atto_7;docling;json;atto_7.json;42;4;list_item;list_item;DI DICHIARARE il presente ATTO immediatamente eseguibile ai sensi dell'art. 134, comma 4, del d.lgs. n. 267/2000.;"{""l"": 74.64, ""t"": 508.9439829101563, ""r"": 540.4823999999999, ""b"": 484.85497521784856, ""coord_origin"": ""BOTTOMLEFT""}";;;;False
atto_7;docling;json;atto_7.json;43;5;text;text;Sulla proposta della presente deliberazione i sottoscritti, ai sensi dell'art. 49 D.lgvo 267/2000, ha espresso il seguente pareri :;"{""l"": 56.64, ""t"": 745.5119829101563, ""r"": 496.6572000000004, ""b"": 719.4749829101564, ""coord_origin"": ""BOTTOMLEFT""}";;;;False
atto_7;docling;json;atto_7.json;44;5;text;text;Per la Regolarita' tecnica: Favorevole Il Responsabile del Settore F.to Dott.ssa Immacolata LIMPIDO;"{""l"": 56.639999999999986, ""t"": 666.6719829101565, ""r"": 341.616, ""b"": 590.9549829101563, ""coord_origin"": ""BOTTOMLEFT""}";;;;False
atto_7;docling;json;atto_7.json;45;6;text;text;Letto, approvato e sottoscritto.;"{""l"": 56.64, ""t"": 722.5919829101564, ""r"": 221.37599999999998, ""b"": 711.3149829101565, ""coord_origin"": ""BOTTOMLEFT""}";;;;False
atto_7;docling;json;atto_7.json;46;6;text;text;Il VICE SINDACO F.to Raffaele ALBANO;"{""l"": 116.52, ""t"": 695.2646229101563, ""r"": 233.34912, ""b"": 672.2897829101563, ""coord_origin"": ""BOTTOMLEFT""}";;;;False
atto_7;docling;json;atto_7.json;47;6;text;text;Il Segretario Comunale F.to Dott.ssa Rosalba VITALE;"{""l"": 344.64, ""t"": 695.2646229101563, ""r"": 494.46912, ""b"": 672.2897829101563, ""coord_origin"": ""BOTTOMLEFT""}";;;;False
atto_7;docling;json;atto_7.json;48;6;section_header;heading;CERTIFICATO DI PUBBLICAZIONE;"{""l"": 182.64000000000001, ""t"": 626.8319829101563, ""r"": 404.2427999999999, ""b"": 615.5549829101564, ""coord_origin"": ""BOTTOMLEFT""}";;;;True
atto_7;docling;json;atto_7.json;49;6;section_header;heading;SI ATTESTA;"{""l"": 254.64000000000001, ""t"": 589.9919829101563, ""r"": 332.2439999999999, ""b"": 578.7149829101563, ""coord_origin"": ""BOTTOMLEFT""}";;;ATTESTA;False
atto_7;docling;json;atto_7.json;50;6;text;text;Che è stata pubblicata all'albo pretorio on line in DATA 18-02-2026 e vi rimarrà per 15 giorni consecutivi.;"{""l"": 56.64, ""t"": 562.6646229101563, ""r"": 534.496464, ""b"": 539.6931429101563, ""coord_origin"": ""BOTTOMLEFT""}";;;;False
atto_7;docling;json;atto_7.json;51;6;text;text;N. ALBO 93;"{""l"": 59.77536000000001, ""t"": 524.7532629101563, ""r"": 123.3216, ""b"": 514.0340920010655, ""coord_origin"": ""BOTTOMLEFT""}";;;;False
atto_7;docling;json;atto_7.json;52;6;text;text;Il Responsabile della Pubblicazione F.to Dott.ssa Immacolata LIMPIDO;"{""l"": 325.08, ""t"": 479.86462291015624, ""r"": 513.90912, ""b"": 456.8897829101563, ""coord_origin"": ""BOTTOMLEFT""}";;;;False
atto_7;docling;json;atto_7.json;53;6;section_header;heading;COPIA CONFORME ALL'ORIGINALE;"{""l"": 56.64, ""t"": 420.67198291015626, ""r"": 271.41600000000005, ""b"": 409.02071018288353, ""coord_origin"": ""BOTTOMLEFT""}";;;;False
atto_7;docling;json;atto_7.json;54;6;text;text;Il Segretario Comunale Dott.ssa Rosalba VITALE;"{""l"": 355.68, ""t"": 393.34462291015626, ""r"": 483.42912, ""b"": 370.24978291015634, ""coord_origin"": ""BOTTOMLEFT""}";;;;False
atto_7;docling;json;atto_7.json;55;6;section_header;heading;ESECUTIVITA';"{""l"": 250.92000000000002, ""t"": 338.5919829101563, ""r"": 343.22519999999986, ""b"": 327.31498291015623, ""coord_origin"": ""BOTTOMLEFT""}";;;;False
atto_7;docling;json;atto_7.json;56;6;text;text;"- è stata comunicata, con lettera n. 1399, in DATA 18-02-2026, ai signori Capigruppo Consiliari come prescritto dall'art. 125 comma 1 del D.Lgs. 267/2000;";"{""l"": 56.64, ""t"": 297.4646229101563, ""r"": 534.4843199999996, ""b"": 274.4931429101564, ""coord_origin"": ""BOTTOMLEFT""}";;;;False
atto_7;docling;json;atto_7.json;57;6;text;text;"che la presente deliberazione è divenuta esecutiva il 18-02-2026;";"{""l"": 56.639999999999986, ""t"": 258.1919829101562, ""r"": 377.4551999999999, ""b"": 246.91498291015625, ""coord_origin"": ""BOTTOMLEFT""}";;;;False
atto_7;docling;json;atto_7.json;58;6;text;text;"- perché dichiarata immediatamente eseguibile (art. 134 comma 4 D.Lgs. 267/2000);";"{""l"": 56.64, ""t"": 230.8646229101563, ""r"": 470.59583999999995, ""b"": 220.48978291015624, ""coord_origin"": ""BOTTOMLEFT""}";;;;False
atto_7;docling;json;atto_7.json;59;6;text;text;Il Segretario Comunale F.to Dott.ssa Rosalba VITALE;"{""l"": 344.64, ""t"": 192.82462291015622, ""r"": 494.46912, ""b"": 169.84978291015625, ""coord_origin"": ""BOTTOMLEFT""}";;;;False
atto_8;docling;json;atto_8.json;1;1;section_header;heading;COMUNE DI AUSONIA;"{""l"": 193.11000061, ""t"": 792.8310255840624, ""r"": 457.78200061, ""b"": 773.0913892204261, ""coord_origin"": ""BOTTOMLEFT""}";;;;False
atto_8;docling;json;atto_8.json;2;1;section_header;heading;Provincia di Frosinone;"{""l"": 234.95000457999998, ""t"": 766.8640247540625, ""r"": 414.44600457999996, ""b"": 752.0592974813352, ""coord_origin"": ""BOTTOMLEFT""}";;;;False
atto_8;docling;json;atto_8.json;3;1;section_header;heading;COPIA DI DELIBERAZIONE DELLA GIUNTA COMUNALE;"{""l"": 130.50699996999998, ""t"": 678.2560247040625, ""r"": 517.8869999700001, ""b"": 666.7412368252745, ""coord_origin"": ""BOTTOMLEFT""}";;;;False
atto_8;docling;json;atto_8.json;4;1;section_header;heading;Verbale n. 42 del 10-06-2026;"{""l"": 219.72599793, ""t"": 635.2540186140625, ""r"": 429.0679979299998, ""b"": 622.8818550781509, ""coord_origin"": ""BOTTOMLEFT""}";;;;False
atto_8;docling;json;atto_8.json;5;1;text;text;"OGGETTO: Approvazione del progetto denominato ""La Magia del Natale ad Ausonia- V° Edizione ""da candidare all'Avviso Pubblico per la concessione di contributi ai sensi dell'art. 5 della L.R. 30 dicembre 2024 n. 22-""Fondo per le iniziative di promozione e valorizzazione del territorio regionale""- Annualità 2026";"{""l"": 92.15000153, ""t"": 605.8000240140625, ""r"": 555.5300030599997, ""b"": 560.6097619655542, ""coord_origin"": ""BOTTOMLEFT""}";;;;False
atto_8;docling;json;atto_8.json;6;1;text;text;L'anno duemilaventisei, il giorno dieci del mese di giugno alle ore 12:15 e seg. in Ausonia e nella residenza municipale, nella sala delle adunanze, previa l'osservanza di tutte le formalità prescritte dalle vigenti leggi, sono stati oggi convocati in seduta i componenti della Giunta Comunale.;"{""l"": 92.15000153, ""t"": 544.8550319540625, ""r"": 556.0820015300005, ""b"": 492.85332004185256, ""coord_origin"": ""BOTTOMLEFT""}";;;;False
atto_8;docling;json;atto_8.json;7;1;text;text;Fatto normale appello nominale, risultano:;"{""l"": 162.95000153, ""t"": 475.8600368340625, ""r"": 389.7500015300001, ""b"": 465.25532523185257, ""coord_origin"": ""BOTTOMLEFT""}";;;;False
atto_8;docling;json;atto_8.json;8;1;table;table;[table];"{""l"": 94.14520263671875, ""t"": 453.2320861816406, ""r"": 552.7559814453125, ""b"": 344.1389465332031, ""coord_origin"": ""BOTTOMLEFT""}";;;;True
atto_8;docling;json;atto_8.json;9;1;text;text;Assiste il Segretario Comunale Erminio VERNILE, il quale provvede alla redazione del presente verbale. Essendo legale il numero degli intervenuti, il Dott. Benedetto CARDILLO - Sindaco, assume la Presidenza e dichiara aperta la seduta per la trattazione dell'oggetto sopra indicato.;"{""l"": 92.15000153, ""t"": 315.1640224340624, ""r"": 556.0820015300005, ""b"": 263.16231052185253, ""coord_origin"": ""BOTTOMLEFT""}";;;;False
atto_8;docling;json;atto_8.json;10;1;text;text;.;"{""l"": 92.15000153, ""t"": 259.96800802406244, ""r"": 95.48600153, ""b"": 249.3632964218525, ""coord_origin"": ""BOTTOMLEFT""}";;;;False
atto_8;docling;json;atto_8.json;11;2;section_header;heading;PREMESSO CHE;"{""l"": 42.54999924, ""t"": 772.2920262740624, ""r"": 137.56599924, ""b"": 762.4222080922442, ""coord_origin"": ""BOTTOMLEFT""}";;;PREMESSO;False
atto_8;docling;json;atto_8.json;12;2;list_item;list_item;"- la Regione Lazio, con Determinazione Dirigenziale n. G07309 del 28/05/2026, ha approvato l'Avviso Pubblico per la concessione di contributi ai sensi dell'art. 5 della Legge Regionale 30 dicembre 2024 n. 22 'Fondo per le iniziative di promozione e valorizzazione del territorio regionale', destinato ai Comuni del Lazio, ai Municipi di Roma Capitale, agli Enti gestori delle aree naturali protette regionali e alle Comunità Montane;";"{""l"": 60.54999924, ""t"": 750.5990264940625, ""r"": 506.14599924000004, ""b"": 669.6282017422443, ""coord_origin"": ""BOTTOMLEFT""}";;;;False
atto_8;docling;json;atto_8.json;13;2;list_item;list_item;"- l'Avviso è finalizzato a sostenere iniziative volte alla promozione e valorizzazione del territorio regionale, favorendo lo sviluppo sociale, culturale, turistico ed economico delle comunità locali;";"{""l"": 60.54999924, ""t"": 657.8050277740625, ""r"": 506.14599923999987, ""b"": 618.2312100122443, ""coord_origin"": ""BOTTOMLEFT""}";;;;False
atto_8;docling;json;atto_8.json;14;2;list_item;list_item;"- le iniziative finanziabili dovranno svolgersi nel territorio della Regione Lazio nel periodo compreso tra il 1° settembre 2026 e il 7 gennaio 2027 ;";"{""l"": 60.54999924, ""t"": 606.4080246040625, ""r"": 506.14599924000004, ""b"": 580.6332066322443, ""coord_origin"": ""BOTTOMLEFT""}";;;;False
atto_8;docling;json;atto_8.json;15;2;list_item;list_item;"- ai sensi dell'art. 3 dell'Avviso, per i Comuni con popolazione superiore a 15.000 abitanti il contributo massimo concedibile è pari ad € 30.000,00 , mentre per i Comuni con popolazione pari o inferiore a 15.000 abitanti il contributo massimo concedibile è pari ad € 20.000,00 ;";"{""l"": 60.54999924, ""t"": 568.8100326540624, ""r"": 506.14599924000004, ""b"": 515.4372151122442, ""coord_origin"": ""BOTTOMLEFT""}";;;;False
atto_8;docling;json;atto_8.json;16;2;section_header;heading;CONSIDERATO CHE;"{""l"": 42.54999924, ""t"": 501.50801825406245, ""r"": 160.90599924, ""b"": 491.6382000722443, ""coord_origin"": ""BOTTOMLEFT""}";;;CONSIDERATO;False
atto_8;docling;json;atto_8.json;17;2;list_item;list_item;"- l'Amministrazione Comunale intende partecipare al suddetto Avviso attraverso la candidatura del progetto denominato 'La magia del Natale ad Ausonia V° Edizione' , allegato alla presente deliberazione quale parte integrante e sostanziale;";"{""l"": 60.54999924, ""t"": 479.81503753406247, ""r"": 506.1459992400002, ""b"": 440.2412197722443, ""coord_origin"": ""BOTTOMLEFT""}";;;;False
atto_8;docling;json;atto_8.json;18;2;list_item;list_item;"- il progetto proposto mira a valorizzare il patrimonio culturale, storico, ambientale e identitario del territorio comunale mediante la realizzazione di iniziative ed eventi rivolti alla cittadinanza e ai visitatori;";"{""l"": 60.54999924, ""t"": 428.41803436406246, ""r"": 506.1459992400001, ""b"": 388.8442166022443, ""coord_origin"": ""BOTTOMLEFT""}";;;;False
atto_8;docling;json;atto_8.json;19;2;list_item;list_item;"- il progetto presenta un quadro economico complessivo pari ad €. 25.000,00, di cui € 20.000,00 richiesti a titolo di contributo regionale e € 5.000,00 a carico dell'Ente quale eventuale quota di compartecipazione;";"{""l"": 60.54999924, ""t"": 377.02103119406246, ""r"": 506.14599924000004, ""b"": 337.44721343224427, ""coord_origin"": ""BOTTOMLEFT""}";;;;False
atto_8;docling;json;atto_8.json;20;2;text;text;"RITENUTO di approvare il progetto allegato e di autorizzarne la candidatura nell'ambito dell'Avviso regionale sopra RICHIAMATO;";"{""l"": 42.54999924, ""t"": 323.51802801406245, ""r"": 506.1459992399998, ""b"": 299.8492100422443, ""coord_origin"": ""BOTTOMLEFT""}";;;RITENUTO;False
atto_8;docling;json;atto_8.json;21;2;section_header;heading;VISTI;"{""l"": 42.54999924, ""t"": 285.9200360740624, ""r"": 75.22599924, ""b"": 276.0502178922443, ""coord_origin"": ""BOTTOMLEFT""}";;;VISTO;False
atto_8;docling;json;atto_8.json;22;2;list_item;list_item;"- la Legge Regionale 30 dicembre 2024, n. 22;";"{""l"": 60.54999924, ""t"": 264.2270553640625, ""r"": 297.81399924000004, ""b"": 251.9770553640625, ""coord_origin"": ""BOTTOMLEFT""}";;;;False
atto_8;docling;json;atto_8.json;23;2;list_item;list_item;"- la D.G.R. Lazio n. 1244 dell'11/12/2025;";"{""l"": 60.54999924, ""t"": 240.42804413406247, ""r"": 279.84999924000005, ""b"": 228.17804413406247, ""coord_origin"": ""BOTTOMLEFT""}";;;;False
atto_8;docling;json;atto_8.json;24;2;list_item;list_item;"- la Determinazione Dirigenziale Regione Lazio n. G07309 del 28/05/2026;";"{""l"": 60.54999924, ""t"": 216.62903290406246, ""r"": 437.76999924000006, ""b"": 204.37903290406246, ""coord_origin"": ""BOTTOMLEFT""}";;;;False
atto_8;docling;json;atto_8.json;25;2;list_item;list_item;"- il D.Lgs. n. 267/2000;";"{""l"": 60.54999924, ""t"": 192.83002167406244, ""r"": 187.55799924, ""b"": 180.58002167406244, ""coord_origin"": ""BOTTOMLEFT""}";;;;False
atto_8;docling;json;atto_8.json;26;2;list_item;list_item;"- lo Statuto Comunale;";"{""l"": 60.54999924, ""t"": 169.03101043406252, ""r"": 183.54999924, ""b"": 156.78101043406252, ""coord_origin"": ""BOTTOMLEFT""}";;;;False
atto_8;docling;json;atto_8.json;27;2;text;text;"ACQUISITI i pareri favorevoli di regolarità tecnica e contabile ai sensi dell'art. 49 del D.Lgs. 267/2000;";"{""l"": 42.54999924, ""t"": 143.1259992040625, ""r"": 500.40999924, ""b"": 119.45718123224435, ""coord_origin"": ""BOTTOMLEFT""}";;;ACQUISITI_PARERI;False
atto_8;docling;json;atto_8.json;28;2;section_header;heading;DELIBERA;"{""l"": 237.58999253000002, ""t"": 105.12003680406247, ""r"": 311.48899253, ""b"": 94.01649134951697, ""coord_origin"": ""BOTTOMLEFT""}";;DELIBERA;DELIBERA;False
atto_8;docling;json;atto_8.json;29;2;list_item;list_item;Di approvare il progetto denominato 'La Magia del Natale ad Ausonia V° Edizione' , in atti, da candidare all'Avviso Pubblico regionale per la concessione di;"{""l"": 60.54999924, ""t"": 80.00405096406246, ""r"": 506.1459992400002, ""b"": 56.3352329922443, ""coord_origin"": ""BOTTOMLEFT""}";;;;False
atto_8;docling;json;atto_8.json;30;2;section_header;heading;LA GIUNTA COMUNALE;"{""l"": 201.84600449, ""t"": 796.0910251040625, ""r"": 346.8540044899999, ""b"": 786.2212069222443, ""coord_origin"": ""BOTTOMLEFT""}";;;;False
atto_8;docling;json;atto_8.json;31;3;text;text;contributi ai sensi dell'art. 5 della L.R. n. 22/2024 - 'Fondo per le iniziative di promozione e valorizzazione del territorio regionale'.;"{""l"": 128.15000153, ""t"": 796.0910251040625, ""r"": 555.7460015300002, ""b"": 772.4222080922443, ""coord_origin"": ""BOTTOMLEFT""}";;;;False
atto_8;docling;json;atto_8.json;32;3;list_item;list_item;Di dare ATTO che il progetto prevede un costo complessivo pari ad € 25.000,00, per il quale viene richiesto un contributo regionale di € 5.000,00, nel rispetto dei limiti previsti dall'Avviso.;"{""l"": 110.15000153, ""t"": 758.4930264940625, ""r"": 555.7460015300003, ""b"": 721.0252087322443, ""coord_origin"": ""BOTTOMLEFT""}";;;;False
atto_8;docling;json;atto_8.json;33;3;list_item;list_item;Di impegnare l'Ente, in caso di ammissione a finanziamento, alla realizzazione delle attività previste nel progetto nel periodo compreso tra il 1° settembre 2026 e il 7 gennaio 2027, nel rispetto delle disposizioni contenute nell'Avviso regionale.;"{""l"": 110.15000153, ""t"": 707.0960233140624, ""r"": 555.7460015299998, ""b"": 669.6282055522443, ""coord_origin"": ""BOTTOMLEFT""}";;;;False
atto_8;docling;json;atto_8.json;34;3;list_item;list_item;Di demandare al Responsabile del Settore competente tutti gli adempimenti conseguenti e necessari alla presentazione della candidatura tramite la piattaforma regionale dedicata.;"{""l"": 110.15000153, ""t"": 655.6990277740625, ""r"": 555.7460015300002, ""b"": 618.2312100122443, ""coord_origin"": ""BOTTOMLEFT""}";;;;False
atto_8;docling;json;atto_8.json;35;3;list_item;list_item;Di autorizzare il Sindaco, quale legale rappresentante dell'Ente, alla sottoscrizione della documentazione necessaria per la partecipazione all'Avviso.;"{""l"": 110.15000153, ""t"": 604.3020246040625, ""r"": 555.74600153, ""b"": 580.6332066322443, ""coord_origin"": ""BOTTOMLEFT""}";;;;False
atto_8;docling;json;atto_8.json;36;3;list_item;list_item;Di dichiarare la presente deliberazione immediatamente eseguibile ai sensi dell'art. 134, comma 4, del D.Lgs. 267/2000, stante l'urgenza di provvedere.;"{""l"": 110.15000153, ""t"": 566.7040326540624, ""r"": 555.7460015300001, ""b"": 543.0352146822443, ""coord_origin"": ""BOTTOMLEFT""}";;;;False
atto_8;docling;json;atto_8.json;37;4;text;text;Letto, confermato e sottoscritto.;"{""l"": 42.54999924, ""t"": 772.6320258740625, ""r"": 185.39999924000003, ""b"": 763.7947662055542, ""coord_origin"": ""BOTTOMLEFT""}";;;;True
atto_8;docling;json;atto_8.json;38;4;text;text;IL Sindaco;"{""l"": 129.71899796, ""t"": 749.6340266840625, ""r"": 183.05899796, ""b"": 740.7967670155542, ""coord_origin"": ""BOTTOMLEFT""}";;;;False
atto_8;docling;json;atto_8.json;39;4;text;text;IL Segretario Comunale f.to Dott. Erminio VERNILE;"{""l"": 330.68099595, ""t"": 749.6340266840625, ""r"": 453.50099594999995, ""b"": 729.2977674155542, ""coord_origin"": ""BOTTOMLEFT""}";;;;False
atto_8;docling;json;atto_8.json;40;4;text;text;f.to Dott. Benedetto CARDILLO;"{""l"": 85.52000046, ""t"": 738.1350270840625, ""r"": 227.26000046000001, ""b"": 729.2977674155542, ""coord_origin"": ""BOTTOMLEFT""}";;;;False
atto_8;docling;json;atto_8.json;41;4;text;text;______________________________;"{""l"": 71.57699966999999, ""t"": 715.1370278940625, ""r"": 241.20699967000004, ""b"": 706.2997682255542, ""coord_origin"": ""BOTTOMLEFT""}";;;;False
atto_8;docling;json;atto_8.json;42;4;text;text;______________________________;"{""l"": 307.27699662, ""t"": 715.1370278940625, ""r"": 476.90699662000003, ""b"": 706.2997682255542, ""coord_origin"": ""BOTTOMLEFT""}";;;;False
atto_8;docling;json;atto_8.json;43;4;text;text;Il sottoscritto Segretario Comunale, VISTI gli atti di ufficio:;"{""l"": 77.94999924, ""t"": 656.1420184740625, ""r"": 328.04999924, ""b"": 647.3047588055542, ""coord_origin"": ""BOTTOMLEFT""}";;;;False
atto_8;docling;json;atto_8.json;44;4;section_header;heading;ATTESTA;"{""l"": 249.79600144, ""t"": 633.1440326340625, ""r"": 298.68600144, ""b"": 624.3067729655542, ""coord_origin"": ""BOTTOMLEFT""}";;ATTESTA;ATTESTA;False
atto_8;docling;json;atto_8.json;45;4;text;text;Che la presente deliberazione:;"{""l"": 42.54999924, ""t"": 610.1460315340624, ""r"": 180.96999924000002, ""b"": 601.3087718655541, ""coord_origin"": ""BOTTOMLEFT""}";;;;False
atto_8;docling;json;atto_8.json;46;4;checkbox_selected;other; viene dichiarata immediatamente eseguibile (art. 134, 4° comma del D. Lvo 267/2000);"{""l"": 42.54999924, ""t"": 577.4790222540624, ""r"": 447.4999984799998, ""b"": 566.3790222540624, ""coord_origin"": ""BOTTOMLEFT""}";;;;False
atto_8;docling;json;atto_8.json;47;4;checkbox_unselected;other; è divenuta esecutiva il 10-06-2026;"{""l"": 42.54999924, ""t"": 554.4810211540625, ""r"": 218.94999848000006, ""b"": 543.3810211540625, ""coord_origin"": ""BOTTOMLEFT""}";;;;False
atto_8;docling;json;atto_8.json;48;4;checkbox_selected;other; viene comunicata in elenco ai Capigruppo Consiliari (art. 125);"{""l"": 42.54999924, ""t"": 519.9840118840625, ""r"": 339.5499984799999, ""b"": 508.8840118840625, ""coord_origin"": ""BOTTOMLEFT""}";;;;False
atto_8;docling;json;atto_8.json;49;4;text;text;IL Segretario Comunale f.to Dott. Erminio VERNILE;"{""l"": 212.83100367, ""t"": 495.15602604406246, ""r"": 335.65100366999997, ""b"": 474.81976677555417, ""coord_origin"": ""BOTTOMLEFT""}";;;;False
atto_8;docling;json;atto_8.json;50;4;text;text;______________________________;"{""l"": 189.42700053, ""t"": 460.6590272540625, ""r"": 359.05700053000004, ""b"": 451.8217675855542, ""coord_origin"": ""BOTTOMLEFT""}";;;;False
atto_8;docling;json;atto_8.json;51;4;text;text;Il sottoscritto responsabile del servizio delle pubblicazioni;"{""l"": 42.54999924, ""t"": 401.6640216440625, ""r"": 298.23999924000003, ""b"": 392.8267619755542, ""coord_origin"": ""BOTTOMLEFT""}";;;;False
atto_8;docling;json;atto_8.json;52;4;section_header;heading;ATTESTA;"{""l"": 250.34699631, ""t"": 378.66603580406246, ""r"": 298.13699631, ""b"": 369.82877613555416, ""coord_origin"": ""BOTTOMLEFT""}";;ATTESTA;ATTESTA;False
atto_8;docling;json;atto_8.json;53;4;text;text;Che la presente deliberazione è stata pubblicata, in DATA odierna, per 15 giorni consecutivi dal 12-06- 2026 al 27-06-2026 al numero 364 nel sito web istituzionale di questo Comune accessibile al pubblico al portale www.comunediausonia.it (art. 32, comma 1, della legge 18 giugno 2009, n. 69).;"{""l"": 42.54999924, ""t"": 355.66801944406245, ""r"": 505.92999924000003, ""b"": 323.83276153555414, ""coord_origin"": ""BOTTOMLEFT""}";;;;False
atto_8;docling;json;atto_8.json;54;4;text;text;Dalla Residenza Municipale, lì 12-06-2026;"{""l"": 42.54999924, ""t"": 298.17302433406246, ""r"": 233.2099992400001, ""b"": 289.33576466555417, ""coord_origin"": ""BOTTOMLEFT""}";;;;False
atto_8;docling;json;atto_8.json;55;4;text;text;IL Responsabile Procedimento Pubblicazione f.to Sig. Onofrio CORENO;"{""l"": 164.77399588999998, ""t"": 275.1750079740625, ""r"": 383.7039958900001, ""b"": 254.83874870555428, ""coord_origin"": ""BOTTOMLEFT""}";;;;False
atto_8;docling;json;atto_8.json;56;4;text;text;______________________________;"{""l"": 189.42699671999998, ""t"": 240.6780091840625, ""r"": 359.05699672000003, ""b"": 231.8407495155542, ""coord_origin"": ""BOTTOMLEFT""}";;;;False
atto_8;docling;json;atto_8.json;57;4;text;text;__________________________________________________________________________________;"{""l"": 42.54999924, ""t"": 194.68202701406244, ""r"": 501.37999924, ""b"": 185.84476734555415, ""coord_origin"": ""BOTTOMLEFT""}";;;;False
atto_8;docling;json;atto_8.json;58;4;text;text;Copia conforme all'originale, in carta libera per uso amministrativo.;"{""l"": 92.20000077, ""t"": 171.6840411740625, ""r"": 390.11000077000006, ""b"": 162.8467815055542, ""coord_origin"": ""BOTTOMLEFT""}";;;;False
atto_8;docling;json;atto_8.json;59;4;text;text;Dalla Residenza Municipale, li 12-06-2026;"{""l"": 92.20000077, ""t"": 148.68605533406242, ""r"": 282.3100007700001, ""b"": 139.84879566555412, ""coord_origin"": ""BOTTOMLEFT""}";;;;False
atto_8;docling;json;atto_8.json;60;4;text;text;IL Segretario Comunale;"{""l"": 266.40199519000004, ""t"": 125.68800846406248, ""r"": 381.43199519000007, ""b"": 116.85074879555418, ""coord_origin"": ""BOTTOMLEFT""}";;;;False
atto_8;docling;json;atto_8.json;61;4;text;text;Dott. Erminio VERNILE;"{""l"": 270.84299708000003, ""t"": 114.18900886406243, ""r"": 376.98299708, ""b"": 105.35174919555425, ""coord_origin"": ""BOTTOMLEFT""}";;;;False
atto_8;docling;json;atto_8.json;62;4;text;text;______________________________;"{""l"": 239.10199595, ""t"": 91.19100967406246, ""r"": 408.73199595000006, ""b"": 82.35375000555416, ""coord_origin"": ""BOTTOMLEFT""}";;;;False
atto_9;docling;json;atto_9.json;1;1;picture;figure;[figure];"{""l"": 189.11766052246094, ""t"": 736.4247970581055, ""r"": 370.5071105957031, ""b"": 639.8699798583984, ""coord_origin"": ""BOTTOMLEFT""}";;;;True
atto_9;docling;json;atto_9.json;2;1;section_header;heading;DELIBERAZIONE DELLA GIUNTA COMUNALE;"{""l"": 111.02, ""t"": 612.9851029101563, ""r"": 488.91712, ""b"": 597.7014467775597, ""coord_origin"": ""BOTTOMLEFT""}";;;;False
atto_9;docling;json;atto_9.json;3;1;table;table;[table];"{""l"": 46.22736358642578, ""t"": 580.2053527832031, ""r"": 542.4686889648438, ""b"": 537.8192749023438, ""coord_origin"": ""BOTTOMLEFT""}";;;;True
atto_9;docling;json;atto_9.json;4;1;text;text;L'anno duemilaventisei , addì 29 del mese di maggio alle ore 11:10 , nella sala delle adunanze del Comune suddetto, convocata con apposito avviso la Giunta Municipale, si è la medesima riunita nelle persone seguenti:;"{""l"": 56.64, ""t"": 503.6408629101563, ""r"": 541.2612399999999, ""b"": 471.66745826927234, ""coord_origin"": ""BOTTOMLEFT""}";;;;False
atto_9;docling;json;atto_9.json;5;1;table;table;[table];"{""l"": 51.740875244140625, ""t"": 460.32806396484375, ""r"": 542.4534912109375, ""b"": 354.6287841796875, ""coord_origin"": ""BOTTOMLEFT""}";;;;True
atto_9;docling;json;atto_9.json;6;1;text;text;"La verifica della regolarità della seduta, svolta secondo le modalità STABILITE nel provvedimento adottato dal Sindaco il 05/08/2020, in base alla previsione dell'art. 73 del decreto legge 17 marzo 2020, n.18, è stata operata dal Segretario comunale Dott. Vincenzo Zanzarella, presente in video conferenza, che partecipa con funzioni consultive referenti e di assistenza e ne cura la relativa verbalizzazione;";"{""l"": 56.64, ""t"": 340.90086291015626, ""r"": 541.3997200000002, ""b"": 297.4074582692723, ""coord_origin"": ""BOTTOMLEFT""}";;;;False
atto_9;docling;json;atto_9.json;7;1;text;text;"Presiede il Sig. Giuseppe Ciccolini nella sua qualità di Sindaco;";"{""l"": 56.64, ""t"": 294.8208629101563, ""r"": 339.07888, ""b"": 285.8874582692723, ""coord_origin"": ""BOTTOMLEFT""}";;;;False
atto_9;docling;json;atto_9.json;8;1;text;text;Il Sindaco, constatato il numero legale degli intervenuti, dichiara aperta la riunione e li invita a DELIBERARE sull'oggetto sopraindicato.;"{""l"": 56.64, ""t"": 283.3008629101563, ""r"": 540.8553600000002, ""b"": 262.96745826927236, ""coord_origin"": ""BOTTOMLEFT""}";;;;False
atto_9;docling;json;atto_9.json;9;1;section_header;heading;LA GIUNTA COMUNALE;"{""l"": 240.17, ""t"": 248.86086291015636, ""r"": 354.97892000000013, ""b"": 239.9274582692724, ""coord_origin"": ""BOTTOMLEFT""}";;;;False
atto_9;docling;json;atto_9.json;10;1;text;text;ACQUISITI i pareri di cui all'articolo 49 del T.U. 267/00:;"{""l"": 56.64, ""t"": 225.82086291015628, ""r"": 291.29888, ""b"": 216.88745826927232, ""coord_origin"": ""BOTTOMLEFT""}";;;ACQUISITI_PARERI;False
atto_9;docling;json;atto_9.json;11;1;table;table;[table];"{""l"": 56.286163330078125, ""t"": 205.68829345703125, ""r"": 572.8411254882812, ""b"": 133.46630859375, ""coord_origin"": ""BOTTOMLEFT""}";;;;True
atto_9;docling;json;atto_9.json;12;1;table;table;[table];"{""l"": 55.910465240478516, ""t"": 122.7723388671875, ""r"": 570.4714965820312, ""b"": 61.85919189453125, ""coord_origin"": ""BOTTOMLEFT""}";;;;True
atto_9;docling;json;atto_9.json;13;2;section_header;heading;LA GIUNTA COMUNALE;"{""l"": 240.17, ""t"": 731.7908629101563, ""r"": 357.91888, ""b"": 722.8574582692722, ""coord_origin"": ""BOTTOMLEFT""}";;;;False
atto_9;docling;json;atto_9.json;14;2;text;text;PREMESSO che con le seguenti deliberazioni di Consiglio Comunale:;"{""l"": 56.64, ""t"": 707.6708629101563, ""r"": 358.03888, ""b"": 698.7374582692722, ""coord_origin"": ""BOTTOMLEFT""}";;;PREMESSO;False
atto_9;docling;json;atto_9.json;15;2;list_item;list_item;"n. 3 in DATA 13/03/2026, esecutiva ai sensi di legge, è stato approvato il Documento unico di programmazione per il periodo 2026/2028;";"{""l"": 74.544, ""t"": 682.8308629101564, ""r"": 540.96032, ""b"": 662.3774582692722, ""coord_origin"": ""BOTTOMLEFT""}";;;;False
atto_9;docling;json;atto_9.json;16;2;list_item;list_item;"n. 4 in DATA 13/03/2026, esecutiva ai sensi di legge, è stato approvato il bilancio di previsione finanziario per il periodo 2026/2028;";"{""l"": 74.544, ""t"": 659.0708629101564, ""r"": 541.00532, ""b"": 638.7374582692722, ""coord_origin"": ""BOTTOMLEFT""}";;;;False
atto_9;docling;json;atto_9.json;17;2;list_item;list_item;"n. 11 del 29/05/2025, esecutiva ai sensi di legge, è stato approvato il rendiconto della gestione per l'esercizio 2024 ai sensi dell'art. 227 del D.Lgs. n. 267/2000;";"{""l"": 74.544, ""t"": 635.4308629101563, ""r"": 541.24516, ""b"": 615.0974582692722, ""coord_origin"": ""BOTTOMLEFT""}";;;;False
atto_9;docling;json;atto_9.json;18;2;list_item;list_item;"n. 20 del 29/07/2025, esecutiva ai sensi di legge, è stato approvato l'assestamento generale di bilancio e la salvaguardia degli equilibri per l'esercizio 2025/2027 ai sensi degli artt 175 comma 8 e 193 del D.lgs n. 267/2000;";"{""l"": 74.544, ""t"": 611.7908629101563, ""r"": 540.90336, ""b"": 579.9374582692723, ""coord_origin"": ""BOTTOMLEFT""}";;;;False
atto_9;docling;json;atto_9.json;19;2;text;text;RICHIAMATO l'art. 175, commi 4 e 5 del d.Lgs. n. 267/2000, modificato ed integrato dal d.Lgs. n. 118/2011, i quali dispongono che:;"{""l"": 56.64, ""t"": 542.7608629101563, ""r"": 541.4289, ""b"": 522.4274582692723, ""coord_origin"": ""BOTTOMLEFT""}";;;RICHIAMATO;False
atto_9;docling;json;atto_9.json;20;2;list_item;list_item;"' le variazioni di bilancio possono essere adottate dall'organo esecutivo in via d'urgenza opportunamente motivata, salvo ratifica, a pena di decadenza, da parte dell'organo consiliare entro i sessanta giorni seguenti e comunque entro il 31 dicembre dell'anno in corso se a tale DATA non sia scaduto il predetto termine ' (comma 4);";"{""l"": 77.304, ""t"": 519.1208629101563, ""r"": 541.4288799999999, ""b"": 475.74745826927233, ""coord_origin"": ""BOTTOMLEFT""}";;;;False
atto_9;docling;json;atto_9.json;21;2;list_item;list_item;"'In caso di mancata o parziale ratifica del provvedimento di variazione adottato dall'organo esecutivo, l'organo consiliare è TENUTO ad adottare nei successivi trenta giorni, e comunque sempre entro il 31 dicembre dell'esercizio in corso, i provvedimenti RITENUTI necessari nei riguardi dei rapporti eventualmente sorti sulla base della deliberazione non ratificata' (comma 5);";"{""l"": 77.304, ""t"": 472.4408629101563, ""r"": 540.96468, ""b"": 429.0674582692723, ""coord_origin"": ""BOTTOMLEFT""}";;;;False
atto_9;docling;json;atto_9.json;22;2;text;text;"VERIFICATA la necessità di apportare in via d'urgenza variazioni al bilancio previsione derivanti dall'esigenza di realizzare gli interventi programmati e di far fronte alle sopravvenute esigenze di spesa;";"{""l"": 56.64, ""t"": 414.96086291015627, ""r"": 540.7358399999997, ""b"": 394.5074582692723, ""coord_origin"": ""BOTTOMLEFT""}";;;VERIFICATO;False
atto_9;docling;json;atto_9.json;23;2;text;text;VISTO il prospetto riportato in allegato sotto la lettera a) contenente l'elenco delle variazioni di competenza e di cassa da apportare al bilancio di previsione finanziario 2026/2028 - Esercizio 2026, del quale si riportano le risultanze finali:;"{""l"": 56.64, ""t"": 380.5008629101563, ""r"": 541.4288799999999, ""b"": 348.5274582692723, ""coord_origin"": ""BOTTOMLEFT""}";;;VISTO;False
atto_9;docling;json;atto_9.json;24;2;section_header;heading;ANNO 2026;"{""l"": 270.41, ""t"": 334.4208629101563, ""r"": 327.67888000000005, ""b"": 325.48745826927234, ""coord_origin"": ""BOTTOMLEFT""}";;;;False
atto_9;docling;json;atto_9.json;25;2;table;table;[table];"{""l"": 69.66490936279297, ""t"": 327.1456298828125, ""r"": 542.8971557617188, ""b"": 138.2476806640625, ""coord_origin"": ""BOTTOMLEFT""}";;;;True
atto_9;docling;json;atto_9.json;26;2;text;text;"DATO ATTO del permanere degli equilibri di bilancio, come risulta dal prospetto allegato sotto la lettera b),quale parte integrante e sostanziale;";"{""l"": 56.64, ""t"": 109.87086291015635, ""r"": 541.3902400000002, ""b"": 89.54145826927231, ""coord_origin"": ""BOTTOMLEFT""}";;;DATO_ATTO;False
atto_9;docling;json;atto_9.json;27;2;text;text;ACQUISITO agli atti il parere favorevole:;"{""l"": 56.64, ""t"": 75.43486291015631, ""r"": 225.17888, ""b"": 66.50145826927235, ""coord_origin"": ""BOTTOMLEFT""}";;;ACQUISITO;False
atto_9;docling;json;atto_9.json;28;3;list_item;list_item;"del responsabile del servizio finanziario, espresso ai sensi dell'art. 153 del d.Lgs. n. 267/2000;";"{""l"": 74.544, ""t"": 768.2908629101563, ""r"": 511.30888000000004, ""b"": 759.3574582692722, ""coord_origin"": ""BOTTOMLEFT""}";;;;False
atto_9;docling;json;atto_9.json;29;3;list_item;list_item;"n. 07 dell'organo di revisione economico-finanziaria, espresso ai sensi dell'art. 239, comma 1, lettera b) del d.Lgs. n. 267/2000, in DATA 28/05/2026;";"{""l"": 74.544, ""t"": 756.0308629101563, ""r"": 541.1201600000003, ""b"": 735.6974582692723, ""coord_origin"": ""BOTTOMLEFT""}";;;;False
atto_9;docling;json;atto_9.json;30;3;text;text;"RITENUTO pertanto di avvalersi del potere surrogatorio RICONOSCIUTO all'organo esecutivo dall'art. 175, comma 4, del d.Lgs. n. 267/2000 e di apportare, in via d'urgenza, al bilancio di previsione dell'esercizio le variazioni sopra indicate;";"{""l"": 56.64, ""t"": 721.5908629101564, ""r"": 540.9588800000001, ""b"": 689.7374582692722, ""coord_origin"": ""BOTTOMLEFT""}";;;RITENUTO;False
atto_9;docling;json;atto_9.json;31;3;text;text;"VISTO il d.Lgs. n. 267/2000, come modificato ed integrato dal d.Lgs. n. 118/2011;";"{""l"": 56.64, ""t"": 675.6308629101563, ""r"": 413.11888000000005, ""b"": 666.6974582692723, ""coord_origin"": ""BOTTOMLEFT""}";;;VISTO;False
atto_9;docling;json;atto_9.json;32;3;text;text;"VISTO il d.Lgs. n. 118/2011;";"{""l"": 56.64, ""t"": 664.1108629101564, ""r"": 177.26888, ""b"": 655.1774582692723, ""coord_origin"": ""BOTTOMLEFT""}";;;VISTO;False
atto_9;docling;json;atto_9.json;33;3;text;text;"VISTO lo Statuto Comunale;";"{""l"": 56.64, ""t"": 652.5908629101564, ""r"": 177.86888, ""b"": 643.6574582692723, ""coord_origin"": ""BOTTOMLEFT""}";;;VISTO;False
atto_9;docling;json;atto_9.json;34;3;text;text;"VISTO il vigente Regolamento comunale di contabilità;";"{""l"": 56.64, ""t"": 641.0708629101564, ""r"": 293.45888, ""b"": 632.1374582692723, ""coord_origin"": ""BOTTOMLEFT""}";;;VISTO;False
atto_9;docling;json;atto_9.json;35;3;text;text;A votazione unanime e palese;"{""l"": 56.64, ""t"": 618.1508629101563, ""r"": 193.37888, ""b"": 609.2174582692722, ""coord_origin"": ""BOTTOMLEFT""}";0.0;;;False
atto_9;docling;json;atto_9.json;36;3;section_header;heading;DELIBERA;"{""l"": 272.09, ""t"": 595.1108629101564, ""r"": 325.99888000000004, ""b"": 586.1774582692723, ""coord_origin"": ""BOTTOMLEFT""}";;DELIBERA;DELIBERA;False
atto_9;docling;json;atto_9.json;37;3;list_item;list_item;di apportare al bilancio di previsione finanziario 2026/2028 le variazioni di competenza e di cassa, ai sensi dell'art. 175, commi 1 e 2, del d.Lgs. n. 267/2000 analiticamente indicate nell'allegato a) di cui si riportano le seguenti risultanze finali:;"{""l"": 56.64, ""t"": 572.0408629101563, ""r"": 541.3334800000001, ""b"": 540.1874582692723, ""coord_origin"": ""BOTTOMLEFT""}";;;;False
atto_9;docling;json;atto_9.json;38;3;section_header;heading;ANNO 2026;"{""l"": 270.41, ""t"": 503.1608629101563, ""r"": 327.67888000000005, ""b"": 494.22745826927235, ""coord_origin"": ""BOTTOMLEFT""}";;;;False
atto_9;docling;json;atto_9.json;39;3;table;table;[table];"{""l"": 69.91747283935547, ""t"": 495.0613708496094, ""r"": 542.6765747070312, ""b"": 306.9041748046875, ""coord_origin"": ""BOTTOMLEFT""}";;;;True
atto_9;docling;json;atto_9.json;40;3;list_item;list_item;"di dare ATTO del permanere degli equilibri di bilancio, sulla base dei principi dettati dall'ordinamento finanziario e contabile ed in particolare dagli artt.. 162, comma 6 e 193 del d.Lgs. n. 267/2000, come risulta dal prospetto che si allega sotto la lettera b) quale parte integrante e sostanziale;";"{""l"": 74.664, ""t"": 290.14086291015633, ""r"": 541.3358800000001, ""b"": 258.1674582692724, ""coord_origin"": ""BOTTOMLEFT""}";;;;False
atto_9;docling;json;atto_9.json;41;3;list_item;list_item;"di sottoporre il presente provvedimento alla ratifica del Consiglio Comunale entro il termine di 60 giorni e, comunque, entro il 31 dicembre dell'anno in corso, ai sensi dell'art. 175, comma 4,del d.Lgs. n. 267/2000;";"{""l"": 74.664, ""t"": 255.58086291015627, ""r"": 541.4117200000002, ""b"": 223.60745826927234, ""coord_origin"": ""BOTTOMLEFT""}";;;;False
atto_9;docling;json;atto_9.json;42;3;text;text;Infine la Giunta Comunale, stante l'urgenza di provvedere, a votazione unanime e palese;"{""l"": 56.64, ""t"": 186.5508629101563, ""r"": 453.10888, ""b"": 177.61745826927233, ""coord_origin"": ""BOTTOMLEFT""}";;;;False
atto_9;docling;json;atto_9.json;43;3;section_header;heading;DELIBERA;"{""l"": 272.09, ""t"": 163.51086291015622, ""r"": 325.99888000000004, ""b"": 154.57745826927226, ""coord_origin"": ""BOTTOMLEFT""}";;DELIBERA;DELIBERA;False
atto_9;docling;json;atto_9.json;44;3;text;text;di dichiarare la presente deliberazione immediatamente eseguibile, ai sensi dell'art. 134, comma 4, del d.Lgs. n. 267/2000.;"{""l"": 56.64, ""t"": 140.59086291015626, ""r"": 540.8752799999999, ""b"": 120.13745826927232, ""coord_origin"": ""BOTTOMLEFT""}";;;;False
atto_9;docling;json;atto_9.json;45;4;picture;figure;[figure];"{""l"": 271.3049011230469, ""t"": 526.6956176757812, ""r"": 318.1419677734375, ""b"": 479.3313293457031, ""coord_origin"": ""BOTTOMLEFT""}";;;;True
atto_9;docling;json;atto_9.json;46;4;picture;figure;[figure];"{""l"": 271.32696533203125, ""t"": 328.80450439453125, ""r"": 318.19915771484375, ""b"": 281.26513671875, ""coord_origin"": ""BOTTOMLEFT""}";;;;True
atto_9;docling;json;atto_9.json;47;4;picture;figure;[figure];"{""l"": 271.44097900390625, ""t"": 201.80938720703125, ""r"": 318.1097717285156, ""b"": 153.73895263671875, ""coord_origin"": ""BOTTOMLEFT""}";;;;True
atto_9;docling;json;atto_9.json;48;4;text;text;Approvato e sottoscritto;"{""l"": 56.64, ""t"": 722.9108629101563, ""r"": 164.54888, ""b"": 713.9774582692722, ""coord_origin"": ""BOTTOMLEFT""}";;;;False
atto_9;docling;json;atto_9.json;49;4;text;text; Il Presidente;"{""l"": 111.62, ""t"": 700.7079829101563, ""r"": 184.46887999999998, ""b"": 690.7479829101563, ""coord_origin"": ""BOTTOMLEFT""}";;;;False
atto_9;docling;json;atto_9.json;50;4;text;text; Il Segretario Comunale;"{""l"": 392.95, ""t"": 700.7079829101563, ""r"": 515.26888, ""b"": 690.7479829101563, ""coord_origin"": ""BOTTOMLEFT""}";;;;False
atto_9;docling;json;atto_9.json;51;4;text;text;f.to Giuseppe Ciccolini;"{""l"": 96.984, ""t"": 665.4308629101563, ""r"": 199.25888, ""b"": 656.4974582692722, ""coord_origin"": ""BOTTOMLEFT""}";;;;False
atto_9;docling;json;atto_9.json;52;4;text;text;f.to Dott. Vicenzo Zanzarella;"{""l"": 389.95, ""t"": 665.4308629101563, ""r"": 518.38888, ""b"": 656.4974582692722, ""coord_origin"": ""BOTTOMLEFT""}";;;;False
atto_9;docling;json;atto_9.json;53;4;section_header;heading;PUBBLICAZIONE;"{""l"": 256.49, ""t"": 616.9508629101564, ""r"": 341.47888, ""b"": 608.0174582692723, ""coord_origin"": ""BOTTOMLEFT""}";;;;False
atto_9;docling;json;atto_9.json;54;4;text;text;In DATA odierna, la presente deliberazione viene pubblicata all'Albo Pretorio informatico comunale per 15 giorni consecutivi (art. 124, comma 1, del D.Lgs. n. 267/2000);"{""l"": 56.64, ""t"": 593.9108629101563, ""r"": 538.0067999999997, ""b"": 567.8174582692723, ""coord_origin"": ""BOTTOMLEFT""}";;;;False
atto_9;docling;json;atto_9.json;55;4;text;text;DATA 29/05/2026;"{""l"": 56.64, ""t"": 536.4008629101563, ""r"": 133.34888, ""b"": 527.4674582692722, ""coord_origin"": ""BOTTOMLEFT""}";;;;False
atto_9;docling;json;atto_9.json;56;4;text;text; Il Responsabile;"{""l"": 410.83, ""t"": 502.6779829101563, ""r"": 497.50888000000003, ""b"": 492.71798291015625, ""coord_origin"": ""BOTTOMLEFT""}";;;;False
atto_9;docling;json;atto_9.json;57;4;text;text;f.to Dott. Vicenzo Zanzarella;"{""l"": 389.95, ""t"": 467.40086291015626, ""r"": 518.38888, ""b"": 458.4674582692723, ""coord_origin"": ""BOTTOMLEFT""}";;;;False
atto_9;docling;json;atto_9.json;58;4;section_header;heading;ATTESTAZIONE;"{""l"": 257.81, ""t"": 441.96086291015627, ""r"": 337.27888, ""b"": 433.0274582692723, ""coord_origin"": ""BOTTOMLEFT""}";;;ATTESTA;False
atto_9;docling;json;atto_9.json;59;4;text;text;Il sottoscritto, VISTI gli atti d'ufficio, ATTESTA che la presente deliberazione:;"{""l"": 56.64, ""t"": 418.9208629101563, ""r"": 375.67888000000005, ""b"": 409.98745826927234, ""coord_origin"": ""BOTTOMLEFT""}";;;;False
atto_9;docling;json;atto_9.json;60;4;text;text;"è stata pubblicata all'albo pretorio informatico comunale per 15 giorni consecutivi (art. 124, D.Lgs. n. 267/2000); è stata dichiarata immediatamente eseguibile ai sensi dell'art. 134 del D.Lgs. n. 267/2000;";"{""l"": 56.64, ""t"": 401.7608629101563, ""r"": 541.4288799999999, ""b"": 369.7674582692723, ""coord_origin"": ""BOTTOMLEFT""}";;;;False
atto_9;docling;json;atto_9.json;61;4;text;text;DATA 29/05/2026;"{""l"": 56.64, ""t"": 338.5008629101563, ""r"": 133.34888, ""b"": 329.56745826927227, ""coord_origin"": ""BOTTOMLEFT""}";;;;False
atto_9;docling;json;atto_9.json;62;4;text;text; Il Responsabile;"{""l"": 410.83, ""t"": 304.6579829101563, ""r"": 497.50888000000003, ""b"": 294.69798291015627, ""coord_origin"": ""BOTTOMLEFT""}";;;;False
atto_9;docling;json;atto_9.json;63;4;text;text;f.to Dott. Vicenzo Zanzarella;"{""l"": 375.31, ""t"": 269.38086291015634, ""r"": 503.74888000000004, ""b"": 260.4474582692724, ""coord_origin"": ""BOTTOMLEFT""}";;;;False
atto_9;docling;json;atto_9.json;64;4;text;text;È copia conforme all'originale.;"{""l"": 56.64, ""t"": 243.94086291015628, ""r"": 192.77888, ""b"": 235.00745826927232, ""coord_origin"": ""BOTTOMLEFT""}";;;;False
atto_9;docling;json;atto_9.json;65;4;text;text;DATA 29/05/2026;"{""l"": 56.64, ""t"": 209.50086291015623, ""r"": 133.34888, ""b"": 200.56745826927227, ""coord_origin"": ""BOTTOMLEFT""}";;;;False
atto_9;docling;json;atto_9.json;66;4;text;text; Il Responsabile;"{""l"": 410.83, ""t"": 187.14798291015632, ""r"": 497.50888000000003, ""b"": 177.18798291015628, ""coord_origin"": ""BOTTOMLEFT""}";;;;False
atto_9;docling;json;atto_9.json;67;4;text;text;f.to Dott. Vicenzo Zanzarella;"{""l"": 389.95, ""t"": 151.99086291015624, ""r"": 518.38888, ""b"": 143.05745826927227, ""coord_origin"": ""BOTTOMLEFT""}";;;;False
