id_atto;tool;source_format;ordine_blocco;tipo_blocco;tipo_blocco_progressivo;macro_sezione;is_narrativa;testo_blocco;page_start;page_end;bbox_start;n_elementi;flag_spezzato;flag_inversione_locale
atto_1;docling;json;1;PREMESSO;PREMESSO_1;NARRATIVA_PREMESSA;1;"PREMESSO che: -le Amministrazioni Pubbliche devono adottare, in base a quanto disposto dagli artt. 3 e segg. del D. Lgs. n. 150/2009 e del D. Lgs. n. 74/2017, metodi e strumenti idonei a misurare, valutare e premiare la performance individuale e quella organizzativa, secondo criteri strettamente connessi al soddisfacimento dell'interesse del destinatario dei servizi pubblici; -la Relazione sulla Performance prevista dall'art. 10, comma 1, lettera b), del D. Lgs. n. 150/2009, costituisce lo strumento mediante il quale l'Amministrazione illustra ai cittadini e a tutti gli altri ' stakeholders ' (portatori di interesse), i risultati ottenuti nel corso dell'anno precedente; -per la predisposizione delle linee guida del presente documento sono intervenute le indicazioni sia della CIVIT, ora ANAC, che dell'ANCI, che i Comuni possono prendere a riferimento per la redazione della Relazione sulla Performance; -la Relazione redatta in collaborazione con i vertici dell'Amministrazione va sottoposta alla Giunta per la sua approvazione, ai sensi dell'art. 10 del D. Lgs. n. 150/2009; -con la Relazione sulla Performance si intendono rendicontare le attività poste in essere nel corso dell'anno ed i risultati ottenuti, portando a compimento il Ciclo di Gestione della Performance, così come codificato dal legislatore con l'art. 4 del D. Lgs. n. 150/2009 e con il D. Lgs. n. 74/2017, al fine di rendere trasparente l'azione amministrativa ed applicare i meccanismi premiali previsti dal decreto citato, tenendo in debita considerazione, in linea di principio, le indicazioni fornite dalla Commissione (CIVIT), ora ANAC, per rendere il Ciclo trasparente e leggibile, anche per ottenere la validazione del Nucleo di Valutazione;";2;2;"{""l"": 42.54999924, ""t"": 763.3490232140625, ""r"": 126.52199923999999, ""b"": 751.8342353352746, ""coord_origin"": ""BOTTOMLEFT""}";6;0;0
atto_1;docling;json;2;VISTO;VISTO_1;PREAMBOLO_RIFERIMENTI;1;"VISTO: -la Deliberazione della Giunta Comunale n. 66 del 04.07.2019, con cui è stato approvato il nuovo regolamento per la misurazione, la valutazione e la trasparenza della performance ex D. Lgs. 27 ottobre 2009, n. 150, adeguato al D. Lgs. n. 74/17; -i Decreti sindacali di nomina delle Elevate Qualificazioni, in atti; -la Deliberazione della Giunta Comunale n. 127 del 28.12.2023, con cui è stato approvato il vigente Contratto Collettivo Integrativo (Normativo) del personale del comparto del Comune di Ausonia; -la Deliberazione consiliare n. 1 del 20.01.2025, con la quale è stato approvato il DUP per l'esercizio 2025/2027; -la Deliberazione consiliare n. 3 del 20.01.2025, con la quale è stato approvato Bilancio di Previsione per l'esercizio 2025/2027; -la Deliberazione della Giunta Comunale n. 8 del 20.01.2025, di approvazione del PEG per l'esercizio 2025/2027; -la Deliberazione della Giunta Comunale n. 42 del 14.04.2025, con la quale è stato approvato il Piano Integrato di Attività ed Organizzazione (PIAO) 2025/2027, ai sensi dell'art. 6 del D.L. n. 80/2021, convertito con modificazioni dalla Legge 113/2021, contenente, tra l'altro, il piano triennale dei fabbisogni del personale 2025/2027, il relativo programma delle assunzioni e la Sottosezione 2.2 sulla Performance, contenente la programmazione degli obiettivi e degli indicatori di performance di efficienza e di efficacia i cui esiti dovranno essere rendicontati nella presente relazione; -la Deliberazione consiliare n. 6 dell'11.04.2026, di approvazione del rendiconto dell'esercizio finanziario dell'anno 2025;";2;3;"{""l"": 42.54999924, ""t"": 328.6760228740625, ""r"": 80.27999924, ""b"": 317.1612349952745, ""coord_origin"": ""BOTTOMLEFT""}";10;0;0
atto_1;docling;json;3;VISTO;VISTO_2;PREAMBOLO_RIFERIMENTI;1;"VISTA l'allegata relazione sulla performance anno 2025, parte integrante e sostanziale del presente provvedimento;";3;3;"{""l"": 92.15000153, ""t"": 650.6560186040625, ""r"": 556.25000153, ""b"": 623.0422288452746, ""coord_origin"": ""BOTTOMLEFT""}";1;0;0
atto_1;docling;json;4;CONSIDERATO;CONSIDERATO_1;MOTIVAZIONE;1;"CONSIDERATO che: -gli obiettivi che l'Amministrazione ha inteso perseguire nell'anno 2025 si ritengono sostanzialmente raggiunti e sono strettamente legati alla premialità, ossia alla distribuzione delle risorse derivanti dal Fondo delle risorse destinato alla produttività in base ai criteri di programmazione e valutazione sopra illustrati; -con la relazione sulla performance si intende favorevolmente adempiuto anche al Controllo di Gestione, come previsto dall'art. 7 e segg. del regolamento comunale sul sistema dei controlli interni ex D.L. 10.10.2012, n. 174, convertito in L. 07.12.2012, n. 213; -ai sensi dell'art. 14, comma 4, lettera c), e comma 6, del D. Lgs. n. 150/2009, la relazione dovrà essere validata dal Nucleo di Valutazione quale condizione inderogabile per l'accesso agli strumenti premiali di cui al Titolo III del decreto in oggetto; -con decreto sindacale n. 2/2025 del 01/04/2025, ai sensi dell'art. 7 del vigente regolamento comunale sull'ordinamento degli uffici e dei servizi, per i compiti in esso contemplati e per le competenze previste da altre norme di legge, è stato nominato il Nucleo di Valutazione esterno dell'Ente, in forma monocratica, nella persona del Dott. Lucio Migliorelli;";3;3;"{""l"": 92.15000153, ""t"": 602.3590215340625, ""r"": 190.12200152999998, ""b"": 590.8442336552746, ""coord_origin"": ""BOTTOMLEFT""}";5;0;0
atto_1;docling;json;5;ATTESO;ATTESO_1;MOTIVAZIONE;1;"ATTESO che: -i responsabili di settore dell'ente titolari di incarichi di Elevata Qualificazione, ai sensi del vigente regolamento sul sistema di misurazione e valutazione della performance hanno redatto le schede di valutazione del personale dipendente, in atti; -il Nucleo di Valutazione del Comune di Ausonia, con proprio verbale del 16/06/2026, acquisto al protocollo generale dell'ente al n. 3914 del 18/06/2026, ai sensi del vigente regolamento sul sistema di misurazione e valutazione della performance, ha trasmesso la proposta di graduatoria della valutazione della performance dei responsabili di settore dell'ente titolari di incarichi di Elevata Qualificazione relativa all'anno 2025; -da dette schede di valutazione emerge un complessivo esito positivo di valutazione del personale dipendente, in particolare dei responsabili di settore titolari di incarichi di Elevata Qualificazione, in linea con gli obiettivi prefissati per l'anno 2025 ed i rispettivi risultati ATTESI e raggiunti; -il Sindaco ha avallato le valutazioni dei responsabili di settore titolari di incarichi di Elevata Qualificazione e quelle rese da Nucleo di Valutazione per questi ultimi, in quanto si ritengono sostanzialmente raggiunti gli obiettivi che l'Amministrazione ha inteso perseguire nell'anno 2025;";3;4;"{""l"": 92.15000153, ""t"": 280.3789952840625, ""r"": 159.01400153, ""b"": 268.86420740527456, ""coord_origin"": ""BOTTOMLEFT""}";5;0;0
atto_1;docling;json;6;RITENUTO;RITENUTO_1;MOTIVAZIONE_VALUTAZIONE;1;"RITENUTO, pertanto, di dover provvedere ad approvare, ai sensi dell'art. 10 del D. Lgs. n. 150/2009, l'allegata relazione sulla performance relativa all'anno 2025, parte integrante e sostanziale del presente provvedimento, e di trasmetterla, ai sensi dell'art. 14, comma 4, lettera c), e comma 6, del D. Lgs. 150/2009, al Nucleo di Valutazione per la relativa validazione, quale condizione inderogabile per l'accesso agli strumenti premiali di cui al Titolo III del decreto in oggetto, oltre che all' ANAC ai sensi dell'art. 10 del D. Lgs. 150/2009;";4;4;"{""l"": 42.54999924, ""t"": 715.0520223240625, ""r"": 506.64999923999994, ""b"": 606.9432336252746, ""coord_origin"": ""BOTTOMLEFT""}";1;0;0
atto_1;docling;json;7;VISTI_PARERI;VISTI_PARERI_1;PARERI_ATTESTAZIONI;0;"VISTI i pareri favorevoli di regolarità tecnica e contabile espressi, rispettivamente, dal responsabile del Settore amministrativo e dal Responsabile del servizio finanziario ai sensi dell'art. 49 del D. Lgs. 18.08.2000, n. 267;";4;4;"{""l"": 42.54999924, ""t"": 586.2600225140625, ""r"": 506.64999924000017, ""b"": 542.5472337252746, ""coord_origin"": ""BOTTOMLEFT""}";1;0;1
atto_1;docling;json;8;DISPOSITIVO_DELIBERA;DISPOSITIVO_DELIBERA;DISPOSITIVO_DELIBERA;0;DELIBERA;4;4;"{""l"": 236.28399277, ""t"": 489.6660131140624, ""r"": 312.91999276999996, ""b"": 478.1512252352746, ""coord_origin"": ""BOTTOMLEFT""}";1;0;0
atto_2;docling;json;1;PREMESSO;PREMESSO_1;NARRATIVA_PREMESSA;1;"PREMESSO: -che , a seguito di vertenza promossa dal Sig. Antonio Miele innanzi al Tribunale Civile di Cassino fu emessa Sentenza favorevole al Comune di Ausonia n.° 819/2017 con la quale il Miele veniva condannato al pagamento delle spese legali in favore del Comune di Ausonia per complessivi €. 7.232,96; -che , a seguito di successivo Ricorso promosso dal medesimo Sig. Antonio Miele innanzi al Consiglio di Stato fu, parimenti, emessa Sentenza favorevole al Comune di Ausonia n.° 05014/2023 con la quale il ricorrente Miele veniva condannato al pagamento delle spese legali in favore di questo Comune per complessivi €. 5.836,48; -che , pertanto, la parte soccombente è risultata condannata alla rifusione delle spese legali nei confronti dell'Ente, nei due giudizi, per complessivi €. 13.069,44, somma che questo Comune era TENUTO a liquidare all'Avv.to Ivan Caserta, con Studio in Pontecorvo (FR) in quanto incaricato della difesa degli interessi del Comune in ambedue i sopracitati procedimenti, giuste Deliberazioni della Giunta Comunale n.° 113 del 05.10.2015 e n.° 48 del 15.05.2017;";2;2;"{""l"": 42.54999924, ""t"": 754.7340266640624, ""r"": 98.19399924, ""b"": 744.8642084822443, ""coord_origin"": ""BOTTOMLEFT""}";4;0;0
atto_2;docling;json;2;CONSIDERATO;CONSIDERATO_1;MOTIVAZIONE;1;"CONSIDERATO che, a fronte della complessiva somma dovuta dalla parte soccombente pari ad €. 13.069,44, ad oggi il Sig. Antonio Miele, nonostante ripetuti solleciti, è ancora debitore nei confronti del Comune di Ausonia di un importo pari ad €. 10.569,44;";2;2;"{""l"": 42.54999924, ""t"": 534.1260402140624, ""r"": 506.1459992399999, ""b"": 496.6802227722443, ""coord_origin"": ""BOTTOMLEFT""}";1;0;0
atto_2;docling;json;3;RAVVISATO;RAVVISATO_1;MOTIVAZIONE;1;"RAVVISATA , pertanto, l'opportunità di agire stragiudizialmente, prima, ed eventualmente in giudizio, poi, al fine di ottenere il pagamento delle sopra quantificate spese legali conferendo incarico ad un Legale di fiducia a tutela degli interessi di questo Comune;";2;2;"{""l"": 42.54999924, ""t"": 478.9740321540625, ""r"": 506.14599924000004, ""b"": 441.52821471224433, ""coord_origin"": ""BOTTOMLEFT""}";1;0;0
atto_2;docling;json;4;VISTO;VISTO_1;PREAMBOLO_RIFERIMENTI;1;"VISTA la nota pervenuta in DATA 12.05.2026 (ACQUISITA al protocollo con il n.° 2965), con la quale l'Avv. Emiliano Simeone, con Studio in Spigno Saturnia (LT) - Piazza Dante n.° 1, previ informali contatti, ha manifestato la propria disponibilità ad accettare l'incarico professionale di cui trattasi a tutela del Comune verso il corrispettivo di seguito analiticamente riportato: -€. 492,00 per ATTO di significazione e diffida; -€. 808,88 per eventuale Ricorso per Decreto Ingiuntivo; -€. 276,12 per eventuale ATTO di Precetto; il tutto per un ammontare massimo complessivo di €. 1.577,00 oltre spese per eventuale azione esecutiva mobiliare/immobiliare nei confronti del debitore;";2;2;"{""l"": 42.54999924, ""t"": 423.8220240940625, ""r"": 506.14599924, ""b"": 372.5882084522443, ""coord_origin"": ""BOTTOMLEFT""}";5;0;1
atto_2;docling;json;5;VALUTATO;VALUTATO_1;MOTIVAZIONE_VALUTAZIONE;1;"VALUTATA l'opportunità di procedere in merito;";2;2;"{""l"": 42.54999924, ""t"": 285.9420192140625, ""r"": 268.52199924000007, ""b"": 276.07220103224427, ""coord_origin"": ""BOTTOMLEFT""}";1;0;0
atto_2;docling;json;6;VALUTATO;VALUTATO_2;MOTIVAZIONE_VALUTAZIONE;1;"VALUTATA , altresì, la propria competenza ai sensi del D. Lgs. 267/2000;";2;2;"{""l"": 42.54999924, ""t"": 252.3660304440624, ""r"": 384.8379992400001, ""b"": 242.49621226224428, ""coord_origin"": ""BOTTOMLEFT""}";1;0;0
atto_2;docling;json;7;VISTO;VISTO_2;PREAMBOLO_RIFERIMENTI;1;"VISTO il D.Lgs. n.° 267 del 18.08.2000;";2;2;"{""l"": 42.54999924, ""t"": 232.57800554406242, ""r"": 233.34999924000002, ""b"": 222.7081873622443, ""coord_origin"": ""BOTTOMLEFT""}";1;1;1
atto_2;docling;json;8;VISTO;VISTO_3;PREAMBOLO_RIFERIMENTI;1;"VISTO il vigente Statuto comunale;";2;2;"{""l"": 42.54999924, ""t"": 218.79004167406242, ""r"": 69.21399923999999, ""b"": 208.9202234922443, ""coord_origin"": ""BOTTOMLEFT""}";2;0;0
atto_2;docling;json;9;ACQUISITI_PARERI;ACQUISITI_PARERI_1;PARERI_ATTESTAZIONI;0;"ACQUISITI i pareri di regolarità tecnica e contabile ai sensi dell'Art. 49 del TUEL 267/00 e ss. mm. e ii.;";2;2;"{""l"": 42.54999924, ""t"": 205.00201677406244, ""r"": 506.14599923999987, ""b"": 181.34419753224427, ""coord_origin"": ""BOTTOMLEFT""}";1;0;0
atto_2;docling;json;10;DISPOSITIVO_DELIBERA;DISPOSITIVO_DELIBERA;DISPOSITIVO_DELIBERA;0;DELIBERA;2;2;"{""l"": 231.01200486000002, ""t"": 136.06201433406238, ""r"": 317.6880048599999, ""b"": 126.19219615224426, ""coord_origin"": ""BOTTOMLEFT""}";1;0;0
atto_3;docling;json;1;ACQUISITI_PARERI;ACQUISITI_PARERI_1;PARERI_ATTESTAZIONI;0;ACQUISITI i pareri di cui all'articolo 49 del T.U. 267/00:;1;1;"{""l"": 56.664, ""t"": 303.67998291015624, ""r"": 260.54088000000013, ""b"": 294.1999829101562, ""coord_origin"": ""BOTTOMLEFT""}";1;0;0
atto_3;docling;json;2;DISPOSITIVO_ATTESTA;DISPOSITIVO_ATTESTA;DISPOSITIVO_ATTESTA;0;ATTESTA;2;2;"{""l"": 280.73, ""t"": 642.8499829101563, ""r"": 316.73247999999995, ""b"": 633.3699829101563, ""coord_origin"": ""BOTTOMLEFT""}";1;0;0
atto_4;docling;json;1;ACQUISITI_PARERI;ACQUISITI_PARERI_1;PARERI_ATTESTAZIONI;0;ACQUISITI i pareri di cui all'articolo 49 del Decreto Legislativo 18 agosto 2000, n. 267: 1 Si esprime parere favorevole sotto il profilo tecnico-amministrativo. IL RESPONSABILE DEL SERVIZIO TECNICO f.to Ing. Eugenio Tucconi 2 Si esprime parere favorevole sulla regolarità contabile attestante la copertura finanziaria. IL RESPONSABILE DEL SERVIZIO FINANZIARIO f.to Dott.ssa. Maria Debora Cosseddu Missione 2 -Componente 4 Sub-investimento 2.1b PIANO NAZIONALE DI RIPRESA E RESILIENZA (PNRR) Il Sindaco espone l'argomento:;1;2;"{""l"": 56.64, ""t"": 289.6579829101563, ""r"": 447.3959999999998, ""b"": 279.41552351340454, ""coord_origin"": ""BOTTOMLEFT""}";8;0;0
atto_4;docling;json;2;VISTO;VISTO_1;PREAMBOLO_RIFERIMENTI;1;"VISTI: -il Regolamento (UE) 12 febbraio 2021, n. 2021/241, che istituisce il dispositivo per la ripresa e la resilienza; -il Piano Nazionale di Ripresa e Resilienza (PNRR) approvato con Decisione del Consiglio ECOFIN del 13 luglio 2021 e notificata all'Italia dal Segretariato generale del Consiglio con nota LT161/21, del 14 luglio 2021- -la Missione 2 - Componente 4 - SubInvestimento 2.1b del PNRR che prevede 'Misure per la gestione del rischio di alluvione e per la riduzione del rischio idrogeologico'; -il Regolamento (UE) 2018/1046 del 18 luglio 2018, che stabilisce le regole finanziarie applicabili al bilancio generale dell'Unione, che modifica i Regolamenti (UE) n. 1296/2013, n. 1301/2013, n. 1303/2013, n. 1304/2013, n. 1309/2013, n. 1316/2013, n. 223/2014, n. 283/2014 e la decisione n. 541/2014/UE e abroga il regolamento (UE, Euratom) n. 966/2012; -l'articolo 17 del Regolamento UE 2020/852 che definisce gli obiettivi ambientali, tra cui il principio di non arrecare un danno significativo (DNSH, 'Do no significant harm'), e la Comunicazione della Commissione UE 2021/C 58/01 recante 'Orientamenti tecnici sull'applicazione del principio 'non arrecare un danno significativo» a norma del regolamento sul dispositivo per la ripresa e la resilienza'; -i principi trasversali previsti dal PNRR, quali, tra l'altro, il principio del contributo all'obiettivo climatico e digitale (c.d. tagging), il principio di parità di genere e l'obbligo di protezione e valorizzazione dei giovani; -gli obblighi di assicurare il conseguimento di target e milestone e degli obiettivi finanziari STABILITI nel PNRR;";2;2;"{""l"": 56.64, ""t"": 716.8801429101562, ""r"": 91.464, ""b"": 707.4570802651447, ""coord_origin"": ""BOTTOMLEFT""}";8;0;1
atto_4;docling;json;3;VISTO;VISTO_2;PREAMBOLO_RIFERIMENTI;1;"VISTA la nota del Capo Dipartimento della Protezione Civile, prot. n. PNRR/1353 del 11 gennaio 2023, di comunicazione dell'approvazione dell'elenco di dettaglio dei ""nuovi progetti"", ricadenti nel sub -investimento 2.1b della Missione 2 -Componente 4 del Piano Nazionale di Ripresa e Resilienza (PNRR), per l'importo complessivo di euro 49.394.516,58, assegnato alla Regione Sardegna con DPCM 23 agosto 2022, e il Decreto di rettifica e approvazione dell'elenco di dettaglio dei nuovi interventi Rep. n. 1419 del 24 maggio 2023;";2;2;"{""l"": 56.64, ""t"": 401.6101429101563, ""r"": 542.73664, ""b"": 335.1670802651447, ""coord_origin"": ""BOTTOMLEFT""}";1;0;0
atto_4;docling;json;4;VISTO;VISTO_3;PREAMBOLO_RIFERIMENTI;1;"VISTE: -la nota Prot. n. 2587 del 02.03.2023 con la quale la Direzione Generale della Protezione Civile ha richiesto al Comune di Bitti l'intendimento a svolgere il ruolo di Soggetto Attuatore per alcuni degli interventi contenuti nell'elenco 'nuovi progetti' approvato con nota Prot. n. PNRR/1353 del 11.01.2023; -le note n. 4106 e 4107 del 12.04.2023, relative all'accettazione da parte del Comune di Bitti degli interventi proposti ed alla trasmissione della relativa documentazione, composta, per ogni singolo intervento ASSUNTO, da: nomina del RUP, cronoprogramma ed elenco del personale reso disponibile all'attuazione.";2;2;"{""l"": 56.64, ""t"": 324.4301429101563, ""r"": 94.944, ""b"": 315.0070802651446, ""coord_origin"": ""BOTTOMLEFT""}";3;0;0
atto_4;docling;json;5;VISTO;VISTO_4;PREAMBOLO_RIFERIMENTI;1;VISTA la deliberazione n. 11/55 del 23.03.2023 avente ad oggetto Schema di accordo tra Regione Autonoma della Sardegna e Dipartimento della Protezione Civile, ai sensi dell'art. 15 della Legge n. 241/1990, per la realizzazione degli interventi 'in essere' e 'nuovi progetti' approvati nel sub - investimento 2.1b della Missione 2 -Componente 4 del Piano nazionale di ripresa e resilienza (PNRR) e INDIVIDUATI come 'Misure per la gestione del rischio di alluvione e per la riduzione del rischio idrogeologico'.;2;2;"{""l"": 56.64, ""t"": 215.59014291015626, ""r"": 542.69944, ""b"": 149.25708026514474, ""coord_origin"": ""BOTTOMLEFT""}";1;0;0
atto_4;docling;json;6;VISTO;VISTO_5;PREAMBOLO_RIFERIMENTI;1;"VISTA la convenzione n. 11, prot. uscita 7580, del 30.06.2023, tra la Regione Autonoma della Sardegna ed il Comune di Bitti, ACQUISITA al protocollo generale dell'ente al n. 4137 del 30 giugno 2023, che regola i rapporti di attuazione, gestione e controllo relativi ai progetti finanziati con fondi a valere sul Piano Nazionale di Ripresa e Resilienza (PNRR) - Missione 2, componente 4, subinvestimento 2.1b: 'Misure per la riduzione del rischio di alluvione e del rischio idrogeologico' approvati con Decreto del Capo Dipartimento di Protezione Civile Missione 2 -Componente 4 Sub-investimento 2.1b PIANO NAZIONALE DI RIPRESA E RESILIENZA (PNRR) Repertorio n. 3403 del 28/12/2022 INDIVIDUATI nel territorio comunale di Bitti (NU) e Decreto di rettifica e approvazione dell'elenco di dettaglio dei nuovi interventi Rep. n. 1419 del 24 maggio 2023;";2;3;"{""l"": 56.64, ""t"": 138.40014291015632, ""r"": 542.5094399999997, ""b"": 72.10108026514467, ""coord_origin"": ""BOTTOMLEFT""}";4;0;0
atto_4;docling;json;7;DATO_ATTO;DATO_ATTO_1;ISTRUTTORIA;1;"DATO ATTO che l'attuazione del PNRR prevede, per l'attuazione della Missione 2, Componente 4, Sub -Investimento 2.1b e per la realizzazione degli interventi ad essa connessi, finalizzati a salvaguardare e riqualificare il territorio, nonché a metterlo in sicurezza da frane o ridurre il rischio di allagamento, l'individuazione delle Amministrazioni centrali in qualità di titolari di Intervento, si è proceduto ad individuare il Comune di Bitti quale soggetto attuatore con decreto Capo Dipartimento della protezione Civile Rep. n. 1419 del 24.05.2023 dell'Investimento INDIVIDUATO ai numeri progressivi e ai Cup di cui all'art. 3 comma 1 e nella Tabella allegata alla summenzionata convenzione per farne parte integrante e sostanziale;";3;3;"{""l"": 56.64, ""t"": 717.9601429101563, ""r"": 542.4331199999996, ""b"": 623.0970802651447, ""coord_origin"": ""BOTTOMLEFT""}";1;0;0
atto_4;docling;json;8;DATO_ATTO;DATO_ATTO_2;ISTRUTTORIA;1;"DATO ATTO che tra gli interventi finanziati nell'ambito dell'Accordo di concessione di finanziamento tra la Regione Autonoma della Sardegna - Direzione Generale della Protezione Civile e il Comune di Bitti (NU) rientrano quelli di seguito indicati: ID 6.7 EX ID 12 -RIPRISTINI PUNTUALI DI DISSESTI IN VARIE VIE DEL CENTRO URBANO, CUP E97H21011870006- CIG: B140F38915;";3;3;"{""l"": 56.64, ""t"": 612.3601429101562, ""r"": 541.2346400000002, ""b"": 574.4970802651447, ""coord_origin"": ""BOTTOMLEFT""}";2;0;0
atto_4;docling;json;9;PRESO_ATTO;PRESO_ATTO_1;ISTRUTTORIA;1;"PRESO ATTO che l'accordo di finanziamento stipulato prevede l'erogazione delle somme assegnate sino ad un massimo del 90%, mentre il restante 10% deve essere anticipato dal soggetto attuatore;";3;3;"{""l"": 56.64, ""t"": 534.6901429101563, ""r"": 541.2077600000001, ""b"": 511.10708026514465, ""coord_origin"": ""BOTTOMLEFT""}";1;0;0
atto_4;docling;json;10;CONSIDERATO;CONSIDERATO_1;MOTIVAZIONE;1;"CONSIDERATO che al fine di procedere alla chiusura ed alla rendicontazione del l'intervento sopra indicato si rende necessario provvedere all'anticipazione di cassa per l'importo pari ad € 34.759,05;";3;3;"{""l"": 56.64, ""t"": 500.2501429101563, ""r"": 541.4094399999999, ""b"": 476.6670802651447, ""coord_origin"": ""BOTTOMLEFT""}";1;0;0
atto_4;docling;json;11;VISTO;VISTO_6;PREAMBOLO_RIFERIMENTI;1;"VISTI: il T.U. delle leggi sull'Ordinamento degli Enti Locali, approvato con Decreto Legislativo 18 - 08-2000, n. 267; il D.Lgs. 31 marzo 2023, n. 36 costituente il nuovo Codice disciplinante i contratti di appalto e di concessione aventi ad oggetto l'acquisizione di servizi, forniture, lavori e opere, nonché i concorsi pubblici di progettazione; il D.Lgs. 9 aprile 2008, n. 81 'Attuazione dell'art. 1 della Legge 3 Agosto 2007, n. 123, in materia di tutela della salute e della sicurezza nei luoghi di lavoro'; il D.L. 77/2021 convertito con modificazioni in legge 108/2021 e ss.mm.ii.; il D.L. 13/2023 convertito con modificazioni in legge 41/2021e ss.mm.ii.; la L. 8 del 13/03/2018 della Regione Autonoma della Sardegna recante: Nuove norme in materia di contratti pubblici di lavori, servizi e forniture;";3;3;"{""l"": 56.64, ""t"": 465.8101429101563, ""r"": 88.66704, ""b"": 456.3870802651447, ""coord_origin"": ""BOTTOMLEFT""}";7;1;1
atto_4;docling;json;12;ACQUISITO;ACQUISITO_1;ISTRUTTORIA;1;"ACQUISITI in merito il parere favorevole del Responsabili del Servizio Tecnico e del Responsabile del Servizio Finanziario, espressi in calce alla presente;";3;3;"{""l"": 56.64, ""t"": 267.3101429101563, ""r"": 541.02752, ""b"": 243.60708026514476, ""coord_origin"": ""BOTTOMLEFT""}";1;0;0
atto_4;docling;json;13;VISTO;VISTO_7;PREAMBOLO_RIFERIMENTI;1;"VISTO il T.U. 267/00;";3;3;"{""l"": 56.64, ""t"": 232.75014291015623, ""r"": 162.14, ""b"": 223.32708026514467, ""coord_origin"": ""BOTTOMLEFT""}";1;1;1
atto_4;docling;json;14;DISPOSITIVO_DELIBERA;DISPOSITIVO_DELIBERA;DISPOSITIVO_DELIBERA;0;DELIBERA;3;3;"{""l"": 268.73, ""t"": 172.12014291015635, ""r"": 329.34999999999997, ""b"": 162.69708026514468, ""coord_origin"": ""BOTTOMLEFT""}";1;0;0
atto_5;docling;json;1;ACQUISITI_PARERI;ACQUISITI_PARERI_1;PARERI_ATTESTAZIONI;0;ACQUISITI i pareri di cui all' articolo 49 del D.Lgs.vo 267/2000:;1;1;"{""l"": 56.64, ""t"": 219.68598291015633, ""r"": 361.75, ""b"": 209.35398291015633, ""coord_origin"": ""BOTTOMLEFT""}";1;0;0
atto_5;docling;json;2;PREMESSO;PREMESSO_1;NARRATIVA_PREMESSA;1;"PREMESSO che: n. 05, in DATA 14/03/2025, esecutiva ai sensi di legge, è stato approvato il Documento unico di programmazione per il periodo 2025/2027; n. 06, in DATA 14/03/2025, esecutiva ai sensi di legge, è stato approvato il bilancio di previsione finanziario per il periodo 2025/2027;";2;2;"{""l"": 56.64, ""t"": 725.6559829101564, ""r"": 128.66, ""b"": 715.3239829101564, ""coord_origin"": ""BOTTOMLEFT""}";3;0;1
atto_5;docling;json;3;PREMESSO;PREMESSO_2;NARRATIVA_PREMESSA;1;"PREMESSO altresì che l'articolo 227, comma 2, del d.Lgs. 18/08/2000, n. 267 e l'articolo 18, comma 1, lett. b), del d.Lgs. 23/06/2011, n. 118, prevedono che gli enti locali deliberano, entro il 30 aprile dell'anno successivo, il rendiconto della gestione composto dal CONTO del bilancio, dal CONTO economico e dallo stato patrimoniale;";2;2;"{""l"": 56.64, ""t"": 620.4159829101563, ""r"": 541.3760000000001, ""b"": 548.0139829101563, ""coord_origin"": ""BOTTOMLEFT""}";1;0;0
atto_5;docling;json;4;RICHIAMATO;RICHIAMATO_1;PREAMBOLO_RIFERIMENTI;1;"RICHIAMATI gli artt. 151, comma 6 e 231, comma 1, del D.Lgs. 18/08/2000, n. 267 i quali prevedono che al rendiconto dell'esercizio venga allegata una relazione sulla gestione redatta secondo quanto previsto dall'art. 11, comma 6, del d.Lgs. n. 118/2011;";2;2;"{""l"": 56.64, ""t"": 537.5859829101563, ""r"": 541.624, ""b"": 485.8539829101563, ""coord_origin"": ""BOTTOMLEFT""}";1;0;0
atto_5;docling;json;5;RICHIAMATO;RICHIAMATO_2;PREAMBOLO_RIFERIMENTI;1;"RICHIAMATO altresì l'articolo 11, comma 6, del d.Lgs. n. 118/2011, il quale così dispone: La relazione sulla gestione allegata al rendiconto è un documento illustrativo della gestione dell'ente, nonché dei fatti di rilievo verificatisi dopo la chiusura dell'esercizio e di ogni eventuale informazione utile ad una migliore comprensione dei DATI contabili. In particolare la relazione illustra: i criteri di valutazione utilizzati; le principali voci del CONTO del bilancio; le principali variazioni alle previsioni finanziarie intervenute in corso d'anno, comprendendo l'utilizzazione dei fondi di riserva e gli utilizzi delle quote vincolate e accantonate del risultato di amministrazione al 1° gennaio dell'esercizio precedente, distinguendo i vincoli derivanti dalla legge e dai principi contabili, dai trasferimenti, da mutui e altri finanziamenti, vincoli formalmente attribuiti dall'ente; l'elenco analitico delle quote vincolate e accantonate del risultato di amministrazione al 31 dicembre dell'esercizio precedente, distinguendo i vincoli derivanti dalla legge e dai principi contabili, dai trasferimenti, da mutui e altri finanziamenti, vincoli formalmente attribuiti dall'ente; le ragioni della persistenza dei residui con anzianità superiore ai cinque anni e di maggiore consistenza, nonché sulla fondatezza degli stessi, compresi i crediti di cui al comma 4, lettera n); l'elenco delle movimentazioni effettuate nel corso dell'esercizio sui capitoli di entrata e di spesa riguardanti l'anticipazione, evidenziando l'utilizzo medio e l'utilizzo massimo dell'anticipazione nel corso dell'anno, nel caso in cui il CONTO del bilancio, in deroga al principio generale dell'integrità, espone il saldo al 31 dicembre dell'anticipazione attivata al netto dei relativi rimborsi; l'elencazione dei diritti reali di godimento e la loro illustrazione; l'elenco dei propri enti e organismi strumentali, con la precisazione che i relativi rendiconti o bilanci di esercizio sono consultabili nel proprio sito internet; l'elenco delle partecipazioni dirette possedute con l'indicazione della relativa quota percentuale; gli esiti della verifica dei crediti e debiti reciproci con i propri enti strumentali e le società controllate e partecipate. La predetta informativa, asseverata dai rispettivi organi di revisione, evidenzia analiticamente eventuali discordanze e ne fornisce la motivazione; in tal caso l'ente assume senza indugio, e comunque non oltre il termine dell'esercizio finanziario in corso, i provvedimenti necessari ai fini della riconciliazione delle partite debitorie e creditorie; gli oneri e gli impegni sostenuti, derivanti da contratti relativi a strumenti finanziari derivati o da contratti di finanziamento che includono una componente derivata; l'elenco delle garanzie principali o sussidiarie prestate dall'ente a favore di enti e di altri soggetti ai sensi delle leggi vigenti, con l'indicazione delle eventuali richieste di escussione nei confronti dell'ente e del rischio di applicazione dell'art. 3, comma 17, della legge 24 dicembre 2003, n. 350; l'elenco descrittivo dei beni appartenenti al patrimonio immobiliare dell'ente alla DATA di chiusura dell'esercizio cui il CONTO si riferisce, con l'indicazione delle rispettive destinazioni e degli eventuali proventi da essi prodotti; gli elementi richiesti dall'art. 2427 e dagli altri articoli del codice civile, nonché da altre norme di legge e dai documenti sui principi contabili applicabili; o) altre informazioni riguardanti i risultati della gestione, richieste dalla legge o necessarie per l'interpretazione del rendiconto.";2;3;"{""l"": 56.64, ""t"": 454.7859829101563, ""r"": 481.3, ""b"": 444.4539829101563, ""coord_origin"": ""BOTTOMLEFT""}";17;0;0
atto_5;docling;json;6;PRESO_ATTO;PRESO_ATTO_1;ISTRUTTORIA;1;"PRESO ATTO che: la gestione finanziaria si è svolta in conformità ai principi ed alle regole previste in materia di finanza locale e di contabilità pubblica; il Tesoriere comunale ha reso il CONTO della gestione, ai sensi dell'art. 226 del d.Lgs. n. 267/2000, debitamente sottoscritto e corredato di tutta la documentazione contabile prevista (reversali di incasso, mandati di pagamento e relativi allegati di svolgimento, ecc.); gli agenti contabili interni a materia e a danaro hanno reso il CONTO della propria gestione, come previsto dall'art. 233 del D.Lgs. n. 267/2000; il responsabile del servizio finanziario ha eseguito con determinazione n. 09 del 14/04/2026 la parificazione del CONTO del tesoriere e degli agenti contabili, verificando la corrispondenza delle riscossioni e dei pagamenti effettuati durante l'esercizio finanziario 2025 con le risultanze del CONTO del bilancio; con propria deliberazione n. 40 in DATA 15/05/2026, è stato approvato il riaccertamento ordinario dei residui ai sensi dell'art. 3, comma 4, del d.Lgs. n. 118/2011;";3;3;"{""l"": 56.64, ""t"": 719.8959829101564, ""r"": 130.34, ""b"": 709.5639829101564, ""coord_origin"": ""BOTTOMLEFT""}";6;0;0
atto_5;docling;json;7;VISTO;VISTO_1;PREAMBOLO_RIFERIMENTI;1;"VISTI: lo schema del rendiconto della gestione dell'esercizio 2025 redatto secondo lo schema di cui all'allegato 10 al d.Lgs. n. 118/2011; che si allegano al presente provvedimento quale parte integrante e sostanziale;";3;3;"{""l"": 56.64, ""t"": 425.7459829101563, ""r"": 86.304, ""b"": 415.4139829101563, ""coord_origin"": ""BOTTOMLEFT""}";3;0;1
atto_5;docling;json;8;VISTO;VISTO_2;PREAMBOLO_RIFERIMENTI;1;"VISTA la relazione sulla gestione dell'esercizio 2025, redatta ai sensi dell'art. 11, comma 6, del d.Lgs. n. 118/2011, allegata al presente provvedimento quale parte integrante e sostanziale; RICHIAMATO l'art. 232, comma 2, del TUEL, approvato con decreto legislativo del 18 agosto 2000, n. 267, come novellato dall'art. 57, comma 2-ter, del decreto-legge n. 124 del 2019, il quale prevede che 'Gli enti locali con popolazione inferiore a 5.000 abitanti possono non tenere la contabilità economico-patrimoniale. Gli enti locali che optano per la facoltà di cui al primo periodo allegano al rendiconto una situazione patrimoniale al 31 dicembre dell'anno precedente redatta secondo lo schema di cui all'allegato n. 10 al decreto legislativo 23giugno 2011, n. 118, e con modalità semplificate INDIVIDUATE con decreto del Ministero dell'economia e delle finanze, di concerto con il Ministero dell'interno e con la Presidenza del Consiglio dei ministri - Dipartimento per gli affari regionali'.";3;3;"{""l"": 56.64, ""t"": 321.4459829101563, ""r"": 541.612, ""b"": 311.1139829101562, ""coord_origin"": ""BOTTOMLEFT""}";3;0;0
atto_5;docling;json;9;VISTO;VISTO_3;PREAMBOLO_RIFERIMENTI;1;VISTO l'art. 233 bis del medesimo decreto, che testualmente enuncia 'Gli enti locali con popolazione inferiore a 5.000 abitanti possono non predisporre il bilancio consolidato'.;4;4;"{""l"": 56.64, ""t"": 768.2759829101564, ""r"": 541.3319999999999, ""b"": 737.1639829101563, ""coord_origin"": ""BOTTOMLEFT""}";1;0;0
atto_5;docling;json;10;VISTO;VISTO_4;PREAMBOLO_RIFERIMENTI;1;"VISTO il Decreto del MEF del 10 novembre 2020 che stabilisce che gli enti locali con popolazione inferiore a 5.000 abitanti, che non tengono la contabilità economico-patrimoniale, alleghino al rendiconto della gestione una situazione patrimoniale al 31 dicembre dell'esercizio di riferimento (aggiornando comunque l'inventario dei beni mobili ed immobili), redatta secondo lo schema di cui all'allegato n. 10 al D.Lgs. n. 118/2011, con modalità semplificate definite dall'allegato 'A' al citato decreto del MEF. L'Ente, si avvalso della facoltà di non tenere la contabilità economica patrimoniale nel 2020 con la DELIBERA di Giunta Comunale n.82 del 28/12/2020 e che per il 2025, si intende prorogata la facoltà di non tenere la contabilità economica patrimoniale, e pertanto si allega al rendiconto la situazione patrimoniale al 31 dicembre 2025 come previsto dal Decreto MEF del 10 novembre 2020;";4;4;"{""l"": 56.64, ""t"": 706.0959829101563, ""r"": 541.66, ""b"": 592.3239829101564, ""coord_origin"": ""BOTTOMLEFT""}";2;0;0
atto_5;docling;json;11;RITENUTO;RITENUTO_1;MOTIVAZIONE_VALUTAZIONE;1;"RITENUTO di provvedere in merito;";4;4;"{""l"": 56.64, ""t"": 478.4259829101563, ""r"": 220.37, ""b"": 468.0939829101563, ""coord_origin"": ""BOTTOMLEFT""}";1;0;0
atto_5;docling;json;12;VISTO;VISTO_5;PREAMBOLO_RIFERIMENTI;1;"VISTO il D.Lgs. 18/08/2000, n. 267;";4;4;"{""l"": 56.64, ""t"": 437.02598291015624, ""r"": 228.05, ""b"": 426.69398291015625, ""coord_origin"": ""BOTTOMLEFT""}";1;1;1
atto_5;docling;json;13;VISTO;VISTO_6;PREAMBOLO_RIFERIMENTI;1;"VISTO il d.Lgs. n. 118/2011;";4;4;"{""l"": 56.64, ""t"": 416.26598291015625, ""r"": 192.05, ""b"": 405.93398291015626, ""coord_origin"": ""BOTTOMLEFT""}";1;0;0
atto_5;docling;json;14;VISTO;VISTO_7;PREAMBOLO_RIFERIMENTI;1;"VISTO lo Statuto Comunale;";4;4;"{""l"": 56.64, ""t"": 395.62598291015627, ""r"": 190.73, ""b"": 385.2939829101563, ""coord_origin"": ""BOTTOMLEFT""}";1;0;0
atto_5;docling;json;15;VISTO;VISTO_8;PREAMBOLO_RIFERIMENTI;1;VISTO il vigente Regolamento comunale di contabilità A voti unanimi e palesi;4;4;"{""l"": 56.64, ""t"": 374.84598291015624, ""r"": 316.39, ""b"": 364.51398291015624, ""coord_origin"": ""BOTTOMLEFT""}";2;0;0
atto_5;docling;json;16;DISPOSITIVO_DELIBERA;DISPOSITIVO_DELIBERA;DISPOSITIVO_DELIBERA;0;DELIBERA;4;4;"{""l"": 266.33, ""t"": 312.6139829101563, ""r"": 331.99, ""b"": 302.5205283647017, ""coord_origin"": ""BOTTOMLEFT""}";1;0;0
atto_6;docling;json;1;PREMESSO;PREMESSO_1;NARRATIVA_PREMESSA;1;"PREMESSO che: - il Dipartimento per lo Sport della Presidenza del Consiglio dei Ministri ha pubblicato l'Avviso 'Sport e Periferie 2026', destinato al finanziamento di interventi di realizzazione, rigenerazione e adeguamento di impianti sportivi pubblici; - l'art. 3, comma 1, lett. b), dell'Avviso, consente ai Comuni con popolazione pari o inferiore a 5.000 abitanti (DATI ISTAT al 1° gennaio 2025) di partecipare mediante accordo con altri Comuni confinanti , al fine di raggiungere la soglia minima dei 5.000 abitanti richiesta per l'ammissibilità; - i Comuni di Spigno Saturnia ed Ausonia sono confinanti e ciascuno ha popolazione inferiore a 5.000 abitanti; - i suddetti Comuni hanno manifestato la volontà di partecipare congiuntamente all'Avviso, individuando un Comune Capofila per la presentazione della candidatura e per la gestione dei rapporti con il Dipartimento per lo Sport; - l'intervento oggetto della candidatura sarà localizzato nel territorio del Comune di Spigno Saturnia, presso l'impianto sportivo sito in Spigno Saturnia, in via Silvio Pellico;";2;2;"{""l"": 42.54999924, ""t"": 773.3450251640625, ""r"": 117.69099924, ""b"": 764.2934841114309, ""coord_origin"": ""BOTTOMLEFT""}";6;0;0
atto_6;docling;json;2;VISTO;VISTO_1;PREAMBOLO_RIFERIMENTI;1;"VISTO: - l'Avviso 'Sport e Periferie 2026'; - la Deliberazione di G.C. n. 54 del 19.06.2026 del Comune di SPIGNO SATURNIA (LT) << AVVISO SPORT E PERIFERIE - 2026 - ATTO di Indirizzo e Approvazione schema di accordo ex art 15 Legge n. 241/90 tra i comuni di AUSONIA (FR) e SPIGNO SATURNIA (LT) ai sensi dell'art. 3, comma 1, lett. b) dell'Avviso 'Sport e Periferie 2026 '>>; - lo schema di Accordo tra Comuni PREDISPOSTO ed allegato al presente ATTO quale Allegato A , parte integrante e sostanziale;";2;2;"{""l"": 42.54999924, ""t"": 537.9030257340625, ""r"": 73.80099924000001, ""b"": 528.8514846814309, ""coord_origin"": ""BOTTOMLEFT""}";4;0;0
atto_6;docling;json;3;CONSIDERATO;CONSIDERATO_1;MOTIVAZIONE;1;"CONSIDERATO che: - la partecipazione congiunta consente ai Comuni sottoscrittori di raggiungere la soglia demografica minima prevista dall'Avviso; - è necessario approvare formalmente l'Accordo ed individuare il Comune di Spigno Saturnia (Lt) quale Comune Capofila per procedere alla presentazione della candidatura sulla piattaforma ministeriale;";2;2;"{""l"": 42.54999924, ""t"": 406.2360182840624, ""r"": 129.38399923999998, ""b"": 397.1844772314309, ""coord_origin"": ""BOTTOMLEFT""}";3;0;0
atto_6;docling;json;4;RITENUTO;RITENUTO_1;MOTIVAZIONE_VALUTAZIONE;1;"RITENUTO: - di approvare lo schema di Accordo tra Comuni, conforme ai requisiti dell'Avviso; - di individuare il Comune di Spigno Saturnia (Lt) quale Comune Capofila ; - di dichiarare il presente ATTO immediatamente eseguibile per consentire la tempestiva presentazione della domanda, CONSIDERATO che la piattaforma sarà attiva dal 4 giugno 2026 al 25 giugno 2026;";2;2;"{""l"": 42.54999924, ""t"": 304.21901999406236, ""r"": 92.12699924, ""b"": 295.1674789414309, ""coord_origin"": ""BOTTOMLEFT""}";4;0;0
atto_6;docling;json;5;VISTO;VISTO_2;PREAMBOLO_RIFERIMENTI;1;"VISTO: - il D.Lgs n. 36/2023 (Codice dei contratti pubblici in attuazione dell'articolo 1 della legge 21 giugno 2022, n. 78, recante delega al Governo in materia di contratti pubblici); - il D.Lgs n. 209/2024 c.d. correttivo appalti; - il D.Lgs 18 agosto 2000, n° 267 ' Testo Unico delle leggi sull'ordinamento degli Enti Locali ';";2;2;"{""l"": 42.54999924, ""t"": 207.2020522240624, ""r"": 73.80099924000001, ""b"": 198.15051117143082, ""coord_origin"": ""BOTTOMLEFT""}";4;1;1
atto_6;docling;json;6;ACQUISITI_PARERI;ACQUISITI_PARERI_1;PARERI_ATTESTAZIONI;0;"ACQUISITI i pareri espressi in merito alla regolarità tecnica e contabile ai sensi dell'art. 49 del D.Lgs n° 267 del 18/08/2000;";2;2;"{""l"": 42.54999924, ""t"": 116.07705127406246, ""r"": 505.56199923999986, ""b"": 92.20050945143089, ""coord_origin"": ""BOTTOMLEFT""}";1;0;0
atto_6;docling;json;7;DISPOSITIVO_DELIBERA;DISPOSITIVO_DELIBERA;DISPOSITIVO_DELIBERA;0;DELIBERA;2;2;"{""l"": 246.85200119, ""t"": 56.602015594062436, ""r"": 301.26900119000004, ""b"": 47.550474541430845, ""coord_origin"": ""BOTTOMLEFT""}";1;0;0
atto_7;docling;json;1;PREMESSO;PREMESSO_1;NARRATIVA_PREMESSA;1;"PREMESSO che con DD.P.R. del 13 Gennaio 2026, pubblicato nella Gazzetta Ufficiale n. 10 del 14 Gennaio 2026, sono stati convocati per domenica 22 e lunedì 23 marzo 2026 i comizi per il referendum popolare confermativo della legge costituzionale recante: ' Norme in materia di ordinamento giurisdizionale e di istituzione della Corte Disciplinare' , approvata dal Parlamento e pubblicata nella Gazzetta Ufficiale della Repubblica Italiana n. 253 del 30 ottobre 2025;";2;2;"{""l"": 61.679039999999986, ""t"": 743.7839829101563, ""r"": 493.9114559999996, ""b"": 681.0925361409255, ""coord_origin"": ""BOTTOMLEFT""}";1;0;0
atto_7;docling;json;2;VISTO;VISTO_1;PREAMBOLO_RIFERIMENTI;1;"VISTA la Circolare n.7/Ref 2026 del 12/02/2026 - protocollo n.0062427 - ad oggetto: "" Consultazioni referendarie di domenica 22 e lunedì 23 marzo 2026. Referendum popolare confermativo della legge costituzionale recante: 'Norme in materia di ordinamento giurisdizionale e di istituzione della Corte Disciplinare' . Precisazione del quesito referendario. Adempimenti in materia di propaganda elettorale e comunicazione politica. Partiti e gruppi politici rappresentati in Parlamento e promotori dei referendum.' , secondo cui, la Giunta Comunale, dal 33° al 30° giorno antecedente quello della votazione, quindi da martedì 17 a venerdì 20 febbraio 2026 , dovrà stabilire e delimitare e ripartire in ogni centro abitato, gli spazi da destinare alle affissioni di propaganda elettorale dei partiti e gruppi politici rappresentati in Parlamento e promotori dei referendum;";2;2;"{""l"": 61.67999999999989, ""t"": 656.6639829101563, ""r"": 494.4, ""b"": 523.9749752178489, ""coord_origin"": ""BOTTOMLEFT""}";1;0;0
atto_7;docling;json;3;RICHIAMATO;RICHIAMATO_1;PREAMBOLO_RIFERIMENTI;1;"RICHIAMATO l'articolo 2, comma 1 della legge 4 aprile 1956, n. 212, modificato dalla legge 24 aprile 1975 n.130 e dall'art. 1,comma 400, lettera h) della legge 27 dicembre 2013, n° 147, contenente ' Norme per la disciplina della propaganda elettorale', il quale stabilisce che l'affissione di stampati, giornali murali od altri e di manifesti di propaganda elettorale, da parte di partiti o gruppi politici che parteciperanno alle elezioni con liste di canditati, sia effettuata esclusivamente negli appositi spazi a ciò destinati in ogni Comune (c.d. 'propaganda diretta'), avendo cura di sceglierli nelle località più frequentate ed in equa proporzione per tutto l'abitato;";2;2;"{""l"": 61.67423999999994, ""t"": 508.0718229101563, ""r"": 494.1066240000007, ""b"": 422.6617758332334, ""coord_origin"": ""BOTTOMLEFT""}";1;0;1
atto_7;docling;json;4;RICHIAMATO;RICHIAMATO_2;PREAMBOLO_RIFERIMENTI;1;RICHIAMATO altresì l'art. 52 della legge 25 maggio 1970, n. 352, che prevede che alla propaganda relativa allo svolgimento dei referendum previsti dalla medesima legge si applicano le disposizioni della citata legge n. 212/1956, e le facoltà RICONOSCIUTE ai partiti e gruppi politici che partecipano direttamente alla competizione elettorale, concernenti l'assegnazione degli appositi spazi per le affissioni di propaganda, si intendono attribuite ai partiti e gruppi politici rappresentati in Parlamento e ai promotori dei referendum, questi ultimi CONSIDERATI come gruppo unico.;2;2;"{""l"": 61.68, ""t"": 406.3507029101563, ""r"": 496.3982399999999, ""b"": 336.93541614092555, ""coord_origin"": ""BOTTOMLEFT""}";1;0;0
atto_7;docling;json;5;RITENUTO;RITENUTO_1;MOTIVAZIONE_VALUTAZIONE;1;"RITENUTO che il numero degli spazi deve stabilirsi per ciascun centro abitato in base alla relativa popolazione residente, secondo la tabella di cui all'art.2, secondo comma, della Legge 56/2012 e s.m.i.;";2;2;"{""l"": 65.63999999999999, ""t"": 321.2284629101563, ""r"": 493.90920000000034, ""b"": 286.44785583323323, ""coord_origin"": ""BOTTOMLEFT""}";1;0;0
atto_7;docling;json;6;VISTO;VISTO_2;PREAMBOLO_RIFERIMENTI;1;VISTA la legge 27 dicembre 2013, n. 147 (legge di stabilità 2014), che per il contenimento delle spese ha apportato modifiche alla disciplina della propaganda elettorale di cui alla legge 4 aprile 1956 n. 212, art.2 comma 2 riducendo il numero degli spazi elettorali e stabilendo per una popolazione tra i 3.001 e i 10.000 abitanti almeno 3 e non più di 5 spazi elettorali,;2;2;"{""l"": 65.51856, ""t"": 270.59902291015635, ""r"": 493.9964160000005, ""b"": 223.22177583323332, ""coord_origin"": ""BOTTOMLEFT""}";1;1;1
atto_7;docling;json;7;DATO_ATTO;DATO_ATTO_1;ISTRUTTORIA;1;"DATO ATTO che questo Comune conta n. 2.450 abitanti e che, pertanto, il numero degli spazi elettorali può essere fissato entro il numero minimo di 3 e massimo di 5 spazi;";2;2;"{""l"": 65.63999999999996, ""t"": 207.25150291015643, ""r"": 493.8263999999999, ""b"": 185.18897583323326, ""coord_origin"": ""BOTTOMLEFT""}";1;0;0
atto_7;docling;json;8;CONSIDERATO;CONSIDERATO_1;MOTIVAZIONE;1;"CONSIDERATO che il comma 2 dell'art.1 della legge n. 212/56 è stato abrogato dall'art.1 comma 400 lettera h) della legge del 27/12/2013 n. 147(legge di stabilità 2014) che ha disposto l'abolizione della propaganda indiretta;";2;2;"{""l"": 65.64, ""t"": 169.42846291015633, ""r"": 496.4329439999998, ""b"": 134.76929583323317, ""coord_origin"": ""BOTTOMLEFT""}";1;0;0
atto_7;docling;json;9;RILEVATO;RILEVATO_1;ISTRUTTORIA_MOTIVAZIONE;1;"RILEVATO che , secondo il disposto dell'art.3 della citata L. 212/56, come modificata, la giunta municipale provvede, nei termini predetti, a delimitare gli spazi di cui al primo comma dell'art.1 e a ripartirli in tante sezioni. Ad ogni lista, spetta una superficie di metri 2 di altezza per metri 1 di base e ad ogni candidatura uninominale una superficie di metri 1 di altezza per metri 0,70 di base, nonché ad assegnare le sezioni seguendo l'ordine di presentazione delle domande, su di una sola linea orizzontale a partire dal lato sinistro e proseguendo verso destra;";2;2;"{""l"": 65.64000000000001, ""t"": 127.5537429101563, ""r"": 494.1233760000008, ""b"": 67.57985583323318, ""coord_origin"": ""BOTTOMLEFT""}";1;0;0
atto_7;docling;json;10;VISTO;VISTO_3;PREAMBOLO_RIFERIMENTI;1;"VISTO il piano PREDISPOSTO dall'ufficio competente per stabilire gli spazi da destinarsi alle affissioni di propaganda elettorale secondo i criteri di cui alla legge sopra menzionata;";3;3;"{""l"": 65.64, ""t"": 742.9084629101563, ""r"": 469.3518240000004, ""b"": 720.8459358332333, ""coord_origin"": ""BOTTOMLEFT""}";1;1;1
atto_7;docling;json;11;DATO_ATTO;DATO_ATTO_2;ISTRUTTORIA;1;"DATO ATTO che gli spazi prescelti corrispondono alle località più frequentate e risultano suddivisi in equa proporzione per tutto l'abitato tale da rendere attuabili le assegnazioni previste dalla legge, qualunque sia il numero senza impedire la visibilità di monumenti o panorami;";3;3;"{""l"": 65.64, ""t"": 704.9884629101563, ""r"": 477.2575680000005, ""b"": 657.6112158332332, ""coord_origin"": ""BOTTOMLEFT""}";1;1;0
atto_7;docling;json;12;VISTO;VISTO_4;PREAMBOLO_RIFERIMENTI;1;"VISTE le disposizioni ministeriali ed, in particolare, la circolare del Ministero dell'Interno n. 1943/V dello 08.04.1980;";3;3;"{""l"": 65.62896, ""t"": 641.6409429101564, ""r"": 480.0584160000007, ""b"": 619.5784158332333, ""coord_origin"": ""BOTTOMLEFT""}";1;1;1
atto_7;docling;json;13;RITENUTO;RITENUTO_2;MOTIVAZIONE_VALUTAZIONE;1;"RITENUTO di dover provvedere agli adempimenti di cui alla L. 212/1956 e s.m.i.;";3;3;"{""l"": 65.64, ""t"": 603.7084629101563, ""r"": 437.99711999999994, ""b"": 594.1299247283381, ""coord_origin"": ""BOTTOMLEFT""}";1;1;0
atto_7;docling;json;14;DISPOSITIVO_PROPOSTA;DISPOSITIVO_PROPOSTA_1;DISPOSITIVO_PROPOSTA;0;"PROPONE DI DELIBERARE Di ritenere la narrativa che precede parte integrante e sostanziale della presente; 1) Di stabilire , per le consultazioni di cui all'oggetto, in esecuzione della legge n°21 2 del 04.04.1956 e successive modifiche e secondo quanto previsto dalla legge n. 147 del 27.12.2013 (legge di stabilità 2014) nei siti indicati di seguito, n.ro CINQUE spazi per l'affissione esclusiva degli stampati, dei giornali murali od altro e dei manifesti di propaganda elettorale da parte dei comitati referendari, partiti e gruppi politici che partecipano alla competizione elettorale per il Referendum Popolare del 22 e 23 marzo 2026. Determinazione e delimitazione degli spazi elettorali, con ubicazione secondo il seguente prospetto: Di delimitare gli spazi elettorali ai sensi dell'art.3 dare della legge 4 aprile 1956, n.212, e ss.mm.ii., per le dimensioni di metri 2 di altezza per metri 1 di base e di metri 1 di altezza per metri 0,70 di base, destinati all'affissione di stampati, giornali murali e manifesti, da parte di partiti, gruppi politici o promotori dei referendum che partecipano alla competizione elettorale; Di dare ATTO che con successiva deliberazione, da assumere nei termini di legge, si procederà all' assegnazione degli spazi per la propaganda di cui trattasi; Di dare ATTO che il parere di regolarità contabile non è richiesto in quanto non comporta spesa; Di dichiarare, immediatamente eseguibile la presente deliberazione ai sensi dell'art. 134 comma 4 del D. Lgs. n. 267/2000.";3;3;"{""l"": 220.2, ""t"": 578.3937429101563, ""r"": 367.31904, ""b"": 568.8152047283381, ""coord_origin"": ""BOTTOMLEFT""}";8;0;0
atto_7;docling;json;15;VISTO;VISTO_5;PREAMBOLO_RIFERIMENTI;1;VISTA la proposta di deliberazione avente ad oggetto: ' DELIMITAZIONE SPAZI PER AFFISSIONE DI STAMPATI E MANIFESTI PER PROPAGANDA ELETTORALE REFERENDUM DI DOMENICA 22 E LUNEDÌ 23 MARZO 2026' (Art. 58, decreto legge 25 giugno 2008, n. 112, convertito con modificazioni dalla legge 6 agosto 2008, n.133);4;4;"{""l"": 56.64, ""t"": 767.9039829101563, ""r"": 489.84119999999996, ""b"": 727.7349752178486, ""coord_origin"": ""BOTTOMLEFT""}";2;1;0
atto_7;docling;json;16;RITENUTO;RITENUTO_3;MOTIVAZIONE_VALUTAZIONE;1;"RITENUTO che la stessa sia meritevole di approvazione;";4;4;"{""l"": 56.64, ""t"": 675.5039829101562, ""r"": 339.96000000000004, ""b"": 665.0925283647017, ""coord_origin"": ""BOTTOMLEFT""}";1;1;0
atto_7;docling;json;17;VISTI_PARERI;VISTI_PARERI_1;PARERI_ATTESTAZIONI;0;"VISTI i pareri favorevoli espressi ai sensi dell'art. 49 del d.lgs. n. 267/2000;";4;4;"{""l"": 56.64000000000004, ""t"": 647.6639829101562, ""r"": 427.68000000000006, ""b"": 637.2525283647017, ""coord_origin"": ""BOTTOMLEFT""}";1;0;1
atto_7;docling;json;18;DISPOSITIVO_DELIBERA;DISPOSITIVO_DELIBERA;DISPOSITIVO_DELIBERA;0;DELIBERA;4;4;"{""l"": 266.28000000000003, ""t"": 564.2639829101561, ""r"": 331.92, ""b"": 553.8525283647016, ""coord_origin"": ""BOTTOMLEFT""}";1;0;0
atto_8;docling;json;1;PREMESSO;PREMESSO_1;NARRATIVA_PREMESSA;1;"PREMESSO CHE - la Regione Lazio, con Determinazione Dirigenziale n. G07309 del 28/05/2026, ha approvato l'Avviso Pubblico per la concessione di contributi ai sensi dell'art. 5 della Legge Regionale 30 dicembre 2024 n. 22 'Fondo per le iniziative di promozione e valorizzazione del territorio regionale', destinato ai Comuni del Lazio, ai Municipi di Roma Capitale, agli Enti gestori delle aree naturali protette regionali e alle Comunità Montane; - l'Avviso è finalizzato a sostenere iniziative volte alla promozione e valorizzazione del territorio regionale, favorendo lo sviluppo sociale, culturale, turistico ed economico delle comunità locali; - le iniziative finanziabili dovranno svolgersi nel territorio della Regione Lazio nel periodo compreso tra il 1° settembre 2026 e il 7 gennaio 2027 ; - ai sensi dell'art. 3 dell'Avviso, per i Comuni con popolazione superiore a 15.000 abitanti il contributo massimo concedibile è pari ad € 30.000,00 , mentre per i Comuni con popolazione pari o inferiore a 15.000 abitanti il contributo massimo concedibile è pari ad € 20.000,00 ;";2;2;"{""l"": 42.54999924, ""t"": 772.2920262740624, ""r"": 137.56599924, ""b"": 762.4222080922442, ""coord_origin"": ""BOTTOMLEFT""}";5;0;0
atto_8;docling;json;2;CONSIDERATO;CONSIDERATO_1;MOTIVAZIONE;1;"CONSIDERATO CHE - l'Amministrazione Comunale intende partecipare al suddetto Avviso attraverso la candidatura del progetto denominato 'La magia del Natale ad Ausonia V° Edizione' , allegato alla presente deliberazione quale parte integrante e sostanziale; - il progetto proposto mira a valorizzare il patrimonio culturale, storico, ambientale e identitario del territorio comunale mediante la realizzazione di iniziative ed eventi rivolti alla cittadinanza e ai visitatori; - il progetto presenta un quadro economico complessivo pari ad €. 25.000,00, di cui € 20.000,00 richiesti a titolo di contributo regionale e € 5.000,00 a carico dell'Ente quale eventuale quota di compartecipazione;";2;2;"{""l"": 42.54999924, ""t"": 501.50801825406245, ""r"": 160.90599924, ""b"": 491.6382000722443, ""coord_origin"": ""BOTTOMLEFT""}";4;0;0
atto_8;docling;json;3;RITENUTO;RITENUTO_1;MOTIVAZIONE_VALUTAZIONE;1;"RITENUTO di approvare il progetto allegato e di autorizzarne la candidatura nell'ambito dell'Avviso regionale sopra RICHIAMATO;";2;2;"{""l"": 42.54999924, ""t"": 323.51802801406245, ""r"": 506.1459992399998, ""b"": 299.8492100422443, ""coord_origin"": ""BOTTOMLEFT""}";1;0;0
atto_8;docling;json;4;VISTO;VISTO_1;PREAMBOLO_RIFERIMENTI;1;"VISTI - la Legge Regionale 30 dicembre 2024, n. 22; - la D.G.R. Lazio n. 1244 dell'11/12/2025; - la Determinazione Dirigenziale Regione Lazio n. G07309 del 28/05/2026; - il D.Lgs. n. 267/2000; - lo Statuto Comunale;";2;2;"{""l"": 42.54999924, ""t"": 285.9200360740624, ""r"": 75.22599924, ""b"": 276.0502178922443, ""coord_origin"": ""BOTTOMLEFT""}";6;0;1
atto_8;docling;json;5;ACQUISITI_PARERI;ACQUISITI_PARERI_1;PARERI_ATTESTAZIONI;0;"ACQUISITI i pareri favorevoli di regolarità tecnica e contabile ai sensi dell'art. 49 del D.Lgs. 267/2000;";2;2;"{""l"": 42.54999924, ""t"": 143.1259992040625, ""r"": 500.40999924, ""b"": 119.45718123224435, ""coord_origin"": ""BOTTOMLEFT""}";1;0;0
atto_8;docling;json;6;DISPOSITIVO_DELIBERA;DISPOSITIVO_DELIBERA;DISPOSITIVO_DELIBERA;0;DELIBERA;2;2;"{""l"": 237.58999253000002, ""t"": 105.12003680406247, ""r"": 311.48899253, ""b"": 94.01649134951697, ""coord_origin"": ""BOTTOMLEFT""}";1;0;0
atto_9;docling;json;1;ACQUISITI_PARERI;ACQUISITI_PARERI_1;PARERI_ATTESTAZIONI;0;ACQUISITI i pareri di cui all'articolo 49 del T.U. 267/00:;1;1;"{""l"": 56.64, ""t"": 225.82086291015628, ""r"": 291.29888, ""b"": 216.88745826927232, ""coord_origin"": ""BOTTOMLEFT""}";1;0;0
atto_9;docling;json;2;PREMESSO;PREMESSO_1;NARRATIVA_PREMESSA;1;"PREMESSO che con le seguenti deliberazioni di Consiglio Comunale: n. 3 in DATA 13/03/2026, esecutiva ai sensi di legge, è stato approvato il Documento unico di programmazione per il periodo 2026/2028; n. 4 in DATA 13/03/2026, esecutiva ai sensi di legge, è stato approvato il bilancio di previsione finanziario per il periodo 2026/2028; n. 11 del 29/05/2025, esecutiva ai sensi di legge, è stato approvato il rendiconto della gestione per l'esercizio 2024 ai sensi dell'art. 227 del D.Lgs. n. 267/2000; n. 20 del 29/07/2025, esecutiva ai sensi di legge, è stato approvato l'assestamento generale di bilancio e la salvaguardia degli equilibri per l'esercizio 2025/2027 ai sensi degli artt 175 comma 8 e 193 del D.lgs n. 267/2000;";2;2;"{""l"": 56.64, ""t"": 707.6708629101563, ""r"": 358.03888, ""b"": 698.7374582692722, ""coord_origin"": ""BOTTOMLEFT""}";5;0;1
atto_9;docling;json;3;RICHIAMATO;RICHIAMATO_1;PREAMBOLO_RIFERIMENTI;1;"RICHIAMATO l'art. 175, commi 4 e 5 del d.Lgs. n. 267/2000, modificato ed integrato dal d.Lgs. n. 118/2011, i quali dispongono che: ' le variazioni di bilancio possono essere adottate dall'organo esecutivo in via d'urgenza opportunamente motivata, salvo ratifica, a pena di decadenza, da parte dell'organo consiliare entro i sessanta giorni seguenti e comunque entro il 31 dicembre dell'anno in corso se a tale DATA non sia scaduto il predetto termine ' (comma 4); 'In caso di mancata o parziale ratifica del provvedimento di variazione adottato dall'organo esecutivo, l'organo consiliare è TENUTO ad adottare nei successivi trenta giorni, e comunque sempre entro il 31 dicembre dell'esercizio in corso, i provvedimenti RITENUTI necessari nei riguardi dei rapporti eventualmente sorti sulla base della deliberazione non ratificata' (comma 5);";2;2;"{""l"": 56.64, ""t"": 542.7608629101563, ""r"": 541.4289, ""b"": 522.4274582692723, ""coord_origin"": ""BOTTOMLEFT""}";3;0;0
atto_9;docling;json;4;VERIFICATO;VERIFICATO_1;ISTRUTTORIA;1;"VERIFICATA la necessità di apportare in via d'urgenza variazioni al bilancio previsione derivanti dall'esigenza di realizzare gli interventi programmati e di far fronte alle sopravvenute esigenze di spesa;";2;2;"{""l"": 56.64, ""t"": 414.96086291015627, ""r"": 540.7358399999997, ""b"": 394.5074582692723, ""coord_origin"": ""BOTTOMLEFT""}";1;0;0
atto_9;docling;json;5;VISTO;VISTO_1;PREAMBOLO_RIFERIMENTI;1;VISTO il prospetto riportato in allegato sotto la lettera a) contenente l'elenco delle variazioni di competenza e di cassa da apportare al bilancio di previsione finanziario 2026/2028 - Esercizio 2026, del quale si riportano le risultanze finali: ANNO 2026;2;2;"{""l"": 56.64, ""t"": 380.5008629101563, ""r"": 541.4288799999999, ""b"": 348.5274582692723, ""coord_origin"": ""BOTTOMLEFT""}";2;0;1
atto_9;docling;json;6;DATO_ATTO;DATO_ATTO_1;ISTRUTTORIA;1;"DATO ATTO del permanere degli equilibri di bilancio, come risulta dal prospetto allegato sotto la lettera b),quale parte integrante e sostanziale;";2;2;"{""l"": 56.64, ""t"": 109.87086291015635, ""r"": 541.3902400000002, ""b"": 89.54145826927231, ""coord_origin"": ""BOTTOMLEFT""}";1;0;0
atto_9;docling;json;7;ACQUISITO;ACQUISITO_1;ISTRUTTORIA;1;"ACQUISITO agli atti il parere favorevole: del responsabile del servizio finanziario, espresso ai sensi dell'art. 153 del d.Lgs. n. 267/2000; n. 07 dell'organo di revisione economico-finanziaria, espresso ai sensi dell'art. 239, comma 1, lettera b) del d.Lgs. n. 267/2000, in DATA 28/05/2026;";2;3;"{""l"": 56.64, ""t"": 75.43486291015631, ""r"": 225.17888, ""b"": 66.50145826927235, ""coord_origin"": ""BOTTOMLEFT""}";3;0;1
atto_9;docling;json;8;RITENUTO;RITENUTO_1;MOTIVAZIONE_VALUTAZIONE;1;"RITENUTO pertanto di avvalersi del potere surrogatorio RICONOSCIUTO all'organo esecutivo dall'art. 175, comma 4, del d.Lgs. n. 267/2000 e di apportare, in via d'urgenza, al bilancio di previsione dell'esercizio le variazioni sopra indicate;";3;3;"{""l"": 56.64, ""t"": 721.5908629101564, ""r"": 540.9588800000001, ""b"": 689.7374582692722, ""coord_origin"": ""BOTTOMLEFT""}";1;0;0
atto_9;docling;json;9;VISTO;VISTO_2;PREAMBOLO_RIFERIMENTI;1;"VISTO il d.Lgs. n. 267/2000, come modificato ed integrato dal d.Lgs. n. 118/2011;";3;3;"{""l"": 56.64, ""t"": 675.6308629101563, ""r"": 413.11888000000005, ""b"": 666.6974582692723, ""coord_origin"": ""BOTTOMLEFT""}";1;1;1
atto_9;docling;json;10;VISTO;VISTO_3;PREAMBOLO_RIFERIMENTI;1;"VISTO il d.Lgs. n. 118/2011;";3;3;"{""l"": 56.64, ""t"": 664.1108629101564, ""r"": 177.26888, ""b"": 655.1774582692723, ""coord_origin"": ""BOTTOMLEFT""}";1;0;0
atto_9;docling;json;11;VISTO;VISTO_4;PREAMBOLO_RIFERIMENTI;1;"VISTO lo Statuto Comunale;";3;3;"{""l"": 56.64, ""t"": 652.5908629101564, ""r"": 177.86888, ""b"": 643.6574582692723, ""coord_origin"": ""BOTTOMLEFT""}";1;0;0
atto_9;docling;json;12;VISTO;VISTO_5;PREAMBOLO_RIFERIMENTI;1;"VISTO il vigente Regolamento comunale di contabilità;";3;3;"{""l"": 56.64, ""t"": 641.0708629101564, ""r"": 293.45888, ""b"": 632.1374582692723, ""coord_origin"": ""BOTTOMLEFT""}";1;0;0
atto_9;docling;json;13;DISPOSITIVO_DELIBERA;DISPOSITIVO_DELIBERA;DISPOSITIVO_DELIBERA;0;DELIBERA;3;3;"{""l"": 272.09, ""t"": 595.1108629101564, ""r"": 325.99888000000004, ""b"": 586.1774582692723, ""coord_origin"": ""BOTTOMLEFT""}";1;0;0
atto_10;docling;json;1;ACQUISITI_PARERI;ACQUISITI_PARERI_1;PARERI_ATTESTAZIONI;0;ACQUISITI i pareri di cui all'articolo 49 del T.U. 267/00:;1;1;"{""l"": 56.664, ""t"": 334.7599829101563, ""r"": 260.54088000000013, ""b"": 325.27998291015626, ""coord_origin"": ""BOTTOMLEFT""}";1;0;0
atto_10;docling;json;2;DISPOSITIVO_ATTESTA;DISPOSITIVO_ATTESTA;DISPOSITIVO_ATTESTA;0;ATTESTA;2;2;"{""l"": 280.73, ""t"": 642.8499829101563, ""r"": 316.73247999999995, ""b"": 633.3699829101563, ""coord_origin"": ""BOTTOMLEFT""}";1;0;0
atto_11;docling;json;1;PREMESSO;PREMESSO_1;NARRATIVA_PREMESSA;1;"PREMESSO che è intenzione dell'amministrazione comunale promuovere, come nelle annualità precedenti, un programma di iniziative ricreative e culturali da realizzare durante il periodo estivo;";2;2;"{""l"": 42.54999924, ""t"": 769.1100253940625, ""r"": 506.4819992400004, ""b"": 730.9053143718526, ""coord_origin"": ""BOTTOMLEFT""}";1;0;0
atto_11;docling;json;2;VISTO;VISTO_1;PREAMBOLO_RIFERIMENTI;1;"VISTO il programma delle suddette iniziative elaborato dall'amministrazione comunale da svolgersi dal 22 maggio al 29 settembre 2026, volto alla valorizzazione del territorio, alla conservazione dell'identità culturale della comunità locale ed al perpetuarsi di usi, costumi e tradizioni popolari anche tipicamente gastronomiche, in allegato alla presente deliberazione;";2;2;"{""l"": 42.54999924, ""t"": 713.9100246240624, ""r"": 506.4819992400004, ""b"": 648.1053113118525, ""coord_origin"": ""BOTTOMLEFT""}";1;0;0
atto_11;docling;json;3;CONSIDERATO;CONSIDERATO_1;MOTIVAZIONE;1;"CONSIDERATO che le attività previste rientrano nelle competenze dell'Ente Locale, svolte nell'interesse della collettività e finalizzate alla valorizzazione territoriale e culturale e allo sviluppo socio-economico locale;";2;2;"{""l"": 42.54999924, ""t"": 631.1100215740624, ""r"": 506.48199924000056, ""b"": 592.9053105518525, ""coord_origin"": ""BOTTOMLEFT""}";1;0;0
atto_11;docling;json;4;RITENUTO;RITENUTO_1;MOTIVAZIONE_VALUTAZIONE;1;"RITENUTO, pertanto, il suddetto programma meritevole di approvazione;";2;2;"{""l"": 42.54999924, ""t"": 575.9100246240625, ""r"": 417.3819992400003, ""b"": 565.3053130218526, ""coord_origin"": ""BOTTOMLEFT""}";1;0;0
atto_11;docling;json;5;RITENUTO;RITENUTO_2;MOTIVAZIONE_VALUTAZIONE;1;"RITENUTO necessario demandare al responsabile del settore amministrativo l'adozione degli atti gestionali necessari a dare esecuzione alla presente deliberazione, in particolare per l'affidamento delle forniture e dei servizi necessari alla realizzazione delle iniziative previste dal programma;";2;2;"{""l"": 42.54999924, ""t"": 534.5100307340624, ""r"": 506.4819992400004, ""b"": 482.5053166618525, ""coord_origin"": ""BOTTOMLEFT""}";1;0;0
atto_11;docling;json;6;VISTI_PARERI;VISTI_PARERI_1;PARERI_ATTESTAZIONI;0;"VISTI i pareri favorevoli in ordine alla regolarità tecnica espressa dal Responsabile del Servizio interessato e contabile dal Responsabile di Ragioneria ai sensi dell'art. 49 del D. Lgs. 18/08/2000 n. 267;";2;2;"{""l"": 42.54999924, ""t"": 465.51003073406247, ""r"": 506.4819992400004, ""b"": 427.3053197118525, ""coord_origin"": ""BOTTOMLEFT""}";1;0;1
atto_11;docling;json;7;VISTO;VISTO_2;PREAMBOLO_RIFERIMENTI;1;"VISTO il D. Lgs. n. 267/2000; All'unanimità dei voti resi in forma palese;";2;2;"{""l"": 42.54999924, ""t"": 410.31001852406246, ""r"": 192.63399924, ""b"": 399.7053069218525, ""coord_origin"": ""BOTTOMLEFT""}";2;1;0
atto_11;docling;json;8;DISPOSITIVO_DELIBERA;DISPOSITIVO_DELIBERA;DISPOSITIVO_DELIBERA;0;DELIBERA;2;2;"{""l"": 242.18400193, ""t"": 355.1100368340625, ""r"": 306.8520019299999, ""b"": 344.50532523185257, ""coord_origin"": ""BOTTOMLEFT""}";1;0;0
atto_12;docling;json;1;PREMESSO;PREMESSO_1;NARRATIVA_PREMESSA;1;"PREMESSO CHE con nota ACQUISITA al protocollo dell'Ente in DATA 11.06.2026 al n. 6620, il sig. Elio Picone, in - qualità di Presidente e legale rappresentante dell'A.S.D. Libur, con sede in Carinaro alla Via Croce n. 12, ha richiesto la concessione del patrocinio morale ed economico, nonché l'occupazione di suolo pubblico in Piazzetta Trieste per lo svolgimento delle manifestazioni sportive-culturali denominate ""Torneo Amatoriale dei Giovani Scacchisti del Corso di Scacchi"" e ""Prima delle vacanze... facciamo una mossa insieme!"", previste per le giornate del 12 luglio 2026 e del 26 luglio 2026, dalle ore 19:00 alle ore 21:30; con la medesima istanza è stato richiesto un contributo economico pari ad € 200,00 a copertura delle spese di premiazione, cancelleria e materiale necessario allo svolgimento delle iniziative;";2;2;"{""l"": 55.8125, ""t"": 745.157948811849, ""r"": 145.45075480143228, ""b"": 734.1236673990885, ""coord_origin"": ""BOTTOMLEFT""}";3;0;0
atto_12;docling;json;2;CONSIDERATO;CONSIDERATO_1;MOTIVAZIONE;1;"CONSIDERATO CHE le iniziative proposte perseguono finalità sportive, culturali, educative e aggregative, favorendo la socializzazione, l'inclusione e la partecipazione della cittadinanza; il gioco degli scacchi e della dama costituisce un importante strumento di crescita culturale e formativa, in grado di sviluppare capacità logiche, strategiche e relazionali; le manifestazioni risultano coerenti con gli indirizzi e le finalità istituzionali dell'Amministrazione Comunale; rientra tra gli obiettivi dell'Amministrazione comunale sostenere iniziative di interesse collettivo aventi finalità sportive, culturali, sociali e ricreative, promuovendo la partecipazione attiva della comunità locale;";2;2;"{""l"": 55.8125, ""t"": 567.760762532552, ""r"": 169.97442626953125, ""b"": 556.3021036783855, ""coord_origin"": ""BOTTOMLEFT""}";5;0;0
atto_12;docling;json;3;RITENUTO;RITENUTO_1;MOTIVAZIONE_VALUTAZIONE;1;"RITENUTO di accogliere favorevolmente la richiesta dell'A.S.D. Libur, concedendo il patrocinio morale, un contributo economico e l'utilizzo del suolo pubblico per lo svolgimento delle iniziative sopra descritte;";2;2;"{""l"": 54.54403177897135, ""t"": 394.1831461588542, ""r"": 539.5208333333334, ""b"": 350.0460611979167, ""coord_origin"": ""BOTTOMLEFT""}";1;0;0
atto_12;docling;json;4;VISTO;VISTO_1;PREAMBOLO_RIFERIMENTI;1;"VISTI il D.Lgs. 18 agosto 2000, n. 267 ed in particolare gli artt. 48, 49, 107 e 134, comma 4; lo Statuto Comunale; il Regolamento comunale per la concessione di contributi in favore di associazioni per finalità di promozione di attività culturali, sportive e ricreative, approvato con deliberazione di Consiglio Comunale n. 27 del 30.06.2015; il Bilancio di previsione vigente;";2;2;"{""l"": 54.96685282389323, ""t"": 345.377685546875, ""r"": 90.48389689127605, ""b"": 332.221435546875, ""coord_origin"": ""BOTTOMLEFT""}";5;0;1
atto_12;docling;json;5;DISPOSITIVO_PROPOSTA;DISPOSITIVO_PROPOSTA_1;DISPOSITIVO_PROPOSTA;0;"SI PROPONE DI DELIBERARE DI APPROVARE le PREMESSE quali parte integrante e sostanziale del presente provvedimento; DI CONCEDERE all'A.S.D. Libur il patrocinio morale del Comune di Carinaro per lo svolgimento delle manifestazioni sportive-culturali denominate ""Torneo Amatoriale dei Giovani Scacchisti del Corso di Scacchi"" e ""Prima delle vacanze... facciamo una mossa insieme!"", previste per i giorni 12 e 26 luglio 2026; DI CONCEDERE all'A.S.D. Libur un contributo economico straordinario pari ad € 200,00 ai sensi dell'art. 7 del Regolamento comunale approvato con deliberazione di Consiglio Comunale n. 27 del 30.06.2015; DI DARE ATTO che la relativa spesa trova copertura sul capitolo 1880.1 del Bilancio di previsione vigente, denominato ""Spettacoli e/o manifestazioni culturali - contributi ad associazioni promotrici""; I CONCEDERE all'A.S.D. Libur l'occupazione gratuita del suolo pubblico in Piazzetta Trieste per le giornate del 12 e 26 luglio 2026, dalle ore 19:00 alle ore 21:30, limitatamente allo svolgimento delle iniziative indicate in PREMESSA, demandando al competente ufficio il rilascio della relativa autorizzazione e l'espletamento degli adempimenti conseguenti. DI PRECISARE che la liquidazione del contributo concesso avverrà previa presentazione di idonea rendicontazione delle spese effettivamente sostenute dall'Associazione beneficiaria; DI DARE ATTO che l'organizzazione e lo svolgimento delle manifestazioni avverranno sotto l'esclusiva responsabilità dell'Associazione organizzatrice, la quale dovrà adottare tutte le misure necessarie a garantire il corretto svolgimento delle iniziative nel rispetto della normativa vigente; DI DEMANDARE al Responsabile dell'Area Affari Generali e agli altri Responsabili dei sern z, d d o n oggi adempimenti conseguenti al presente provvedimento.; DI DICHIARARE la presente deliberazione immediatamente eseguibile ai sensi dell'art. 134, comma 4, del D.Lgs. n. 267/2000.";2;3;"{""l"": 216.4848429361979, ""t"": 215.08837890625, ""r"": 378.4256591796875, ""b"": 204.05411783854163, ""coord_origin"": ""BOTTOMLEFT""}";11;0;0
atto_12;docling;json;6;VISTO;VISTO_2;PREAMBOLO_RIFERIMENTI;1;"VISTA la proposta di deliberazione sopra riportata;";4;4;"{""l"": 55.389678955078125, ""t"": 765.1045176188151, ""r"": 311.19696044921875, ""b"": 749.8262939453125, ""coord_origin"": ""BOTTOMLEFT""}";1;1;0
atto_12;docling;json;7;ACQUISITI_PARERI;ACQUISITI_PARERI_1;PARERI_ATTESTAZIONI;0;"ACQUISITI i pareri favorevoli di regolarità tecnica e contabile espressi ai sensi dell'art. 49 del D.Lgs. n. 267/2000;";4;4;"{""l"": 54.96685282389323, ""t"": 745.157948811849, ""r"": 539.9436442057291, ""b"": 716.7234700520834, ""coord_origin"": ""BOTTOMLEFT""}";2;0;0
atto_12;docling;json;8;DISPOSITIVO_DELIBERA;DISPOSITIVO_DELIBERA;DISPOSITIVO_DELIBERA;0;DELIBERA;4;4;"{""l"": 268.06911214192706, ""t"": 670.0399983723959, ""r"": 327.2642008463542, ""b"": 658.5813395182291, ""coord_origin"": ""BOTTOMLEFT""}";1;0;0
atto_13;docling;json;1;PREMESSO;PREMESSO_1;NARRATIVA_PREMESSA;1;"PREMESSO CHE con nota ACQUISITA al protocollo dell'Ente in DATA 16/06/2026 al n. 6783, il sig. Luigi Zampella, in qualità di legale rappresentante dell'Associazione Sportiva Beauty Fitness A.S.D., con sede in Aversa (CE), Viale della Libertà SNC, ha richiesto la concessione del patrocinio morale, di un contributo economico a sostegno delle spese organizzative, promozionali, assicurative e logistiche, nonché l'utilizzo gratuito di suolo pubblico in Via Trieste per lo svolgimento delle seguenti iniziative sportive: - Corso di Kick Boxing, previsto per il giorno 6 luglio 2026 dalle ore 19:00 alle ore 20:00; - Corso di Pilates, previsto per il giorno 8 luglio 2026 dalle ore 19:00 alle ore 20:00; - Corso di Functional Training, previsto per il giorno 13 luglio 2026 dalle ore 19:00 alle ore 20:00; - Dimostrazione e Allenamento MMA, previsto per il giorno 14 luglio 2026 dalle ore 20:00 alle ore 22:00; le iniziative proposte sono rivolte alla cittadinanza e sono finalizzate alla promozione della pratica sportiva, del benessere psicofisico, dell'inclusione sociale e dell'aggregazione comunitaria;";2;2;"{""l"": 56.70000076, ""t"": 734.1740234340625, ""r"": 144.72200076000001, ""b"": 719.3350234340625, ""coord_origin"": ""BOTTOMLEFT""}";7;0;0
atto_13;docling;json;2;CONSIDERATO;CONSIDERATO_1;MOTIVAZIONE;1;"CONSIDERATO CHE - le attività proposte perseguono finalità sportive, educative, sociali e aggregative, favorendo la partecipazione attiva della cittadinanza; - l'iniziativa mira a promuovere corretti stili di vita e la pratica sportiva quale strumento di inclusione sociale e di rafforzamento del senso di comunità; - le iniziative risultano coerenti con gli indirizzi e le finalità istituzionali dell'Amministrazione comunale;";2;2;"{""l"": 56.70000076, ""t"": 476.57403259406254, ""r"": 169.20800076, ""b"": 461.73503259406255, ""coord_origin"": ""BOTTOMLEFT""}";4;0;0
atto_13;docling;json;3;RITENUTO;RITENUTO_1;MOTIVAZIONE_VALUTAZIONE;1;"RITENUTO - di accogliere favorevolmente la richiesta dell'Associazione Sportiva Beauty Fitness A.S.D., concedendo il patrocinio morale del Comune di Carinaro; - di concedere un contributo economico straordinario nella misura massima di € 800,00 quale compartecipazione alle spese organizzative, promozionali, assicurative e logistiche necessarie allo svolgimento delle iniziative; - di concedere l'occupazione gratuita del suolo pubblico in Via Trieste nelle DATE e negli orari sopra indicati;";2;2;"{""l"": 56.70000076, ""t"": 352.69402770406253, ""r"": 117.05700076, ""b"": 337.85502770406254, ""coord_origin"": ""BOTTOMLEFT""}";4;0;0
atto_13;docling;json;4;VISTO;VISTO_1;PREAMBOLO_RIFERIMENTI;1;"VISTI - il D.Lgs. 18 agosto 2000, n. 267 e, in particolare, gli artt. 48, 49, 107 e 134, comma 4; - l'art. 12 della Legge 7 agosto 1990, n. 241; - lo Statuto comunale; - il Regolamento comunale per la concessione di contributi in favore di associazioni per finalità di promozione di attività culturali, sportive e ricreative, approvato con deliberazione di Consiglio Comunale n. 27 del 30.06.2015;";2;2;"{""l"": 56.70000076, ""t"": 213.97399597406252, ""r"": 87.87400076, ""b"": 199.13499597406246, ""coord_origin"": ""BOTTOMLEFT""}";5;0;1
atto_13;docling;json;5;DISPOSITIVO_PROPOSTA;DISPOSITIVO_PROPOSTA_1;DISPOSITIVO_PROPOSTA;0;"SI PROPONE DI DELIBERARE DI APPROVARE le PREMESSE quali parte integrante e sostanziale del presente provvedimento. DI CONCEDERE all'Associazione Sportiva Beauty Fitness A.S.D. il patrocinio morale del Comune di Carinaro per lo svolgimento delle iniziative sportive indicate in PREMESSA. DI CONCEDERE all'Associazione Sportiva Beauty Fitness A.S.D., ai sensi dell'art. 7 del Regolamento comunale approvato con deliberazione di Consiglio Comunale n. 27 del 30.06.2015, un contributo economico straordinario nella misura massima di € 800,00. DI DARE ATTO che il contributo economico trova copertura sul capitolo 1880.1 del Bilancio di previsione vigente, denominato ""Spettacoli e/o manifestazioni culturali - contributi ad associazioni promotrici"". DI DEMANDARE al Responsabile dell'Area Affari Generali l'adozione degli atti gestionali conseguenti relativi all'impegno e alla successiva liquidazione del contributo. DI CONCEDERE l'occupazione gratuita del suolo pubblico in Via Trieste per le giornate del 6, 8 e 13 luglio 2026, dalle ore 19:00 alle ore 20:00, e del 14 luglio 2026, dalle ore 20:00 alle ore 22:00, limitatamente allo svolgimento delle iniziative indicate in PREMESSA. DI DARE ATTO che il rilascio delle autorizzazioni inerenti all'occupazione del suolo pubblico, nonché l'eventuale adozione di provvedimenti relativi alla viabilità, alla sicurezza e all'utilizzo dell'area, restano demandati ai competenti uffici comunali, ciascuno per quanto di rispettiva competenza. DI PRECISARE che la liquidazione del contributo concesso avverrà previa presentazione di idonea rendicontazione, corredata dalla documentazione giustificativa delle spese effettivamente sostenute dall'Associazione beneficiaria. DI DARE ATTO che l'organizzazione e lo svolgimento delle iniziative avverranno sotto l'esclusiva responsabilità dell'Associazione organizzatrice, la quale dovrà adottare tutte le misure necessarie a garantire il corretto svolgimento delle attività nel rispetto della normativa vigente, assumendo ogni responsabilità civile, penale, amministrativa e patrimoniale connessa all'evento. DI DARE ATTO che la concessione del patrocinio morale, del contributo economico e dell'occupazione gratuita del suolo pubblico non esonera l'Associazione dall'acquisizione di eventuali autorizzazioni, nulla osta, comunicazioni o titoli abilitativi previsti dalla normativa vigente. DI DEMANDARE al Responsabile dell'Area Tecnica e al Comandante della Polizia Municipale, ciascuno per quanto di rispettiva competenza, l'adozione degli atti e degli adempimenti conseguenti al presente provvedimento. DI DICHIARARE la presente deliberazione immediatamente eseguibile ai sensi dell'art. 134, comma 4, del D.Lgs. n. 267/2000.";2;3;"{""l"": 217.7899971, ""t"": 85.09405212406261, ""r"": 377.50999709999996, ""b"": 70.25505212406256, ""coord_origin"": ""BOTTOMLEFT""}";13;0;0
atto_13;docling;json;6;VISTO;VISTO_2;PREAMBOLO_RIFERIMENTI;1;"VISTA la proposta di deliberazione sopra riportata;";4;4;"{""l"": 56.70000076, ""t"": 746.9320228540626, ""r"": 298.56800075999996, ""b"": 732.0930228540625, ""coord_origin"": ""BOTTOMLEFT""}";1;1;0
atto_13;docling;json;7;ACQUISITI_PARERI;ACQUISITI_PARERI_1;PARERI_ATTESTAZIONI;0;"ACQUISITI i pareri favorevoli di regolarità tecnica e contabile espressi ai sensi dell'art. 49 del D.Lgs. n. 267/2000;";4;4;"{""l"": 56.70000076, ""t"": 727.0920227040625, ""r"": 541.3600007600003, ""b"": 697.4130225540625, ""coord_origin"": ""BOTTOMLEFT""}";1;0;0
atto_13;docling;json;8;RITENUTO;RITENUTO_2;MOTIVAZIONE_VALUTAZIONE;1;"RITENUTO di approvare integralmente la proposta medesima;";4;4;"{""l"": 56.70000076, ""t"": 692.4120223940625, ""r"": 348.24400076, ""b"": 677.5730223940625, ""coord_origin"": ""BOTTOMLEFT""}";1;1;0
atto_13;docling;json;9;DISPOSITIVO_DELIBERA;DISPOSITIVO_DELIBERA;DISPOSITIVO_DELIBERA;0;DELIBERA;4;4;"{""l"": 269.10199356, ""t"": 632.8920257540625, ""r"": 328.94199355999996, ""b"": 618.0530257540624, ""coord_origin"": ""BOTTOMLEFT""}";1;0;0
atto_14;docling;json;1;VISTO;VISTO_1;PREAMBOLO_RIFERIMENTI;1;"VISTO l'art. 10, comma 1, lettera b), del D.Lgs. 27 ottobre 2009, n. 150, che prevede che ogni amministrazione rediga annualmente un documento denominato ""Relazione sulla performance"", approvato dall'organo di indirizzo politico-amministrativo e validato dal Nucleo di Valutazione, che evidenzi, a consuntivo e con riferimento all'anno precedente, i risultati organizzativi e individuali raggiunti rispetto ai singoli obiettivi programmati e alle risorse assegnate, rilevando gli eventuali scostamenti;";2;2;"{""l"": 54.12121073404948, ""t"": 751.5238749186198, ""r"": 540.7892659505209, ""b"": 664.5228678385416, ""coord_origin"": ""BOTTOMLEFT""}";1;0;0
atto_14;docling;json;2;RICHIAMATO;RICHIAMATO_1;PREAMBOLO_RIFERIMENTI;1;"RICHIAMATI: il Regolamento sull'ordinamento degli uffici e dei servizi, approvato con deliberazione di Giunta Comunale n. 87 del 12/07/2007, successivamente modificato con deliberazioni di Giunta Comunale n. 32 del 24/03/2011, n. 135 del 20/10/2011, n. 149 del 15/12/2015, n. 96 del 13/07/2017 e n. 12 del 18/07/2019; il Documento Unico di Programmazione (D.U.P.) 2025-2027, approvato con deliberazione del Consiglio Comunale n. 5 del 07/03/2025; il Bilancio di previsione 2025-2027 e relativi allegati, approvato con deliberazione del Consiglio Comunale n. 6 del 07/03/2025; il Piano Integrato di Attività e Organizzazione (P.I.A.O.) 2025-2027, approvato con deliberazione di Giunta Comunale n. 51 del 22.05.2025;";2;2;"{""l"": 55.389678955078125, ""t"": 636.5127766927084, ""r"": 134.03455607096353, ""b"": 625.9029134114584, ""coord_origin"": ""BOTTOMLEFT""}";5;0;1
atto_14;docling;json;3;VISTO;VISTO_2;PREAMBOLO_RIFERIMENTI;1;"VISTO il Regolamento sul sistema di misurazione e valutazione della performance, approvato con deliberazione del Commissario Straordinario con i poteri della Giunta Comunale n. 27 del 12/03/2019;";2;2;"{""l"": 54.54403177897135, ""t"": 429.8323567708333, ""r"": 540.366455078125, ""b"": 386.9684244791667, ""coord_origin"": ""BOTTOMLEFT""}";1;1;0
atto_14;docling;json;4;ATTESO;ATTESO_1;MOTIVAZIONE;1;"ATTESO che il Nucleo di Valutazione ha concluso il processo di valutazione delle performance dei Responsabili di Area per l'anno 2025 con verbale n. 1 del 10/06/2026 e relative schede allegate, ACQUISITE al protocollo dell'Ente al n. 6621;";2;2;"{""l"": 54.96685282389323, ""t"": 360.2315266927083, ""r"": 540.366455078125, ""b"": 316.09444173177087, ""coord_origin"": ""BOTTOMLEFT""}";1;0;0
atto_14;docling;json;5;CONSIDERATO;CONSIDERATO_1;MOTIVAZIONE;1;"CONSIDERATO che il Segretario Comunale ha PREDISPOSTO la Relazione sulla performance anno 2025, allegata al presente ATTO quale parte integrante e sostanziale;";2;2;"{""l"": 55.389678955078125, ""t"": 290.20633951822913, ""r"": 539.9436442057291, ""b"": 261.7718505859375, ""coord_origin"": ""BOTTOMLEFT""}";1;0;0
atto_14;docling;json;6;CONSIDERATO;CONSIDERATO_2;MOTIVAZIONE;1;"CONSIDERATO, inoltre, che la Relazione sulla performance, esercizio 2025, approvata dalla Giunta Comunale, sarà trasmessa al Nucleo di Valutazione per la prescritta validazione finale; ev v d v n o Czao l se e ie as sii n o medesimo mediante la pubblicazione sul proprio sito istituzionale;";2;2;"{""l"": 54.96685282389323, ""t"": 236.7325439453125, ""r"": 539.9436442057291, ""b"": 207.02486165364587, ""coord_origin"": ""BOTTOMLEFT""}";2;0;0
atto_14;docling;json;7;VISTO;VISTO_3;PREAMBOLO_RIFERIMENTI;1;"VISTO lo Statuto comunale;";2;2;"{""l"": 56.235321044921875, ""t"": 112.38472493489587, ""r"": 196.6122029622396, ""b"": 100.0772705078125, ""coord_origin"": ""BOTTOMLEFT""}";1;1;1
atto_14;docling;json;8;VISTO;VISTO_4;PREAMBOLO_RIFERIMENTI;1;"VISTO il vigente Regolamento di contabilità;";2;2;"{""l"": 55.8125, ""t"": 74.18916829427087, ""r"": 279.0625, ""b"": 60.18412272135413, ""coord_origin"": ""BOTTOMLEFT""}";1;0;0
atto_14;docling;json;9;VISTO;VISTO_5;PREAMBOLO_RIFERIMENTI;1;"VISTO il D.Lgs. 18 agosto 2000, n. 267;";3;3;"{""l"": 55.389678955078125, ""t"": 786.3242797851562, ""r"": 247.3508504231771, ""b"": 771.8948415120443, ""coord_origin"": ""BOTTOMLEFT""}";1;0;0
atto_14;docling;json;10;ACQUISITI_PARERI;ACQUISITI_PARERI_1;PARERI_ATTESTAZIONI;0;"ACQUISITO il parere favorevole in ordine alla regolarità tecnica, ai sensi dell'art. 49, comma 1, del D.Lgs. n. 267/2000;";3;3;"{""l"": 55.8125, ""t"": 746.4311319986979, ""r"": 539.9436442057291, ""b"": 718.845448811849, ""coord_origin"": ""BOTTOMLEFT""}";1;0;0
atto_14;docling;json;11;DISPOSITIVO_DELIBERA;DISPOSITIVO_DELIBERA;DISPOSITIVO_DELIBERA;0;DELIBERA;3;3;"{""l"": 268.06911214192706, ""t"": 672.1619771321615, ""r"": 327.2642008463542, ""b"": 660.7033081054688, ""coord_origin"": ""BOTTOMLEFT""}";1;0;0
atto_15;docling;json;1;PRESO_ATTO;PRESO_ATTO_1;ISTRUTTORIA;1;"PRESO ATTO che l'art. 6, cc. 1-4, D.L. 9 giugno 2021, n. 80, dispone: ' 1. Per assicurare la qualità e la trasparenza dell'attività amministrativa e migliorare la qualità dei servizi ai cittadini e alle imprese e procedere alla costante e progressiva semplificazione e reingegnerizzazione dei processi anche in materia di diritto di accesso, le pubbliche amministrazioni, con esclusione delle scuole di ogni ordine e grado e delle istituzioni educative, di cui all'articolo 1, comma 2, del decreto legislativo 30 marzo 2001, n. 165, con più di cinquanta dipendenti, entro il 31 gennaio di ogni anno adottano il Piano integrato di attività e organizzazione, di seguito denominato Piano, nel rispetto delle vigenti discipline di settore e, in particolare, del decreto legislativo 27 ottobre 2009, n. 150 e della legge 6 novembre 2012, n. 190. Il Piano ha durata triennale, viene aggiornato annualmente e definisce: gli obiettivi programmatici e strategici della performance secondo i principi e criteri direttivi di cui all'articolo 10 del decreto legislativo 27 ottobre 2009, n. 150, stabilendo il necessario collegamento della performance individuale ai risultati della performance organizzativa; la strategia di gestione del capitale umano e di sviluppo organizzativo, anche mediante il ricorso al lavoro agile, e gli obiettivi formativi annuali e pluriennali, finalizzati ai processi di pianificazione secondo le logiche del project management, al raggiungimento della completa alfabetizzazione digitale, allo sviluppo delle conoscenze tecniche e delle competenze trasversali e manageriali e all'accrescimento culturale e dei titoli di studio del personale, correlati all'ambito d'impiego e alla progressione di carriera del personale; compatibilmente con le risorse finanziarie riconducibili al piano triennale dei fabbisogni di personale, di cui all'articolo 6 del decreto legislativo 30 marzo 2001, n. 165, gli strumenti e gli obiettivi del reclutamento di nuove risorse e della valorizzazione delle risorse interne, prevedendo, oltre alle forme di reclutamento ordinario, la percentuale di posizioni disponibili nei limiti STABILITI dalla legge destinata alle progressioni di carriera del personale, anche tra aree diverse, e le modalità di valorizzazione a tal fine dell'esperienza professionale maturata e dell'accrescimento culturale conseguito anche attraverso le attività poste in essere ai sensi della lettera b), assicurando adeguata informazione alle organizzazioni sindacali; gli strumenti e le fasi per giungere alla piena trasparenza dei risultati dell'attività e dell'organizzazione amministrativa nonché' per raggiungere gli obiettivi in materia di contrasto alla corruzione, secondo quanto previsto dalla normativa vigente in materia e in conformità agli indirizzi adottati dall'Autorità nazionale anticorruzione (ANAC) con il Piano nazionale anticorruzione; l'elenco delle procedure da semplificare e reingegnerizzare ogni anno, anche mediante il ricorso alla tecnologia e sulla base della consultazione degli utenti, nonché la pianificazione delle attività inclusa la graduale misurazione dei tempi effettivi di completamento delle procedure effettuata attraverso strumenti automatizzati; le modalità e le azioni finalizzate a realizzare la piena accessibilità alle amministrazioni, fisica e digitale, da parte dei cittadini ultrasessantacinquenni e dei cittadini con disabilità le modalità e le azioni finalizzate al pieno rispetto della parità di genere, anche con riguardo alla composizione delle commissioni esaminatrici dei concorsi. Il Piano definisce le modalità di monitoraggio degli esiti, con cadenza periodica, inclusi gli impatti sugli utenti, anche attraverso rilevazioni della soddisfazione degli utenti stessi mediante gli strumenti di cui al decreto legislativo 27 ottobre 2009, n. 150, nonché' le modalità di monitoraggio dei procedimenti attivati ai sensi del decreto legislativo 20 dicembre 2009, n. 198. Le pubbliche amministrazioni di cui al comma 1 del presente articolo pubblicano il Piano e i relativi aggiornamenti entro il 31 gennaio di ogni anno nel proprio sito internet istituzionale e li inviano al Dipartimento della funzione pubblica della Presidenza del Consiglio dei ministri per la pubblicazione sul relativo portale. ';";2;2;"{""l"": 56.759621931324, ""t"": 747.9814729025328, ""r"": 399.32273764954664, ""b"": 738.1116801982906, ""coord_origin"": ""BOTTOMLEFT""}";12;0;0
atto_15;docling;json;2;VISTO;VISTO_1;PREAMBOLO_RIFERIMENTI;1;"VISTI: l'art. 6, c. 5, D.L. 9 giugno 2021, n. 80, come modificato dall'art. 1, c. 12, D.L. 30 dicembre 2021, n. 228, il quale stabilisce che: ' 5. Entro il 31 marzo 2022, con uno o più decreti del Presidente della Repubblica, adottati ai sensi dell'articolo 17, comma 2, della legge 23 agosto 1988, n. 400, previa intesa in sede di Conferenza unificata, ai sensi dell'articolo 9, comma 2, del decreto legislativo 28 agosto 1997, n. 281, sono INDIVIDUATI e abrogati gli adempimenti relativi ai piani assorbiti da quello di cui al presente articolo '; l'art. 6, c. 6, D.L. 9 giugno 2021, n. 80, come modificato dall'art. 1, c. 12, D.L. 30 dicembre 2021, n. 228, il quale stabilisce che: ' 6. Entro il medesimo termine di cui al comma 5, con decreto del Ministro per la pubblica amministrazione, di concerto con il Ministro dell'economia e delle finanze, previa intesa in sede di Conferenza unificata, ai sensi dell'articolo 9, comma 2, del decreto legislativo 28 agosto 1997, n. 281, è adottato un Piano tipo, quale strumento di supporto alle amministrazioni di cui al comma 1. Nel Piano tipo sono definite modalità semplificate per l'adozione del Piano di cui al comma 1 da parte delle amministrazioni con meno di cinquanta dipendenti '; l'art. 6, c. 6-bis, D.L. 9 giugno 2021, n. 80, come introdotto dall'art. 1, c. 12, D.L. 30 dicembre 2021, n. 228, successivamente modificato dall'art. 7, c. 1, D.L. 30 aprile 2022, n. 36, il quale stabilisce che: ' 6-bis. In sede di prima applicazione il Piano è adottato entro il 30 giugno 2022 e fino al predetto termine non si applicano le sanzioni previste dalle seguenti disposizioni: a) articolo 10, comma 5, del decreto legislativo 27 ottobre 2009, n. 150; b) articolo 14, comma 1, della legge 7 agosto 2015, n. 124; c) articolo 6, comma 6, del decreto legislativo 30 marzo 2001, n. 165 '; l'art. 6, c. 7, D.L. 9 giugno 2021, n. 80, il quale stabilisce che: ' 7. In caso di mancata adozione del Piano trovano applicazione le sanzioni di cui all'articolo 10, comma 5, del decreto legislativo 27 ottobre 2009, n. 150, ferme restando quelle previste dall'articolo 19, comma 5, lettera b), del decretolegge 24 giugno 2014, n. 90, convertito, con modificazioni, dalla legge 11 agosto 2014, n. 114 '; l'art. 6, c. 8, D.L. 9 giugno 2021, n. 80, il quale stabilisce che: ' 8. All'attuazione delle disposizioni di cui al presente articolo le amministrazioni interessate provvedono con le risorse umane, strumentali e finanziarie disponibili a legislazione vigente. Gli enti locali con meno di 15.000 abitanti provvedono al monitoraggio dell'attuazione del presente articolo e al monitoraggio delle performance organizzative anche attraverso l'individuazione di un ufficio associato tra quelli esistenti in ambito provinciale o metropolitano, secondo le indicazioni delle Assemblee dei sindaci o delle Conferenze metropolitane '.";2;3;"{""l"": 56.759621931324, ""t"": 99.50703303796968, ""r"": 90.80353405142756, ""b"": 89.63724033372762, ""coord_origin"": ""BOTTOMLEFT""}";6;0;1
atto_15;docling;json;3;CONSIDERATO;CONSIDERATO_1;MOTIVAZIONE;1;"CONSIDERATO che: il 30 giugno 2022, previa intesa in Conferenza Unificata, ai sensi dell'art. 9, c. 2, D.Lgs. 28 agosto 1997, n. 281, è stato pubblicato sulla Gazzetta Ufficiale Serie Generale n. 151, il Decreto del Presidente della Repubblica n. 81, recante ' Regolamento recante individuazione degli adempimenti relativi ai Piani assorbiti dal Piano integrato di attività e organizzazione '; il 30 giugno 2022, previa intesa in Conferenza Unificata, ai sensi dell'art. 9, c. 2, D.Lgs. 28 agosto 1997, n. 281, è stato pubblicato il Decreto del Ministro per la Pubblica Amministrazione concernente la definizione del contenuto del Piano Integrato di Attività e Organizzazione;";3;3;"{""l"": 56.759621931324, ""t"": 416.7877292201598, ""r"": 164.3633441664205, ""b"": 406.91793651591763, ""coord_origin"": ""BOTTOMLEFT""}";3;0;0
atto_15;docling;json;4;DATO_ATTO;DATO_ATTO_1;ISTRUTTORIA;1;"DATO ATTO che: il Comune di Carinaro, alla DATA del 31/12/2025 ha meno di 50 (cinquanta) dipendenti, computati secondo il metodo di calcolo utilizzato per compilare la tabella 12 del CONTO Annuale, e precisamente 42 (quarantadue);";3;3;"{""l"": 56.759621931324, ""t"": 306.38642915778166, ""r"": 541.6783701771423, ""b"": 268.91902939363365, ""coord_origin"": ""BOTTOMLEFT""}";1;0;1
atto_15;docling;json;5;RILEVATO;RILEVATO_1;ISTRUTTORIA_MOTIVAZIONE;1;"RILEVATO che il D.P.R. 30 giugno 2022, n. 81 recante ' Regolamento recante individuazione degli adempimenti relativi ai Piani assorbiti dal Piano integrato di attività e organizzazione ', pubblicato sulla Gazzetta Ufficiale Serie Generale n. 151 del 30 giugno 2022, stabilisce: all'art. 1, c. 3, che 'Le amministrazioni pubbliche di cui all'articolo 1, comma 2, del decreto legislativo 30 marzo 2001, n. 165, con non più di cinquanta dipendenti sono TENUTE al rispetto degli adempimenti STABILITI nel decreto del Ministro della pubblica amministrazione di cui all'articolo 6, comma 6, del decreto-legge n. 80 del 2021.'; all'art. 1, c. 4, la soppressione del terzo periodo dell'art. 169, comma 3-bis del decreto legislativo 18 agosto 2000, n. 267, che recitava ' Il piano dettagliato degli obiettivi di cui all'art. 108, comma 1, del presente testo unico e il piano della performance di cui all'art. 10 del decreto legislativo 27 ottobre 2009, n. 150, sono unificati organicamente nel PEG. ', decretando pertanto la separazione fra ilPiano Esecutivo di Gestione, come definito nel citato art. 169, del decreto legislativo 18 agosto 2000, n. 267 e la definizione degli obiettivi di performance dell'Amministrazione; all'art. 2, c. 1, che per gli Enti Locali, di cui all'articolo 2, comma 1, del decreto legislativo 18 agosto 2000, n. 267, il piano dettagliato degli obiettivi di cui all'articolo 108, comma 1, del medesimo decreto legislativo e il piano della performance di cui all'articolo 10 del decreto legislativo 27 ottobre 2009, n. 150, sono assorbiti nel piano integrato di attività e organizzazione di cui all'articolo 6 del decreto-legge 9 giugno 2021, n. 80, convertito, con modificazioni, dalla legge 6 agosto 2021, n. 113. PRESO ATTO che il decreto del Ministro per la Pubblica Amministrazione concernente la definizione del contenuto del Piano Integrato di Attività e Organizzazione, nonché le modalità semplificate per l'adozione dello stesso per gli Enti con meno di 50 dipendenti, stabilisce all'art. 2, comma 1, in combinato disposto con l'art. 6 del Decreto medesimo, il quale reca le modalità semplificate per la redazione del PIAO per le amministrazioni con meno di cinquanta dipendenti, che il PIAO contiene la scheda anagrafica dell'Amministrazione ed è suddiviso nelle Sezioni di cui agli artt. 3, 4 e 5 del Decreto stesso e ciascuna Sezione è a sua volta ripartita in sottosezioni di programmazione, riferite a specifici ambiti di attività amministrativa e gestionale; PRESO, inoltre, ATTO che il suddetto decreto dispone: all'art. 2, c. 2, che ' Sono esclusi dal Piano integrato di attività e organizzazione gli adempimenti di carattere finanziario non contenuti nell'elenco di cui all'articolo 6, comma 2, lettere da a) a g), del decreto-legge 9 giugno 2021, n. 80, convertito, con modificazioni, dalla legge 6 agosto 2021, n. 113. '; all'art. 6, le modalità semplificate per la redazione del PIAO per le amministrazioni con meno di cinquanta dipendenti, disponendo in particolare al comma 4, che ' Le amministrazioni con meno di 50 dipendenti procedono esclusivamente alle attività di cui al presente articolo, nonché a quanto previsto dal primo periodo dell'articolo 6, comma 1.' all'art. 7, c. 1, che 'Ai sensi dell'articolo 6, commi 1 e 4, del decreto-legge 9 giugno 2021, n. 80, convertito, con modificazioni, dalla legge 6 agosto 2021, n. 113, il piano integrato di attività e organizzazione è adottato entro il 31 gennaio, secondo lo schema di Piano tipo cui all'articolo 1, comma 3, del presente decreto, ha durata triennale e viene aggiornato annualmente entro la predetta DATA. Il Piano è PREDISPOSTO esclusivamente in formato digitale ed è pubblicato sul sito istituzionale del Dipartimento della funzione pubblica della Presidenza del Consiglio dei Ministri e sul sito istituzionale di ciascuna amministrazione .' all'art. 8, c. 2, che ' In ogni caso di differimento del termine previsto a legislazione vigente per l'approvazione dei bilanci di previsione, il termine di cui all'articolo 7, comma 1 del presente decreto, è differito di trenta giorni successivi a quello di approvazione dei bilanci '; all'art. 8, c. 3, che ' In sede di prima applicazione, il termine di cui all'articolo 7, comma 1, del presente decreto è differito di 120 giorni successivi a quello di approvazione del bilancio di previsione '; all'art. 11, comma 1, che il Piano Integrato di Attività e Organizzazione, negli Enti Locali è approvato dalla Giunta Comunale.";3;4;"{""l"": 56.759621931324, ""t"": 264.98270509787574, ""r"": 541.5611973234192, ""b"": 227.5153053337276, ""coord_origin"": ""BOTTOMLEFT""}";11;0;0
atto_15;docling;json;6;VISTO;VISTO_2;PREAMBOLO_RIFERIMENTI;1;"VISTA la proposta di Piano integrato di attività e organizzazione (PIAO) 2026-2028;";4;4;"{""l"": 56.759621931324, ""t"": 333.9840004389707, ""r"": 466.2825648015299, ""b"": 324.11420773472867, ""coord_origin"": ""BOTTOMLEFT""}";1;1;1
atto_15;docling;json;7;CONSIDERATO;CONSIDERATO_2;MOTIVAZIONE;1;"CONSIDERATO quanto sopra, si propone di adottare il Piano integrato di attività e organizzazione (PIAO) 2026-2028, come allegato alla presente deliberazione;";4;4;"{""l"": 56.759621931324, ""t"": 320.18521478006573, ""r"": 541.6783701771423, ""b"": 296.5166364535396, ""coord_origin"": ""BOTTOMLEFT""}";1;1;0
atto_15;docling;json;8;VISTO;VISTO_3;PREAMBOLO_RIFERIMENTI;1;"VISTI: il Regolamento per il funzionamento degli Uffici e dei Servizi; lo Statuto comunale;";4;4;"{""l"": 56.759621931324, ""t"": 292.5876077201598, ""r"": 90.80353405142756, ""b"": 282.7178150159176, ""coord_origin"": ""BOTTOMLEFT""}";2;1;1
atto_15;docling;json;9;RITENUTO;RITENUTO_1;MOTIVAZIONE_VALUTAZIONE;1;"RITENUTO di provvedere in merito;";4;4;"{""l"": 56.759621931324, ""t"": 251.18391943897075, ""r"": 236.00315923762884, ""b"": 241.3141267347287, ""coord_origin"": ""BOTTOMLEFT""}";1;0;0
atto_15;docling;json;10;VISTO;VISTO_4;PREAMBOLO_RIFERIMENTI;1;"VISTO il decreto legislativo 18 agosto 2000, n. 267;";4;4;"{""l"": 56.759621931324, ""t"": 237.38509803796967, ""r"": 308.7229715209661, ""b"": 227.5153053337276, ""coord_origin"": ""BOTTOMLEFT""}";1;1;1
atto_15;docling;json;11;VISTO;VISTO_5;PREAMBOLO_RIFERIMENTI;1;"VISTO il decreto legislativo 30 marzo 2001, n. 165;";4;4;"{""l"": 56.759621931324, ""t"": 223.58634815778169, ""r"": 307.40297492836424, ""b"": 213.71655545353963, ""coord_origin"": ""BOTTOMLEFT""}";1;0;0
atto_15;docling;json;12;DISPOSITIVO_DELIBERA;DISPOSITIVO_DELIBERA;DISPOSITIVO_DELIBERA;0;DELIBERA;4;4;"{""l"": 266.278622341095, ""t"": 195.98140972015972, ""r"": 328.9424605826109, ""b"": 186.11161701591777, ""coord_origin"": ""BOTTOMLEFT""}";1;0;0
atto_16;docling;json;1;PREMESSO;PREMESSO_1;NARRATIVA_PREMESSA;1;"PREMESSO che la Repubblica tutela e promuove lo sviluppo della cultura ai sensi dell'art. 9 della Costituzione; che il principio di sussidiarietà orizzontale di cui all'art. 118, comma 4, Cost. impone alle istituzioni pubbliche di favorire l'autonoma iniziativa dei cittadini e delle formazioni sociali per lo svolgimento di attività di interesse generale; che il Comune di Dervio, quale ente esponenziale della comunità locale, persegue tra le proprie finalità istituzionali - ai sensi dell'art. 9, lett. G) dello Statuto - la promozione di manifestazioni per il tempo libero al fine di favorire momenti di incontro e di crescita culturale;";2;2;"{""l"": 56.70000076, ""t"": 722.1370214140625, ""r"": 541.3490007600001, ""b"": 634.0660204140625, ""coord_origin"": ""BOTTOMLEFT""}";1;0;0
atto_16;docling;json;2;PREMESSO;PREMESSO_2;NARRATIVA_PREMESSA;1;"PREMESSO ALTRESÌ che la Giunta Comunale esercita, ai sensi dell'art. 48 del D.lgs. 267/2000, la funzione di indirizzo politico-amministrativo dell'Ente e adotta gli atti rientranti nella propria competenza residuale; che rientra tra le attribuzioni proprie della Giunta la decisione di sostenere, mediante partecipazione finanziaria, iniziative di interesse pubblico locale che per la loro natura, dimensione e ricaduta sulla collettività giustifichino il coinvolgimento diretto dell'Ente, in applicazione dei principi di cui agli artt. 3 e 118 Cost. e dell'art. 13 del D.lgs. 267/2000;";2;2;"{""l"": 56.70000076, ""t"": 620.9450200740625, ""r"": 541.3490007600001, ""b"": 545.5230211440625, ""coord_origin"": ""BOTTOMLEFT""}";1;0;0
atto_16;docling;json;3;RITENUTO;RITENUTO_1;MOTIVAZIONE_VALUTAZIONE;1;"RITENUTO che il Comune di Dervio è dotato del Regolamento Comunale per la Concessione di Benefici Economici ai sensi dell'art. 12 L. 241/1990, approvato con deliberazione CC n. 29 del 22.07.2013, il cui art. 2 annovera espressamente tra le finalità dell'Ente la «promozione della cultura e dello spettacolo» e la «promozione delle attività artistiche», e il cui art. 8, comma 4, riconosce espressamente alla Giunta Comunale la facoltà di destinare risorse di bilancio al finanziamento di « iniziative di particolare valore sociale, civile, morale o culturale rispetto alle quali la contribuzione del Comune può svolgere una funzione incentivante, di coinvolgimento della popolazione o di potenziamento delle iniziative »; che tale disposizione costituisce specifica attribuzione di indirizzo politico alla Giunta, autonoma rispetto alla procedura ordinaria a bando, applicabile allorché l'iniziativa presenti caratteri di eccezionale rilievo culturale tali da giustificarne il riconoscimento diretto; che, in tale contesto, la qualificazione soggettiva del beneficiario è VALUTATA dalla Giunta in funzione della coerenza dell'iniziativa con le finalità pubbliche perseguite, indipendentemente dall'iscrizione ai registri amministrativi interni dell'Ente;";2;2;"{""l"": 56.70000076, ""t"": 532.4020208040624, ""r"": 541.3490007600001, ""b"": 381.08600942406235, ""coord_origin"": ""BOTTOMLEFT""}";1;0;0
atto_16;docling;json;4;RILEVATO;RILEVATO_1;ISTRUTTORIA_MOTIVAZIONE;1;"RILEVATO che l'Associazione Musicale TEMA, con sede legale in Lecco, via Cantù 1, C.F. 97302580150, P.IVA 04114100961, promuove il progetto Lecco Classica 2026, candidato al sostegno della Fondazione Comunitaria del Lecchese, all'interno del quale è prevista la realizzazione di un concerto nel territorio comunale, in programma il 29 giugno 2026 presso la Chiesa dei Santi Pietro e Paolo di Dervio, appuntamento che contribuirà ad arricchire l'offerta culturale locale e a valorizzare uno dei luoghi di maggiore interesse storico, artistico e religioso della comunità. L'evento rappresenterà un'importante occasione di incontro tra musica, patrimonio culturale e territorio, favorendo la partecipazione dei cittadini e l'attrattività del Comune nei confronti di visitatori e appassionati;";2;2;"{""l"": 56.70000076, ""t"": 367.96503960406244, ""r"": 541.3490007600002, ""b"": 267.24503652406247, ""coord_origin"": ""BOTTOMLEFT""}";1;0;1
atto_16;docling;json;5;RILEVATO;RILEVATO_2;ISTRUTTORIA_MOTIVAZIONE;1;"RILEVATO altresì che è intenzione dell'Amministrazione Comunale: -collaborare alla realizzazione dell'iniziativa, supportandone la promozione e favorendo, per quanto di competenza, le condizioni organizzative necessarie al buon esito dell'evento previsto a Dervio; -formalizzare la propria adesione al progetto Lecco Classica 2026, in collaborazione con il Festival di Bellagio e del lago di Como XV Edizione mediante il versamento alla Fondazione Comunitaria del Lecchese della somma di Euro 1500,00 (previa presentazione della documentazione di rendicontazione relativa all'evento di Dervio da parte di Associazione Musicale TEMA), a favore del Progetto 2026.0095 Lecco Classica 2026;";2;2;"{""l"": 56.70000076, ""t"": 254.12400567406246, ""r"": 370.58500075999996, ""b"": 241.94700567406244, ""coord_origin"": ""BOTTOMLEFT""}";3;0;0
atto_16;docling;json;6;RILEVATO;RILEVATO_3;ISTRUTTORIA_MOTIVAZIONE;1;"RILEVATO che con istanza del 31 marzo 2026, l'Associazione Musicale TEMA, con sede legale in Lecco, via Cantù 1, C.F. 97302580150, P.IVA 04114100961, nella persona del Direttore Artistico M° Rossella Spinosa, ha richiesto la concessione del patrocinio del Comune di Dervio per la realizzazione del concerto programmato il 29 giugno 2026 presso la Chiesa dei Santi Pietro e Paolo in Dervio (LC) nell'ambito del progetto Lecco Classica 2026, in collaborazione con il Festival di Bellagio e del Lago di Como - XV Edizione;";2;2;"{""l"": 56.70000076, ""t"": 140.35300957406253, ""r"": 541.3490007600001, ""b"": 64.93101064406244, ""coord_origin"": ""BOTTOMLEFT""}";1;0;0
atto_16;docling;json;7;RILEVATO;RILEVATO_4;ISTRUTTORIA_MOTIVAZIONE;1;"RILEVATO CHE L'Associazione musicale Tema ha dichiarato: che l'iniziativa ha carattere ricorrente ed è inserita in un circuito culturale internazionale in collegamento con la rete dei Comuni del Festival; che sono previste attività di comunicazione (ufficio stampa, materiali editoriali, pubblicità, siti internet); che l'Associazione non persegue scopi di lucro né opera in regime d'impresa; che nella proposta sono inclusi gli oneri SIAE e le relative agibilità; di essere soggetto senza scopo di lucro, operante da oltre quindici anni nel settore della promozione musicale e culturale sul territorio lariano, come risulta dal proprio Statuto associativo; che il Festival di Bellagio e del Lago di Como è una rassegna musicale di respiro internazionale giunta alla XV edizione; il programma dell'edizione 2025 - VERIFICATO sul sito ufficiale www.bellagiofestival.com comprende oltre 20 concerti da giugno ad agosto, coinvolgendo almeno 13 Comuni delle Province di Como e Lecco (tra cui Bellagio, Como, Civate, Oliveto Lario, Dervio, Ello, Magreglio, Menaggio, Mandello del Lario, Lezzeno, Valmadrera, Lecco, Zelbio); la manifestazione si avvale dell'Orchestra di Bellagio e del Lago di Como quale ensemble stabile residente e ospita il Concorso Internazionale Cosima Wagner per strumentisti; i concerti nel territorio sono in larga parte ad ingresso libero, con diretta ricaduta in termini di accessibilità culturale per la cittadinanza e di attrattività turistica per i Comuni ospitanti; - che il concerto derviese dell'edizione 2025 (XIV Edizione, 29 giugno 2025, «Il violoncello di Dall'Abaco e Marais», con i giovani violoncellisti del progetto CELLOfest) ha riscosso apprezzamento della cittadinanza, confermando la funzione del Festival quale presidio culturale e vetrina turistica del territorio lacustre;";3;3;"{""l"": 56.70000076, ""t"": 802.6310247140625, ""r"": 349.04700076000006, ""b"": 790.4540247140625, ""coord_origin"": ""BOTTOMLEFT""}";5;0;0
atto_16;docling;json;8;CONSIDERATO;CONSIDERATO_1;MOTIVAZIONE;1;"CONSIDERATO in diritto che: - la presente partecipazione finanziaria dell'Ente all'iniziativa è qualificabile come ATTO di indirizzo politico della Giunta ex art. 48 TUEL, fondato sul perseguimento di un interesse pubblico locale direttamente identificabile: la promozione della cultura, del turismo e dell'immagine del territorio comunale, in applicazione dell'art. 9 Cost. e del principio di sussidiarietà orizzontale ex art. 118, comma 4, Cost.; - l'iniziativa integra i presupposti dell'art. 8, comma 4, del Regolamento per la sussistenza di un «particolare valore culturale», ATTESTATO dalla convergenza di elementi oggettivi verificabili: dimensione sovracomunale e internazionale (20+ concerti, 13+ Comuni, Concorso Wagner); comprovata qualità artistica (Orchestra residente, artisti di rilievo nazionale e internazionale); ingresso libero ai concerti, che massimizza la ricaduta collettiva; presenza fisica dell'evento a Dervio con piano di comunicazione che include esplicitamente il Comune; XV edizione, che ATTESTA continuità e affidabilità organizzativa; la concessione è sorretta dai criteri che questa Giunta esplicita e che costituiscono l'indirizzo politico adottato per la presente fattispecie: (i) criterio teleologico: l'iniziativa è coerente con le finalità di promozione della cultura, dello spettacolo e delle attività artistiche di cui all'art. 2 del Regolamento e con l'art. 9 lett. G) dello Statuto; (ii) criterio della ricaduta territoriale: l'evento si svolge fisicamente nel territorio comunale e genera visibilità istituzionale e turistica per il Comune; (iii) criterio della proporzionalità: l'importo di € 1.500,00 è congruo rispetto alla valenza dell'iniziativa e contenuto entro le disponibilità di bilancio; la concessione del patrocinio non comporta assunzione di responsabilità in ordine agli aspetti organizzativi, di sicurezza e normativi della manifestazione, né esonera il beneficiario dall'obbligo di ottenere le autorizzazioni di competenza pubblica;";3;3;"{""l"": 56.70000076, ""t"": 549.6510289840625, ""r"": 203.37400076000003, ""b"": 537.4740289840624, ""coord_origin"": ""BOTTOMLEFT""}";5;0;0
atto_16;docling;json;9;VISTO;VISTO_1;PREAMBOLO_RIFERIMENTI;1;"VISTI gli artt. 9 e 118, comma 4, della Costituzione;";3;3;"{""l"": 56.70000076, ""t"": 284.02201592406254, ""r"": 293.47500075999994, ""b"": 271.8450159240625, ""coord_origin"": ""BOTTOMLEFT""}";1;0;1
atto_16;docling;json;10;VISTO;VISTO_2;PREAMBOLO_RIFERIMENTI;1;"VISTO : -l'art. 48 del D.Lgs. 18 agosto 2000, n. 267 (TUEL); -l'art. 13 del D.Lgs. 267/2000, concernente le funzioni e i compiti dei Comuni; -l'art. 9, lett. G) dello Statuto del Comune di Dervio; -il Regolamento Comunale per la Concessione di Benefici Economici ai sensi dell'art. 12 L. 241/1990, approvato con deliberazione CC n. 29 del 22.07.2013, ed in particolare gli artt. 2 (finalità istituzionali) e 8, comma 4 (iniziative di particolare valore culturale - attribuzione alla Giunta); -l'art. 12 della L. 7 agosto 1990, n. 241; -l'art. 3 della L. 241/1990, sull'obbligo di motivazione dei provvedimenti amministrativi; -gli artt. 26 e 27 del D.Lgs. 14 marzo 2013, n. 33 (obblighi di pubblicazione in Amministrazione Trasparente per contributi superiori a € 1.000,00);";3;3;"{""l"": 56.70000076, ""t"": 258.72404229406243, ""r"": 96.74000076, ""b"": 246.54704229406252, ""coord_origin"": ""BOTTOMLEFT""}";8;0;0
atto_16;docling;json;11;DATO_ATTO;DATO_ATTO_1;ISTRUTTORIA;1;"DATO ATTO che sono stati ACQUISITI i pareri favorevoli ai sensi dell'art. 49, comma 1, D.Lgs. 267/2000: parere di regolarità tecnica del Responsabile del Servizio competente; parere di regolarità contabile del Responsabile del Servizio Finanziario, con attestazione di copertura finanziaria ai sensi dell'art. 151 TUEL;";3;3;"{""l"": 56.70000076, ""t"": 107.03605401406253, ""r"": 523.66100076, ""b"": 94.85905401406251, ""coord_origin"": ""BOTTOMLEFT""}";3;0;0
atto_16;docling;json;12;RICONOSCIUTO;RICONOSCIUTO_1;MOTIVAZIONE_VALUTAZIONE;1;"RICONOSCIUTA la propria competenza ai sensi dell'art. 48 del D.Lgs. n. 267/2000;";4;4;"{""l"": 56.70000076, ""t"": 789.9820245440625, ""r"": 438.73000076, ""b"": 777.8050245440625, ""coord_origin"": ""BOTTOMLEFT""}";1;0;0
atto_16;docling;json;13;DISPOSITIVO_DELIBERA;DISPOSITIVO_DELIBERA;DISPOSITIVO_DELIBERA;0;DELIBERA;4;4;"{""l"": 268.92399978000003, ""t"": 739.3930267140626, ""r"": 329.12699978, ""b"": 727.2160267140625, ""coord_origin"": ""BOTTOMLEFT""}";1;0;0
atto_17;docling;json;1;DATO_ATTO;DATO_ATTO_1;ISTRUTTORIA;1;"DATO ATTO che CAFC S.p.A. è gestore unico in house providing (ex art.16 D.Lgs. 175/2016 ed ex artt. 5 e 192 D.Lgs. 50/2016) del servizio idrico integrato nell'Ambito Territoriale Ottimale Centrale Friuli ai sensi degli artt. 147, 149bis e 172 D.Lgs. 152/2006, come da deliberazione assembleare della competente CATO Consulta d'Ambito 07.10.2015, n.16;";2;2;"{""l"": 51.05999999999989, ""t"": 686.6639829101566, ""r"": 550.1411999999998, ""b"": 634.898127895261, ""coord_origin"": ""BOTTOMLEFT""}";1;0;0
atto_17;docling;json;2;DATO_ATTO;DATO_ATTO_2;ISTRUTTORIA;1;"DATO ATTO altresì che il nostro Ente detiene una quota di partecipazione di CAFC S.p.A. pari al 1,59 (diretta) e 0,0947 (indiretta) del capitale sociale;";2;2;"{""l"": 51.06, ""t"": 617.6639829101568, ""r"": 550.1399999999996, ""b"": 593.4981278952612, ""coord_origin"": ""BOTTOMLEFT""}";1;0;0
atto_17;docling;json;3;RICHIAMATO;RICHIAMATO_1;PREAMBOLO_RIFERIMENTI;1;"RICHIAMATO l'art. 19, comma 5 del D.Lgs. 175/2016 che testualmente recita: 'Le amministrazioni pubbliche socie fissano, con propri provvedimenti, obiettivi specifici, annuali e pluriennali, sul complesso delle spese di funzionamento, ivi comprese quelle per il personale, delle società controllate, anche attraverso il contenimento degli oneri contrattuali e delle assunzioni di personale e TENUTO CONTO di quanto STABILITO all'articolo 25, ovvero delle eventuali disposizioni che stabiliscono, a loro carico, divieti o limitazioni alle assunzioni di personale, tenendo CONTO del settore in cui ciascun soggetto opera';";2;2;"{""l"": 51.059999999999945, ""t"": 576.263982910157, ""r"": 550.1423999999997, ""b"": 483.0981278952614, ""coord_origin"": ""BOTTOMLEFT""}";1;0;1
atto_17;docling;json;4;VISTO;VISTO_1;PREAMBOLO_RIFERIMENTI;1;"VISTA la nota prot. n. 191 del 14.01.2026 con la quale CAFC spa trasmette la propria proposta di ATTO di indirizzo in materia di personale;";2;2;"{""l"": 51.059999999999945, ""t"": 465.8639829101572, ""r"": 550.1412, ""b"": 441.6981278952614, ""coord_origin"": ""BOTTOMLEFT""}";1;0;0
atto_17;docling;json;5;CONSIDERATO;CONSIDERATO_1;MOTIVAZIONE;1;"CONSIDERATO che, ad oggi, in materia di personale delle società in house providing (modalità e limiti per le assunzioni in via transitoria ed a regime, modalità di reclutamento, limiti alle retribuzioni) il vigente quadro di riferimento è individuabile nel D.Lgs. 175/2016 (testo unico in materia di società a partecipazione pubblica), in particolare agli artt. 19 e 11 c.6;";2;2;"{""l"": 51.059999999999945, ""t"": 424.46398291015714, ""r"": 550.1412000000003, ""b"": 372.69812789526134, ""coord_origin"": ""BOTTOMLEFT""}";1;0;0
atto_17;docling;json;6;VISTO;VISTO_2;PREAMBOLO_RIFERIMENTI;1;"VISTI, in allegato al presente ATTO di cui è parte integrante e sostanziale, la relazione e l'ATTO di indirizzo PREDISPOSTI da CAFC S.p.A. relativamente all'oggetto;";2;2;"{""l"": 51.059999999999945, ""t"": 355.4639829101571, ""r"": 550.1411999999997, ""b"": 331.2981278952613, ""coord_origin"": ""BOTTOMLEFT""}";1;1;1
atto_17;docling;json;7;RITENUTO;RITENUTO_1;MOTIVAZIONE_VALUTAZIONE;1;"RITENUTO che l'ATTO di indirizzo suddetto in Allegato 1 possa essere di competenza degli organi esecutivi (Giunte Comunali/Provinciale, Ufficio Presidenza U.T.I.), in quanto si tratta di indicazioni operative e non di indirizzi istituzionali generali che rientrino nelle competenze esclusive dei Consigli ex art. 42, c. 2, lettera e) D.Lgs. 267/2000 (partecipazione a società di capitali, organizzazione di pubblici servizi, concessione di pubblici servizi);";2;2;"{""l"": 51.059999999999945, ""t"": 314.06398291015705, ""r"": 550.1411999999998, ""b"": 248.4981278952613, ""coord_origin"": ""BOTTOMLEFT""}";1;0;0
atto_17;docling;json;8;ACQUISITO;ACQUISITO_1;ISTRUTTORIA;1;"ACQUISITI favorevolmente i pareri resi ai sensi dell'art.49 del D. Lgs. 267/2000 e s.m.i.;";2;2;"{""l"": 51.06, ""t"": 231.26398291015698, ""r"": 471.0, ""b"": 220.89812789526127, ""coord_origin"": ""BOTTOMLEFT""}";1;0;1
atto_17;docling;json;9;DISPOSITIVO_PROPOSTA;DISPOSITIVO_PROPOSTA_1;DISPOSITIVO_PROPOSTA;0;"PROPONE Di approvare le PREMESSE, che costituiscono parte integrante della presente deliberazione; Di fissare quali obiettivi di contenimento delle spese di funzionamento ai sensi dell'art. 19, comma 5 del D.Lgs. 175/2016 quelli indicati nella relazione allegata. Di dichiarare la presente DELIBERA immediatamente eseguibile, ai sensi dell'art. 1, c. 19, della L.R. 21/2003, come sostituito dall'art. 17 della L.R. 17/2004.";2;2;"{""l"": 269.7600000000001, ""t"": 203.54398291015696, ""r"": 331.4400000000001, ""b"": 193.22297706220377, ""coord_origin"": ""BOTTOMLEFT""}";4;0;0
atto_17;docling;json;10;VISTO;VISTO_3;PREAMBOLO_RIFERIMENTI;1;"VISTA la suesposta proposta di deliberazione;";3;3;"{""l"": 51.06000000000006, ""t"": 783.2039829101564, ""r"": 277.68000000000006, ""b"": 772.8381278952606, ""coord_origin"": ""BOTTOMLEFT""}";1;1;0
atto_17;docling;json;11;VISTO;VISTO_4;PREAMBOLO_RIFERIMENTI;1;"VISTO che sulla stessa sono stati espressi i pareri di cui al D. Lgs. 267/2000; RIUNITO l'organo collegiale nelle forme sopra descritte con l'assistenza del segretario comunale in ossequio all'art. 97 TUEL;";3;3;"{""l"": 51.06000000000006, ""t"": 755.6039829101564, ""r"": 424.68000000000006, ""b"": 745.2381278952607, ""coord_origin"": ""BOTTOMLEFT""}";2;0;0
atto_17;docling;json;12;VISTO;VISTO_5;PREAMBOLO_RIFERIMENTI;1;"VISTO l'art. 1 comma 20 bis della L.R. n. 21 del 11.12.2003 in materia di pubblicazione delle deliberazioni degli enti locali;";3;3;"{""l"": 51.06000000000006, ""t"": 686.6639829101566, ""r"": 550.1411999999998, ""b"": 662.498127895261, ""coord_origin"": ""BOTTOMLEFT""}";1;0;0
atto_17;docling;json;13;DISPOSITIVO_DELIBERA;DISPOSITIVO_DELIBERA;DISPOSITIVO_DELIBERA;0;DELIBERA;3;3;"{""l"": 267.78000000000003, ""t"": 617.5439829101568, ""r"": 333.4200000000001, ""b"": 607.2229770622037, ""coord_origin"": ""BOTTOMLEFT""}";1;0;0
atto_18;docling;json;1;PREMESSO;PREMESSO_1;NARRATIVA_PREMESSA;1;"PREMESSO che A&T 2000 S.p.A. è una società a controllo pubblico affidataria in house del servizio di gestione integrata dei rifiuti urbani nel territorio di 79 comuni del Friuli Venezia Giulia, tra cui il Comune di Moimacco, per effetto della Deliberazione n. 37/19 dd. 02.10.2019 dell'Assemblea Regionale D'Ambito di AUSIR;";2;2;"{""l"": 51.05999999999983, ""t"": 714.2039829101566, ""r"": 550.14, ""b"": 662.498127895261, ""coord_origin"": ""BOTTOMLEFT""}";1;0;0
atto_18;docling;json;2;DATO_ATTO;DATO_ATTO_1;ISTRUTTORIA;1;"DATO ATTO che in A&T 2000 S.p.A. vige un sistema di controllo analogo congiunto regolato secondo specifiche disposizioni statutarie e apposita Convenzione stipulata fra gli Enti soci;";2;2;"{""l"": 51.05999999999983, ""t"": 645.2639829101568, ""r"": 550.1399999999996, ""b"": 621.0981278952611, ""coord_origin"": ""BOTTOMLEFT""}";1;0;0
atto_18;docling;json;3;VISTO;VISTO_1;PREAMBOLO_RIFERIMENTI;1;"VISTO il c. 5 dell'art. 19 del D. Lgs. n. 175/2016 in base al quale Le amministrazioni pubbliche socie fissano, con propri provvedimenti, obiettivi specifici, annuali e pluriennali, sul complesso delle spese di funzionamento, ivi comprese quelle per il personale, delle società controllate, anche attraverso il contenimento degli oneri contrattuali e delle assunzioni di personale e TENUTO CONTO di quanto STABILITO all'articolo 25, ovvero delle eventuali disposizioni che stabiliscono, a loro carico, divieti o limitazioni alle assunzioni di personale, tenendo CONTO del settore in cui ciascun soggetto opera;";2;2;"{""l"": 51.05999999999983, ""t"": 603.8639829101569, ""r"": 550.1412000000001, ""b"": 524.4760063705677, ""coord_origin"": ""BOTTOMLEFT""}";1;0;1
atto_18;docling;json;4;DATO_ATTO;DATO_ATTO_2;ISTRUTTORIA;1;"DATO ATTO che gli elementi relativi alle spese di funzionamento della società e del personale sono state inseriti nel budget per l'anno 2026, che è stato adottato dal Consiglio di Amministrazione di A&T 2000 S.p.A. ed approvato da parte del Coordinamento dei soci per il 'Controllo Analogo congiunto' e dell'Assemblea dei Soci di A&T 2000 S.p.A. nelle sedute del 10.03.2026;";2;2;"{""l"": 51.059999999999775, ""t"": 507.26398291015715, ""r"": 550.1399999999999, ""b"": 455.49812789526135, ""coord_origin"": ""BOTTOMLEFT""}";1;1;0
atto_18;docling;json;5;ATTESO;ATTESO_1;MOTIVAZIONE;1;"ATTESO che A&T 2000 S.p.A. è chiamata a perseguire il costante efficientamento organizzativo e l'ottimizzazione dei suoi costi di funzionamento per l'erogazione dei servizi affidati dall'AUSIR e regolati dalle disposizioni dell'ARERA;";2;2;"{""l"": 51.059999999999775, ""t"": 438.2639829101571, ""r"": 550.1399999999999, ""b"": 400.2981278952613, ""coord_origin"": ""BOTTOMLEFT""}";1;0;0
atto_18;docling;json;6;DATO_ATTO;DATO_ATTO_3;ISTRUTTORIA;1;"DATO ATTO che la spesa sostenuta dalla società per le spese di funzionamento dell'organo amministrativo rispetta le disposizioni di cui all'art. 4, comma 4, del Decreto Legge 95/2012;";2;2;"{""l"": 51.05999999999983, ""t"": 383.06398291015705, ""r"": 550.1351999999994, ""b"": 358.89812789526127, ""coord_origin"": ""BOTTOMLEFT""}";1;1;1
atto_18;docling;json;7;VISTO;VISTO_2;PREAMBOLO_RIFERIMENTI;1;"VISTO il documento adottato dal C.d.A. di A&T 2000 S.p.A. denominato 'OBIETTIVI SULLE SPESE DI FUNZIONAMENTO E DEL PERSONALE DELLA SOCIETA' IN HOUSE A&T 2000 S.p.A. AI SENSI DELL'ART. 19 DEL D.LGS. 175/2016 - ANNO 2026 - ELEMENTI RELATIVI AI COSTI E ALLA POLITICA DEL PERSONALE', allegato parte integrante e contestuale del presente provvedimento, in cui sono contenuti gli elementi utili per la fissazione di tali obiettivi, relativi in particolare ai costi e alla politica del personale della Società;";2;2;"{""l"": 51.05999999999983, ""t"": 341.663982910157, ""r"": 550.1459999999997, ""b"": 262.29812789526113, ""coord_origin"": ""BOTTOMLEFT""}";1;1;1
atto_18;docling;json;8;DATO_ATTO;DATO_ATTO_4;ISTRUTTORIA;1;"DATO ATTO che il documento in parola è stato approvato da parte del Coordinamento dei soci per il 'Controllo Analogo congiunto' e dell'Assemblea dei Soci di A&T 2000 S.p.A. nelle sedute del 10.03.2026, che hanno fissato e fatto propri gli obiettivi ed elementi di gestione ivi INDIVIDUATI relativamente al contenimento dei costi di funzionamento ed in particolare delle spese per il personale della società A&T 2000 S.p.A., dando ATTO che gli obiettivi in parola saranno recepiti da parte degli organi competenti degli Enti Soci mediante propri provvedimenti come previsto dall'art. 19, comma 5, del D.Lgs. 175/2016;";2;2;"{""l"": 51.059999999999775, ""t"": 245.06398291015694, ""r"": 550.1411999999998, ""b"": 151.89812789526115, ""coord_origin"": ""BOTTOMLEFT""}";1;1;0
atto_18;docling;json;9;RITENUTO;RITENUTO_1;MOTIVAZIONE_VALUTAZIONE;1;"RITENUTO che la politica del personale ivi descritta, accompagnata da un'oculata gestione del contratto integrativo aziendale, individui in maniera compiuta ed esauriente gli obiettivi e gli indicatori atti a perseguire le strategie aziendali nell'anno 2026, con il mantenimento da parte di A&T 2000 S.p.A. dell'obiettivo del contenimento dei costi del personale al netto delle dinamiche salariali indotte dal CCNL;";2;2;"{""l"": 51.059999999999775, ""t"": 134.66398291015685, ""r"": 550.1411999999999, ""b"": 69.09812789526109, ""coord_origin"": ""BOTTOMLEFT""}";1;0;0
atto_18;docling;json;10;CONSIDERATO;CONSIDERATO_1;MOTIVAZIONE;1;"CONSIDERATO che la dotazione organica del personale ivi indicata, dal punto di VISTA numerico, potrà subire variazioni dovute a cessazioni dal rapporto, sostituzioni temporanee per eventi quali maternità, malattia o infortunio, attivazione o ampliamento dei servizi affidati e conseguente rafforzamento delle strutture organizzative, incluse le attività d'ufficio, rese necessarie dall'incremento dei volumi operativi o dall'estensione delle funzioni aziendali, garantendo in ogni caso tutti i principi di contenimento dei costi previsti;";3;3;"{""l"": 51.06, ""t"": 810.8039829101563, ""r"": 550.1400000000002, ""b"": 731.4381278952608, ""coord_origin"": ""BOTTOMLEFT""}";1;0;1
atto_18;docling;json;11;ATTESO;ATTESO_2;MOTIVAZIONE;1;"ATTESO che il presente ATTO rientra tra i provvedimenti soggetti a pubblicazione sul sito internet istituzionale sia della società che delle pubbliche amministrazioni socie, ai sensi dell'art. 19, c. 7, del D. Lgs. n. 175/2016;";3;3;"{""l"": 51.06, ""t"": 714.2039829101566, ""r"": 550.1400000000004, ""b"": 676.2981278952609, ""coord_origin"": ""BOTTOMLEFT""}";1;1;0
atto_18;docling;json;12;RITENUTO;RITENUTO_2;MOTIVAZIONE_VALUTAZIONE;1;"RITENUTO che l'ATTO di indirizzo suddetto in Allegato 1 possa essere di competenza degli organi esecutivi (Giunte Comunali/Provinciale, Ufficio Presidenza U.T.I.), in quanto si tratta di indicazioni operative e non di indirizzi istituzionali generali che rientrino nelle competenze esclusive dei Consigli ex art. 42, c. 2, lettera e) D.Lgs. 267/2000 (partecipazione a società di capitali, organizzazione di pubblici servizi, concessione di pubblici servizi);";3;3;"{""l"": 51.06, ""t"": 659.0639829101567, ""r"": 550.1411999999998, ""b"": 593.4981278952612, ""coord_origin"": ""BOTTOMLEFT""}";1;1;0
atto_18;docling;json;13;ACQUISITO;ACQUISITO_1;ISTRUTTORIA;1;"ACQUISITI favorevolmente i pareri resi ai sensi dell'art.49 del D. Lgs. 267/2000 e s.m.i.;";3;3;"{""l"": 51.06, ""t"": 576.263982910157, ""r"": 471.0, ""b"": 565.8981278952613, ""coord_origin"": ""BOTTOMLEFT""}";1;0;1
atto_18;docling;json;14;DISPOSITIVO_PROPOSTA;DISPOSITIVO_PROPOSTA_1;DISPOSITIVO_PROPOSTA;0;"PROPONE Di approvare le PREMESSE, che costituiscono parte integrante della presente deliberazione; Di approvare il documento denominato 'OBIETTIVI SULLE SPESE DI FUNZIONAMENTO E DEL PERSONALE DELLA SOCIETA' IN HOUSE A&T 2000 S.p.A. AI SENSI DELL'ART. 19 DEL D.LGS. 175/2016 - ANNO 2026 - ELEMENTI RELATIVI AI COSTI E ALLA POLITICA DEL PERSONALE', allegato parte integrante e contestuale del presente provvedimento; Di fissare e fare propri gli obiettivi ed elementi di gestione INDIVIDUATI nel documento innanzi approvato relativamente al contenimento dei costi di funzionamento, ed in particolare delle spese per il personale della società A&T 2000 S.p.A., ai sensi del c. 5 dell'art. 19 del D. Lgs. n. 175/2016 per l'anno 2026; Di disporre la pubblicazione del presente provvedimento sul sito istituzionale del Comune; Di inviare il presente provvedimento ad A&T 2000 S.p.A. ai fini del relativo recepimento e dell'assolvimento degli obblighi di pubblicazione; Di dichiarare la presente DELIBERA immediatamente eseguibile, ai sensi dell'art. 1, c. 19, della L.R. 21/2003, come sostituito dall'art. 17 della L.R. 17/2004.";3;3;"{""l"": 269.7600000000001, ""t"": 548.5439829101571, ""r"": 331.4400000000001, ""b"": 538.2229770622039, ""coord_origin"": ""BOTTOMLEFT""}";7;0;0
atto_18;docling;json;15;VISTO;VISTO_3;PREAMBOLO_RIFERIMENTI;1;"VISTA la suesposta proposta di deliberazione;";3;3;"{""l"": 51.06000000000029, ""t"": 184.70398291015704, ""r"": 277.6800000000003, ""b"": 174.33812789526132, ""coord_origin"": ""BOTTOMLEFT""}";1;1;0
atto_18;docling;json;16;VISTO;VISTO_4;PREAMBOLO_RIFERIMENTI;1;"VISTO che sulla stessa sono stati espressi i pareri di cui al D. Lgs. 267/2000; RIUNITO l'organo collegiale nelle forme sopra descritte con l'assistenza del segretario comunale in ossequio all'art. 97 TUEL;";3;3;"{""l"": 51.06000000000029, ""t"": 157.1039829101569, ""r"": 424.6800000000003, ""b"": 146.7381278952612, ""coord_origin"": ""BOTTOMLEFT""}";2;0;0
atto_18;docling;json;17;VISTO;VISTO_5;PREAMBOLO_RIFERIMENTI;1;"VISTO l'art. 1 comma 20 bis della L.R. n. 21 del 11.12.2003 in materia di pubblicazione delle deliberazioni degli enti locali;";3;3;"{""l"": 51.06000000000029, ""t"": 88.10398291015701, ""r"": 550.1412, ""b"": 63.93812789526123, ""coord_origin"": ""BOTTOMLEFT""}";1;0;0
atto_18;docling;json;18;DISPOSITIVO_DELIBERA;DISPOSITIVO_DELIBERA;DISPOSITIVO_DELIBERA;0;DELIBERA;4;4;"{""l"": 267.78, ""t"": 783.0839829101564, ""r"": 333.42, ""b"": 772.7629770622032, ""coord_origin"": ""BOTTOMLEFT""}";1;0;0
atto_19;docling;json;1;PREMESSO;PREMESSO_1;NARRATIVA_PREMESSA;1;"PREMESSO che A&T 2000 S.p.A. è una società a controllo pubblico affidataria in house del servizio di gestione integrata dei rifiuti urbani nel territorio di 79 comuni del Friuli Venezia Giulia, tra cui il Comune di Moimacco per effetto della Deliberazione n. 37/19 dd. 02.10.2019 dell'Assemblea Regionale D'Ambito di AUSIR;";2;2;"{""l"": 51.06000000000006, ""t"": 678.6239829101567, ""r"": 550.1436000000003, ""b"": 626.8581278952611, ""coord_origin"": ""BOTTOMLEFT""}";1;0;0
atto_19;docling;json;2;DATO_ATTO;DATO_ATTO_1;ISTRUTTORIA;1;"DATO ATTO che in A&T 2000 S.p.A. vige un sistema di controllo analogo congiunto regolato secondo specifiche disposizioni statutarie e apposita Convenzione stipulata fra gli Enti soci;";2;2;"{""l"": 51.059999999999945, ""t"": 609.6239829101569, ""r"": 550.14, ""b"": 585.4581278952612, ""coord_origin"": ""BOTTOMLEFT""}";1;0;0
atto_19;docling;json;3;VISTO;VISTO_1;PREAMBOLO_RIFERIMENTI;1;"VISTO il c. 5 dell'art. 19 del D. Lgs. n. 175/2016 in base al quale Le amministrazioni pubbliche socie fissano, con propri provvedimenti, obiettivi specifici, annuali e pluriennali, sul complesso delle spese di funzionamento, ivi comprese quelle per il personale, delle società controllate, anche attraverso il contenimento degli oneri contrattuali e delle assunzioni di personale e TENUTO CONTO di quanto STABILITO all'articolo 25, ovvero delle eventuali disposizioni che stabiliscono, a loro carico, divieti o limitazioni alle assunzioni di personale, tenendo CONTO del settore in cui ciascun soggetto opera;";2;2;"{""l"": 51.06, ""t"": 568.223982910157, ""r"": 550.1412000000004, ""b"": 488.83600637056765, ""coord_origin"": ""BOTTOMLEFT""}";1;0;1
atto_19;docling;json;4;DATO_ATTO;DATO_ATTO_2;ISTRUTTORIA;1;"DATO ATTO che gli elementi relativi alle spese di funzionamento della società e del personale sono state inseriti nel budget per l'anno 2025, che è stato adottato dal Consiglio di Amministrazione, sottoposto all'analisi della Commissione per il 'Controllo Analogo congiunto' e approvato da parte del Coordinamento dei soci per il 'Controllo Analogo congiunto' e dell'Assemblea dei Soci di A&T 2000 S.p.A. nelle sedute del 28.01.2025;";2;2;"{""l"": 51.059999999999945, ""t"": 471.6239829101571, ""r"": 550.1411999999999, ""b"": 406.1181278952613, ""coord_origin"": ""BOTTOMLEFT""}";1;1;0
atto_19;docling;json;5;ATTESO;ATTESO_1;MOTIVAZIONE;1;"ATTESO che A&T 2000 S.p.A. è chiamata a perseguire il costante efficientamento organizzativo e l'ottimizzazione dei suoi costi di funzionamento per l'erogazione dei servizi affidati dall'AUSIR e regolati dalle disposizioni dell'ARERA;";2;2;"{""l"": 51.05999999999992, ""t"": 388.88398291015704, ""r"": 550.1399999999999, ""b"": 350.91812789526125, ""coord_origin"": ""BOTTOMLEFT""}";1;0;0
atto_19;docling;json;6;DATO_ATTO;DATO_ATTO_3;ISTRUTTORIA;1;"DATO ATTO che la spesa sostenuta dalla società per le spese di funzionamento dell'organo amministrativo rispetta le disposizioni di cui all'art. 4, comma 4, del Decreto Legge 95/2012;";2;2;"{""l"": 51.059999999999945, ""t"": 333.683982910157, ""r"": 550.1399999999996, ""b"": 309.51812789526116, ""coord_origin"": ""BOTTOMLEFT""}";1;1;1
atto_19;docling;json;7;VISTO;VISTO_2;PREAMBOLO_RIFERIMENTI;1;"VISTO il documento denominato 'OBIETTIVI SULLE SPESE DI FUNZIONAMENTO E DEL PERSONALE DELLA SOCIETA' IN HOUSE A&T 2000 S.p.A. AI SENSI DELL'ART. 19 DEL D.LGS. 175/2016 - ANNO 2025 - ELEMENTI RELATIVI AI COSTI E ALLA POLITICA DEL PERSONALE', allegato parte integrante e contestuale del presente provvedimento, adottato dal C.d.A. di A&T 2000 S.p.A., in cui sono contenuti gli elementi utili per la fissazione di tali obiettivi, relativi in particolare ai costi e alla politica del personale della Società;";2;2;"{""l"": 51.05999999999983, ""t"": 292.28398291015696, ""r"": 550.1436, ""b"": 212.91812789526114, ""coord_origin"": ""BOTTOMLEFT""}";1;1;1
atto_19;docling;json;8;RITENUTO;RITENUTO_1;MOTIVAZIONE_VALUTAZIONE;1;"RITENUTO che la politica del personale ivi descritta, accompagnata da un'oculata gestione del contratto integrativo aziendale, individui in maniera compiuta ed esauriente gli obiettivi e gli indicatori atti a perseguire le strategie aziendali nell'anno 2025, con il mantenimento da parte di A&T 2000 S.p.A. dell'obiettivo del contenimento dei costi del personale al netto delle dinamiche salariali indotte dal CCNL;";2;2;"{""l"": 51.059999999999775, ""t"": 195.68398291015683, ""r"": 550.14, ""b"": 130.11812789526107, ""coord_origin"": ""BOTTOMLEFT""}";1;0;0
atto_19;docling;json;9;CONSIDERATO;CONSIDERATO_1;MOTIVAZIONE;1;"CONSIDERATO che la dotazione organica del personale ivi indicata, dal punto di VISTA numerico, potrà subire variazioni dovute ad eventuali uscite dall'azienda per quiescenza o ad eventuali necessità di sostituzioni anche temporanee per eventi quali maternità, malattia o infortunio, garantendo in ogni caso tutti i principi di contenimento dei costi previsti;";2;2;"{""l"": 51.059999999999775, ""t"": 112.88398291015687, ""r"": 550.1399999999998, ""b"": 61.11812789526107, ""coord_origin"": ""BOTTOMLEFT""}";1;0;1
atto_19;docling;json;10;DATO_ATTO;DATO_ATTO_4;ISTRUTTORIA;1;"DATO ATTO che gli elementi ed obiettivi innanzi RICHIAMATI potrebbero richiedere eventuali modifiche ed integrazioni in presenza di significative azioni di riorganizzazione o modifica operativa dei servizi resi da A&T 2000 S.p.A. o di future variazioni aziendali e societarie;";3;3;"{""l"": 51.06, ""t"": 789.0239829101563, ""r"": 550.1375999999993, ""b"": 751.0581278952607, ""coord_origin"": ""BOTTOMLEFT""}";1;1;1
atto_19;docling;json;11;ATTESO;ATTESO_2;MOTIVAZIONE;1;"ATTESO che il presente ATTO rientra tra i provvedimenti soggetti a pubblicazione sul sito internet istituzionale sia della società che delle pubbliche amministrazioni socie, ai sensi dell'art. 19, c. 7, del D. Lgs. n. 175/2016;";3;3;"{""l"": 51.06, ""t"": 733.8239829101565, ""r"": 550.1400000000003, ""b"": 695.8581278952608, ""coord_origin"": ""BOTTOMLEFT""}";1;1;0
atto_19;docling;json;12;DISPOSITIVO_PROPOSTA;DISPOSITIVO_PROPOSTA_1;DISPOSITIVO_PROPOSTA;0;"PROPONE 1) di approvare le PREMESSE, che costituiscono parte integrante della presente deliberazione; 2) di approvare il documento denominato 'OBIETTIVI SULLE SPESE DI FUNZIONAMENTO E DEL PERSONALE DELLA SOCIETA' IN HOUSE A&T 2000 S.p.A. AI SENSI DELL'ART. 19 DEL D.LGS. 175/2016 - ANNO 2025 - ELEMENTI RELATIVI AI COSTI E ALLA POLITICA DEL PERSONALE', allegato parte integrante e contestuale del presente provvedimento; 3) di fissare e fare propri gli obiettivi ed elementi di gestione INDIVIDUATI nel documento innanzi approvato relativamente al contenimento dei costi di funzionamento, ed in particolare delle spese per il personale della società A&T 2000 S.p.A., ai sensi del c. 5 dell'art. 19 del D. Lgs. n. 175/2016 per l'anno 2025; 4) di dare ATTO che i suddetti obiettivi ed elementi di gestione potranno essere oggetto di successiva revisione in presenza di significative azioni di riorganizzazione o modifica operativa dei servizi resi da A&T 2000 S.p.A. o di future variazioni aziendali e societarie; 5) di disporre la pubblicazione del presente provvedimento sul sito istituzionale del Comune; 6) di inviare il presente provvedimento ad A&T 2000 S.p.A. ai fini del relativo recepimento e dell'assolvimento degli obblighi di pubblicazione; 7) di dichiarare la presente DELIBERA immediatamente eseguibile, ai sensi art. 1, c. 19, L.R. 21/2003, come sostituito dall'art. 17 della L.R. 17/2004.";3;3;"{""l"": 269.7600000000002, ""t"": 664.7039829101567, ""r"": 331.4400000000002, ""b"": 654.3829770622035, ""coord_origin"": ""BOTTOMLEFT""}";8;0;0
atto_19;docling;json;13;VISTO;VISTO_3;PREAMBOLO_RIFERIMENTI;1;"VISTA la suesposta proposta di deliberazione;";3;3;"{""l"": 51.05999999999983, ""t"": 237.44398291015625, ""r"": 277.67999999999984, ""b"": 227.07812789526054, ""coord_origin"": ""BOTTOMLEFT""}";1;1;0
atto_19;docling;json;14;VISTO;VISTO_4;PREAMBOLO_RIFERIMENTI;1;"VISTO che sulla stessa sono stati espressi i pareri di cui al D. Lgs. 267/2000; RIUNITO l'organo collegiale nelle forme sopra descritte con l'assistenza del segretario comunale in ossequio all'art. 97 TUEL;";3;3;"{""l"": 51.05999999999983, ""t"": 209.84398291015623, ""r"": 424.67999999999984, ""b"": 199.4781278952605, ""coord_origin"": ""BOTTOMLEFT""}";2;0;0
atto_19;docling;json;15;VISTO;VISTO_5;PREAMBOLO_RIFERIMENTI;1;"VISTO l'art. 1 comma 20 bis della L.R. n. 21 del 11.12.2003 in materia di pubblicazione delle deliberazioni degli enti locali; Il Sindaco prende la parola: è un ATTO dovuto in base al Testo Unico sulle partecipate; anche le società partecipate sono TENUTE a contenere le spese di personale, redigendo annualmente il presente ATTO che va approvato dalle singole amministrazioni.";3;3;"{""l"": 51.059999999999775, ""t"": 140.84398291015611, ""r"": 550.1399999999998, ""b"": 116.67812789526045, ""coord_origin"": ""BOTTOMLEFT""}";2;0;0
atto_19;docling;json;16;DATO_ATTO;DATO_ATTO_5;ISTRUTTORIA;1;"DATO ATTO che gli interventi sono registrati su supporto informatico depositato presso la segreteria che costituisce, ex art. 22, L. n. 241/1990 e s.m.i., documentazione a comprova della discussione ai sensi dell'art. 44 del Regolamento del Consiglio Comunale;";4;4;"{""l"": 51.06, ""t"": 789.0239829101563, ""r"": 550.1399999999998, ""b"": 751.0581278952607, ""coord_origin"": ""BOTTOMLEFT""}";1;1;0
atto_19;docling;json;17;UDITO;UDITO_1;ISTRUTTORIA;1;;4;4;"{""l"": 51.06, ""t"": 733.8239829101565, ""r"": 486.71999999999997, ""b"": 723.4581278952608, ""coord_origin"": ""BOTTOMLEFT""}";1;0;0
atto_19;docling;json;18;DISPOSITIVO_DELIBERA;DISPOSITIVO_DELIBERA;DISPOSITIVO_DELIBERA;0;DELIBERA;4;4;"{""l"": 267.78000000000003, ""t"": 581.903982910157, ""r"": 333.4200000000001, ""b"": 571.5829770622038, ""coord_origin"": ""BOTTOMLEFT""}";1;0;0
atto_20;docling;json;1;PREMESSO;PREMESSO_1;NARRATIVA_PREMESSA;1;"PREMESSO che A&T 2000 S.p.A. è una società a controllo pubblico affidataria in house del servizio di gestione integrata dei rifiuti urbani nel territorio di 79 comuni del Friuli Venezia Giulia, tra cui il Comune di Moimacco per effetto della Deliberazione n. 37/19 dd. 02.10.2019 dell'Assemblea Regionale D'Ambito di AUSIR;";2;2;"{""l"": 51.06000000000006, ""t"": 678.6239829101567, ""r"": 550.1412000000003, ""b"": 626.8581278952611, ""coord_origin"": ""BOTTOMLEFT""}";1;0;0
atto_20;docling;json;2;DATO_ATTO;DATO_ATTO_1;ISTRUTTORIA;1;"DATO ATTO che in A&T 2000 S.p.A. vige un sistema di controllo analogo congiunto regolato secondo specifiche disposizioni statutarie e apposita Convenzione stipulata fra gli Enti soci;";2;2;"{""l"": 51.06000000000006, ""t"": 609.6239829101569, ""r"": 550.1387999999998, ""b"": 585.4581278952612, ""coord_origin"": ""BOTTOMLEFT""}";1;0;0
atto_20;docling;json;3;VISTO;VISTO_1;PREAMBOLO_RIFERIMENTI;1;"VISTO il c. 5 dell'art. 19 del D. Lgs. n. 175/2016 in base al quale Le amministrazioni pubbliche socie fissano, con propri provvedimenti, obiettivi specifici, annuali e pluriennali, sul complesso delle spese di funzionamento, ivi comprese quelle per il personale, delle società controllate, anche attraverso il contenimento degli oneri contrattuali e delle assunzioni di personale e TENUTO CONTO di quanto STABILITO all'articolo 25, ovvero delle eventuali disposizioni che stabiliscono, a loro carico, divieti o limitazioni alle assunzioni di personale, tenendo CONTO del settore in cui ciascun soggetto opera;";2;2;"{""l"": 51.06000000000006, ""t"": 568.223982910157, ""r"": 550.1412000000004, ""b"": 488.83600637056765, ""coord_origin"": ""BOTTOMLEFT""}";1;0;1
atto_20;docling;json;4;CONSIDERATO;CONSIDERATO_1;MOTIVAZIONE;1;"CONSIDERATO che gli obiettivi sul complesso delle spese di funzionamento della società così fissati vengono recepiti nel budget adottato dal Consiglio di Amministrazione e sottoposto al parere della Commissione per il 'Controllo Analogo congiunto' e all'approvazione da parte del Coordinamento dei soci per il 'Controllo Analogo congiunto';";2;2;"{""l"": 51.06, ""t"": 471.6239829101571, ""r"": 550.1411999999998, ""b"": 419.9181278952613, ""coord_origin"": ""BOTTOMLEFT""}";1;0;0
atto_20;docling;json;5;ATTESO;ATTESO_1;MOTIVAZIONE;1;"ATTESO che A&T 2000 S.p.A. è chiamata a perseguire il costante efficientamento organizzativo e l'ottimizzazione dei suoi costi di funzionamento per l'erogazione dei servizi affidati dall'AUSIR e regolati dalle disposizioni dell'ARERA;";2;2;"{""l"": 51.06, ""t"": 402.68398291015706, ""r"": 550.1412, ""b"": 364.71812789526126, ""coord_origin"": ""BOTTOMLEFT""}";1;0;0
atto_20;docling;json;6;DATO_ATTO;DATO_ATTO_2;ISTRUTTORIA;1;"DATO ATTO che la spesa sostenuta dalla società per le spese di funzionamento dell'organo amministrativo rispetta le disposizioni di cui all'art. 4, comma 4, del Decreto Legge 95/2012;";2;2;"{""l"": 51.06000000000006, ""t"": 347.483982910157, ""r"": 550.1351999999996, ""b"": 323.3181278952612, ""coord_origin"": ""BOTTOMLEFT""}";1;1;1
atto_20;docling;json;7;VISTO;VISTO_2;PREAMBOLO_RIFERIMENTI;1;"VISTO il documento denominato 'OBIETTIVI SULLE SPESE DI FUNZIONAMENTO E DEL PERSONALE DELLA SOCIETA' IN HOUSE A&T 2000 S.p.A. AI SENSI DELL'ART. 19 DEL D.LGS. 175/2016 ANNO 2024', allegato parte integrante e contestuale del presente provvedimento, adottato dal C.d.A. di A&T 2000 S.p.A. e sottoposto all'esame della Commissione 'per il controllo analogo congiunto' della Società, in cui sono contenuti gli elementi utili per la fissazione di tali obiettivi, relativi in particolare ai costi e alla politica del personale della Società;";2;2;"{""l"": 51.06, ""t"": 306.0839829101569, ""r"": 550.1436000000002, ""b"": 226.7181278952612, ""coord_origin"": ""BOTTOMLEFT""}";1;1;1
atto_20;docling;json;8;RITENUTO;RITENUTO_1;MOTIVAZIONE_VALUTAZIONE;1;"RITENUTO che la politica del personale ivi descritta, accompagnata da un'oculata gestione del contratto integrativo aziendale, individui in maniera compiuta ed esauriente gli obiettivi e gli indicatori atti a perseguire le strategie aziendali nell'anno 2024, con il mantenimento da parte di A&T 2000 S.p.A. dell'obiettivo del contenimento dei costi del personale al netto delle dinamiche salariali indotte dal CCNL;";2;2;"{""l"": 51.06, ""t"": 209.4839829101569, ""r"": 550.1400000000003, ""b"": 143.91812789526114, ""coord_origin"": ""BOTTOMLEFT""}";1;0;0
atto_20;docling;json;9;CONSIDERATO;CONSIDERATO_2;MOTIVAZIONE;1;"CONSIDERATO che la dotazione organica del personale ivi indicata, dal punto di VISTA numerico, potrà subire variazioni dovute ad eventuali uscite dall'azienda per quiescenza o ad eventuali necessità di sostituzioni anche temporanee per eventi quali maternità, malattia o infortunio, garantendo in ogni caso tutti i principi di contenimento dei costi previsti;";2;2;"{""l"": 51.06, ""t"": 126.68398291015683, ""r"": 550.14, ""b"": 74.91812789526114, ""coord_origin"": ""BOTTOMLEFT""}";1;1;1
atto_20;docling;json;10;DATO_ATTO;DATO_ATTO_3;ISTRUTTORIA;1;"DATO ATTO che gli elementi ed obiettivi innanzi RICHIAMATI potrebbero richiedere eventuali modifiche ed integrazioni in presenza di significative azioni di riorganizzazione o modifica operativa dei servizi resi da A&T 2000 S.p.A. o di future variazioni aziendali e societarie;";3;3;"{""l"": 51.06, ""t"": 789.0239829101563, ""r"": 550.1375999999992, ""b"": 751.0581278952607, ""coord_origin"": ""BOTTOMLEFT""}";1;1;1
atto_20;docling;json;11;ATTESO;ATTESO_2;MOTIVAZIONE;1;"ATTESO che il presente ATTO rientra tra i provvedimenti soggetti a pubblicazione sul sito internet istituzionale sia della società che delle pubbliche amministrazioni socie, ai sensi dell'art. 19, c. 7, del D. Lgs. n. 175/2016;";3;3;"{""l"": 51.06, ""t"": 733.8239829101565, ""r"": 550.1400000000004, ""b"": 695.8581278952608, ""coord_origin"": ""BOTTOMLEFT""}";1;1;0
atto_20;docling;json;12;DISPOSITIVO_PROPOSTA;DISPOSITIVO_PROPOSTA_1;DISPOSITIVO_PROPOSTA;0;"PROPONE DI APPROVARE le PREMESSE, che costituiscono parte integrante della presente deliberazione; DI APPROVARE il documento denominato 'OBIETTIVI SULLE SPESE DI FUNZIONAMENTO E DEL PERSONALE DELLA SOCIETA' IN HOUSE A&T 2000 S.p.A. AI SENSI DELL'ART. 19 DEL D.LGS. 175/2016 ANNO 2024', allegato parte integrante e contestuale del presente provvedimento; DI FISSARE e fare propri gli obiettivi ed elementi di gestione INDIVIDUATI nel documento innanzi approvato relativamente al contenimento dei costi di funzionamento, ed in particolare delle spese per il personale della società A&T 2000 S.p.A., ai sensi del c. 5 dell'art. 19 del D. Lgs. n. 175/2016 per l'anno 2024; DI DARE ATTO che i suddetti obiettivi ed elementi di gestione potranno essere oggetto di successiva revisione in presenza di significative azioni di riorganizzazione o modifica operativa dei servizi resi da A&T 2000 S.p.A. o di future variazioni aziendali e societarie; DI DISPORRE la pubblicazione del presente provvedimento sul sito istituzionale del Comune; DI INVIARE il presente provvedimento ad A&T 2000 S.p.A. ai fini del relativo recepimento e dell'assolvimento degli obblighi di pubblicazione; DI DICHIARARE la presente DELIBERA immediatamente eseguibile, ai sensi art. 1, c. 19, L.R. 21/2003, come sostituito dall'art. 17 della L.R. 17/2004.";3;3;"{""l"": 269.76, ""t"": 678.5039829101567, ""r"": 331.44, ""b"": 668.1829770622035, ""coord_origin"": ""BOTTOMLEFT""}";8;0;0
atto_20;docling;json;13;VISTO;VISTO_3;PREAMBOLO_RIFERIMENTI;1;"VISTA la suesposta proposta di deliberazione;";3;3;"{""l"": 51.06, ""t"": 286.2239829101568, ""r"": 277.68, ""b"": 275.85812789526096, ""coord_origin"": ""BOTTOMLEFT""}";1;1;0
atto_20;docling;json;14;VISTO;VISTO_4;PREAMBOLO_RIFERIMENTI;1;"VISTO che sulla stessa sono stati espressi i pareri di cui al D. Lgs. 267/2000; RIUNITO l'organo collegiale nelle forme sopra descritte con l'assistenza del segretario comunale in ossequio all'art. 97 TUEL;";3;3;"{""l"": 51.06, ""t"": 258.62398291015666, ""r"": 424.68, ""b"": 248.25812789526094, ""coord_origin"": ""BOTTOMLEFT""}";2;0;0
atto_20;docling;json;15;VISTO;VISTO_5;PREAMBOLO_RIFERIMENTI;1;"VISTO l'art. 1 comma 20 bis della L.R. n. 21 del 11.12.2003 in materia di pubblicazione delle deliberazioni degli enti locali; Il Sindaco prende la parola e comunica che come è noto la società in oggetto gestisce il ciclo integrato dei rifiuti per il Comune. Il comune è TENUTO a fissare, in virtù del decreto Madia, obiettivi circa le spese di funzionamento e del personale al fine del loro contenimento.";3;3;"{""l"": 51.059999999999945, ""t"": 189.62398291015666, ""r"": 550.14, ""b"": 165.45812789526087, ""coord_origin"": ""BOTTOMLEFT""}";2;0;0
atto_20;docling;json;16;DATO_ATTO;DATO_ATTO_4;ISTRUTTORIA;1;"DATO ATTO che gli interventi sono registrati su supporto informatico depositato presso la segreteria che costituisce, ex art. 22, L. n. 241/1990 e s.m.i., documentazione a comprova della discussione ai sensi dell'art. 44 del Regolamento del Consiglio Comunale;";3;3;"{""l"": 51.059999999999945, ""t"": 93.08398291015658, ""r"": 550.1375999999995, ""b"": 55.11812789526084, ""coord_origin"": ""BOTTOMLEFT""}";1;1;0
atto_20;docling;json;17;UDITO;UDITO_1;ISTRUTTORIA;1;;4;4;"{""l"": 51.06, ""t"": 761.4239829101564, ""r"": 486.71999999999997, ""b"": 751.0581278952607, ""coord_origin"": ""BOTTOMLEFT""}";1;0;0
atto_20;docling;json;18;DISPOSITIVO_DELIBERA;DISPOSITIVO_DELIBERA;DISPOSITIVO_DELIBERA;0;DELIBERA;4;4;"{""l"": 267.78000000000003, ""t"": 609.5039829101569, ""r"": 333.4200000000001, ""b"": 599.1829770622037, ""coord_origin"": ""BOTTOMLEFT""}";1;0;0
atto_21;docling;json;1;RICONOSCIUTO;RICONOSCIUTO_1;MOTIVAZIONE_VALUTAZIONE;1;RICONOSCIUTO legale il numero degli intervenuti, CARETTI DANIELE - Sindaco assume la presidenza e dichiara aperta la seduta per la trattazione dell'oggetto indicato, invitando i presenti a DELIBERARE in merito.;1;1;"{""l"": 42.54999924, ""t"": 293.45900456000004, ""r"": 247.66099289000002, ""b"": 284.62174489149174, ""coord_origin"": ""BOTTOMLEFT""}";3;0;0
atto_21;docling;json;2;UDITO;UDITO_1;ISTRUTTORIA;1;"UDITA la relazione del Presidente;";2;2;"{""l"": 42.54999924, ""t"": 771.9320003099999, ""r"": 195.96099839000001, ""b"": 763.0947406414916, ""coord_origin"": ""BOTTOMLEFT""}";1;0;1
atto_21;docling;json;3;RICHIAMATO;RICHIAMATO_1;PREAMBOLO_RIFERIMENTI;1;"RICHIAMATI: - L'art. 21 della Legge 15 marzo 1997, n. 59, in materia di autonomia scolastica; - Il D.P.R. 18 giugno 1998, n. 233, recante norme per il dimensionamento ottimale delle istituzioni scolastiche; - La deliberazione del Consiglio Regionale del Piemonte n. 157-13692 del 9 giugno 2026, concernente i criteri per la programmazione della rete scolastica e dell'offerta formativa per il triennio 2027-2030; - La D.G.R. della Regione Piemonte n. 5-2676 del 15 giugno 2026, attuativa dei suddetti criteri regionali;";2;2;"{""l"": 42.54999924, ""t"": 754.4329997599999, ""r"": 104.75999923999998, ""b"": 745.5957400914916, ""coord_origin"": ""BOTTOMLEFT""}";5;0;1
atto_21;docling;json;4;DATO_ATTO;DATO_ATTO_1;ISTRUTTORIA;1;DATO ATTO altresì che la Provincia di Alessandria dovrà approvare il Piano di dimensionamento scolastico e dell'offerta formativa per l'a.s. 2027-2028 e trasmetterlo alla Regione entro il 31 luglio, avendo precedentemente ACQUISITO eventuali proposte e/o richieste che dovranno poi essere presentate in sede di Conferenza provinciale della scuola che costituisce il momento conclusivo di confronto a livello territoriale;2;2;"{""l"": 42.54999924, ""t"": 618.24600712, ""r"": 527.22898606, ""b"": 574.9117448414917, ""coord_origin"": ""BOTTOMLEFT""}";1;0;0
atto_21;docling;json;5;VISTO;VISTO_1;PREAMBOLO_RIFERIMENTI;1;"VISTA la nota prot. n. 0025339 del 05/06/2026 della Provincia di Alessandria - con la quale nelle more dell'approvazione da parte della Regione Piemonte dei i criteri per la programmazione della rete scolastica e dell'offerta formativa per il triennio 2027-2030, si richiedeva al Comune di Mombello Monferrato di avviare le procedure per la eventuale richiesta del Mantenimento del Plesso in deroga;";2;2;"{""l"": 42.54999924, ""t"": 561.2500049199999, ""r"": 527.2259953299999, ""b"": 517.9157426414916, ""coord_origin"": ""BOTTOMLEFT""}";1;0;1
atto_21;docling;json;6;CONSIDERATO;CONSIDERATO_1;MOTIVAZIONE;1;"CONSIDERATO che al fine di preservare il servizio scolastico nelle piccole comunità, che per prime risentono del trend demografico negativo ormai in ATTO da alcuni anni, in cui la scuola riveste un importante ruolo di coesione sociale, anche per contrastare lo spopolamento, possono essere mantenuti attivi, in deroga ai parametri indicati al paragrafo 3.1 dei suddetti Criteri, i Punti di erogazione del servizio (PES) di scuola statale, RICONOSCIUTI con codice meccanografico ministeriale purché funzionanti nell'a.s. 2027-2028, siti in comuni montani e/o in comuni in situazione di marginalità di cui alla deliberazione della Giunta Regionale 21 novembre 2008, n. 1-10104: di scuola dell'infanzia costituiti con monosezione inferiore ai parametri del D.P.R. n. 81/2009 e con almeno 10 bambini; di scuola primaria costituiti con almeno una classe di 10 bambini o una pluriclasse con minimo di 8 e massimo di 18 alunni; le sezioni staccate di scuola secondaria di I grado costituite con almeno 20 alunni.";2;2;"{""l"": 42.54999924, ""t"": 504.25398746999997, ""r"": 527.22999314, ""b"": 426.4227273614917, ""coord_origin"": ""BOTTOMLEFT""}";4;0;0
atto_21;docling;json;7;DATO_ATTO;DATO_ATTO_2;ISTRUTTORIA;1;"DATO ATTO CHE l'ente ha effettuato un'analisi volta a valutare l'opportunità del mantenimento del PES, tenendo CONTO: della consistenza numerica dell'utenza ATTESA per l'a.s. 2027-2028, sulla base delle nascite del bacino d'utenza del PES e sull'andamento della frequenza nell'ultimo triennio, anche ai fini dell'indicazione del rispetto dei parametri minimi sopra indicati; delle condizioni di sicurezza e delle caratteristiche dell'edificio scolastico presso cui è ubicato il servizio scolastico; -della presenza di eventuali PES, ubicati nel comune e/o in altro comune, che permettano un facile accesso al servizio statale da parte degli alunni, secondo le condizioni di accesso relative alle distanze indicate: - per le scuole dell'infanzia non più di km 5 da percorrere in non più di 15 minuti; - per le scuole primarie da km 5 a km 9 da percorrere in non più di 20 minuti; - per le scuole secondarie di I grado non più di km 10 da percorrere in non più di 30 minuti. CHE il Comune di Mombello Monferrato risulta essere marginale ai sensi della D.G.R. n. 1-10104 del 21.11.2008;";2;2;"{""l"": 42.54999924, ""t"": 322.2660113899999, ""r"": 527.22199753, ""b"": 301.92975021149164, ""coord_origin"": ""BOTTOMLEFT""}";8;1;1
atto_21;docling;json;8;CONSIDERATO;CONSIDERATO_2;MOTIVAZIONE;1;CONSIDERATO che la rete scolastica del Comune di Mombello Monferrato è costituita dal seguente punto di erogazione del servizio di scuola statale, afferente all'Istituto Comprensivo di Cerrina e che gli iscritti all' a.s. 2025-2026, come comunicati dallo stesso Istituto Comprensivo, risultano essere: - Scuola Primaria - n. alunni 18. CHE con nota in DATA 23/06/2024 prot 2710 l'istituto Comprensivo di Cerrina a firma della Dirigente scolastica Prof.ssa Scotti Barbara si è detto favorevole al mantenimento in deroga del plesso sottodimensionato di Mombello Monferrato;3;3;"{""l"": 42.54999924, ""t"": 797.23000065, ""r"": 527.22700241, ""b"": 765.3947427414917, ""coord_origin"": ""BOTTOMLEFT""}";3;1;0
atto_21;docling;json;9;VISTO;VISTO_2;PREAMBOLO_RIFERIMENTI;1;"VISTA la l'analisi di contesto con riferimento all'andamento demografico e all'utenza ATTESA per l'a.s,. 20272028 nonche' alla situazione dell'immobile e alla presenza di altri PES disponibili, allegata alla presente e parte integrante e sostanziale del provvedimento;";3;3;"{""l"": 42.54999924, ""t"": 686.0529987, ""r"": 527.22700241, ""b"": 654.2177407914917, ""coord_origin"": ""BOTTOMLEFT""}";1;1;1
atto_21;docling;json;10;RILEVATO;RILEVATO_1;ISTRUTTORIA_MOTIVAZIONE;1;"RILEVATO che il mantenimento del servizio scolastico per l'a.s. 2027/2028 nel Comune di Mombello Monferrato risulta essere assolutamente necessario, anche in considerazione degli investimenti fatti da questa amministrazione comunale nell'edificio scolastico negli ultimi anni, garantendo altresì un servizio alla popolazione; l'eventuale soppressione provocherebbe infatti un enorme disagio per i residenti nel comune di Mombello Monferrato che si vedrebbero costretti a portare altrove e più lontano i loro bambini;";3;3;"{""l"": 42.54999924, ""t"": 640.55600468, ""r"": 527.22800949, ""b"": 585.7227456714917, ""coord_origin"": ""BOTTOMLEFT""}";1;0;0
atto_21;docling;json;11;RITENUTO;RITENUTO_1;MOTIVAZIONE_VALUTAZIONE;1;RITENUTO, pertanto, di: -individuare, con il presente ATTO, i seguenti punti di erogazione di scuola statale per cui risulta opportuno mantenere attivo il servizio scolastico per l'a.s. 2027-2028, in base ai Criteri approvati dalla Regione Piemonte deliberazione del Consiglio Regionale del Piemonte n. 157-13692 del 9 giugno 2026, concernente i criteri per la programmazione della rete scolastica e dell'offerta formativa per il triennio 2027-2030 -Scuola Primaria - n. alunni 19. - trasmettere la presente Deliberazione alla Provincia di Alessandria, richiedendo l'inserimento dei punti di erogazione del servizio da mantenere in deroga, sopra indicati, nel proprio Piano di revisione e dimensionamento della rete scolastica per l'a.s. 2027-2028.;3;3;"{""l"": 42.54999924, ""t"": 572.0609943, ""r"": 154.80799607, ""b"": 563.2237346314917, ""coord_origin"": ""BOTTOMLEFT""}";4;0;0
atto_21;docling;json;12;DATO_ATTO;DATO_ATTO_3;ISTRUTTORIA;1;"DATO ATTO che contestualmente è stato ACQUISITO il parere favorevole di regolarità amministrativa reso dal vice Segretario Comunale in qualità di Responsabile del Servizio Amministrativo sulla proposta di deliberazione, ai sensi dell'art. 49, 1°comma, del D. Lgs. 18.08.2000 n. 267 e riportato in calce;";3;3;"{""l"": 42.54999924, ""t"": 427.39699283999994, ""r"": 527.22300461, ""b"": 395.5617349314916, ""coord_origin"": ""BOTTOMLEFT""}";1;1;1
atto_21;docling;json;13;DISPOSITIVO_DELIBERA;DISPOSITIVO_DELIBERA;DISPOSITIVO_DELIBERA;0;DELIBERA;3;3;"{""l"": 257.94300461, ""t"": 364.40099064, ""r"": 309.05300460999996, ""b"": 355.5637309714917, ""coord_origin"": ""BOTTOMLEFT""}";1;0;0
atto_22;docling;json;1;RICONOSCIUTO;RICONOSCIUTO_1;MOTIVAZIONE_VALUTAZIONE;1;RICONOSCIUTO legale il numero degli intervenuti, CARETTI DANIELE - Sindaco assume la presidenza e dichiara aperta la seduta per la trattazione dell'oggetto indicato, invitando i presenti a DELIBERARE in merito. Verbale n.60;1;1;"{""l"": 42.54999924, ""t"": 305.45900456000004, ""r"": 247.66099289000002, ""b"": 296.62174489149174, ""coord_origin"": ""BOTTOMLEFT""}";4;0;0
atto_22;docling;json;2;PREMESSO;PREMESSO_1;NARRATIVA_PREMESSA;1;PREMESSO che con deliberazione di Giunta Comunale n. 2 del 17/01/2025 è stato approvato il piano esecutivo di gestione per il periodo 2025-2027, comprensivo del piano dettagliato degli obiettivi;2;2;"{""l"": 42.54999924, ""t"": 771.9320003099999, ""r"": 527.22498825, ""b"": 751.5957410414917, ""coord_origin"": ""BOTTOMLEFT""}";1;0;1
atto_22;docling;json;3;VISTO;VISTO_1;PREAMBOLO_RIFERIMENTI;1;VISTO l'art. 10, comma 1, lettera b) del D. Lgs. 27 ottobre 2009, n. 150, che impone, a conclusione del ciclo annuale di gestione della performance, la redazione di un documento, denominato 'Relazione sulla performance', evidenziante a consuntivo i risultati raggiunti nell'anno precedente rispetto agli obiettivi contenuti nel piano della performance.;2;2;"{""l"": 42.54999924, ""t"": 742.9339992199999, ""r"": 527.22999314, ""b"": 699.5997369414916, ""coord_origin"": ""BOTTOMLEFT""}";1;0;0
atto_22;docling;json;4;VISTO;VISTO_2;PREAMBOLO_RIFERIMENTI;1;VISTO in particolare l'art. 4, comma 2 lettera f) del RICHIAMATO D. Lgs. 150/2009 che prevede, quale ultima fase del ciclo della performance, la rendicontazione dei risultati agli organi di indirizzo politico-amministrativo, nonché ai cittadini, agli utenti e ai destinatari dei servizi.;2;2;"{""l"": 42.54999924, ""t"": 690.93800083, ""r"": 527.22800949, ""b"": 659.1027429214917, ""coord_origin"": ""BOTTOMLEFT""}";1;0;0
atto_22;docling;json;5;VISTO;VISTO_3;PREAMBOLO_RIFERIMENTI;1;"VISTO il regolamento per la misurazione e la valutazione della performance e per l'applicazione del sistema premiale / il Regolamento sull'Ordinamento degli Uffici e dei Servizi che, tra l'altro, ha disciplinato il Ciclo della Performance;";2;2;"{""l"": 42.54999924, ""t"": 650.44099919, ""r"": 527.22800949, ""b"": 618.6057412814916, ""coord_origin"": ""BOTTOMLEFT""}";1;0;0
atto_22;docling;json;6;DATO_ATTO;DATO_ATTO_1;ISTRUTTORIA;1;"DATO ATTO che l'iter di approvazione della Relazione sulla Performance si perfezionerà, ai sensi dell'art. 14 comma 4 lettera c) del D. Lgs. 150/2009, con la validazione della stessa da parte del Nucleo di Valutazione;";2;2;"{""l"": 42.54999924, ""t"": 609.94400517, ""r"": 527.21799973, ""b"": 589.6077459014916, ""coord_origin"": ""BOTTOMLEFT""}";1;0;0
atto_22;docling;json;7;VISTI_PARERI;VISTI_PARERI_1;PARERI_ATTESTAZIONI;0;"VISTI i pareri favorevoli espressi ai sensi dell'art. 49 del D. Lgs n. 267/2000;";2;2;"{""l"": 42.54999924, ""t"": 580.94600407, ""r"": 377.16599777999994, ""b"": 572.1087444014917, ""coord_origin"": ""BOTTOMLEFT""}";1;0;1
atto_22;docling;json;8;DISPOSITIVO_DELIBERA;DISPOSITIVO_DELIBERA;DISPOSITIVO_DELIBERA;0;DELIBERA;2;2;"{""l"": 257.94300461, ""t"": 545.94800297, ""r"": 309.05300460999996, ""b"": 537.1107433014917, ""coord_origin"": ""BOTTOMLEFT""}";1;0;0
atto_23;docling;json;1;RICONOSCIUTO;RICONOSCIUTO_1;MOTIVAZIONE_VALUTAZIONE;1;RICONOSCIUTO legale il numero degli intervenuti, CARETTI DANIELE - Sindaco assume la presidenza e dichiara aperta la seduta per la trattazione dell'oggetto indicato, invitando i presenti a DELIBERARE in merito.;1;1;"{""l"": 42.54999924, ""t"": 269.4590045599999, ""r"": 247.66099289000002, ""b"": 260.62174489149163, ""coord_origin"": ""BOTTOMLEFT""}";3;0;0
atto_23;docling;json;2;UDITO;UDITO_1;ISTRUTTORIA;1;"UDITA la relazione del Presidente;";2;2;"{""l"": 42.54999924, ""t"": 771.9320003099999, ""r"": 195.96099839000001, ""b"": 763.0947406414916, ""coord_origin"": ""BOTTOMLEFT""}";1;0;1
atto_23;docling;json;3;VISTO;VISTO_1;PREAMBOLO_RIFERIMENTI;1;"VISTA la precedente Ordinanza di Demolizione e Ripristino dello stato dei luoghi n. 634 del 28/10/2025, regolarmente notificata al Sig. S.L. con la quale si ingiungeva la demolizione delle opere abusive realizzate senza tuttavia esplicitare la sanzione per mancata ottemperanza; CONSTATATO che sono ampiamente decorsi i 90 giorni assegnati dalla legge e dalla citata ordinanza per l'esecuzione spontanea delle opere di abbattimento, senza che il soggetto obbligato abbia provveduto al ripristino dello stato dei luoghi;";2;2;"{""l"": 42.54999924, ""t"": 754.4329997599999, ""r"": 527.22401169, ""b"": 722.5977418514916, ""coord_origin"": ""BOTTOMLEFT""}";2;0;1
atto_23;docling;json;4;PRESO_ATTO;PRESO_ATTO_1;ISTRUTTORIA;1;PRESO ATTO: che, da una verifica formale degli atti, la suddetta Ordinanza di Demolizione n. 634 non riportava espressamente nel proprio testo l'indicazione della sanzione amministrativa pecuniaria prevista in caso di inottemperanza dall'art. 31, comma 4-bis del D.P.R. 380/2001 di importo compreso tra 2.000 euro e 20.000 euro,;2;2;"{""l"": 42.54999924, ""t"": 673.43900028, ""r"": 527.22498825, ""b"": 630.1047380014917, ""coord_origin"": ""BOTTOMLEFT""}";1;0;0
atto_23;docling;json;5;RICHIAMATO;RICHIAMATO_1;PREAMBOLO_RIFERIMENTI;1;"RICHIAMATO altresì l'art. 31, comma 3, del D.P.R. n. 380/2001, il quale dispone testualmente che: «Se il responsabile dell'abuso non provvede alla demolizione e al ripristino dello stato dei luoghi nel termine di novanta giorni dall'ingiunzione, il bene e l'area di sedime [...] sono ACQUISITI di diritto gratuitamente al patrimonio del comune» ;";2;2;"{""l"": 42.54999924, ""t"": 621.44299809, ""r"": 483.55100753999994, ""b"": 612.6057384214917, ""coord_origin"": ""BOTTOMLEFT""}";2;0;1
atto_23;docling;json;6;CONSIDERATO;CONSIDERATO_1;MOTIVAZIONE;1;"CONSIDERATO che l'effetto acquisitivo della proprietà a favore del Comune opera come sanzione patrimoniale automatica di diritto alla scadenza del termine di 90 giorni, ma che richiede la redazione di un verbale di inottemperanza e la successiva notifica e trascrizione nei registri immobiliari;";2;2;"{""l"": 42.54999924, ""t"": 563.4469958899999, ""r"": 527.22300461, ""b"": 531.6117379814916, ""coord_origin"": ""BOTTOMLEFT""}";1;0;0
atto_23;docling;json;7;RITENUTO;RITENUTO_1;MOTIVAZIONE_VALUTAZIONE;1;RITENUTO doveroso, nel rispetto dei principi di trasparenza, buona fede e corretta informazione al cittadino, procedere a una formale e definitiva diffida integrativa che espliciti chiaramente al trasgressore sia le conseguenze economiche (multa) sia la perdita imminente della proprietà dell'immobile abusivo e della relativa area;2;2;"{""l"": 42.54999924, ""t"": 522.9500018699999, ""r"": 527.22898606, ""b"": 479.61573959149166, ""coord_origin"": ""BOTTOMLEFT""}";1;0;0
atto_23;docling;json;8;VISTI_PARERI;VISTI_PARERI_1;PARERI_ATTESTAZIONI;0;"VISTI i pareri favorevoli espressi sulla proposta della presente deliberazione, sotto il profilo della regolarità tecnica, dal Responsabile dell'Area Tecnica, ai sensi dell'art. 49 del D.Lgs. n. 267/2000 (TUEL); A voti unanimi, espressi nelle forme di legge;";2;2;"{""l"": 42.54999924, ""t"": 470.95399967, ""r"": 527.22498825, ""b"": 450.6177404014917, ""coord_origin"": ""BOTTOMLEFT""}";2;0;1
atto_23;docling;json;9;DISPOSITIVO_DELIBERA;DISPOSITIVO_DELIBERA;DISPOSITIVO_DELIBERA;0;DELIBERA;2;2;"{""l"": 257.94300461, ""t"": 424.45699039999994, ""r"": 311.8360112, ""b"": 415.61973073149164, ""coord_origin"": ""BOTTOMLEFT""}";1;0;0
atto_24;docling;json;1;VISTO;VISTO_1;PREAMBOLO_RIFERIMENTI;1;"VISTA la lettera dell'Associazione sportiva dilettantistica PIOSSASCO TRAIL RUNNERS ASD, con sede legale a Piossasco (TO) in Via Magenta n.1, acclarata al prot.n.0002249 del 29.06.2026, in cui si richiede: di poter svolgere una competizione 'Vertical del Rocciamelone' nella giornata di sabato 12 luglio 2026 o in caso di mal tempo domenica 13 luglio 2026, con partenza davanti al Rifugio La Riposa, di avere il patrocinio del Comune, di accordare autorizzazione all'accesso di strade interpoderali per approntare il percorso e garantirne la sicurezza;";2;2;"{""l"": 42.54999924, ""t"": 633.5970249040626, ""r"": 527.73600534, ""b"": 540.1983174518526, ""coord_origin"": ""BOTTOMLEFT""}";1;0;0
atto_24;docling;json;2;ATTESO;ATTESO_1;MOTIVAZIONE;1;"ATTESO che la succitata associazione sportiva ha richiesto nulla osta per lo svolgimento della manifestazione all'Ente di Gestione Parchi Alpi Cozie e per quanto concerne responsabilità, sicurezza e gestione dell'evento dichiarando quanto segue: La società sportiva è affiliata alla FISKY Federazione Italiana Skyrunning, ed ha iscritta nel calendario nazionale del Coni per il 2026 la competizione sportiva in oggetto; Il numero presunto dei partecipanti alla competizione sportiva è di 200 atleti; La competizione sportiva in oggetto ha carattere competitivo; Alla partenza, durante tutto il percorso e al traguardo, sarà assicurato il regolare svolgimento della competizione con proprio personale appositamente incaricato; Sarà assicurata una costante assistenza sanitaria con presenza di almeno un'ambulanza e di personale medico in grado di intervenire in caso di necessità; La sicurezza degli attraversamenti stradali, sarà garantita da volontari; La sicurezza lungo il tracciato sarà garantita dai volontari del Soccorso Alpino; L'Ente Organizzatore ha provveduto alla verifica dell'intero percorso di gara, con sopralluogo effettuato da proprio personale, e dalla guida alpina responsabile rilevando che le attuali condizioni delle strade interessate sono idonee allo svolgimento della competizione sportiva in oggetto, mantenendo sollevata ed indenne l'Amministrazione Comunale da qualsiasi responsabilità conseguente a sinistri, danni o altro, verificatesi durante o in conseguenza della competizione; La competizione in oggetto è regolarmente assicurata per la responsabilità civile verso terzi, nonché per eventuali danni a cose, comprese le strade e le relative attrezzature, con polizza della Federazione Italiana Skyrunning; La polizza assicurativa verrà attivata 5 giorni prima della DATA della manifestazione e verrà mandata copia via mail;";2;2;"{""l"": 42.54999924, ""t"": 523.2050189840626, ""r"": 527.7289863, ""b"": 485.0023068618526, ""coord_origin"": ""BOTTOMLEFT""}";11;0;0
atto_24;docling;json;3;RILEVATO;RILEVATO_1;ISTRUTTORIA_MOTIVAZIONE;1;"RILEVATO che le linee di governo di questo Comune per il quinquennio 2021/2026 fanno emergere l'indirizzo di convogliare l'impiego delle risorse verso obiettivi tesi allo sviluppo del Paese e al miglioramento della vita dei suoi abitanti. Un reale sviluppo del Paese implica la rivalutazione del senso di comunità e lo sforzo congiunto di privati e istituzioni, con riconoscimento delle fondamenta delle identità storiche e culturali. La responsabilizzazione dei cittadini e delle associazioni è presupposto di servizio al Paese e lo rende compatto e collaborativo, creando solida trama sociale per garantire il futuro;";2;2;"{""l"": 42.54999924, ""t"": 178.2300128840625, ""r"": 527.73600534, ""b"": 84.83130543185257, ""coord_origin"": ""BOTTOMLEFT""}";1;0;0
atto_24;docling;json;4;DATO_ATTO;DATO_ATTO_1;ISTRUTTORIA;1;"DATO ATTO che l'iniziativa sopra menzionata riveste carattere di interesse pubblico generale;";2;2;"{""l"": 42.54999924, ""t"": 67.83804510406253, ""r"": 529.48499826, ""b"": 57.2333335018526, ""coord_origin"": ""BOTTOMLEFT""}";1;0;1
atto_24;docling;json;5;RITENUTO;RITENUTO_1;MOTIVAZIONE_VALUTAZIONE;1;"RITENUTO di dover contribuire alla realizzazione della iniziativa attraverso la concessione del proprio patrocinio e consentendo: l'uso del logo del Comune l'esenzione del pagamento dell'imposta sulle pubbliche affissioni per pubblicizzare l'evento il permesso ad accedere a strade interpoderali, strade bianche nel Comune di Mompantero, con vari mezzi per poter preparare e mettere in sicurezza il tracciato di gara, con vari interventi di manutenzione dal 01/07/2026 al 27/07/2026;";3;3;"{""l"": 42.54999924, ""t"": 768.7370242940625, ""r"": 527.73100046, ""b"": 744.3333119518526, ""coord_origin"": ""BOTTOMLEFT""}";4;0;0
atto_24;docling;json;6;DATO_ATTO;DATO_ATTO_2;ISTRUTTORIA;1;"DATO ATTO che la realizzazione dell'evento non comporta alcuna altra spesa diretta a carico del bilancio comunale;";3;3;"{""l"": 42.54999924, ""t"": 644.5460185940626, ""r"": 527.73399118, ""b"": 620.1423062518527, ""coord_origin"": ""BOTTOMLEFT""}";1;1;1
atto_24;docling;json;7;DATO_ATTO;DATO_ATTO_3;ISTRUTTORIA;1;"DATO ATTO altresì che la concessione del patrocinio non comporta il sorgere in capo all'Amministrazione di obblighi o responsabilità di qualsiasi genere in ordine all'evento patrocinato;";3;3;"{""l"": 42.54999924, ""t"": 603.1490306740625, ""r"": 527.7329841000001, ""b"": 564.9463185518525, ""coord_origin"": ""BOTTOMLEFT""}";1;0;0
atto_24;docling;json;8;CONSIDERATO;CONSIDERATO_1;MOTIVAZIONE;1;"CONSIDERATO che la proposta operativa ha ottenuto il parere favorevole espresso ai sensi dell'art. 49 del D.Lgs. 18.8.2000 n. 267, così come modificato dal D.L. n. 174/2012, in merito alla regolarità tecnica-contabile da parte del Responsabile dell'area amministrativacontabile;";3;3;"{""l"": 42.54999924, ""t"": 547.9530315340626, ""r"": 527.73200754, ""b"": 495.95131962185263, ""coord_origin"": ""BOTTOMLEFT""}";1;0;0
atto_24;docling;json;9;VISTO;VISTO_2;PREAMBOLO_RIFERIMENTI;1;"VISTO l'art. 48 D.Lgs. 18.8.2000 n. 267 che demanda alla G.C. l'ordinaria amministrazione di funzioni e servizi;";3;3;"{""l"": 42.54999924, ""t"": 478.9580211540625, ""r"": 527.7249885, ""b"": 454.5543088118526, ""coord_origin"": ""BOTTOMLEFT""}";1;1;1
atto_24;docling;json;10;DISPOSITIVO_DELIBERA;DISPOSITIVO_DELIBERA;DISPOSITIVO_DELIBERA;0;DELIBERA;3;3;"{""l"": 253.79699326, ""t"": 409.9630260340625, ""r"": 316.48798898999996, ""b"": 399.3583144318526, ""coord_origin"": ""BOTTOMLEFT""}";1;0;0
atto_25;docling;json;1;VISTO;VISTO_1;PREAMBOLO_RIFERIMENTI;1;"VISTA la comunicazione acclarata al prot.n. 2112 del 17/06/2026 della Città Metropolitana di Torino Direzione Istruzione e Sviluppo Sociale relativa a 'Programmazione e dimensionamento della rete scolastica e punti di erogazione in deroga per l'a.s. 2027/2028';";2;2;"{""l"": 56.70000076, ""t"": 717.2540200040626, ""r"": 542.0300110100001, ""b"": 681.0476391940625, ""coord_origin"": ""BOTTOMLEFT""}";1;0;0
atto_25;docling;json;2;DATO_ATTO;DATO_ATTO_1;ISTRUTTORIA;1;"DATO ATTO che la Regione Piemonte ha trasmesso l'ATTO di indirizzo regionale per il triennio aa.ss. 2027/2028-2028/2029-2029/2030 (D.C.R. n. 157-13692 del 09.06.2026), l'Allegato A alla D.G.R. n.2677 del 15.06.2026 recante i criteri e le modalità per la Programmazione della rete scolastica 2027/2028;";2;2;"{""l"": 56.70000076, ""t"": 664.1460259240625, ""r"": 542.02900393, ""b"": 614.6626446840626, ""coord_origin"": ""BOTTOMLEFT""}";1;0;0
atto_25;docling;json;3;VISTO;VISTO_2;PREAMBOLO_RIFERIMENTI;1;"VISTE le soglie numeriche minime prescritte dalla D.G.R. n. 157-13692 del 09.06.2026 necessarie per mantenere aperti i punti di erogazione servizio (p.e.s.) nei Comuni montani o marginali: Scuola dell'infanzia costituiti con almeno 10 bambini;";2;2;"{""l"": 56.70000076, ""t"": 597.7610237840626, ""r"": 542.02299197, ""b"": 574.8316433940626, ""coord_origin"": ""BOTTOMLEFT""}";2;1;1
atto_25;docling;json;4;RICHIAMATO;RICHIAMATO_1;PREAMBOLO_RIFERIMENTI;1;"RICHIAMATI i criteri adottati ai sensi della D.C.R. n. 157-13692 del 09.06.2026 e CONSIDERATO che nel documento si specifica che: 2.3. INTERVENTI DI REVISIONE DELLA RETE SCOLASTICA SU SINGOLI PUNTI DI EROGAZIONE DEL SERVIZIO I Comuni, le Province e la Città metropolitana di Torino possono presentare le seguenti proposte di revisione della rete scolastica riguardanti i singoli PES: Mantenimento in deroga: Mantenimento del funzionamento di PES del I ciclo di istruzione RICONOSCIUTI con codice meccanografico ministeriale, funzionanti nell'a.s. 2026/27 e siti in comuni montani e/o in comuni in situazione di marginalità di cui alla deliberazione della Giunta regionale del 21 novembre 2008, n. 1-10104 PES scuola dell'infanzia con meno di 20 alunni e con una monosezione, purché di almeno 10 bambini. PES scuola primaria con meno di 35 alunni: con almeno una classe intera di non meno di 10 alunni o, in caso di unica pluriclasse, con minimo di 8 e massimo di 18 alunni. PES secondaria di I grado con meno di 40 alunni, e almeno 20 alunni. 2.3.2.e. Mantenimento in deroga PES Il Comune montano e/o marginale: effettua un'analisi volta a valutare l'opportunità del mantenimento del PES, anche TENUTO CONTO delle condizioni di sicurezza e delle caratteristiche dell'edificio scolastico presso cui è ubicato il servizio scolastico; sente l'istituzione scolastica di riferimento, che esprime il proprio parere preferibilmente tramite Deliberazione del Consiglio di istituto; con propria deliberazione di richiesta di mantenimento in deroga del PES, indica: la consistenza numerica dell'utenza ATTESA per l'a.s. 2027/28 sulla base delle nascite del bacino d'utenza del PES e sull'andamento della frequenza nell'ultimo triennio ai fini dell'indicazione del rispetto dei parametri minimi per il mantenimento indicati al precedente paragrafo 2.3 Interventi di revisione della rete scolastica su singoli punti di erogazione del servizio; le condizioni presenti per il mantenimento in deroga sulla base delle seguenti distanze e dei tempi di percorrenza relativi al PES più vicino: per le scuole dell'infanzia: entro km 5 di distanza con un tempo di percorrenza medio in auto di 15 minuti; ◦ per le scuole primarie: da km 5 a km 9 con un tempo di percorrenza medio in auto di 20 minuti; ◦ per le scuole secondarie di I grado: entro km 10 con un tempo di percorrenza medio di 30 minuti. La richiesta di mantenimento in deroga non è valida, e non può essere inserita né nel Piano provinciale né nel Piano regionale, qualora: il Comune non indichi il numero di alunni ATTESI per l'a.s. 2027/28 nel PES per il quale si richiede il mantenimento in deroga; il numero di alunni ATTESI risulti superiore a 20 alunni per la scuola dell'infanzia, a 35 alunni per la scuola primaria, a 40 alunni per la scuola secondaria di I grado14; la richiesta di mantenimento in deroga riguardi un PES non funzionante nell'a.s. 2026/27; la richiesta di mantenimento in deroga non riguardi la sede del PES ma una succursale o aule staccate.";2;3;"{""l"": 56.70000076, ""t"": 544.6530220840625, ""r"": 542.0200012500001, ""b"": 521.7236416940625, ""coord_origin"": ""BOTTOMLEFT""}";21;0;1
atto_25;docling;json;5;DATO_ATTO;DATO_ATTO_2;ISTRUTTORIA;1;"DATO ATTO che sul territorio del Comune di Mompantero è attiva e funzionante per l'a.s. 2025/2026 la Scuola dell'infanzia composta da 1 sezione per un totale di n. 22 alunni;";3;3;"{""l"": 56.70000076, ""t"": 649.4220192740626, ""r"": 542.01899417, ""b"": 626.4926388840626, ""coord_origin"": ""BOTTOMLEFT""}";1;1;0
atto_25;docling;json;6;CONSIDERATO;CONSIDERATO_1;MOTIVAZIONE;1;"CONSIDERATA l'analisi volta a valutare l'opportunità del mantenimento del PES e qui riportata: ANALISI in base ai criteri della DCR volta a valutare l'opportunità del mantenimento del PES In generale si ritiene opportuna la deroga per il mantenimento del suddetto plesso anche per l'a.s. 2027/2028, per la primaria esigenza di mantenere il servizio scolastico come punto di riferimento culturale e di aggregazione della comunità locale; Utenza ATTESA per l'a.s. 2027/2028 - andamento ultimo quinquennio Scuola dell'Infanzia: Iscritti nell'a.s. 2022/2023 n.21 Iscritti nell'a.s. 2023/2024 n.19 Iscritti nell'a.s. 2024/2025 n.20 Iscritti nell'a.s. 2025/2026 n.22 Iscritti nell'a.s. 2026/2027 n.17";3;3;"{""l"": 56.70000076, ""t"": 609.5910256240625, ""r"": 505.68299563000005, ""b"": 599.9386466240625, ""coord_origin"": ""BOTTOMLEFT""}";8;0;0
atto_25;docling;json;7;ATTESO;ATTESO_1;MOTIVAZIONE;1;"ATTESA nell'a.s. 2027/2028 n. 19 bambini residenti più altre eventuali iscrizioni di bambini non residenti provenienti dal limitrofo Comune di Susa (numero consolidato nel tempo) Condizioni di sicurezza e delle caratteristiche dell'edificio scolastico presso cui è ubicato il servizio scolastico; L'edificio scolastico è in buone condizioni ed è stato sottoposto a verifica degli standard di sicurezza e salubrità con DELIBERA di G.C. n. 35 del 31.07.2014 con l'approvazione degli elaborati redatti dall' arch. Luca Braida Bruno. L'edificio è facilmente raggiungibile essendo situato sulla strada provinciale 209; vi è un parcheggio nelle vicinanze e non vi sono barriere architettoniche. PES, ubicati nel comune e/o in altro comune che permettano un facile accesso da parte degli alunni, secondo le condizioni di accesso relative alle distanze indicate: Per le scuole dell'infanzia non più di Km 5 da percorrere in non più di 15 minuti Sul territorio comunale non vi sono altri punti di erogazione scolastica. E' presente sul territorio del Comune di Susa e di Venaus la scuola dell'infanzia, entrambi distanti non più di Km. 5 percorribili in non più di 15 minuti";3;3;"{""l"": 56.70000076, ""t"": 423.7130196340625, ""r"": 542.0250061300001, ""b"": 400.7836392440625, ""coord_origin"": ""BOTTOMLEFT""}";8;0;0
atto_25;docling;json;8;DATO_ATTO;DATO_ATTO_3;ISTRUTTORIA;1;"DATO ATTO che il Comune di Mompantero è un comune montano ed ha il diritto della scuola statale in deroga;";3;3;"{""l"": 56.70000076, ""t"": 144.89600303406257, ""r"": 542.02100833, ""b"": 121.96662264406257, ""coord_origin"": ""BOTTOMLEFT""}";1;1;1
atto_25;docling;json;9;DATO_ATTO;DATO_ATTO_4;ISTRUTTORIA;1;"DATO ATTO che con nota prot. n. 0002118 del 18.06.2026 è stato richiesto il parere all'Istituto Comprensivo Statale di Susa sul mantenimento in deroga della sezione della scuola dell'infanzia di Mompantero, non potendo disporre di un DATO certo sugli iscritti per l'a.s. 2027/2028, CONSIDERATO tuttavia che il numero degli iscritti è sempre stato di 19/20 in quanto frequentano la scuola di Mompantero alunni provenienti da altri Comuni;";3;3;"{""l"": 56.70000076, ""t"": 105.06500938406248, ""r"": 542.02299197, ""b"": 68.85862857406255, ""coord_origin"": ""BOTTOMLEFT""}";1;0;0
atto_25;docling;json;10;VISTO;VISTO_3;PREAMBOLO_RIFERIMENTI;1;"VISTA la comunicazione acclarata al prot. n. 0002237 del 29/06/2026 dell'Istituto Comprensivo di Susa a firma del Dirigente Scolastico, con la quale si comunica che per l'a.s. 2027/2028 non sono previsti accorpamenti di classi o spostamento fisici di classi (allegata al presente ATTO per farne parte integrante);";4;4;"{""l"": 56.70000076, ""t"": 742.3610222640625, ""r"": 542.02698977, ""b"": 692.8776410240625, ""coord_origin"": ""BOTTOMLEFT""}";1;1;1
atto_25;docling;json;11;RITENUTO;RITENUTO_1;MOTIVAZIONE_VALUTAZIONE;1;"RITENUTO di fondamentale importanza il mantenimento della scuola dell'infanzia, in deroga ai criteri previsti per le scuole site in comuni montani e/o in situazioni di marginalità di cui alla D.G.R. 21/11/2008, n. 1 - 10104, per evitare che il territorio venga depauperato dei servizi scolastici con conseguente spopolamento dei comuni montani, il mantenimento delle attività economiche della montagna è strettamente correlato al mantenimento della residenzialità delle famiglie, con i loro valori, con la cura del territorio, elemento indispensabile per l'economia globale delle nostre valli;";4;4;"{""l"": 56.70000076, ""t"": 675.9760201240625, ""r"": 542.02698977, ""b"": 599.9386418440625, ""coord_origin"": ""BOTTOMLEFT""}";1;0;0
atto_25;docling;json;12;VISTO;VISTO_4;PREAMBOLO_RIFERIMENTI;1;"VISTO il d.lgs. 18 agosto 2000, n. 267 e ss. mm. e ii.;";4;4;"{""l"": 56.70000076, ""t"": 583.0370247640625, ""r"": 317.74198611, ""b"": 573.3846457640625, ""coord_origin"": ""BOTTOMLEFT""}";1;1;1
atto_25;docling;json;13;PRESO_ATTO;PRESO_ATTO_1;ISTRUTTORIA;1;"PRESO ATTO che sulla proposta di deliberazione di cui al presente verbale, ex art. 49 del d.lgs. 267/2000, ha espresso parere favorevole il responsabile dell'Area Amministrativa - Contabile, per quanto di propria competenza in ordine alla regolarità tecnica;";4;4;"{""l"": 56.70000076, ""t"": 556.4830239140625, ""r"": 542.02698977, ""b"": 520.2766431040625, ""coord_origin"": ""BOTTOMLEFT""}";1;0;0
atto_25;docling;json;14;DISPOSITIVO_DELIBERA;DISPOSITIVO_DELIBERA;DISPOSITIVO_DELIBERA;0;DELIBERA;4;4;"{""l"": 273.0070076, ""t"": 476.8210213440625, ""r"": 325.72401126000005, ""b"": 467.1686423440625, ""coord_origin"": ""BOTTOMLEFT""}";1;0;0
atto_26;docling;json;1;PREMESSO;PREMESSO_1;NARRATIVA_PREMESSA;1;"PREMESSO che l'art. 10, comma 1, lettera b), del D. Lgs. n. 150/2009 e s.m.i. stabilisce che ogni Ente adotta annualmente un documento denominato ''Relazione sulla Performance', approvato dall'Organo di indirizzo politico-amministrativo e validato dall'Organismo di valutazione, che evidenzia, a consuntivo, con riferimento all'anno precedente, i risultati organizzativi e individuali raggiunti rispetto ai singoli obiettivi programmati, con rilevazione degli eventuali scostamenti;";2;2;"{""l"": 56.70000076, ""t"": 676.3790238140624, ""r"": 542.0300110100001, ""b"": 613.6186459640625, ""coord_origin"": ""BOTTOMLEFT""}";1;0;0
atto_26;docling;json;2;DATO_ATTO;DATO_ATTO_1;ISTRUTTORIA;1;"DATO ATTO che la suddetta Relazione costituisce, altresì, lo strumento mediante il quale l'Amministrazione illustra ai cittadini e agli stakeholder, interni ed esterni, i risultati ottenuti nel corso dell'anno precedente, concludendo in tal modo il ciclo di gestione della performance;";2;2;"{""l"": 56.70000076, ""t"": 596.7170288840624, ""r"": 542.03199466, ""b"": 560.5106480740624, ""coord_origin"": ""BOTTOMLEFT""}";1;0;0
atto_26;docling;json;3;RICHIAMATO;RICHIAMATO_1;PREAMBOLO_RIFERIMENTI;1;"RICHIAMATE le deliberazioni del Consiglio Comunale n.16 del 12.12.2024, con cui è stato approvato il Documento Unico di Programmazione (DUP) 2025-2027, e n.17 del 12.12.2024 con cui è stato approvato il Bilancio di Previsione Finanziario 2025-2027 e relativi allegati' e s.m.i.;";2;2;"{""l"": 56.70000076, ""t"": 543.6090271740625, ""r"": 542.02900393, ""b"": 507.4026463640625, ""coord_origin"": ""BOTTOMLEFT""}";1;0;1
atto_26;docling;json;4;RICHIAMATO;RICHIAMATO_2;PREAMBOLO_RIFERIMENTI;1;"RICHIAMATA pertanto la deliberazione n. 28 del 25.03.2025, con cui la Giunta comunale ha approvato il PIAO 2025-2027 del Comune di Mompantero, nel cui contesto è altresì contemplata la sottosezione di 'Programmazione Performance' (Sezione Valore Pubblico, Performance e Anticorruzione), con riferimento al Piano della Performance 2025-2027 approvato con la succitata deliberazione della Giunta comunale;";2;2;"{""l"": 56.70000076, ""t"": 490.5010254640624, ""r"": 542.03098758, ""b"": 427.7406476140624, ""coord_origin"": ""BOTTOMLEFT""}";1;0;0
atto_26;docling;json;5;ATTESO;ATTESO_1;MOTIVAZIONE;1;"ATTESO che, in DATA 10.06.2026, l'Organismo Comunale di Valutazione ha concluso il processo di valutazione degli obiettivi attinenti alle performance delle posizioni organizzative, riferito allo scorso esercizio;";2;2;"{""l"": 56.70000076, ""t"": 410.83903816406246, ""r"": 542.02201541, ""b"": 374.6326573540625, ""coord_origin"": ""BOTTOMLEFT""}";1;0;0
atto_26;docling;json;6;VISTO;VISTO_1;PREAMBOLO_RIFERIMENTI;1;VISTA la 'Relazione sulla performance anno 2025' redatta dal Segretario Comunale in conformità a quanto disposto dal D. Lgs 150/2009 e s.m.i. sopra citato, allegata al presente ATTO;2;2;"{""l"": 56.70000076, ""t"": 357.73103645406246, ""r"": 542.0250061300001, ""b"": 334.80165606406246, ""coord_origin"": ""BOTTOMLEFT""}";1;0;1
atto_26;docling;json;7;RAVVISATO;RAVVISATO_1;MOTIVAZIONE;1;"RAVVISATA l'opportunità di approvare detta relazione, dando ATTO che dalla stessa emerge che gli obiettivi organizzativi ed individuali, INDIVIDUATI ed assegnati con il Piano delle Performance 2025 alle varie Aree dell'Ente, sono stati raggiunti;";2;2;"{""l"": 56.70000076, ""t"": 317.9000122840624, ""r"": 542.03199466, ""b"": 281.6936314740624, ""coord_origin"": ""BOTTOMLEFT""}";1;0;0
atto_26;docling;json;8;CONSIDERATO;CONSIDERATO_1;MOTIVAZIONE;1;"CONSIDERATO inoltre che la suddetta Relazione, adottata dalla Giunta Comunale, sarà trasmessa all'Organismo Comunale di Valutazione per la validazione finale;";2;2;"{""l"": 56.70000076, ""t"": 264.7920105740625, ""r"": 542.02299197, ""b"": 241.86263018406248, ""coord_origin"": ""BOTTOMLEFT""}";1;0;0
atto_26;docling;json;9;ACQUISITI_PARERI;ACQUISITI_PARERI_1;PARERI_ATTESTAZIONI;0;"ACQUISITI i pareri favorevoli sulla proposta della presente deliberazione, RILASCIATI ai sensi dell'art. 49, comma 1, del D.lgs n. 267/2000 e s.m.i e precisamente: in ordine alla regolarità tecnica dal Segretario Comunale; in ordine alla regolarità contabile dal responsabile del servizio finanziario;";2;2;"{""l"": 56.70000076, ""t"": 224.9610169240625, ""r"": 542.02201541, ""b"": 202.0316365340625, ""coord_origin"": ""BOTTOMLEFT""}";3;0;1
atto_26;docling;json;10;VISTO;VISTO_2;PREAMBOLO_RIFERIMENTI;1;"VISTI: la circolare F.P. del 29.03.2018; il D.Lgs del 18.08.2000 n. 267 e s.m.i.;";2;2;"{""l"": 56.70000076, ""t"": 158.5760071540625, ""r"": 91.3430012, ""b"": 148.9236281540625, ""coord_origin"": ""BOTTOMLEFT""}";3;1;1
atto_26;docling;json;11;DISPOSITIVO_DELIBERA;DISPOSITIVO_DELIBERA;DISPOSITIVO_DELIBERA;0;DELIBERA;3;3;"{""l"": 273.0070076, ""t"": 782.1920235440625, ""r"": 325.72401126000005, ""b"": 772.5396445440625, ""coord_origin"": ""BOTTOMLEFT""}";1;0;0
atto_27;docling;json;1;VISTO;VISTO_1;PREAMBOLO_RIFERIMENTI;1;VISTI i verbali relativi alla seduta consiliare tenutasi in DATA 02-03-2026, di seguito elencate:;2;2;"{""l"": 43.54999924, ""t"": 774.3439738659375, ""r"": 495.75799923999995, ""b"": 764.4741556841193, ""coord_origin"": ""BOTTOMLEFT""}";1;0;0
atto_27;docling;json;2;RITENUTO;RITENUTO_1;MOTIVAZIONE_VALUTAZIONE;1;"RITENUTO di approvare i suddetti verbali;";2;2;"{""l"": 43.54999924, ""t"": 508.1629664859375, ""r"": 260.8459992400001, ""b"": 498.2931483041193, ""coord_origin"": ""BOTTOMLEFT""}";1;0;0
atto_27;docling;json;3;ACQUISITI_PARERI;ACQUISITI_PARERI_1;PARERI_ATTESTAZIONI;0;"ACQUISITO il parere favorevole in ordine alla regolarità tecnica della presente deliberazione reso dal responsabile del servizio interessato ai sensi dell'art. 49 del D. Lgs. 18.08.2000, n. 267; SENTITO l'intervento del Sindaco che dà lettura degli oggetti dei verbali della seduta consiliare del 29/12/2025;";2;2;"{""l"": 43.54999924, ""t"": 480.5649745359375, ""r"": 557.3899992399997, ""b"": 456.8961575241193, ""coord_origin"": ""BOTTOMLEFT""}";2;0;1
atto_27;docling;json;4;DATO_ATTO;DATO_ATTO_1;ISTRUTTORIA;1;"DATO ATTO che i verbali coincidono interamente con le deliberazioni citate ASSUNTE nelle sedute di Consiglio Comunale del 28.07.2025; Con votazione espressa per alzata di mano con il seguente esito proclamato dal Presidente: Favorevoli: n. 9 - Astenuti: n. 1 (Liberanome Nicolino)";2;2;"{""l"": 43.54999924, ""t"": 397.7709681959375, ""r"": 557.38999924, ""b"": 374.1021511841193, ""coord_origin"": ""BOTTOMLEFT""}";3;0;0
atto_27;docling;json;5;DISPOSITIVO_DELIBERA;DISPOSITIVO_DELIBERA;DISPOSITIVO_DELIBERA;0;DELIBERA;2;2;"{""l"": 257.13299179, ""t"": 328.7759730759375, ""r"": 343.82099178999994, ""b"": 318.90615489411925, ""coord_origin"": ""BOTTOMLEFT""}";1;0;0
atto_28;docling;json;1;PREMESSO;PREMESSO_1;NARRATIVA_PREMESSA;1;"PREMESSO , altresì, che l'art. 227, c. 2, D. Lgs. 18/08/2000, n. 267 e l'art. 18, c. 1, lett. b), D. Lgs. 23/6/2011, n. 118, prevedono che gli enti locali deliberano entro il 30 aprile dell'anno successivo il rendiconto della gestione composto dal CONTO del bilancio, dal CONTO economico e dallo stato patrimoniale;";2;2;"{""l"": 43.54999924, ""t"": 451.3509856459375, ""r"": 556.8999992399999, ""b"": 408.630136871089, ""coord_origin"": ""BOTTOMLEFT""}";1;0;0
atto_28;docling;json;2;RILEVATO;RILEVATO_1;ISTRUTTORIA_MOTIVAZIONE;1;"RILEVATO che : con deliberazione della Giunta comunale n. 22 in DATA 09.04.2021, questo Comune ha optato per la facoltà di non tenere la contabilità economico-patrimoniale, come consentito dall'art. 232, c. 2, D. Lgs. 18 agosto 2000, n. 267 pertanto allega al rendiconto una situazione patrimoniale al 31 dicembre 2021 redatta con modalità semplificate 1 ; con la stessa deliberazione questo Comune ha optato per la facoltà di non redigere il bilancio consolidato, come consentito dall'art. 233-bis, c. 3, D.Lgs. 18 agosto 2000, n. 267;";2;2;"{""l"": 43.54999924, ""t"": 382.35898124593746, ""r"": 101.30999924, ""b"": 374.134132761089, ""coord_origin"": ""BOTTOMLEFT""}";3;0;0
atto_28;docling;json;3;PRESO_ATTO;PRESO_ATTO_1;ISTRUTTORIA;1;PRESO ATTO , inoltre, di quanto indicato dalla commissione Arconet nella riunione del 20 gennaio 2021: 'A decorrere dal rendiconto 2020, la validità della DELIBERA inviata alla BDAP concernente la facoltà di cui all'art. 232, comma 2 del TUEL si estende fino all'esercizio in cui l'ente DELIBERA di voler iniziare a tenere la contabilità economico-patrimoniale o in caso di perdita dei presupposti della popolazione per poter esercitare tale facoltà'.;2;2;"{""l"": 43.54999924, ""t"": 261.62298881593745, ""r"": 453.7199992399997, ""b"": 253.39814033108894, ""coord_origin"": ""BOTTOMLEFT""}";2;0;1
atto_28;docling;json;4;RICHIAMATO;RICHIAMATO_1;PREAMBOLO_RIFERIMENTI;1;"RICHIAMATI gli artt. 151, c. 6 e 231, c. 1, del D.Lgs. 18/08/2000, n. 267 i quali prevedono che al rendiconto dell'esercizio sia allegata una relazione sulla gestione da predisporre secondo quanto previsto dall'art. 11, c. 6, del d.Lgs. n. 118/2011;";2;2;"{""l"": 43.54999924, ""t"": 175.38299858593746, ""r"": 556.8899992399995, ""b"": 149.91015091108898, ""coord_origin"": ""BOTTOMLEFT""}";1;0;1
atto_28;docling;json;5;RICHIAMATO;RICHIAMATO_2;PREAMBOLO_RIFERIMENTI;1;"RICHIAMATO , altresì l'articolo 11, comma 6, del d.Lgs. n. 118/2011, il quale così dispone: 6. La relazione sulla gestione allegata al rendiconto è un documento illustrativo della gestione dell'ente, nonché dei fatti di rilievo verificatisi dopo la chiusura dell'esercizio e di ogni eventuale informazione utile ad una migliore comprensione dei DATI contabili. In particolare, la relazione illustra: 1 Si veda il D.M. 12 ottobre 2021 concernente le modalità semplificate di elaborazione della Situazione patrimoniale da allegare al rendiconto degli enti locali con popolazione inferiore a 5.000 abitanti che non tengono la contabilità economico patrimoniale. a) i criteri di valutazione utilizzati; b) le principali voci del CONTO del bilancio; c) le principali variazioni alle previsioni finanziarie intervenute in corso d'anno, comprendendo l'utilizzazione dei fondi di riserva e gli utilizzi delle quote vincolate e accantonate del risultato di amministrazione al 1° gennaio dell'esercizio precedente, distinguendo i vincoli derivanti dalla legge e dai principi contabili, dai trasferimenti, da mutui e altri finanziamenti, vincoli formalmente attribuiti dall'ente; d) l'elenco analitico delle quote vincolate e accantonate del risultato di amministrazione al 31 dicembre dell'esercizio precedente, distinguendo i vincoli derivanti dalla legge e dai principi contabili, dai trasferimenti, da mutui e altri finanziamenti, vincoli formalmente attribuiti dall'ente; d-bis) (...); d-ter) (...); e) le ragioni della persistenza dei residui con anzianità superiore ai cinque anni e di maggiore consistenza, nonché sulla fondatezza degli stessi, compresi i crediti di cui al comma 4, lettera n); f) l'elenco delle movimentazioni effettuate nel corso dell'esercizio sui capitoli di entrata e di spesa riguardanti l'anticipazione, evidenziando l'utilizzo medio e l'utilizzo massimo dell'anticipazione nel corso dell'anno, nel caso in cui il CONTO del bilancio, in deroga al principio generale dell'integrità, espone il saldo al 31 dicembre dell'anticipazione attivata al netto dei relativi rimborsi; g) l'elencazione dei diritti reali di godimento e la loro illustrazione; h) l'elenco dei propri enti e organismi strumentali, con la precisazione che i relativi rendiconti o bilanci di esercizio sono consultabili nel proprio sito internet; i) l'elenco delle partecipazioni dirette possedute con l'indicazione della relativa quota percentuale; j) gli esiti della verifica dei crediti e debiti reciproci con i propri enti strumentali e le società controllate e partecipate. La predetta informativa, asseverata dai rispettivi organi di revisione, evidenzia analiticamente eventuali discordanze e ne fornisce la motivazione; in tal caso l'ente assume senza indugio, e comunque non oltre il termine dell'esercizio finanziario in corso, i provvedimenti necessari ai fini della riconciliazione delle partite debitorie e creditorie; k) gli oneri e gli impegni sostenuti, derivanti da contratti relativi a strumenti finanziari derivati o da contratti di finanziamento che includono una componente derivata; l) l'elenco delle garanzie principali o sussidiarie prestate dall'ente a favore di enti e di altri soggetti ai sensi delle leggi vigenti, con l'indicazione delle eventuali richieste di escussione nei confronti dell'ente e del rischio di applicazione dell'art. 3, comma 17 della legge 24 dicembre 2003, n. 350; m) l'elenco descrittivo dei beni appartenenti al patrimonio immobiliare dell'ente alla DATA di chiusura dell'esercizio cui il CONTO si riferisce, con l'indicazione delle rispettive destinazioni e degli eventuali proventi da essi prodotti; n) gli elementi richiesti dall'art. 2427 e dagli altri articoli del codice civile, nonché da altre norme di legge e dai documenti sui principi contabili applicabili; o) altre informazioni riguardanti i risultati della gestione, richieste dalla legge o necessarie per l'interpretazione del rendiconto.";2;3;"{""l"": 43.54999924, ""t"": 123.63898002593749, ""r"": 403.2099992399997, ""b"": 115.41413154108898, ""coord_origin"": ""BOTTOMLEFT""}";20;0;0
atto_28;docling;json;6;VISTO;VISTO_1;PREAMBOLO_RIFERIMENTI;1;"VISTO il D.M. 12 ottobre 2021 che ha approvato le modalità semplificate di elaborazione della situazione patrimoniale al 31 dicembre 2025 da parte degli enti locali con popolazione inferiore a 5.000 abitanti che rinviano la contabilità economicopatrimoniale;";3;3;"{""l"": 40.84999847, ""t"": 360.92398368593746, ""r"": 554.1899984699994, ""b"": 318.203134911089, ""coord_origin"": ""BOTTOMLEFT""}";1;0;0
atto_28;docling;json;7;VISTO;VISTO_2;PREAMBOLO_RIFERIMENTI;1;"VISTO il D.M. 7 settembre 2020;";3;3;"{""l"": 40.84999847, ""t"": 291.9319487759375, ""r"": 171.38999847, ""b"": 283.7071002910891, ""coord_origin"": ""BOTTOMLEFT""}";1;0;0
atto_28;docling;json;8;PRESO_ATTO;PRESO_ATTO_2;ISTRUTTORIA;1;"PRESO ATTO che : la gestione finanziaria si è svolta in conformità ai principi e alle regole previste in materia di finanza locale e di contabilità pubblica; il Tesoriere comunale ha reso il CONTO della gestione, ai sensi dell'art. 226, D. Lgs. n. 267/2000, debitamente sottoscritto e corredato di tutta la documentazione contabile prevista (reversali di incasso, mandati di pagamento e relativi allegati di svolgimento, ecc.); il responsabile del servizio finanziario ha effettuato la parificazione del CONTO del tesoriere e degli agenti contabili interni, verificando la corrispondenza delle riscossioni e dei pagamenti effettuati durante l'esercizio finanziario 2025 con le risultanze del CONTO del bilancio; con propria deliberazione n. 22 in DATA 16/04/2026, è stato approvato il riaccertamento ordinario dei residui ai sensi dell'art. 3, comma 4, del d.Lgs. n. 118/2011;";3;3;"{""l"": 40.84999847, ""t"": 257.43597709593746, ""r"": 106.09999847, ""b"": 249.21112861108895, ""coord_origin"": ""BOTTOMLEFT""}";5;1;0
atto_28;docling;json;9;VISTO;VISTO_3;PREAMBOLO_RIFERIMENTI;1;"VISTO lo schema del rendiconto della gestione dell'esercizio 2025 redatto secondo lo schema di cui all'allegato 10 al D. Lgs. n. 118/2011 che si allega al presente provvedimento quale parte integrante e sostanziale;";4;4;"{""l"": 43.54999924, ""t"": 815.1339751459375, ""r"": 556.8999992399995, ""b"": 789.661127471089, ""coord_origin"": ""BOTTOMLEFT""}";1;1;1
atto_28;docling;json;10;VISTO;VISTO_4;PREAMBOLO_RIFERIMENTI;1;"VISTA la relazione sulla gestione dell'esercizio 2025, redatta ai sensi dell'art. 11, comma 6, del d.Lgs. n. 118/2011, allegata al presente provvedimento quale parte integrante e sostanziale;";4;4;"{""l"": 43.54999924, ""t"": 763.3899756659375, ""r"": 556.8899992399997, ""b"": 737.917127991089, ""coord_origin"": ""BOTTOMLEFT""}";1;0;0
atto_28;docling;json;11;RITENUTO;RITENUTO_1;MOTIVAZIONE_VALUTAZIONE;1;"RITENUTO di provvedere in merito;";4;4;"{""l"": 43.54999924, ""t"": 711.6459761859375, ""r"": 182.68999924, ""b"": 703.421127701089, ""coord_origin"": ""BOTTOMLEFT""}";1;0;0
atto_28;docling;json;12;VISTO;VISTO_5;PREAMBOLO_RIFERIMENTI;1;"VISTO il D.Lgs. 18/08/2000, n. 267;";4;4;"{""l"": 43.54999924, ""t"": 677.1499816159375, ""r"": 186.88999924, ""b"": 668.925133131089, ""coord_origin"": ""BOTTOMLEFT""}";1;1;1
atto_28;docling;json;13;VISTO;VISTO_6;PREAMBOLO_RIFERIMENTI;1;"VISTO il d.Lgs. n. 118/2011;";4;4;"{""l"": 43.54999924, ""t"": 659.9019805159375, ""r"": 156.88999924, ""b"": 651.677132031089, ""coord_origin"": ""BOTTOMLEFT""}";1;0;0
atto_28;docling;json;14;VISTO;VISTO_7;PREAMBOLO_RIFERIMENTI;1;"VISTO il D.M. 12 ottobre 2021;";4;4;"{""l"": 43.54999924, ""t"": 642.6539794159374, ""r"": 168.54999924, ""b"": 634.4291309310889, ""coord_origin"": ""BOTTOMLEFT""}";1;0;0
atto_28;docling;json;15;VISTO;VISTO_8;PREAMBOLO_RIFERIMENTI;1;"VISTO lo Statuto Comunale;";4;4;"{""l"": 43.54999924, ""t"": 625.4059783159375, ""r"": 155.76999924, ""b"": 617.181129831089, ""coord_origin"": ""BOTTOMLEFT""}";1;0;0
atto_28;docling;json;16;VISTO;VISTO_9;PREAMBOLO_RIFERIMENTI;1;"VISTO il vigente Regolamento comunale di contabilità; Ad unanimità di voti espressi nelle forme di legge,";4;4;"{""l"": 43.54999924, ""t"": 608.1579772259374, ""r"": 263.21999924, ""b"": 599.9331287410889, ""coord_origin"": ""BOTTOMLEFT""}";2;0;0
atto_28;docling;json;17;DISPOSITIVO_DELIBERA;DISPOSITIVO_DELIBERA;DISPOSITIVO_DELIBERA;0;DELIBERA;4;4;"{""l"": 272.85700608, ""t"": 556.4139739259375, ""r"": 327.59700608, ""b"": 548.189125441089, ""coord_origin"": ""BOTTOMLEFT""}";1;0;0
atto_29;docling;json;1;VISTO;VISTO_1;PREAMBOLO_RIFERIMENTI;1;"VISTO il D.L. 9 giugno 2021, n. 80, conv. dalla legge 6 agosto 2021, n. 113, il cui art. 6, primo comma, stabilisce che ' Per assicurare la qualità e la trasparenza dell'attività amministrativa e migliorare la qualità dei servizi ai cittadini e alle imprese e procedere alla costante e progressiva semplificazione e reingegnerizzazione dei processi anche in materia di diritto di accesso, le pubbliche amministrazioni, con esclusione delle scuole di ogni ordine e grado e delle istituzioni educative, di cui all'articolo 1, comma 2, del decreto legislativo 30 marzo 2001, n. 165, con più di cinquanta dipendenti, entro il 31 gennaio di ogni anno adottano il Piano integrato di attività e organizzazione, di seguito denominato Piano, nel rispetto delle vigenti discipline di settore e, in particolare, del decreto legislativo 27 ottobre 2009, n. 150 e della legge 6 novembre 2012, n.190 ';";2;2;"{""l"": 56.70000076, ""t"": 689.4780254240625, ""r"": 541.93199685, ""b"": 554.6823071618526, ""coord_origin"": ""BOTTOMLEFT""}";1;0;0
atto_29;docling;json;2;CONSIDERATO;CONSIDERATO_1;MOTIVAZIONE;1;"CONSIDERATO che il settimo comma del RICHIAMATO art. 6, stabilisce che ' In caso di mancata adozione del Piano trovano applicazione le sanzioni di cui all'articolo 10, comma 5, del decreto legislativo 27 ottobre 2009, n. 150, ferme restando quelle previste dall'articolo 19, comma 5, lettera b), del decreto-legge 24 giugno 2014, n. 90, convertito, con modificazioni, dalla legge 11 agosto 2014, n. 114 ';";2;2;"{""l"": 56.70000076, ""t"": 537.6890201440625, ""r"": 541.93599466, ""b"": 471.88831226185255, ""coord_origin"": ""BOTTOMLEFT""}";1;0;0
atto_29;docling;json;3;TENUTO_CONTO;TENUTO_CONTO_1;ISTRUTTORIA_MOTIVAZIONE;1;"TENUTO CONTO di quanto STABILITO: dal D.P.R. 24 giugno 2022 n.81, con il quale è stato approvato il Regolamento recante individuazione degli adempimenti relativi ai Piani assorbiti dal Piano integrato di attività e organizzazione, il cui art.1, c.1, prevede, per i comuni con più di 50 dipendenti, la soppressione dei seguenti adempimenti, in quanto assorbiti nelle apposite sezioni del Piano integrato di attività e organizzazione (PIAO): Piano dei fabbisogni di personale, di cui all'art. 6, commi 1, 4, 6, e art. 6-ter, D.Lgs. 30 marzo 2001, n. 165; Piano delle azioni concrete, di cui all'art. 60 bis, c. 2, D.Lgs. 30 marzo 2001, n.165; Piano della performance, di cui all'art. 10, c. 1, lett. a) e c. 1-ter, D.Lgs. 27 ottobre 2009, n. 150; Piano Triennale per la Prevenzione della Corruzione e della Trasparenza di cui all'art. 1, commi 5, lett. a) e 60, lett. a), legge 6 novembre 2012, n. 190; Piano organizzativo del lavoro agile, di cui all'art. 14, c. 1, legge 7 agosto 2015, n. 124; Piano di azioni positive, di cui all'art. 48, c. 1, D.Lgs. 11 aprile 2006, n. 198; mentre per le amministrazioni con non più di 50 dipendenti il terzo comma dello stesso articolo, stabilisce che sono TENUTE al rispetto degli adempimenti semplificati come STABILITI da apposito D.M., poi emanato in DATA 30 giugno 2022, di cui alla successiva lett. b), disponendo che per le Amministrazioni TENUTE alla redazione del PIAO, tutti i richiami ai piani sopra elencati - ed ai connessi adempimenti - sono da intendersi riferiti alla corrispondente sezione del PIAO e quindi alla sua approvazione; dal D.M. 30 giugno 2022 n.132, con il quale è stato approvato il Regolamento la definizione del contenuto del Piano Integrato di Attività e Organizzazione, nonché le modalità semplificate per l'adozione dello stesso per gli Enti con meno di 50 dipendenti di cui agli artt. 1, c.2, e 6;";2;2;"{""l"": 56.70000076, ""t"": 454.8950137940625, ""r"": 236.08600381, ""b"": 444.29030219185256, ""coord_origin"": ""BOTTOMLEFT""}";9;0;1
atto_29;docling;json;4;RILEVATO;RILEVATO_1;ISTRUTTORIA_MOTIVAZIONE;1;"RILEVATO che: -con deliberazione del 04.12.2025 n.15, il Consiglio Comunale ha approvato il Documento Unico di Programmazione per il triennio 2026-2028; -con deliberazione del 04.12.2025 n.16, il Consiglio Comunale ha approvato il Bilancio di previsione per il triennio 2026-2028;";2;3;"{""l"": 56.70000076, ""t"": 68.52303503406245, ""r"": 132.73399881, ""b"": 57.918323431852514, ""coord_origin"": ""BOTTOMLEFT""}";3;0;0
atto_29;docling;json;5;RICHIAMATO;RICHIAMATO_1;PREAMBOLO_RIFERIMENTI;1;"RICHIAMATA la deliberazione della G.C. n.26 del 25.03.2026 con la quale è stato approvato il Piano Integrato di Attività e di Organizzazione (PIAO) per triennio 2026-2028;";3;3;"{""l"": 56.70000076, ""t"": 698.2440242640625, ""r"": 541.9240012500001, ""b"": 673.8403119218526, ""coord_origin"": ""BOTTOMLEFT""}";1;0;1
atto_29;docling;json;6;DATO_ATTO;DATO_ATTO_1;ISTRUTTORIA;1;"DATO ATTO che , con decorrenza dal 18.05.2026, è stata INDIVIDUATA una nuova Responsabile dell'Area Tecnica/Manutentiva, titolare di incarico di Elevata Qualificazione, alla quale sono state attribuite le relative funzioni e responsabilità organizzative;";3;3;"{""l"": 56.70000076, ""t"": 656.8470210940625, ""r"": 541.93300393, ""b"": 618.6443089718525, ""coord_origin"": ""BOTTOMLEFT""}";1;0;0
atto_29;docling;json;7;PRESO_ATTO;PRESO_ATTO_1;ISTRUTTORIA;1;PRESO ATTO che sono stati INDIVIDUATI gli obiettivi gestionali da conseguire per l'anno 2026, si rende necessario procedere all'aggiornamento della Sottosezione 2.2 - 'Piano della Performance' del PIAO mediante l'integrazione della scheda di cui all'Allegato A), che costituisce parte integrante e sostanziale del presente provvedimento.;3;3;"{""l"": 56.70000076, ""t"": 601.6510295740625, ""r"": 541.93599466, ""b"": 549.6493176618525, ""coord_origin"": ""BOTTOMLEFT""}";1;0;0
atto_29;docling;json;8;ACQUISITI_PARERI;ACQUISITI_PARERI_1;PARERI_ATTESTAZIONI;0;"ACQUISITI i pareri favorevoli resi ai sensi ai sensi dell'art. 49, comma 1, del D. Lgs. del 18 agosto 2000 n. 267 e s.m.i. e precisamente: -in ordine alla regolarità tecnica dal responsabile dal Segretario Comunale; -in ordine alla regolarità contabile dal responsabile del servizio finanziario";3;3;"{""l"": 56.70000076, ""t"": 532.6560192040625, ""r"": 541.92101053, ""b"": 508.2523068618526, ""coord_origin"": ""BOTTOMLEFT""}";3;0;1
atto_29;docling;json;9;VISTO;VISTO_2;PREAMBOLO_RIFERIMENTI;1;"VISTO: -il decreto legislativo 18 agosto 2000, n. 267, recante 'Testo unico delle leggi sull'ordinamento degli enti locali', ed in particolare gli artt. 6, 7 e 38; -Il vigente Regolamento sull'ordinamento generale degli uffici e dei servizi;";3;3;"{""l"": 56.70000076, ""t"": 477.46003531406257, ""r"": 93.37000039, ""b"": 466.85532371185263, ""coord_origin"": ""BOTTOMLEFT""}";3;1;1
atto_29;docling;json;10;DISPOSITIVO_DELIBERA;DISPOSITIVO_DELIBERA;DISPOSITIVO_DELIBERA;0;DELIBERA;3;3;"{""l"": 266.98199844, ""t"": 380.86701773406253, ""r"": 331.65401223000003, ""b"": 370.2623061318526, ""coord_origin"": ""BOTTOMLEFT""}";1;0;0
atto_30;docling;json;1;PREMESSO;PREMESSO_1;NARRATIVA_PREMESSA;1;"PREMESSO che, con Decreto dell'Assessore Regionale delle Autonomie Locali e della Funzione Pubblica n. 69 del 10/04/2024, è stata fissata, per sabato 08 giugno 2024 e domenica 09 giugno 6 2 2024, la DATA per le elezioni del Sindaco e del Consiglio Comunale di questo Comune. E' stata fissata, altresì, per domenica 23 giugno 2024 e lunedì 24 giugno 2024, la DATA di svolgimento dell'eventuale secondo turno di votazione per l'elezione del sindaco;";1;2;"{""l"": 56.8, ""t"": 110.79200000000003, ""r"": 520.5, ""b"": 76.80799999999999, ""coord_origin"": ""BOTTOMLEFT""}";4;0;0
atto_30;docling;json;2;DATO_ATTO;DATO_ATTO_1;ISTRUTTORIA;1;"DATO ATTO che il relativo manifesto sindacale di convocazione dei comizi elettorali è stato pubblicato all'Albo Pretorio di questo Comune ed in altri luoghi pubblici in DATA 25/04/2024;";2;2;"{""l"": 56.8, ""t"": 719.592, ""r"": 541.7, ""b"": 692.508, ""coord_origin"": ""BOTTOMLEFT""}";1;0;0
atto_30;docling;json;3;RICHIAMATO;RICHIAMATO_1;PREAMBOLO_RIFERIMENTI;1;"RICHIAMATO l'art. 2 della Legge n. 212 del 04/04/1956 e s.m.i., secondo il quale, in ogni Comune, la Giunta Comunale, tra il 33° ed il 30° giorno precedente quello fissato per le consultazioni, è TENUTA a stabilire, in ogni centro abitato, con popolazione residente superiore a 150 abitanti, speciali spazi da destinare all'affissione del materiale di propaganda;";2;2;"{""l"": 56.8, ""t"": 668.192, ""r"": 541.7, ""b"": 613.508, ""coord_origin"": ""BOTTOMLEFT""}";1;0;1
atto_30;docling;json;4;RICHIAMATO;RICHIAMATO_2;PREAMBOLO_RIFERIMENTI;1;"RICHIAMATE, altresì: la Legge n. 147/2013, nella parte relativa alla modifica della normativa prevista sulla affissione manifesti elettorali, prevedendo l'abrogazione del 2° comma dell'art. 1 della Legge n. 212/1956, la quale prevedeva l'assegnazione degli spazi di propaganda elettorale ai fiancheggiatori ed una riduzione del numero di spazi da destinare alle liste che partecipano direttamente alla competizione elettorale; le Leggi 10 dicembre 1993, n. 515 e 22 febbraio 2000, n 28, e loro successive modifiche ed integrazioni;";2;2;"{""l"": 56.8, ""t"": 589.192, ""r"": 150.05200000000005, ""b"": 575.908, ""coord_origin"": ""BOTTOMLEFT""}";3;0;0
atto_30;docling;json;5;VISTO;VISTO_1;PREAMBOLO_RIFERIMENTI;1;"VISTA la Circolare Prefettizia n. 21900 del 17 aprile 2024, avente ad oggetto 'Elezioni amministrative 2024 - Propaganda elettorale e comunicazione politica', nella quale si specifica che ' le giunte comunali ... stabiliscono e delimitano - in ogni centro abitato con popolazione superiore a 150 abitanti e distintamente per ciascuna elezione che avrà luogo nella stessa DATA - gli spazi da destinare alle affissioni di propaganda elettorale dei partiti o gruppi politici che partecipano alle elezioni con liste di candidati. Le giunte comunali dovranno provvedere alla ripartizione degli spazi in tante sezioni quante sono le liste che partecipano alle competizioni elettorali, entro i due giorni successivi alla ricezione delle liste ammesse' ;";2;2;"{""l"": 56.8, ""t"": 444.992, ""r"": 541.8, ""b"": 335.108, ""coord_origin"": ""BOTTOMLEFT""}";1;0;0
atto_30;docling;json;6;VISTO;VISTO_2;PREAMBOLO_RIFERIMENTI;1;"VISTO l'art. 5 della Legge 4 aprile 1956, n. 212, modificata dalla Legge 24 aprile 1975, n. 13;";2;2;"{""l"": 56.8, ""t"": 304.79200000000003, ""r"": 498.9879999999999, ""b"": 291.50800000000004, ""coord_origin"": ""BOTTOMLEFT""}";1;0;0
atto_30;docling;json;7;VISTO;VISTO_3;PREAMBOLO_RIFERIMENTI;1;"VISTA la propria deliberazione n. 60 del 10/05/2024, con la quale sono stati STABILITI e delimitati, ai sensi delle succitate normative, gli spazi per la propaganda elettorale da assegnare alle candidature alla carica di sindaco;";2;2;"{""l"": 56.8, ""t"": 267.192, ""r"": 541.7, ""b"": 226.308, ""coord_origin"": ""BOTTOMLEFT""}";1;0;0
atto_30;docling;json;8;VISTO;VISTO_4;PREAMBOLO_RIFERIMENTI;1;"VISTE le candidature uninominali e le liste di candidati ammesse, secondo l'ordine risultante dal sorteggio, effettuato in DATA 17/05/2024, dalla Commissione Elettorale Circondariale di Caltanissetta, come da verbale n. 29, adottato in pari DATA;";2;2;"{""l"": 56.8, ""t"": 220.79200000000003, ""r"": 541.7, ""b"": 179.90800000000002, ""coord_origin"": ""BOTTOMLEFT""}";1;0;0
atto_30;docling;json;9;VISTO;VISTO_5;PREAMBOLO_RIFERIMENTI;1;"VISTI: gli atti di Programmazione del Consiglio Comunale: il Bilancio di Previsione Annuale 2023 e Pluriennale 2023-2025, esecutivo, approvato con deliberazione consiliare n. 48 del 31/07/2023; il DUP 2023/2025, esecutivo, approvato con deliberazione consiliare n. 47 del 31/07/2023; il PIAO per il triennio 2024/2026, approvato con deliberazione di Giunta Comunale n. 50 del 15/05/2024; la deliberazione di Giunta Comunale n. 85 del 21 agosto 2023, avente per oggetto: 'Piano Esecutivo di Gestione PEG 2023/2025'; la deliberazione di Giunta Comunale n. 173 del 31 dicembre 2019, avente per oggetto: 'Nuova struttura organizzativa'; la Determinazione Sindacale n° 70 del 13/10/2021, recante in oggetto 'Conferma funzioni dirigenziali afferenti la Direzione IV e la Direzione VII', per effetto della quale l'incarico della Direzione Affari Demografici è stato conferito al Dott. Giuseppe Intilla, Dirigente della Direzione VII; il Decreto Sindacale n. 123/2023, di conferimento dell'incarico dirigenziale della Direzione VII, comprendente ad interim i Servizi Demografici, al Dott. Giuseppe Intilla; il vigente Statuto Comunale; l'art. 51 della L. n. 142/90 e s.m.i., così come recepito dalla L.R. n. 48/91 e s.m.i.; il Testo Unico delle Leggi sull'ordinamento degli Enti Locali, approvato con il citato D.Lgs. n. 267/2000 e s.m.i.; la L.R. n. 12/2011 e s.m.i.; il D.P.R. n. 207/2010; la L.R. n. 30/2000 e s.m.i.;";2;3;"{""l"": 56.8, ""t"": 155.59199999999998, ""r"": 82.72, ""b"": 142.308, ""coord_origin"": ""BOTTOMLEFT""}";15;0;0
atto_30;docling;json;10;VISTI_PARERI;VISTI_PARERI_1;PARERI_ATTESTAZIONI;0;"VISTO il parere di regolarità tecnica, attestante la regolarità tecnico-amministrativa, ai sensi degli artt. 49 e 147 bis del succitato D.Lgs. n. 267/2000 (vigente T.U.E.L.), siccome introdotto nell'Ordinamento Regionale, reso dal Responsabile del Servizio Elettorale;";3;3;"{""l"": 56.8, ""t"": 469.492, ""r"": 541.7, ""b"": 428.608, ""coord_origin"": ""BOTTOMLEFT""}";1;0;0
atto_30;docling;json;11;RILEVATO;RILEVATO_1;ISTRUTTORIA_MOTIVAZIONE;1;RILEVATO che il presente provvedimento non necessita di attestazione della copertura finanziaria della spesa in quanto non comporta oneri riflessi diretti o indiretti sulla situazione economicofinanziaria o sul patrimonio dell'Ente,;3;3;"{""l"": 56.8, ""t"": 404.29200000000003, ""r"": 541.7, ""b"": 363.408, ""coord_origin"": ""BOTTOMLEFT""}";1;0;0
atto_30;docling;json;12;DISPOSITIVO_PROPOSTA;DISPOSITIVO_PROPOSTA_1;DISPOSITIVO_PROPOSTA;0;"PROPONE Assegnare gli spazi STABILITI con deliberazione di Giunta Comunale n. 60 del 10/05/2024, in sezioni delle dimensioni di mt. 0,70 di base per mt. 1,00 di altezza, sormontati dalla scritta 'SINDACO', alle seguenti candidature uninominali alla carica di Sindaco, elencate secondo l'ordine STABILITO dal predetto sorteggio: FAILLA ANGELO, nato a Caltanissetta il 16/07/1964, TESAURO WALTER CALOGERO, nato a Caltanissetta il 27/02/1962, GAMBINO ROBERTO, nato a Palermo il 15/02/1962, RIGGI IGNAZIO ANTONIO, nato a Caltanissetta il 03/01/1966, PETITTO ANNALISA MARIA, nata a Catania il 14/12/1977; Dare ATTO che, qualora non fosse possibile destinare un unico spazio per comprendervi il tabellone o riquadro nelle misure prescritte, si procederà ai sensi dell'articolo 2, comma 3, della Legge n. 212 del 4 aprile 1956; Attestare: la regolarità e la correttezza del presente ATTO, ai sensi e per gli effetti di quanto dispone l'art. 147 bis del D.Lgs. n. 267/2000 e s.m.i.; che, in merito al presente ATTO, non vi è conflitto di interessi, ai sensi dell'art. 6 della L.R. n. 7/2019 e dell'art. 6 del D.P.R. n. 62/2013, e che sono state osservate le misure di prevenzione della corruzione previste nella sezione 2.3 ' Rischi corruttivi e trasparenza ' del PIAO per il triennio 2024/2026, approvato con deliberazione di Giunta Comunale n. 50 del 15/04/2024; Dare mandato all'Ufficio Elettorale di trasmettere copia del presente provvedimento, per quanto di rispettiva competenza: -alla Direzione LL.PP. - Servizi Tecnici elettorali, -alla Direzione Polizia Municipale, -alla Prefettura/U.T.G. di Caltanissetta; Provvedere, DATA l'urgenza di assegnare gli spazi elettorali alle liste dei candidati per l'elezione del Consiglio Comunale, a dichiarare la presente deliberazione immediatamente esecutiva, a norma dell'art. 12 della L.R. n. 44/91 e s.m.i.; Pubblicare il presente provvedimento all'Albo Pretorio e sul sito istituzionale del Comune, alla voce 'Amministrazione Trasparente' - sezione provvedimenti - sottosezione provvedimenti organo ad indirizzo politico; Avvertire, ai sensi degli artt. 3, quarto comma, e 5, terzo comma, della Legge 7 agosto 1990, n. 241 e s.m.i., siccome introdotta nell'Ordinamento Regionale, che: Il responsabile del presente procedimento è la dott.ssa Angela Maria Di Gesu - Responsabile della Posizione Organizzativa dei Servizi Demografici, e-mail: a.digesu@comune.caltanissetta.it, giusta D.D. n. 1704 del 19/11/2020; I soggetti titolari del potere sostitutivo del presente provvedimento sono: per il Responsabile del procedimento, il Dirigente dott. Giuseppe Intilla, e-mail: g.intilla@comune.caltanissetta.it, giusta D.S. n. 123 del 22/12/2023; per il Dirigente, il Segretario Generale dell'Ente, Avv. Calogero Ferlisi, e-mail: segretariogenerale@comune.caltanissetta.it, giusta D.S. n. 54 del 21/10/2022; Contro il presente provvedimento è ammesso: ricorso amministrativo in opposizione entro 30 giorni dall'avvenuta pubblicazione o notificazione se prevista;";3;4;"{""l"": 270.9, ""t"": 339.101, ""r"": 324.602, ""b"": 326.924, ""coord_origin"": ""BOTTOMLEFT""}";24;0;0
atto_30;docling;json;13;VISTO;VISTO_6;PREAMBOLO_RIFERIMENTI;1;"VISTA la proposta di deliberazione, come presentata e munita dei pareri favorevoli, previsti dalla L.R. n. 48/91 e dalla L.R. n. 30/2000;";5;5;"{""l"": 56.8, ""t"": 663.1555, ""r"": 541.325, ""b"": 639.432, ""coord_origin"": ""BOTTOMLEFT""}";1;1;0
atto_30;docling;json;14;RITENUTO;RITENUTO_1;MOTIVAZIONE_VALUTAZIONE;1;"RITENUTO dover approvare l'ATTO nello schema PREDISPOSTO senza alcuna variazione;";5;5;"{""l"": 56.8, ""t"": 626.8555, ""r"": 422.1819999999996, ""b"": 615.232, ""coord_origin"": ""BOTTOMLEFT""}";1;0;0
atto_30;docling;json;15;DISPOSITIVO_DELIBERA;DISPOSITIVO_DELIBERA;DISPOSITIVO_DELIBERA;0;DELIBERA;5;5;"{""l"": 270.4, ""t"": 578.4555, ""r"": 325.126, ""b"": 566.832, ""coord_origin"": ""BOTTOMLEFT""}";1;0;0
atto_31;docling;json;1;ACQUISITO;ACQUISITO_1;ISTRUTTORIA;1;ACQUISITA la proposta di deliberazione PREDISPOSTA dal Dirigente proponente, all'esito dell'istruttoria dallo stesso condotta, con il supporto delle articolazioni amministrative di riferimento e previa verifica della regolarità tecnico-amministrativa, ai sensi dell'art.147 bis, comma1, t.u. 267/00 come da parere reso ai sensi dell'art.49, t.u. 267/00 e PRESO ATTO dei fatti e delle circostanze, nonché dei contenuti dei riferimenti documentali, come dal Dirigente stesso rappresentati.;2;2;"{""l"": 56.63900000000001, ""t"": 741.0886999999999, ""r"": 541.4392158559998, ""b"": 626.6208999999997, ""coord_origin"": ""BOTTOMLEFT""}";1;0;0
atto_31;docling;json;2;VISTO;VISTO_1;PREAMBOLO_RIFERIMENTI;1;VISTA la Legge 27 dicembre 2019, n. 160 (Legge di Bilancio 2020) art. 1 commi da 738 a 783.;2;2;"{""l"": 56.63900000000001, ""t"": 596.1288999999996, ""r"": 512.2789832119998, ""b"": 585.2208999999996, ""coord_origin"": ""BOTTOMLEFT""}";1;0;1
atto_31;docling;json;3;VISTO;VISTO_2;PREAMBOLO_RIFERIMENTI;1;VISTE , altresì, tutte le disposizioni del D.Lgs. n. 504/1992, dell'art. 1, commi 161-169, della L. n. 296/2006, direttamente o indirettamente RICHIAMATE dalla L. n. 160/2019.;2;2;"{""l"": 56.638829999999984, ""t"": 575.4886999999995, ""r"": 541.4385959040001, ""b"": 543.8208999999995, ""coord_origin"": ""BOTTOMLEFT""}";1;0;0
atto_31;docling;json;4;VISTO;VISTO_3;PREAMBOLO_RIFERIMENTI;1;VISTA la Deliberazione di Giunta Comunale n. 88 dell'08/06/2010 avente il seguente oggetto 'Approvazione valori di stima delle aree edificabili ai fini del versamento dell'imposta comunale sugli immobili per l'anno 2010' nonché la Deliberazione di Giunta Comunale n. 98 del 24.06.2010, avente per oggetto 'Modifica parziale della deliberazione di G.M. n. 88/2010 Riapprovazione relazione, con i relativi allegati, nonché Tabella Valori aree edificabili del Comune di Trani ai fini dell'imposta ICI anno 2010' .;2;2;"{""l"": 56.63292999999999, ""t"": 534.0886999999994, ""r"": 541.43900836, ""b"": 419.62089999999955, ""coord_origin"": ""BOTTOMLEFT""}";1;0;0
atto_31;docling;json;5;VISTO;VISTO_4;PREAMBOLO_RIFERIMENTI;1;VISTE le Deliberazioni di conferma dei valori di cui alla 'Tabella Valori aree edificabili del Comune di Trani ai fini dell'imposta ICI anno 2010' approvate dalla Giunta Comunale per ogni anno di imposta ICI/ IMU a partire dal 2011 al 2020.;2;2;"{""l"": 56.63850000000002, ""t"": 409.8886999999995, ""r"": 541.4387102519997, ""b"": 357.5806999999996, ""coord_origin"": ""BOTTOMLEFT""}";1;0;0
atto_31;docling;json;6;VISTO;VISTO_5;PREAMBOLO_RIFERIMENTI;1;VISTA la Deliberazione di Consiglio Comunale n. 55 del 26.04.2019 avente il seguente oggetto: 'Mozione ai sensi dell'art. 25 comma 6° e 7° del Regolamento Consiglio Comunale indirizzo per modifica e revisione valori di stima unitari delle aree fabbricabili siti nel Comune di Trani ai fini dell'imposta IMU'.;2;2;"{""l"": 56.63850000000002, ""t"": 347.72889999999956, ""r"": 541.4387371719998, ""b"": 274.78069999999957, ""coord_origin"": ""BOTTOMLEFT""}";1;0;0
atto_31;docling;json;7;VISTO;VISTO_6;PREAMBOLO_RIFERIMENTI;1;VISTA la Deliberazione di Giunta Comunale n. 98 del 20.06.2019 avente il seguente oggetto: 'ATTO di indirizzo per modifica valori minimi di stima unitari delle aree edificabili ai fini dell'imposta IMU' con la quale veniva DATO incarico al Dirigente dell'Area Urbanistica di predisporre una relazione di stima dei valori unitari minimi delle aree edificabili, adeguati agli attuali valori di mercato, anche attraverso la costituzione di un tavolo tecnico con la partecipazione del Dirigente dell'Area Finanziaria e dei rappresentanti degli Ordini Professionali, per eventuali valutazioni e proposte in quanto operanti sul territorio e, quindi, a conoscenza delle problematiche economiche e sociali nonché della attuale situazione del mercato immobiliare e del lavoro.;2;2;"{""l"": 56.632799999999975, ""t"": 264.92889999999966, ""r"": 541.4390653199997, ""b"": 109.18069999999966, ""coord_origin"": ""BOTTOMLEFT""}";1;0;0
atto_31;docling;json;8;PRESO_ATTO;PRESO_ATTO_1;ISTRUTTORIA;1;PRESO ATTO che in DATA 29.05.2019 l'arch. Francesco Gianferrini Dirigente dell'Area IV Urbanistica Demanio Ambiente ha inviato agli Ordini Professionali un invito per la partecipazione al Tavolo tecnico per affrontare le problematiche relative all'IMU aree edificabili.;2;2;"{""l"": 56.638699999999915, ""t"": 99.32889999999975, ""r"": 541.4389226359998, ""b"": 67.78069999999968, ""coord_origin"": ""BOTTOMLEFT""}";1;0;0
atto_31;docling;json;9;CONSIDERATO;CONSIDERATO_1;MOTIVAZIONE;1;"CONSIDERATO che: -in DATA 03.06.2019, l'Assessore al Bilancio del Comune di Trani dott. Luca Lignola ricevute le comunicazioni dagli Ordini Professionali interpellate ha avviato i lavori del Tavolo Tecnico composto da: o arch. Francesco Gianferrini, Dirigente Area IV Urbanistica, Demanio e Ambiente del Comune di Trani, o ing. Giorgio Gramegna delegato dell'Ordine degli Ingegneri della Provincia BAT; o ing. Alessandro Cervino delegato dell'Ordine degli Ingegneri della Provincia BAT; o arch. Giovanni Forlano delegato dell'Ordine degli Architetti PPC della Provincia BAT; o geom. Domenico Ferrante, delegato dell'Ordine dei Geometri della Provincia BAT; o dott. Emanuele Cozzoli, delegato dell'Ordine dei Commercialisti della Provincia BAT; -il Tavolo Tecnico in DATA 29.06.2020, al termine di una fase di studio e confronto, ha redatto una relazione 'per la determinazione di aliquote di riduzione dei valori unitari imponibili per la determinazione dell'imposta sugli immobili IMU' che è parte integrante e sostanziale del presente provvedimento (All. A ), sottoscritta in DATA in DATA 8 gennaio 2021 e trasmessa con pec in pari DATA al Dirigente della 2 a Area Economica Finanziaria e all'Assessore al ramo.";3;3;"{""l"": 56.63900000000001, ""t"": 761.5249, ""r"": 146.63901368000003, ""b"": 750.8208999999999, ""coord_origin"": ""BOTTOMLEFT""}";9;0;0
atto_31;docling;json;10;CONSIDERATO;CONSIDERATO_2;MOTIVAZIONE;1;CONSIDERATO altresì che i valori delle aree edificabili dal 2010 ad oggi non sono stati oggetto di revisione e non hanno subito alcuna variazione e/o modificazione.;3;3;"{""l"": 56.638720000000035, ""t"": 389.48889999999955, ""r"": 541.4387728000002, ""b"": 357.8210999999996, ""coord_origin"": ""BOTTOMLEFT""}";1;0;0
atto_31;docling;json;11;ANALIZZATO;ANALIZZATO_1;ISTRUTTORIA_VALUTAZIONE;1;ANALIZZATA , pertanto, la relazione illustrativa redatta dai membri del Tavolo Tecnico sottoscritta in DATA 08.01.2021 e riportata in allegato A alla presente, che dopo un'analisi del territorio urbano e dello strumento urbanistico vigente (PUG 2009) ha proposto alcuni criteri di determinazione dei valori delle aree edificabili, aggiuntivi a quelli attualmente in vigore, al fine di ricondurre i valori delle stesse ad una maggiore aderenza alla reale capacità edificatoria. I suddetti criteri, elencati in allegato 1 alla Relazione, sono di seguito riportati: <<Criterio 1 - Minore dotazione di standard e urbanizzazioni primarie Si sono INDIVIDUATE quattro fasce di territorio parallele alla costa ciascuna con una aliquota di riduzione crescente man mano che ci si allontana dalla stessa. I confini delle suddette fasce territoriali sono INDIVIDUATI dalla rete ferroviaria, la SS.16 bis, Via Duchessa d'Andria - Via I Capirro e le SP 13 e 168 applicando una aliquota di riduzione da 0 al 25%, in funzione della fascia di appartenenza (si veda allegato 1). Inoltre, si è inviduata una quinta porzione di territorio denominata 'Periferie del PUG' che ricomprende al suo interno le microzone C2a, C2b, C4, C11, D3b e l'area ovest del Carcere (Maglie D1e -5 -6- 7-8, Ds.ad/9-10-11-14-15, D1/20). Per questa porzione di territorio si propone una aliquota di riduzione del 30%. Infine, si propone una riduzione specifica pari al 35% per le zone ZRT e AS. Criterio 2 - Dimensioni del comparto con obbligo di PUE;3;4;"{""l"": 56.63864000000001, ""t"": 348.08889999999957, ""r"": 541.4388592399998, ""b"": 254.38089999999966, ""coord_origin"": ""BOTTOMLEFT""}";8;0;1
atto_31;docling;json;12;DISPOSITIVO_PROPOSTA;DISPOSITIVO_PROPOSTA_1;DISPOSITIVO_PROPOSTA;0;"Si propone una aliquota di riduzione variabile dallo 0% al 35% in funzione della superficie del comparto. ... da XXS a XXL ; si applica la riduzione in relazione all'ampiezza della maglia (vedi allegato I relazione). Criterio 3 - Presenza di Vincolo Idrogeologico PAI - ADB Sono stati INDIVIDUATI i Comparti su cui grava la presenza di un vincolo idrogeologico PAI (Cp/2, Cp/4, Cp/6, Cp7, Cp11 e Cp/43) e per ciascuno di essi è stata calcolata l'incidenza della superficie interessata dal vincolo rispetto a quella complessiva del comparto. In funzione di tale incidenza (con un coefficiente moltiplicativo pari a 0,5 e arrotondando il valore all'intero) si sono attribuite le relative aliquote di riduzione che variano dal 10% al 29% per i suoli facenti parte di comparti interessati da detti vincoli. Per i suoli ad intervento diretto e quindi non ricompresi all'interno dei Comparti di cui sopra, l'aliquota di riduzione sarà calcolata in funzione dell'incidenza della superficie interessata dal vincolo rispetto a quella complessiva del suolo in questione. In funzione di tale incidenza (con un coefficiente moltiplicativo 0,5 e arrotondando il valore all'intero) il contribuente potrà calcolare la relativa aliquota di riduzione spettante. Criterio 4 - Presenza di ulteriori vincoli diversi da quello idrogeologico Analogamente a quanto esposto al criterio precedente per tutti i suoli compresi all'interno di Comparti edificatori sui quali Comparti grava un qualsivoglia vincolo di inedificabilità parziale o assoluta (ad esempio Art. 142 Codice dei Beni Culturali e del Paesaggio - Territori Costieri entro i 300 m, fasce di rispetto da vincoli puntuali, fasce di rispetto stradale e ferroviarie, fascia di rispetto cimiteriale, cave con profondità maggiore o uguale a 5m dalla viabilità più vicina...) si propone una aliquota di riduzione calcolata in funzione dell'incidenza della superficie interessata dal vincolo rispetto a quella complessiva del comparto. In funzione di tale incidenza (con un coefficiente moltiplicativo 0,5 e arrotondando il valore all'intero) il contribuente potrà calcolare la relativa aliquota di riduzione spettante. Si propone, infine, che tale riduzione venga applicata anche per i suoli non ricompresi all'interno di Comparti edificatori, con la differenza che in tal caso l'aliquota di riduzione sia calcolata in funzione dell'incidenza della superficie interessata dal vincolo rispetto a quella complessiva del suolo in questione. In funzione di tale incidenza (con un coefficiente moltiplicativo 0,5 e arrotondando il valore all'intero) il contribuente potrà calcolare la relativa aliquota di riduzione spettante. Tali riduzioni si intendono come aggiuntive rispetto a quelle già previste dall'Ing. dell'Oglio, che sono attualmente in uso. Per non gravare oltremodo sugli equilibri del bilancio comunale, il Tavolo Tecnico ha convenuto sull'opportunità di prevedere comunque una aliquota massima di riduzione pari al 50%, da applicarsi in presenza di una sommatoria più elevata delle singole aliquote godibili. L'applicabilità della riduzione dovrà essere certificata da tecnico abilitato che asseveri la rispondenza ai criteri di cui sopra.>>";4;5;"{""l"": 70.79919999999993, ""t"": 699.6886999999998, ""r"": 541.439176432, ""b"": 668.0208999999998, ""coord_origin"": ""BOTTOMLEFT""}";9;0;0
atto_31;docling;json;13;PRESO_ATTO;PRESO_ATTO_2;ISTRUTTORIA;1;PRESO ATTO della persistente crisi economica, amplificata dalla pandemia iniziata nei primi mesi del 2020 a causa del virus Covid 19, attualmente ancora in ATTO, che ha pesantemente influito sulla situazione economica e occupazionale del territorio, con la perdita di numerosi posti di lavoro e chiusura di diverse attività imprenditoriali.;5;5;"{""l"": 56.63900000000004, ""t"": 616.8886999999996, ""r"": 541.4393578559999, ""b"": 543.8208999999995, ""coord_origin"": ""BOTTOMLEFT""}";1;1;0
atto_31;docling;json;14;CONSIDERATO;CONSIDERATO_3;MOTIVAZIONE;1;CONSIDERATO che ai sensi dell'art. 8, comma 2, del vigente Regolamento di disciplina dell'IMU, approvato con Deliberazione di Consiglio Comunale nr. 68 del 10.9.2020, al solo fine di semplificare gli adempimenti a carico del contribuente e per orientare l'attività di controllo degli uffici, la Giunta Comunale approva, periodicamente e per zone omogenee, i valori di riferimento delle aree edificabili site nel territorio comunale.;5;5;"{""l"": 56.638900000000035, ""t"": 534.0886999999994, ""r"": 541.4391440799999, ""b"": 440.38069999999954, ""coord_origin"": ""BOTTOMLEFT""}";1;1;0
atto_31;docling;json;15;ESAMINATO;ESAMINATO_1;ISTRUTTORIA_VALUTAZIONE;1;ESAMINATA la relazione PREDISPOSTA dal Tavolo Tecnico, si ritengono applicabili le riduzioni previste dal: - Criterio n. 1 - Minore dotazione di standard e urbanizzazione primaria , in base al quale sono state INDIVIDUATE quattro fasce così come determinate nell'allegato II alla Relazione, ma nella FASCIA 4 è stata ricompresa anche l'area ricadente nel PUG in zona AL - microzona C/10 del foglio 75, con aliquota di riduzione che varia da 0% a 25%.;5;5;"{""l"": 56.63280000000003, ""t"": 430.6484999999995, ""r"": 541.438783812, ""b"": 398.98029999999954, ""coord_origin"": ""BOTTOMLEFT""}";2;0;1
atto_31;docling;json;16;DISPOSITIVO_PROPOSTA;DISPOSITIVO_PROPOSTA_2;DISPOSITIVO_PROPOSTA;0;"Si propone inoltre di applicare la riduzione del 25%, non solo per l'area ovest del Carcere (Maglie D1e -5 -6- 7-8, Ds.ad/9-10-11-14-15, D1/20), ma per tutte le aree ricadenti nel vigente PUG in zona D - Produttiva, definendola 'Zona Produttiva', a prescindere dalla fascia di appartenenza e precisando che, le riduzioni all'interno dello stesso criterio non sono cumulabili tra loro. La zona definita 'Periferie del PUG' sarà costituita dalle aree ricadenti nelle microzone C2a, C2b e C4, a cui potrà essere applicata una riduzione del 30%. Le aree ricadenti in zona AS e ZRT ricadendo nelle FASCE 3 e 4, alle quali spetta una riduzione che varia dal 20% al 25%, considerando che nella 'Tabella Unica dei valori delle aree fabbricabili al 01/01/2010' dette aree scontano già una riduzione del 35%, in quanto soggette a PUE, sommando le due riduzioni si raggiunge la riduzione massima applicabile del 50%. Si evidenzia in merito che, rispetto alla proposta ricevuta dal Tavolo Tecnico, sono state ampliate le fasce di riduzione, attuando un criterio uniforme per i terreni ricadenti in area D produttiva, evitando una sperequazione di riduzione per aree aventi la stessa destinazione urbanistica. Le singole riduzioni previste all'interno del Criterio n. 1 non sono cumulabili tra loro, resta salva la cumulabilità con le riduzioni già vigenti e quelle del Criterio n. 2, sempre nel limite massimo complessivo del 50%. - Criterio n. 2 - Dimensioni Comparto con obbligo di PUE -, si applicano le riduzioni così come specificato nell'Allegato I alla Relazione Tecnica. - Criteri n. 3 e 4. Diversamente, non si ritengono applicabili i criteri indicati ai punti 3 e 4 della Relazione Tecnica, in quanto il meccanismo di riduzione, non solo rende complessa la fase di verifica, ma soprattutto, gli effetti dei vincoli avrebbero una incidenza sulla capacità edificatoria dei terreni diversa a seconda delle particolarità urbanistiche del terreno e della sua localizzazione, ciò creerebbe una oggettiva difficoltà nell'adottare un criterio univoco di valutazione. Ad esempio: le aree interessate dal vincolo idrogeologico PAI e/o da altri vincoli, che ricadono in comparti soggetti a PUE, possono perequare la volumetria espressa all'interno dell'area dell'intero comparto, senza perdere la propria capacità edificatoria a causa del vincolo; in tali particolari situazioni, il contribuente potrà comunque avvalersi degli istituiti deflattivi del contenzioso (autotutela, accertamento con adesione, ecc.), definendo in contradditorio con l'Ufficio l'eventuale incidenza del vincolo.";5;6;"{""l"": 70.79862938000008, ""t"": 305.60829999999953, ""r"": 541.4388523399999, ""b"": 212.02069999999958, ""coord_origin"": ""BOTTOMLEFT""}";9;1;0
atto_31;docling;json;17;RITENUTO;RITENUTO_1;MOTIVAZIONE_VALUTAZIONE;1;RITENUTO che le predette riduzioni sono cumulabili con quelle già STABILITE dalla 'Tabella Unica dei valori delle aree fabbricabili al 01/01/2010', nel limite massimo complessivo del 50% di riduzione applicabile alle singole fattispecie.;6;6;"{""l"": 56.638900000000035, ""t"": 366.8086999999996, ""r"": 541.43920648, ""b"": 314.5006999999996, ""coord_origin"": ""BOTTOMLEFT""}";1;0;0
atto_31;docling;json;18;PRESO_ATTO;PRESO_ATTO_3;ISTRUTTORIA;1;PRESO ATTO che ai sensi dell'art.49 del D.Lgs n.267/2000, come da allegato prospetto, sono stati espressi i pareri attestanti la regolarità tecnica e contabile.;6;6;"{""l"": 56.638900000000035, ""t"": 304.6488999999997, ""r"": 541.4389882160001, ""b"": 273.10069999999973, ""coord_origin"": ""BOTTOMLEFT""}";1;1;1
atto_31;docling;json;19;DISPOSITIVO_DELIBERA;DISPOSITIVO_DELIBERA;DISPOSITIVO_DELIBERA;0;DELIBERA;6;6;"{""l"": 266.1590000000001, ""t"": 201.00469999999973, ""r"": 331.7992126400002, ""b"": 190.30069999999967, ""coord_origin"": ""BOTTOMLEFT""}";1;0;0
atto_32;docling;json;1;PREMESSO;PREMESSO_1;NARRATIVA_PREMESSA;1;"PREMESSO che tra gli obiettivi strategici dell'Amministrazione Comunale vi è quello di incentivare ogni iniziativa/attività tesa alla promozione e alla valorizzazione del territorio, favorendo la crescita sociale e culturale della comunità locale, nella convinzione che le attività artistiche, culturali e musicali abbiano, oltre che una marcata valenza di attrazione turistico-culturale, anche una forte valenza sul piano dello sviluppo socio-economico;";2;2;"{""l"": 42.54999924, ""t"": 609.60199617, ""r"": 555.8019992399999, ""b"": 544.5361759781817, ""coord_origin"": ""BOTTOMLEFT""}";1;0;0
atto_32;docling;json;2;CONSIDERATO;CONSIDERATO_1;MOTIVAZIONE;1;"CONSIDERATO che con nota ACQUISITA al protocollo generale dell'Ente in DATA 01/04/2026 prot. n. 24080 l'Associazione Culturale Musica Cultura e Territorio ha chiesto a questa Amministrazione un contributo economico di Euro 2.000,00 a parziale copertura delle spese occorrenti per la realizzazione della terza edizione del 'Musica Italia Grand Prize', in programma a Campobasso dal 13 al 19 Aprile 2026, da destinare a n. 2 borse di studio da assegnare nella sezione 'Grand Prize';";2;2;"{""l"": 42.54999924, ""t"": 526.8080050799999, ""r"": 555.78999924, ""b"": 461.74218488818167, ""coord_origin"": ""BOTTOMLEFT""}";1;0;0
atto_32;docling;json;3;VISTO;VISTO_1;PREAMBOLO_RIFERIMENTI;1;"VISTO il preventivo spese relativo alla realizzazione della predetta iniziativa, pari all'importo di euro 50.000,00, di cui alla suindicata nota prot. n. 24080;";2;2;"{""l"": 42.54999924, ""t"": 444.01399874, ""r"": 555.80199924, ""b"": 420.3451817281818, ""coord_origin"": ""BOTTOMLEFT""}";1;0;1
atto_32;docling;json;4;DATO_ATTO;DATO_ATTO_1;ISTRUTTORIA;1;"DATO ATTO che il 'Musica Italia Grand Prize' è un concorso internazionale di esecuzione musicale, aperto alla partecipazione di musicisti di tutte le età e nazionalità e a concorrenti di tutte le formazioni fino a un massimo di 6 elementi;";2;2;"{""l"": 42.54999924, ""t"": 402.61699555999996, ""r"": 555.8019992400001, ""b"": 365.1491787581818, ""coord_origin"": ""BOTTOMLEFT""}";1;0;0
atto_32;docling;json;5;CONSIDERATO;CONSIDERATO_2;MOTIVAZIONE;1;"CONSIDERATO che la manifestazione è volta a dare un forte impulso alla crescita tecnica, artistica e professionale sia dei giovani talent che dei musicisti professionisti della musica classica, in cerca di nuove possibilità e di nuovi circuiti in cui accreditarsi, aumentando l'ampiezza del loro network professionale;";2;2;"{""l"": 42.54999924, ""t"": 347.42101167999994, ""r"": 555.78999924, ""b"": 309.95319487818176, ""coord_origin"": ""BOTTOMLEFT""}";1;1;0
atto_32;docling;json;6;TENUTO_CONTO;TENUTO_CONTO_1;ISTRUTTORIA_MOTIVAZIONE;1;"TENUTO CONTO che 'Perfezione tecnica, qualità interpretative, capacità di fraseggio, presenza scenica, comunicativa, empatia, abilità nel concepire programmi musicali interessanti' sono le qualità principali su cui si baseranno le valutazioni tecniche delle prestigiose Giurie del Musica Italia;";2;2;"{""l"": 42.54999924, ""t"": 292.2249972699999, ""r"": 555.80199924, ""b"": 254.7571804681818, ""coord_origin"": ""BOTTOMLEFT""}";1;0;1
atto_32;docling;json;7;PRESO_ATTO;PRESO_ATTO_1;ISTRUTTORIA;1;"PRESO ATTO che il concorso si avvale del partenariato della Regione Molise, del Conservatorio Statale di Musica 'L. Perosi', del Convitto Nazionale 'M. Pagano' e di sponsor privati;";2;2;"{""l"": 42.54999924, ""t"": 237.02901339000005, ""r"": 555.80199924, ""b"": 213.36019637818185, ""coord_origin"": ""BOTTOMLEFT""}";1;0;0
atto_32;docling;json;8;DATO_ATTO;DATO_ATTO_2;ISTRUTTORIA;1;"DATO ATTO della rilevanza culturale e artistica dell'iniziativa in questione avente anche una funzione di promozione del territorio;";2;2;"{""l"": 42.54999924, ""t"": 195.63197968999998, ""r"": 555.80199924, ""b"": 171.9631626781818, ""coord_origin"": ""BOTTOMLEFT""}";1;1;0
atto_32;docling;json;9;CONSIDERATO;CONSIDERATO_3;MOTIVAZIONE;1;"CONSIDERATO che l'art. 5, lett. b ) , del Regolamento comunale per la concessione di sovvenzioni, contributi e attribuzioni di vantaggi economici consente l'intervento finanziario del Comune 'per l'effettuazione di manifestazioni, iniziative e progetti di interesse diretto del Comune o comunque relative alla cittadinanza del Capoluogo';";2;2;"{""l"": 42.54999924, ""t"": 154.23500704000003, ""r"": 555.80199924, ""b"": 102.96819045818177, ""coord_origin"": ""BOTTOMLEFT""}";1;1;0
atto_32;docling;json;10;VISTO;VISTO_2;PREAMBOLO_RIFERIMENTI;1;"VISTO l'art. 5, lett. e), del precitato Regolamento comunale, modificato con DELIBERA di C.C. n. 51 del 9/10/2003, che prevede che l'intervento del Comune per le concessioni di cui alla suddetta lett. b) 'può riguardare massimo il 30% della spesa preventivata per la manifestazione, l'iniziativa o il progetto' e che 'il contributo non può in ogni caso essere superiore alla differenza tra le spese sostenute ed i ricavi conseguiti';";2;3;"{""l"": 42.54999924, ""t"": 85.24001192000003, ""r"": 555.7899992400002, ""b"": 61.57119490818184, ""coord_origin"": ""BOTTOMLEFT""}";2;1;1
atto_32;docling;json;11;RITENUTO;RITENUTO_1;MOTIVAZIONE_VALUTAZIONE;1;"RITENUTO che tale iniziativa rientra nelle finalità istituzionali dell'Ente in quanto mira a conseguire l'interesse della collettività cittadina, conformemente all'art. 1, n. 5, dello Statuto Comunale, ai sensi del quale il Comune si impegna a promuovere e sviluppare la cultura come fattore di identità cittadina e regionale molisana ed è perfettamente coerente con gli scopi che si propone di realizzare l'Assessorato alla Cultura;";3;3;"{""l"": 42.54999924, ""t"": 740.99500154, ""r"": 562.9419992400002, ""b"": 675.9291813481817, ""coord_origin"": ""BOTTOMLEFT""}";1;0;0
atto_32;docling;json;12;RITENUTO;RITENUTO_2;MOTIVAZIONE_VALUTAZIONE;1;"RITENUTO , altresì, che la partecipazione dell'Ente alla realizzazione di iniziative culturali di particolare rilievo artistico e mediatico rappresenta un efficace strumento di promozione dell'immagine della città e di sostegno alle attività culturali del territorio;";3;3;"{""l"": 42.54999924, ""t"": 658.2009952000001, ""r"": 562.9419992400001, ""b"": 620.7331783981818, ""coord_origin"": ""BOTTOMLEFT""}";1;0;0
atto_32;docling;json;13;RITENUTO;RITENUTO_3;MOTIVAZIONE_VALUTAZIONE;1;"RITENUTO , in considerazione della rilevanza di detta iniziativa, di prevedere un contributo di euro 2.000,00 per la realizzazione della terza edizione del 'Musica Italia Grand Prize', in programma a Campobasso dal 13 al 19 Aprile 2026, a cura dell'Associazione Culturale Musica Cultura e Territorio;";3;3;"{""l"": 42.54999924, ""t"": 603.00499605, ""r"": 555.80199924, ""b"": 565.5371792481818, ""coord_origin"": ""BOTTOMLEFT""}";1;0;0
atto_32;docling;json;14;RITENUTO;RITENUTO_4;MOTIVAZIONE_VALUTAZIONE;1;"RITENUTO , inoltre, di demandare al Responsabile del Servizio l'assunzione dell'impegno di spesa di euro 2.000,00 sul Capitolo 4660 - Bilancio 2026 - 'Contributi ad Enti Teatrali Istituti ed Associazioni per Finalità Culturali e Musicali';";3;3;"{""l"": 42.54999924, ""t"": 547.80899691, ""r"": 555.78999924, ""b"": 510.3411801081818, ""coord_origin"": ""BOTTOMLEFT""}";1;0;0
atto_32;docling;json;15;RITENUTO;RITENUTO_5;MOTIVAZIONE_VALUTAZIONE;1;"RITENUTO , poi, di erogare la predetta somma a iniziativa avvenuta e previa presentazione della rendicontazione delle spese sostenute;";3;3;"{""l"": 42.54999924, ""t"": 492.6129977599999, ""r"": 555.8019992399999, ""b"": 468.94418074818174, ""coord_origin"": ""BOTTOMLEFT""}";1;0;0
atto_32;docling;json;16;VALUTATO;VALUTATO_1;MOTIVAZIONE_VALUTAZIONE;1;"VALUTATI gli aspetti sostanziali della presente deliberazione, il Dirigente del Settore competente a rilasciare il parere di regolarità tecnica ai sensi dell'art. 49, comma 1, del D. Lgs. n.267/00, dichiara che la stessa comporta riflessi diretti sul bilancio e sulla situazione economica e finanziaria dell'Ente;";3;3;"{""l"": 42.54999924, ""t"": 451.21599459, ""r"": 555.8019992399998, ""b"": 413.7481777881818, ""coord_origin"": ""BOTTOMLEFT""}";1;0;1
atto_32;docling;json;17;VISTI_PARERI;VISTI_PARERI_1;PARERI_ATTESTAZIONI;0;"VISTI i pareri favorevoli di regolarità tecnica e contabile resi ai sensi dell'art. 49 del D.Lgs. 267/2000;";3;3;"{""l"": 42.54999924, ""t"": 396.02001069999994, ""r"": 532.3899992400001, ""b"": 386.15019251818177, ""coord_origin"": ""BOTTOMLEFT""}";1;0;1
atto_32;docling;json;18;VISTO;VISTO_3;PREAMBOLO_RIFERIMENTI;1;"VISTO il vigente Statuto comunale;";3;3;"{""l"": 42.54999924, ""t"": 368.42198823999996, ""r"": 210.18999924000005, ""b"": 358.5521700581818, ""coord_origin"": ""BOTTOMLEFT""}";1;1;0
atto_32;docling;json;19;VISTO;VISTO_4;PREAMBOLO_RIFERIMENTI;1;"VISTO il D.Lgs. n. 267/2000 e s.m.i.;";3;3;"{""l"": 42.54999924, ""t"": 340.8239963, ""r"": 218.87799924000007, ""b"": 330.9541781181818, ""coord_origin"": ""BOTTOMLEFT""}";1;0;0
atto_32;docling;json;20;VISTO;VISTO_5;PREAMBOLO_RIFERIMENTI;1;"VISTA la Deliberazione di Giunta Comunale n. 105 del 13/04/2022 avente ad oggetto: ""Svolgimento delle sedute di Giunta Comunale in audioconferenza, videoconferenza e/o teleconferenza. Aggiornamento linee guida approvate con DELIBERA di Giunta Comunale n. 59 del 09/03/2020"".";3;3;"{""l"": 42.54999924, ""t"": 314.37599824999995, ""r"": 552.9459992400001, ""b"": 276.9081814481817, ""coord_origin"": ""BOTTOMLEFT""}";1;0;0
atto_32;docling;json;21;DISPOSITIVO_DELIBERA;DISPOSITIVO_DELIBERA;DISPOSITIVO_DELIBERA;0;DELIBERA;3;3;"{""l"": 264.90800095, ""t"": 231.58199190000005, ""r"": 327.58400094999996, ""b"": 221.71217371818182, ""coord_origin"": ""BOTTOMLEFT""}";1;0;0
atto_33;docling;json;1;VISTO;VISTO_1;PREAMBOLO_RIFERIMENTI;1;"VISTO l'art. 97 del D. Lgs. n. 267 del 18.8.2000 il quale prevede che il comune abbia un Segretario Comunale titolare dipendente dall'Agenzia autonoma per la gestione dell'Albo dei segretari comunali e provinciali;";2;2;"{""l"": 42.54999924, ""t"": 640.04299981, ""r"": 555.5459992400005, ""b"": 600.2442147480951, ""coord_origin"": ""BOTTOMLEFT""}";1;0;0
atto_33;docling;json;2;VISTO;VISTO_2;PREAMBOLO_RIFERIMENTI;1;"VISTO l'art. 99, comma 1, del D.Lgs. n. 267/2000 e ss.mm.ii. il quale dispone che il Sindaco nomini il Segretario Comunale, che dipende funzionalmente dal capo dell'amministrazione, scegliendolo tra gli iscritti all'Albo di sopra;";2;2;"{""l"": 42.54999924, ""t"": 580.6829992, ""r"": 555.5459992400004, ""b"": 540.8842141380952, ""coord_origin"": ""BOTTOMLEFT""}";1;0;0
atto_33;docling;json;3;VISTO;VISTO_3;PREAMBOLO_RIFERIMENTI;1;"VISTO l'art. 99, comma 2, del D.Lgs. n. 267/2000 e ss.mm.ii. il quale dispone che la nomina ha durata corrispondente a quella del mandato del Sindaco che lo ha nominato e che il Segretario Comunale cessa automaticamente dall'incarico con la cessazione del mandato del Sindaco, continuando ad esercitare le funzioni sino alla nomina del nuovo Segretario Comunale;";2;2;"{""l"": 42.54999924, ""t"": 521.3230138499999, ""r"": 555.5349992400002, ""b"": 466.68422863809514, ""coord_origin"": ""BOTTOMLEFT""}";1;0;0
atto_33;docling;json;4;VISTO;VISTO_4;PREAMBOLO_RIFERIMENTI;1;"VISTO l'art. 99, comma 3, del D.Lgs. n. 267/2000 e ss.mm.ii. il quale dispone che la nomina è disposta non prima di sessanta giorni e non oltre centoventi giorni dalla DATA di insediamento del sindaco, decorsi i quali il Segretario Comunale è confermato;";2;2;"{""l"": 42.54999924, ""t"": 447.1230016399999, ""r"": 555.5459992400002, ""b"": 407.32421657809516, ""coord_origin"": ""BOTTOMLEFT""}";1;0;0
atto_33;docling;json;5;RILEVATO;RILEVATO_1;ISTRUTTORIA_MOTIVAZIONE;1;"RILEVATO che nei giorni 8 e 9 giugno 2024 si sono TENUTE le elezioni amministrative per il rinnovo del Sindaco e del Consiglio Comunale;";2;2;"{""l"": 42.54999924, ""t"": 387.76298576999994, ""r"": 555.5349992400004, ""b"": 362.8042008580952, ""coord_origin"": ""BOTTOMLEFT""}";1;0;0
atto_33;docling;json;6;RILEVATO;RILEVATO_2;ISTRUTTORIA_MOTIVAZIONE;1;"RILEVATO che con verbale dell'Ufficio Centrale per l'Elezione del 25.6.2024 è stata proclamata eletta alla carica di Sindaco la Dott.ssa Marialuisa Forte;";2;2;"{""l"": 42.54999924, ""t"": 343.24299676, ""r"": 555.5459992400001, ""b"": 318.2842118480953, ""coord_origin"": ""BOTTOMLEFT""}";1;0;0
atto_33;docling;json;7;PRESO_ATTO;PRESO_ATTO_1;ISTRUTTORIA;1;"PRESO ATTO CHE: - con nota prot. n. 58905 del 19.8.2024 la Sindaca ha comunicato al Segretario comunale in carica la non conferma nella sede di segreteria del Comune di Campobasso ed il contestuale avvio del procedimento di nomina del nuovo Segretario comunale; - con nota prot. n. 59038 del 20.8.2024, trasmessa all'Albo nazionale dei segretari comunali e provinciali presso il Ministero dell'Interno, è stata avviato il procedimento per la nomina del nuovo segretario comunale con contestuale richiesta di pubblicizzazione; - con avviso n. 67 del 20.8.2024, avente scadenza 30.8.2024, il ministero dell'Interno - Gestione dell'Albo dei Segretari Comunali e Provinciali ha pubblicizzato la vacanza della sede; - con decreto sindacale n. 51 del 16.9.2024, la Sindaca, in esito all'esame delle 41 richieste di nomina pervenute entro il 30.8.2024, ha nominato la Dott.ssa Anna Maria Guglielmi quale candidata idonea a ricoprire la carica di Segretario Comunale presso il Comune di Campobasso; OGGETTO: DETERMINAZIONI. - la Dott.ssa Anna Maria Guglielmi ha PRESO servizio quale Segretario Generale del Comune di Campobasso in DATA 23.9.2024;";2;3;"{""l"": 42.54999924, ""t"": 298.72300773999996, ""r"": 143.03499924, ""b"": 288.6042229780952, ""coord_origin"": ""BOTTOMLEFT""}";7;0;1
atto_33;docling;json;8;VISTO;VISTO_5;PREAMBOLO_RIFERIMENTI;1;"VISTA la DELIBERA di G.C. n. 246 del 17.10.2024 con cui sono stati approvati i Criteri di graduazione della retribuzione di posizione del Segretario Comunale (all. 1), elaborati ai sensi dell'art. 60 co. 2 del C.C.N.L. del 16.07.2024 in coerenza con la macrostruttura vigente all'epoca, dopo l'informativa alle OO.SS., con nota prot. 73867 del 09.10.2024, dello schema dei relativi Criteri senza che dalle stesse OO.SS. fosse stato richiesto il confronto;";3;3;"{""l"": 42.54999924, ""t"": 751.25799996, ""r"": 555.5459992400002, ""b"": 681.7792107780951, ""coord_origin"": ""BOTTOMLEFT""}";1;1;1
atto_33;docling;json;9;DATO_ATTO;DATO_ATTO_1;ISTRUTTORIA;1;"DATO ATTO che con la stessa D.G.C. n. 246/2024 si procedeva ad approvare la graduazione della retribuzione di posizione del Segretario Comunale come riportato nell'allegato 2, costituente parte integrante e sostanziale della stessa deliberazione, da cui si desume che alla posizione in questione era attribuita la retribuzione annua massima di € 53.665,99, in continuità con la posizione retributiva del precedente Segretario Generale;";3;3;"{""l"": 42.54999924, ""t"": 662.21800286, ""r"": 555.5459992400001, ""b"": 592.7392136780952, ""coord_origin"": ""BOTTOMLEFT""}";1;0;0
atto_33;docling;json;10;VISTO;VISTO_6;PREAMBOLO_RIFERIMENTI;1;VISTO il Contratto Collettivo Nazionale di Lavoro dell'Area Funzioni Locali per il triennio 2022-2024, sottoscritto in DATA 23.02.2026, con particolare riferimento agli articoli dal 34 al 40 i quali disciplinano il rapporto di lavoro dei Segretari comunali.;3;3;"{""l"": 42.54999924, ""t"": 573.17799432, ""r"": 555.5459992400005, ""b"": 533.3792092580952, ""coord_origin"": ""BOTTOMLEFT""}";1;1;1
atto_33;docling;json;11;VISTO;VISTO_7;PREAMBOLO_RIFERIMENTI;1;VISTO l'art. 38, comma 1, del CCNL del 23.02.2026 il quale dispone che la retribuzione di posizione del Segretario comunale di fascia A nominato in comuni capoluogo di provincia varia da un minimo di € 38.593,00 ad un massimo di € 56.668,99 annui lordi per tredici mensilità.;3;3;"{""l"": 42.54999924, ""t"": 513.8180089599999, ""r"": 555.5459992400005, ""b"": 474.0192238980951, ""coord_origin"": ""BOTTOMLEFT""}";1;0;0
atto_33;docling;json;12;VISTO;VISTO_8;PREAMBOLO_RIFERIMENTI;1;"VISTO l'art. 38, comma 2, del CCNL del 23.02.2026 il quale dispone che gli enti determinino la retribuzione di posizione del Segretario comunale entro i valori di cui al comma 1, previo confronto ai sensi dell'art. 20, comma 1 lett. a), sulla base dei seguenti criteri di graduazione: a) complessità e responsabilità delle funzioni di cui all'art. 101 del CCNL 17.12.2020 in relazione al contesto organizzativo; b) attribuzione di funzioni aggiuntive rispetto a quelle previste dalla legge incidenti sulle responsabilità interne ed esterne, ivi comprese quelle implicanti la partecipazione ad organismi o commissioni, nonché l'incarico di responsabile della prevenzione della corruzione e della trasparenza; c) situazioni di oggettivo disagio del contesto ambientale, geografico ed organizzativo, anche connesse all'ubicazione della sede, a carenze di organico o a difficoltà socioeconomiche.";3;3;"{""l"": 42.54999924, ""t"": 454.45799309999995, ""r"": 555.5349992400006, ""b"": 414.6592080380952, ""coord_origin"": ""BOTTOMLEFT""}";4;0;0
atto_33;docling;json;13;VISTO;VISTO_9;PREAMBOLO_RIFERIMENTI;1;"VISTO l'art. 38, comma 3 del CCNL del 23.02.2026 recante: ' Nei comuni capoluogo e nelle province, diversi dagli enti di cui al comma 3-bis, la soglia massima della retribuzione di posizione di cui al comma 1 può essere autonomamente rideterminata, per tener CONTO dell'esercizio delle funzioni in presenza di strutture complesse, in misura non superiore al 15% ove sussista la relativa capacità di bilancio e nel rispetto dell'art. 23, comma 2 del D. Lgs. n. 75/2017 .';";3;3;"{""l"": 42.54999924, ""t"": 291.21800285999996, ""r"": 555.5459992399999, ""b"": 221.7392136780952, ""coord_origin"": ""BOTTOMLEFT""}";1;0;0
atto_33;docling;json;14;VISTO;VISTO_10;PREAMBOLO_RIFERIMENTI;1;VISTO l'art. 38, comma 5, il quale dispone che gli enti assicurano, altresì, che nel complessivo rispetto dell'art. 23 comma 2 del D. Lgs. 75/2017 la retribuzione di posizione non sia inferiore a quella STABILITA nell'Ente per l'incarico dirigenziale più elevato in essere o, in assenza di dirigenti, a quella più elevata, STABILITA nell'Ente, per il personale con incarico di elevata qualificazione.;3;3;"{""l"": 42.54999924, ""t"": 202.1780248299999, ""r"": 555.5459992400001, ""b"": 147.53923961809528, ""coord_origin"": ""BOTTOMLEFT""}";1;0;0
atto_33;docling;json;15;VISTO;VISTO_11;PREAMBOLO_RIFERIMENTI;1;"VISTO, altresì, l'art. 39 comma 2 -ter del CCNL del 23.02.2026 recante: ' La soglia massima di cui al comma 2 è elevata al 20%, fermi restando i limiti della propria capacità di spesa ed il rispetto dell'art. 23, comma 2 del D. Lgs. n. 75/2017, per i casi di seguito indicati limitatamente al periodo di svolgimento delle relative funzioni: segretari di enti con dirigenza di cui all'art. 38, commi 3 e 3-bis '; (omissis)";3;3;"{""l"": 42.54999924, ""t"": 127.97801262999997, ""r"": 555.54599924, ""b"": 88.17922756809514, ""coord_origin"": ""BOTTOMLEFT""}";3;0;0
atto_33;docling;json;16;CONSIDERATO;CONSIDERATO_1;MOTIVAZIONE;1;"CONSIDERATO che in conseguenza della sottoscrizione del C.C.N.L. del 23.02.2026 si è reso necessario disciplinare in maniera organica anche il sistema di graduazione della posizione del Segretario Generale e attribuzione della relativa retribuzione;";4;4;"{""l"": 42.54999924, ""t"": 780.93800027, ""r"": 555.5349992400002, ""b"": 741.1392152080952, ""coord_origin"": ""BOTTOMLEFT""}";1;0;0
atto_33;docling;json;17;VISTO;VISTO_12;PREAMBOLO_RIFERIMENTI;1;"VISTA la nota prot. n. 22052 del 24.03.2026 con la quale questa Amministrazione Comunale ha trasmesso alle Organizzazioni Sindacali, ai fini del confronto di cui all'art. 5 e all'art. 20, comma 1, lettera a) del CCNL del 23.02.2026, la bozza del Regolamento per il sistema di graduazione delle Posizioni Dirigenziali e della Posizione del Segretario Generale contenente, tra l'altro, i Criteri di graduazione della posizione del Segretario Generale e relativa retribuzione, come disciplinati negli artt. 6, 7 e 8;";4;4;"{""l"": 42.54999924, ""t"": 721.57800347, ""r"": 555.54599924, ""b"": 652.0992142880953, ""coord_origin"": ""BOTTOMLEFT""}";1;1;1
atto_33;docling;json;18;VISTO;VISTO_13;PREAMBOLO_RIFERIMENTI;1;"VISTO l'art. 5, comma 2, del CCNL del 23.02.2026 il quale dispone che: 'il confronto si avvia mediante l'invio ai soggetti sindacali degli elementi conoscitivi sulle misure da adottare, con le modalità previste per la informazione. A seguito della trasmissione delle informazioni, amministrazione e soggetti sindacali si incontrano se, entro 5 giorni lavorativi dall'informazione, il confronto è richiesto da questi ultimi anche singolarmente; l'incontro, se richiesto, deve comunque avvenire non oltre 10 giorni lavorativi dalla richiesta. ...' .";4;4;"{""l"": 42.54999924, ""t"": 632.5379949300001, ""r"": 555.5459992400001, ""b"": 563.0592057480953, ""coord_origin"": ""BOTTOMLEFT""}";1;0;0
atto_33;docling;json;19;DATO_ATTO;DATO_ATTO_2;ISTRUTTORIA;1;"DATO ATTO che, decorsi cinque giorni lavorativi dall'informativa, non sono pervenute né osservazioni né è stato richiesto il confronto, e, pertanto, la G.C. con deliberazione n. 78 del 01.04.2026 ha approvato il Regolamento per il sistema di graduazione delle Posizioni Dirigenziali e della Posizione del Segretario Generale, in sostituzione delle precedenti regolamentazioni;";4;4;"{""l"": 42.54999924, ""t"": 543.49800164, ""r"": 555.5459992400001, ""b"": 488.8592164280952, ""coord_origin"": ""BOTTOMLEFT""}";1;1;0
atto_33;docling;json;20;VISTO;VISTO_14;PREAMBOLO_RIFERIMENTI;1;"VISTA la DELIBERA di Giunta Comunale n. 68 del 27.03.2026, di modifica della macrostruttura organizzativa dell'Ente in vigore dal 01.04.2026;";4;4;"{""l"": 42.54999924, ""t"": 469.29798943, ""r"": 555.5459992400002, ""b"": 444.33920451809524, ""coord_origin"": ""BOTTOMLEFT""}";1;1;1
atto_33;docling;json;21;RITENUTO;RITENUTO_1;MOTIVAZIONE_VALUTAZIONE;1;"RITENUTO, alla luce: del nuovo C.C.N.L. del 23.02.2026 sopra RICHIAMATO; del nuovo Regolamento di graduazione della posizione anche del Segretario Generale approvato con D.G.C. n. 78/2026, in vigore dal 01.04.2026; della nuova Macrostruttura, approvata con D.G.C. n. 68/2026, in vigore dal 01.04.2026; di dover procedere alla nuova graduazione della retribuzione di posizione del Segretario comunale sulla base dei nuovi Criteri;";4;4;"{""l"": 42.54999924, ""t"": 424.77800041999996, ""r"": 151.28499924, ""b"": 414.6592156580952, ""coord_origin"": ""BOTTOMLEFT""}";5;0;0
atto_33;docling;json;22;VISTO;VISTO_15;PREAMBOLO_RIFERIMENTI;1;"VISTO l'art. 9 del nuovo Regolamento per il sistema di graduazione delle Posizioni Dirigenziali e della Posizione del Segretario Generale che affida al Nucleo Indipendente di Valutazione (NIV) l'applicazione della metodologia di valutazione con relativa proposta di graduazione della posizione del Segretario Generale, di cui la Giunta Comunale prende ATTO con apposito ATTO deliberativo;";4;4;"{""l"": 42.54999924, ""t"": 306.05799920000004, ""r"": 555.5459992400004, ""b"": 251.41921398809518, ""coord_origin"": ""BOTTOMLEFT""}";1;1;1
atto_33;docling;json;23;VISTO;VISTO_16;PREAMBOLO_RIFERIMENTI;1;"VISTO il Verbale n. 5 del 09.04.2026 (All.1) del Nucleo Indipendente di Valutazione, in composizione ridotta, con il quale viene effettuata la proposta di graduazione della posizione del Segretario generale con punteggio pari a 99, secondo i parametri di cui allo schema riportato all'art. 6 del Regolamento per il sistema di graduazione delle Posizioni Dirigenziali e della Posizione del Segretario Generale approvato con D.G.C. n. 78 del 01.04.2026;";4;4;"{""l"": 42.54999924, ""t"": 231.85801750999985, ""r"": 555.5459992400004, ""b"": 162.37922832809522, ""coord_origin"": ""BOTTOMLEFT""}";1;0;0
atto_33;docling;json;24;CONSIDERATO;CONSIDERATO_2;MOTIVAZIONE;1;"CONSIDERATO che il NIV, nel citato Verbale, prende ATTO dell'errore materiale nel calcolo del totale generale riportato nella tabella relativa ai parametri di graduazione della posizione di Segretario Generale (art. 6 del Regolamento), ove è indicato un punteggio complessivo pari a 100 anziché 103, precisando che il punteggio conseguito non incide sul procedimento di pesatura, ATTESO che lo stesso punteggio rientra comunque nell'ultima fascia di retribuzione di posizione prevista dal Regolamento (punteggio > 76);";4;4;"{""l"": 42.54999924, ""t"": 142.81797845000006, ""r"": 555.5499953300005, ""b"": 58.499192928095226, ""coord_origin"": ""BOTTOMLEFT""}";1;1;0
atto_33;docling;json;25;PRESO_ATTO;PRESO_ATTO_2;ISTRUTTORIA;1;"PRESO ATTO, altresì, che con il succitato Verbale n. 5 del 09.04.2026 del NIV viene proposto di riconoscere alla posizione del Segretario Generale di Campobasso oltre al punteggio pari a 99 anche il Fattore Plus, di cui all'art. 8 del citato Regolamento , nella misura del 15% ' in ragione della rilevante complessità dell'incarico, connessa alle funzioni di coordinamento generale dell'Ente, di sovrintendenza e impulso dell'attività dirigenziale, nonché di assistenza giuridico-amministrativa agli organi istituzionali e di garanzia della legittimità dell'azione amministrativa. La suddetta valutazione tiene altresì CONTO del ruolo strategico del Comune di Campobasso quale capoluogo di Regione ed ente capofila dell'ATS Medio Molise, ai sensi dell'art. 38, comma 3, del CCNL Area Funzioni Locali , nonché della responsabilità di direzione di settori di particolare rilievo';";5;5;"{""l"": 42.54999924, ""t"": 780.93800027, ""r"": 555.5459992400001, ""b"": 666.9392220780952, ""coord_origin"": ""BOTTOMLEFT""}";1;1;1
atto_33;docling;json;26;RITENUTO;RITENUTO_2;MOTIVAZIONE_VALUTAZIONE;1;"RITENUTO di dover procedere alla determinazione della retribuzione di posizione in godimento al Segretario comunale nella misura annua lorda per tredici mensilità di € 65.169,34, a decorrere dal 01.04.2026 , DATA di entrata in vigore della nuova Macrostruttura, in ragione dell'attribuzione da parte del NIV del punteggio pari a 99 e del Fattore Plus del 15% , in ordine alla graduazione della posizione del Segretario Generale del Comune di Campobasso, come riportato nell' All.2, facente parte integrante e sostanziale del presente ATTO;";5;5;"{""l"": 42.54999924, ""t"": 647.37800652, ""r"": 555.5459992400004, ""b"": 563.0592209980952, ""coord_origin"": ""BOTTOMLEFT""}";1;1;0
atto_33;docling;json;27;RITENUTO;RITENUTO_3;MOTIVAZIONE_VALUTAZIONE;1;"RITENUTO, altresì, di riconoscere ai sensi dell' art. 39 comma 2-ter del CCNL firmato il 23.02.3026 alla posizione del Segretario generale una retribuzione di risultato , correlata alla valutazione della performance, la quale dovrà tenere CONTO anche delle funzioni aggiuntive conferite, per un importo pari al 20% del monte salari erogato al Segretario Generale nell'anno a cui è riferita la valutazione , a carico del bilancio comunale e nei limiti della capacità di spesa dell'Ente e nel rispetto dell'art. 23, comma 2 del D. Lgs. n. 75/2017;";5;5;"{""l"": 42.54999924, ""t"": 543.49800164, ""r"": 558.2849992400002, ""b"": 459.17921611809516, ""coord_origin"": ""BOTTOMLEFT""}";1;0;0
atto_33;docling;json;28;VISTO;VISTO_17;PREAMBOLO_RIFERIMENTI;1;"VISTA la Deliberazione di Giunta comunale n. 97 del 29/04/2026 di Variazione al Piano Esecutivo di Gestione 2026/2028, ai sensi dell'art. 175 co. 5 bis del D.Lgs. 267/2000;";5;5;"{""l"": 42.54999924, ""t"": 439.61799676, ""r"": 555.5459992400001, ""b"": 414.65921184809525, ""coord_origin"": ""BOTTOMLEFT""}";1;1;1
atto_33;docling;json;29;RITENUTO;RITENUTO_4;MOTIVAZIONE_VALUTAZIONE;1;"RITENUTO opportuno individuare quale Dirigente firmatario del presente provvedimento il Vice Segretario Generale, dott. Nicola Sardella, in quanto - per ragioni di incompatibilità - il Segretario generale dell'Ente risulta direttamente interessato dal presente provvedimento;";5;5;"{""l"": 42.54999924, ""t"": 395.09800773999996, ""r"": 555.5459992400006, ""b"": 355.2992226780952, ""coord_origin"": ""BOTTOMLEFT""}";1;1;0
atto_33;docling;json;30;VALUTATO;VALUTATO_1;MOTIVAZIONE_VALUTAZIONE;1;"VALUTATI gli aspetti sostanziali della presente deliberazione il Dirigente del Settore competente a rilasciare il parere di regolarità tecnica ai sensi dell'art.49, comma 1, del D.Lgs. n.267/00, dichiara che la stessa comporta riflessi diretti sul bilancio e sulla situazione economica e finanziaria dell'Ente;";5;5;"{""l"": 42.54999924, ""t"": 335.73799188, ""r"": 555.5459992400004, ""b"": 295.9392068180953, ""coord_origin"": ""BOTTOMLEFT""}";1;0;1
atto_33;docling;json;31;VISTI_PARERI;VISTI_PARERI_1;PARERI_ATTESTAZIONI;0;"VISTI i pareri in ordine alla regolarità tecnica e contabile espressi ai sensi dell'articolo 49 del D.Lgs. n. 267/2000;";5;5;"{""l"": 42.54999924, ""t"": 276.3779760099999, ""r"": 555.5349992400004, ""b"": 251.4191910980952, ""coord_origin"": ""BOTTOMLEFT""}";1;0;1
atto_33;docling;json;32;VISTO;VISTO_18;PREAMBOLO_RIFERIMENTI;1;"VISTA la DELIBERA di Giunta Comunale n. 59 del 09.03.2020 avente ad oggetto: 'SVOLGIMENTO DELLE SEDUTE DI GIUNTA COMUNALE IN AUDIO CONFERENZA VIDEOCONFERENZA E/O TELECONFERENZA. APPROVAZIONE DI LINEE GUIDA';";5;5;"{""l"": 42.54999924, ""t"": 231.85801750999985, ""r"": 555.5459992400001, ""b"": 192.05923244809514, ""coord_origin"": ""BOTTOMLEFT""}";1;1;0
atto_33;docling;json;33;DISPOSITIVO_DELIBERA;DISPOSITIVO_DELIBERA;DISPOSITIVO_DELIBERA;0;DELIBERA;5;5;"{""l"": 269.12699509, ""t"": 142.81797845000006, ""r"": 328.9669950899999, ""b"": 132.6991936880952, ""coord_origin"": ""BOTTOMLEFT""}";1;0;0
atto_34;docling;json;1;PREMESSO;PREMESSO_1;NARRATIVA_PREMESSA;1;"PREMESSO - che l'Amministrazione comunale ha tra i propri obiettivi prioritari la promozione e la valorizzazione turistica e culturale del territorio, impegnandosi nello sviluppo dello stesso attraverso iniziative volte a rendere più attrattivo il centro cittadino, favorendo l'aggregazione sociale e la fruizione degli spazi urbani da parte della comunità locale e dei visitatori; - che l'installazione di luminarie decorative rappresenta uno strumento di valorizzazione del tessuto urbano e commerciale, contribuendo a migliorare l'immagine della città, a incentivare i flussi turistici e la vivibilità degli spazi pubblici; - che l'illuminazione decorativa ha già dimostrato, in numerosi contesti, di essere un valido strumento di marketing urbano, poiché stimola la permanenza dei turisti e dei residenti, aumentando la percezione di sicurezza e incentiva l'attività commerciale, in particolare durante le ore serali e notturne; - che con Deliberazione di Giunta Comunale n. 104 del 18.04.2025 e con D.D. n. 3956 del 15.10.2025 è stata avviata una fase sperimentale di illuminazione decorativa nel centro storico della città che aveva come finalità l'aumento della sua attrattività in particolare durante gli eventi organizzati nel centro cittadino, nonché il miglioramento della percezione di sicurezza; - che le luci decorative sono state installate nelle seguenti vie del centro storico: Via Ferrari, Via Orefici, Via Isernia, Scalinata Fred Bongusto, Vicolo S. Maria della Croce, Via S. Antonio Abate, Piazzetta Porta S. Antonio Abate, Via Marconi, Via Porta Mancini, Via Ziccardi, Piazza Palombo, Vicoletto tra piazza San Leonardo e via dell'Olmo; - che la presenza delle luci decorative ha EVIDENZIATO un impatto positivo sul decoro urbano e sulla vivibilità del centro storico, ricevendo apprezzamento da parte dei cittadini, dei commercianti e degli operatori turistici;";2;2;"{""l"": 42.54999924, ""t"": 609.60199617, ""r"": 94.19799924, ""b"": 599.7321779881818, ""coord_origin"": ""BOTTOMLEFT""}";7;0;0
atto_34;docling;json;2;RITENUTO;RITENUTO_1;MOTIVAZIONE_VALUTAZIONE;1;"RITENUTO: - che l'iniziativa rientra pienamente nelle linee programmatiche dell'Amministrazione comunale e nelle sue finalità istituzionali, in quanto diretta alla promozione e valorizzazione del territorio e allo sviluppo dell'attrattività turistica del centro cittadino; - di proseguire l'esperimento delle luminarie decorative nell'anno 2026 fino al termine delle festività natalizie, ovvero fino al 7 gennaio 2027, per consolidarne gli effetti positivi e al fine di valutare l'eventuale installazione permanente e/o l'estensione ad altre aree, CONSIDERATO che il miglioramento della visibilità e dell'estetica del centro storico potrà anche favorire la partecipazione della comunità a eventi culturali, artistici e commerciali, con un ritorno positivo sull'indotto turistico ed economico della città; - di dare mandato al Settore Turismo di garantire l'attuazione del presente indirizzo procedendo all'adozione di tutti gli atti necessari ad assicurare l'illuminazione decorativa nel centro storico negli stessi siti in cui è partita la sperimentazione, con incremento nelle seguenti ulteriori vie: Via Roma, Via S. Maria della Croce, Fondaco della Farina, mediante l'uso di tecnologie ecocompatibili, dando ATTO che la spesa graverà sui capitoli di bilancio previsti per la promozione del turismo;";2;3;"{""l"": 42.54999924, ""t"": 259.6960055699999, ""r"": 94.20999924, ""b"": 249.82618738818178, ""coord_origin"": ""BOTTOMLEFT""}";4;0;0
atto_34;docling;json;3;VALUTATO;VALUTATO_1;MOTIVAZIONE_VALUTAZIONE;1;"VALUTATI gli aspetti sostanziali della presente deliberazione, il Dirigente del Settore competente a rilasciare il parere di regolarità tecnica ai sensi dell'art. 49, comma 1, del D.Lgs. n. 267/00, dichiara che la stessa comporta riflessi diretti sul bilancio e sulla situazione economica e finanziaria dell'Ente;";3;3;"{""l"": 60.39999962, ""t"": 698.81800341, ""r"": 555.7959996199999, ""b"": 661.3721859681818, ""coord_origin"": ""BOTTOMLEFT""}";1;0;1
atto_34;docling;json;4;VISTI_PARERI;VISTI_PARERI_1;PARERI_ATTESTAZIONI;0;"VISTI i pareri favorevoli in ordine alla regolarità tecnica e contabile espressi ai sensi dell'articolo 49 del D. Lgs. 267/2000;";3;3;"{""l"": 60.39999962, ""t"": 643.6660029799999, ""r"": 555.7839996199999, ""b"": 620.0081837381817, ""coord_origin"": ""BOTTOMLEFT""}";1;0;1
atto_34;docling;json;5;VISTO;VISTO_1;PREAMBOLO_RIFERIMENTI;1;"VISTA la Deliberazione di Giunta Comunale n. 105 del 13/04/2022 avente ad oggetto: 'Svolgimento delle sedute di Giunta Comunale in audioconferenza, videoconferenza e/o teleconferenza. Aggiornamento linee guida approvate con DELIBERA di Giunta Comunale n. 59 del 09/03/2020';";3;3;"{""l"": 60.39999962, ""t"": 602.3020045699999, ""r"": 555.7959996199995, ""b"": 564.8561871281818, ""coord_origin"": ""BOTTOMLEFT""}";1;0;0
atto_34;docling;json;6;DISPOSITIVO_DELIBERA;DISPOSITIVO_DELIBERA;DISPOSITIVO_DELIBERA;0;DELIBERA;3;3;"{""l"": 275.26199913, ""t"": 519.57400774, ""r"": 337.93799913, ""b"": 509.7041895581818, ""coord_origin"": ""BOTTOMLEFT""}";1;0;0
atto_35;docling;json;1;PREMESSO;PREMESSO_1;NARRATIVA_PREMESSA;1;"PREMESSO che: l'Amministrazione Comunale di Campobasso persegue l'obiettivo di potenziare l'assistenza per le persone in condizione di grave emarginazione sociale, facilitando l'accesso a diagnosi e cure; con deliberazione di Giunta Comunale n. 38 del 27/02/2025 è stato approvato il Protocollo d'intesa con l'Ordine Provinciale dei Medici-Chirurghi e degli Odontoiatri di Campobasso (OMCEO Campobasso) e l'Associazione di Promozione Sociale Shomer Campobasso per il contrasto alle disuguaglianze di salute; con deliberazione di Giunta Comunale n. 197 del 25/07/2025 stato approvato il Disciplinare attuativo volto a regolamentare l'accesso ai suddetti servizi sperimentali;";2;2;"{""l"": 42.54999924, ""t"": 589.76799654, ""r"": 118.52199923999999, ""b"": 579.8981783581818, ""coord_origin"": ""BOTTOMLEFT""}";4;0;0
atto_35;docling;json;2;DATO_ATTO;DATO_ATTO_1;ISTRUTTORIA;1;"DATO ATTO che nel corso di questo primo anno di applicazione del disciplinare in parola si sono riscontrate diverse criticità, sia da parte dell'assistente sociale referente che della stessa APS Shomer, constatando nello specifico che, a fronte di nuclei in povertà estrema, gli stessi non potevano accedere a tale misura messa in campo all'uopo dal Comune poiché non in possesso dei requisiti indicati nel disciplinare;";2;2;"{""l"": 42.54999924, ""t"": 446.95601533999996, ""r"": 555.78999924, ""b"": 389.4821980181818, ""coord_origin"": ""BOTTOMLEFT""}";1;0;0
atto_35;docling;json;3;EVIDENZIATO;EVIDENZIATO_1;MOTIVAZIONE;1;"EVIDENZIATO, come da nota dell'assistente sociale referente che opportunamente si allega, che: detto disciplinare, all'art. 3 prevede che 'Le prestazioni mediche specialistiche sono destinate ai cittadini vulnerabili dal punto di VISTA socio-economico con esenzione del ticket sanitario per motivi di reddito e residenti nel Comune di Campobasso' ; l'esenzione del ticket sanitario spetta a cittadini con specifiche condizioni di reddito abbinate all'età o alla condizione lavorativa, non anche a chi ha un ISEE 0 (zero), che si troverebbe paradossalmente tagliato fuori dal beneficio di che trattasi, pur in presenza di una situazione economica di estremo bisogno;";2;2;"{""l"": 42.54999924, ""t"": 367.61598847999994, ""r"": 521.13399924, ""b"": 357.74617029818177, ""coord_origin"": ""BOTTOMLEFT""}";3;0;0
atto_35;docling;json;4;CONSIDERATO;CONSIDERATO_1;MOTIVAZIONE;1;"CONSIDERATO che: -si rende necessario affinare i criteri di accesso alle prestazioni sanitarie e al supporto per l'acquisto di dispositivi medici, al fine di garantire l'intervento prioritario verso le fasce di estrema indigenza; l'Amministrazione intende focalizzare l'efficacia della misura in favore di quei soggetti che versano in stato di povertà assoluta, spesso privi di qualsiasi fonte di reddito documentabile;";2;2;"{""l"": 42.54999924, ""t"": 240.6720187599999, ""r"": 135.53799924, ""b"": 230.80220057818178, ""coord_origin"": ""BOTTOMLEFT""}";3;0;0
atto_35;docling;json;5;RITENUTO;RITENUTO_1;MOTIVAZIONE_VALUTAZIONE;1;"RITENUTO pertanto opportuno, per quanto innanzi detto, di: -modificare il Disciplinare attuativo introducendo, quale ulteriore requisito essenziale per l'accesso ai servizi di che trattasi, il possesso di un'attestazione ISEE (Indicatore della Situazione Economica Equivalente) pari a € 0,00; -dare ATTO che tale modifica dell'art. 3 è finalizzata a garantire la massima equità sociale e a indirizzare le risorse disponibili verso i casi di ACCERTATA e totale assenza di capacità economica;";2;3;"{""l"": 42.54999924, ""t"": 145.46401093999998, ""r"": 346.58199923999996, ""b"": 135.59419275818175, ""coord_origin"": ""BOTTOMLEFT""}";3;0;0
atto_35;docling;json;6;VALUTATO;VALUTATO_1;MOTIVAZIONE_VALUTAZIONE;1;"VALUTATI gli aspetti sostanziali della presente deliberazione il Dirigente del Settore competente a rilasciare il parere di regolarità tecnica ai sensi dell'art.49, comma 1, del D.Lgs. n.267/00, dichiara che la stessa comporta riflessi indiretti sul bilancio e sulla situazione economica e finanziaria dell'Ente;";3;3;"{""l"": 42.54999924, ""t"": 764.45500063, ""r"": 555.7899992399999, ""b"": 722.8491833381818, ""coord_origin"": ""BOTTOMLEFT""}";1;0;1
atto_35;docling;json;7;ACQUISITI_PARERI;ACQUISITI_PARERI_1;PARERI_ATTESTAZIONI;0;"ACQUISITI i pareri favorevoli in ordine alla regolarità tecnica e contabile espressi ai sensi dell'articolo 49 del D. Lgs. 267/2000;";3;3;"{""l"": 42.54999924, ""t"": 700.98300051, ""r"": 555.78999924, ""b"": 675.2451832481818, ""coord_origin"": ""BOTTOMLEFT""}";1;0;1
atto_35;docling;json;8;VISTO;VISTO_1;PREAMBOLO_RIFERIMENTI;1;"VISTO il vigente Statuto comunale;";3;3;"{""l"": 42.54999924, ""t"": 653.37900423, ""r"": 210.18999924000005, ""b"": 643.5091860481817, ""coord_origin"": ""BOTTOMLEFT""}";1;0;1
atto_35;docling;json;9;VISTO;VISTO_2;PREAMBOLO_RIFERIMENTI;1;"VISTO il decreto legislativo n. 267/2000 e s.m.i.;";3;3;"{""l"": 42.54999924, ""t"": 621.64299654, ""r"": 274.52199924000007, ""b"": 611.7731783581818, ""coord_origin"": ""BOTTOMLEFT""}";1;0;0
atto_35;docling;json;10;VISTO;VISTO_3;PREAMBOLO_RIFERIMENTI;1;VISTA la Deliberazione di Giunta Comunale n. 105 del 13/04/2022 avente ad oggetto: 'Svolgimento delle sedute di Giunta Comunale in audioconferenza, videoconferenza e/o teleconferenza. Aggiornamento linee guida approvate con DELIBERA di Giunta Comunale n. 59 del 09/03/2020';3;3;"{""l"": 42.54999924, ""t"": 589.90700411, ""r"": 555.8019992400001, ""b"": 532.3831818281818, ""coord_origin"": ""BOTTOMLEFT""}";1;0;0
atto_35;docling;json;11;DISPOSITIVO_DELIBERA;DISPOSITIVO_DELIBERA;DISPOSITIVO_DELIBERA;0;DELIBERA;3;3;"{""l"": 267.68300093, ""t"": 510.4170014799999, ""r"": 332.56700092999995, ""b"": 500.5471832981817, ""coord_origin"": ""BOTTOMLEFT""}";1;0;0
atto_36;docling;json;1;UDITO;UDITO_1;ISTRUTTORIA;1;"UDITA la relazione del Sindaco Alessandro Tomasi in merito all'argomento in oggetto; ''VISTO il 'programma di mandato' approvato con deliberazione di Consiglio Comunale n. 68 del 14.07.2017 che prevede una vera e propria partecipazione di tutta la città all'organizzazione e alla diffusione del programma degli eventi per la crescita del turismo;";2;2;"{""l"": 56.64, ""t"": 695.7875029101563, ""r"": 545.1710400000011, ""b"": 675.0126194527733, ""coord_origin"": ""BOTTOMLEFT""}";2;0;0
atto_36;docling;json;2;VISTO;VISTO_1;PREAMBOLO_RIFERIMENTI;1;"VISTO che nello stesso programma di mandato è specificatamente indicata la necessità di coordinamento tra tutti i soggetti proprietari dei beni architettonici e monumentali (Diocesi, Soprintendenza, Comune di Pistoia) affinchè si possano organizzare le aperture anche attraverso l'aiuto delle tante associazioni culturali della città;";2;2;"{""l"": 56.64, ""t"": 596.0675029101562, ""r"": 545.1744000000008, ""b"": 537.9426194527733, ""coord_origin"": ""BOTTOMLEFT""}";1;0;1
atto_36;docling;json;3;VISTO;VISTO_2;PREAMBOLO_RIFERIMENTI;1;"VISTA la lettera del Vescovo di Pistoia, il quale, tramite il suo portavoce e la Fondazione San ATTO, porta a conoscenza del Comune che ha intenzione di ristrutturare l'apertura delle chiese cittadine, tramite un progtto di apertura che sarà curato dalla Fondazione San ATTO e che prevede tra l'altro l'addestramento di personale ad hoc formato;";2;2;"{""l"": 56.64, ""t"": 521.2775029101563, ""r"": 545.2061600000012, ""b"": 463.18261945277334, ""coord_origin"": ""BOTTOMLEFT""}";1;0;0
atto_36;docling;json;4;CONSIDERATO;CONSIDERATO_1;MOTIVAZIONE;1;"CONSIDERATO tuttavia, continua la lettera di S.E. Mons. Vescovo, tale progetto avrà concreta attuazione nel prossimo 2020 e VISTO che per le festività natalizie si corre il rischio che la Chiesa di San Giovanni Fuorcivitas osservi una ridottissima apertura;";2;2;"{""l"": 56.64, ""t"": 446.5175029101563, ""r"": 545.049600000001, ""b"": 400.90261945277337, ""coord_origin"": ""BOTTOMLEFT""}";1;0;0
atto_36;docling;json;5;CONSIDERATO;CONSIDERATO_2;MOTIVAZIONE;1;"CONSIDERATO altresì che il progetto 'Obiettivo Pistoia' non copre l'apertura per le festività di questa importante Chiesa;";2;2;"{""l"": 56.64, ""t"": 384.2375029101563, ""r"": 545.1014400000008, ""b"": 363.4426194527734, ""coord_origin"": ""BOTTOMLEFT""}";1;0;0
atto_36;docling;json;6;CONSIDERATO;CONSIDERATO_3;MOTIVAZIONE;1;"CONSIDERATO l'affluenza dei turisti nella chiesa di San Giovanni Fuorcivitas, dove concorrono per ammirare l'opera di Della Robbia 'la visitazione', la quale è tornata nella chiesa dopo il grande successo dell'esposizione nella chiesa di San Leone;";2;2;"{""l"": 56.64, ""t"": 346.8975029101563, ""r"": 545.1033600000006, ""b"": 301.16261945277336, ""coord_origin"": ""BOTTOMLEFT""}";1;0;0
atto_36;docling;json;7;CONSIDERATO;CONSIDERATO_4;MOTIVAZIONE;1;"CONSIDERATO che è interesse del Comune di Pistoia che la chiesa di San Giovanni Fuorcivitas, tra le più importanti chiese cittadine, osservi un orario di apertura fruibile da parte dei turisti; Pertanto al Comune di Pistoia è necessario attribui re un contributo di € 1.000,00 per l'apertura della Chiesa di San Giovanni Fuorcivitas nel periodo delle festività, con orario 11-17 dal 19 dicembre al 12 gennaio, ad integrazione dell'orario 9 -18 che sarà osservato dalla Chiesa;";2;2;"{""l"": 56.64, ""t"": 284.4975029101563, ""r"": 545.043840000001, ""b"": 251.3626194527733, ""coord_origin"": ""BOTTOMLEFT""}";2;0;0
atto_36;docling;json;8;PRECISATO;PRECISATO_1;ISTRUTTORIA_MOTIVAZIONE;1;"PRECISATO che il contributo sarà erogato alla Fondazione San ATTO per l'inclusione e la solidarietà ONLUS, Via Puccini 29, 51100 Pistoia, CF e P.IVA 01900090471;";2;2;"{""l"": 56.64, ""t"": 172.3875029101563, ""r"": 545.2772800000002, ""b"": 139.13261945277327, ""coord_origin"": ""BOTTOMLEFT""}";1;0;0
atto_36;docling;json;9;PRECISATO;PRECISATO_2;ISTRUTTORIA_MOTIVAZIONE;1;"PRECISATO altresì che sulla liquidazione dei contributi di cui sopra, non è prevista la RITENUTA d'acconto del 4% di cui all'art. 28 comma 2 del DPR 29 settembre 1973 n. 600 'RITENUTA sui compensi per avviamento commerciale e sui contributi degli enti pubblici' per assoluta mancanza di qualsiasi attività produttiva di reddito d'impresa; COMUNE DI PISTOIA";2;3;"{""l"": 56.64, ""t"": 122.46750291015633, ""r"": 545.1931200000009, ""b"": 64.3766194527733, ""coord_origin"": ""BOTTOMLEFT""}";2;0;0
atto_36;docling;json;10;VISTO;VISTO_3;PREAMBOLO_RIFERIMENTI;1;"VISTO che con deliberazione del Consiglio Comunale n. 42 del 14.03.2019 è stato approvato il bilancio armonizzato di previsione finanziaria 2019/2021;";3;3;"{""l"": 56.64, ""t"": 720.7475029101563, ""r"": 545.2372800000011, ""b"": 687.4926194527733, ""coord_origin"": ""BOTTOMLEFT""}";1;1;1
atto_36;docling;json;11;VISTO;VISTO_4;PREAMBOLO_RIFERIMENTI;1;"VISTO che l'armonizzazione dei sistemi contabili e degli schemi di bilancio delle amministrazioni pubbliche costituisce il cardine irrinunciabile della riforma della contabilità pubblica (legge n. 196/2019) e della riforma federale prevista dalla legge n. 42/2009;";3;3;"{""l"": 56.64, ""t"": 670.8275029101562, ""r"": 545.171040000001, ""b"": 625.2126194527733, ""coord_origin"": ""BOTTOMLEFT""}";1;0;0
atto_36;docling;json;12;DATO_ATTO;DATO_ATTO_1;ISTRUTTORIA;1;"DATO ATTO che per gli enti territoriali è stata attuata la delega del Governo del decreto legislativo 23 giugno 2011 n. 118 'Disposizioni per l'armonizzazione dei sistemi contabili e degli schemi di bilancio delle Regioni, degli enti locali e dei loro organismi, a norma degli articoli 1 e 2 della legge 5 ma ggio 2009, n. 42';";3;3;"{""l"": 56.64, ""t"": 608.5475029101563, ""r"": 545.1744000000008, ""b"": 550.4226194527733, ""coord_origin"": ""BOTTOMLEFT""}";1;0;0
atto_36;docling;json;13;TENUTO_CONTO;TENUTO_CONTO_1;ISTRUTTORIA_MOTIVAZIONE;1;"TENUTO CONTO del Decreto Legislativo 10 agosto 2014, n. 126, avente ad oggetto: 'Disposizioni integrative e correttive del D.Lgs. 118/2011';";3;3;"{""l"": 56.64, ""t"": 533.7575029101563, ""r"": 545.182080000001, ""b"": 512.9826194527733, ""coord_origin"": ""BOTTOMLEFT""}";1;0;0
atto_36;docling;json;14;VISTO;VISTO_5;PREAMBOLO_RIFERIMENTI;1;"VISTO che con deliberazione n. 106 adottata dalla Giunta Comunale nella seduta del 09.05.2019 è stato approvato il Piano Esecutivo di Gestione (PEG) relativo a questo centro di responsabilità nel quale è ricompreso il progetto di cui trattasi;";3;3;"{""l"": 56.64, ""t"": 496.4375029101563, ""r"": 545.1710400000009, ""b"": 450.7026194527734, ""coord_origin"": ""BOTTOMLEFT""}";1;1;1
atto_36;docling;json;15;ATTESO;ATTESO_1;MOTIVAZIONE;1;ATTESO che il progetto persegue gli obiettivi strategici della valorizzazione di Pistoia città aperta e accessibile''.;3;3;"{""l"": 56.64, ""t"": 434.15750291015627, ""r"": 545.204160000001, ""b"": 413.3826194527734, ""coord_origin"": ""BOTTOMLEFT""}";1;0;0
atto_36;docling;json;16;VISTI_PARERI;VISTI_PARERI_1;PARERI_ATTESTAZIONI;0;"VISTO il parere di regolarità tecnica, RILASCIATO ai sensi dell'art. 49, 1° comma del D.Lgs. 267/2000, dal Dirigente del Servizio Cultura e Tradizioni, Turismo e Informatica, Dr. Giovanni Lozzi, contenente anche l'attestazione che al presente provvedimento non hanno PRESO parte soggetti in conflitto di interessi, anche potenziale, allegato all'originale della presente deliberazione;";3;3;"{""l"": 56.64, ""t"": 396.71750291015627, ""r"": 551.8060800000011, ""b"": 326.1226194527733, ""coord_origin"": ""BOTTOMLEFT""}";1;0;1
atto_36;docling;json;17;VISTI_PARERI;VISTI_PARERI_2;PARERI_ATTESTAZIONI;0;"VISTO il parere di regolarità contabile, RILASCIATO ai sensi dell'art. 49, 1° comma del D.Lgs. 267/2000, dal Responsabile del Servizio Finanziario e Controllo Aziende Partecipate, allegato all'originale della presente deliberazione;";3;3;"{""l"": 56.64, ""t"": 309.45750291015634, ""r"": 545.222880000001, ""b"": 263.8426194527733, ""coord_origin"": ""BOTTOMLEFT""}";1;0;0
atto_36;docling;json;18;VISTO;VISTO_6;PREAMBOLO_RIFERIMENTI;1;"VISTO il D.Lgs. 267/2000;";3;3;"{""l"": 92.064, ""t"": 247.17750291015625, ""r"": 263.714, ""b"": 238.88261945277327, ""coord_origin"": ""BOTTOMLEFT""}";1;1;0
atto_36;docling;json;19;RITENUTO;RITENUTO_1;MOTIVAZIONE_VALUTAZIONE;1;"RITENUTO di dover provvedere in ordine a tutto quanto sopra; PRESO ATTO della proposta FORMULATA dal Dirigente competente; Ad unanimità di voti dei presenti e partecipanti alla votazione;";3;3;"{""l"": 92.064, ""t"": 222.21750291015633, ""r"": 521.164, ""b"": 164.0926194527733, ""coord_origin"": ""BOTTOMLEFT""}";1;0;0
atto_36;docling;json;20;DISPOSITIVO_DELIBERA;DISPOSITIVO_DELIBERA;DISPOSITIVO_DELIBERA;0;DELIBERA;3;3;"{""l"": 288.89, ""t"": 147.42750291015625, ""r"": 348.334, ""b"": 139.13261945277327, ""coord_origin"": ""BOTTOMLEFT""}";1;0;0
atto_37;docling;json;1;UDITO;UDITO_1;ISTRUTTORIA;1;"UDITA la relazione del Sindaco Alessandro Tomasi in merito all'argomento in oggetto; ''RICHIAMATE: la DELIBERA del Consiglio Comunale n. 42 del 14/03/2019 con al quale è stato approvato il Bilancio armonizzato di previsione finanziaria 2019/2021 -Documento Unico di Programmazione 2019/2021; -la DELIBERA di G.C. n. 106 del 9 maggio 2019, immediatamente eseguibile, con la quale è stato approvato il Piano Esecutivo di Gestione (P.E.G.) relativo al triennio 2019-2021;";2;2;"{""l"": 56.64, ""t"": 695.7875029101563, ""r"": 545.1710400000011, ""b"": 675.0126194527733, ""coord_origin"": ""BOTTOMLEFT""}";4;0;0
atto_37;docling;json;2;PREMESSO;PREMESSO_1;NARRATIVA_PREMESSA;1;"PREMESSO che: al fine di assicurare alle persone e alle famiglie, soprattutto a quelle appartenenti alle fasce più deboli, è opportuno creare e sostenere, a cura degli enti locali, un sistema integrato di interventi e servizi sociali nel tentativo di eliminare o quantomeno ridurre le condizioni di bisogno o disagio individuale e familiare; in funzione della sussidiarietà amministrativa orizzontale di cui gli enti pubblici sono titolari e per la quale svolgono un ruolo di coordinamento, controllo e promozione, di cui all'art. 118 comma 4 della Costituzione in base alla quale si valorizzano le risorse del Terzo Settore presenti sul territorio, non esclusivamente finanziarie, VALUTATE come serie e significative;";2;2;"{""l"": 35.04, ""t"": 546.2375029101563, ""r"": 147.284, ""b"": 537.9426194527733, ""coord_origin"": ""BOTTOMLEFT""}";3;0;1
atto_37;docling;json;3;RICHIAMATO;RICHIAMATO_1;PREAMBOLO_RIFERIMENTI;1;"RICHIAMATO a questo proposito l'art. 1 della L. 328/2000 che: . al comma 3 riconosce il ruolo centrale dei comuni per la programmazione integrata degli interventi e servizi sociali, secondo i principi di sussidiarietà, cooperazione, efficacia; . ai commi 4 e 5 riconosce e favorisce il coinvolgimento degli organismi, enti, associazioni di cittadini, confessioni religiose e altri soggetti sociali operanti sul territorio allo scopo di creare tale sistema;";2;2;"{""l"": 56.64, ""t"": 384.2375029101563, ""r"": 459.2640000000005, ""b"": 375.9426194527734, ""coord_origin"": ""BOTTOMLEFT""}";3;0;0
atto_37;docling;json;4;RICHIAMATO;RICHIAMATO_2;PREAMBOLO_RIFERIMENTI;1;"RICHIAMATA inoltre la L. R.T. n. 41/2005 in cui si ribadisce che il percorso di integrazione e partecipazione tra pubblico e privato è finalizzato a garantire il rispetto di tutti i cittadini di godere di pari diritti e garanzia di creazione di nuovi spazi procedurali nei quali vi sia tutela di tale diritto;";2;2;"{""l"": 56.64, ""t"": 284.4975029101563, ""r"": 545.1744000000008, ""b"": 226.40261945277337, ""coord_origin"": ""BOTTOMLEFT""}";1;0;0
atto_37;docling;json;5;VISTO;VISTO_1;PREAMBOLO_RIFERIMENTI;1;"VISTO il Programma di Mandato del Sindaco Alessandro Tomasi 2017-2022 con il quale si garantisce l'impegno dell'amministrazione a promuovere il welfare comunitario mettendo al centro la persona, la famiglia e all'attivazione di tutti gli strumenti in possesso dell'amministrazione per prevenire e tamponare le situazioni di difficoltà;";2;2;"{""l"": 56.64, ""t"": 209.7375029101563, ""r"": 545.2744000000002, ""b"": 151.6126194527733, ""coord_origin"": ""BOTTOMLEFT""}";1;0;0
atto_37;docling;json;6;RICHIAMATO;RICHIAMATO_3;PREAMBOLO_RIFERIMENTI;1;"RICHIAMATA la DELIBERA della Giunta Comunale n. 324 del 12 dicembre 2018, con la quale: è stato PRESO ATTO del progetto con valenza quadriennale (2018-2021) presentato dalla Fondazione Maria ASSUNTA in Cielo di Pistoia (abbr. Fondazione MAiC), concernente la PRESA in carico globale di minori in condizione di disabilità e con particolari situazioni familiari nel COMUNE DI PISTOIA Comune di Pistoia, attraverso percorsi abilitativi/riabilitativi comprensivi del servizio di trasporto; contestualmente è stata approvata la concessione di un contributo economico di € 40.000,00 a parziale copertura delle spese sostenute per le attività del progetto nell'anno 2018, prescrivendo che la Fondazione MAIC, in ossequio al principio di trasparenza, menzioni tale contributo del Comune di Pistoia in ogni operazione di pubblicizzazione delle attività corrispondenti;";2;3;"{""l"": 56.64, ""t"": 134.94750291015635, ""r"": 545.1944000000009, ""b"": 114.17261945277335, ""coord_origin"": ""BOTTOMLEFT""}";5;1;1
atto_37;docling;json;7;CONSIDERATO;CONSIDERATO_1;MOTIVAZIONE;1;"CONSIDERATO che: è attivo da molti anni un vero e proprio scambio professionale tra assistenti sociali della Fondazione MAIC e del Comune di Pistoia che porta ad una PRESA in carico condivisa dei cittadini utenti, attraverso un lavoro di equipe e di rete; la Fondazione MAIC è una realtà strutturata e organizzata sul territorio comunale che da molti anni si occupa della cura e della riabilitazione di minorenni ed adulti in condizione di disabilità, garantendo una gestione del progetto riabilitativo nella sua totalità attraverso interventi PREDISPOSTI da un'equipe multidisciplinare (rapporti con la scuola, sostegno psicoeducativo della famiglia ecc...);";3;3;"{""l"": 56.64, ""t"": 621.0275029101563, ""r"": 168.884, ""b"": 612.7326194527733, ""coord_origin"": ""BOTTOMLEFT""}";3;0;0
atto_37;docling;json;8;CONSIDERATO;CONSIDERATO_2;MOTIVAZIONE;1;"CONSIDERATA inoltre la collaborazione con la Fondazione MAIC come la naturale prosecuzione del proprio ruolo istituzionale al fine di mantenere e rafforzare i servizi di sostegno alla disabilità e al trasporto sociale che favorisce la piena realizzazione degli interventi; TENUTO CONTO dell'elevato numero di utenti disabili che frequentano il centro di riabilitazione della Fondazione MAIC (circa 300 minorenni);";3;3;"{""l"": 56.64, ""t"": 471.47750291015626, ""r"": 545.126880000001, ""b"": 400.90261945277337, ""coord_origin"": ""BOTTOMLEFT""}";1;0;0
atto_37;docling;json;9;CONSIDERATO;CONSIDERATO_3;MOTIVAZIONE;1;"CONSIDERATO che, in virtù della valenza quadriennale del progetto, è stata presentata la richiesta di un contributo dalla Fondazione MAiC al Servizio Personale e Politiche di Inclusione Sociale fino ad un massimo di € 40.000,00, a parziale copertura delle spese sostenute per il servizio di PRESA in carico globale di minorenni in condizioni di disabilità e con particolari situazioni familiari, come da progetto con valenza quadriennale (2018-2021) presentato dalla Fondazione MAIC lo scorso anno;";3;3;"{""l"": 56.64, ""t"": 384.2375029101563, ""r"": 545.2888000000003, ""b"": 288.68261945277334, ""coord_origin"": ""BOTTOMLEFT""}";1;0;0
atto_37;docling;json;10;RITENUTO;RITENUTO_1;MOTIVAZIONE_VALUTAZIONE;1;"RITENUTO opportuno prevedere un contributo per il corrente anno 2019 fino ad un massimo di € 40.000,00, prescrivendo che la Fondazione MAIC, in ossequio al principio di trasparenza, menzioni tale contributo del Comune di Pistoia in ogni operazione di pubblicizzazione delle attività corrispondenti;";3;3;"{""l"": 56.64, ""t"": 272.1375029101563, ""r"": 545.2390400000011, ""b"": 213.92261945277335, ""coord_origin"": ""BOTTOMLEFT""}";1;0;0
atto_37;docling;json;11;EVIDENZIATO;EVIDENZIATO_1;MOTIVAZIONE;1;EVIDENZIATO che all'emanazione del presente provvedimento, sia in fase istruttoria che in fase decisionale, non hanno PRESO parte soggetti in conflitto di interessi, anche potenziali, ai sensi del D.P.R. 62/2013 nonché di quanto STABILITO dal Piano triennale di prevenzione della corruzione contenente il Piano per la trasparenza 2019-21, approvato con la DELIBERA di Giunta Comunale n. 136 del 03/06/2019 ''.;3;3;"{""l"": 56.64, ""t"": 197.3775029101563, ""r"": 545.2818400000006, ""b"": 126.65261945277337, ""coord_origin"": ""BOTTOMLEFT""}";1;0;1
atto_37;docling;json;12;VISTI_PARERI;VISTI_PARERI_1;PARERI_ATTESTAZIONI;0;"VISTO il parere di regolarità tecnica, RILASCIATO ai sensi dell'art. 49, 1° comma del D.Lgs. 267/2000, dal Dirigente del Servizio Personale e Politiche di Inclusione Sociale, Dr.ssa Chiara Pierotti, contenente anche l'attestazione che al presente procedimento non hanno COMUNE DI PISTOIA PRESO parte soggetti in conflitto di interesse, anche potenziale, ai sensi del DPR 62/ 2013, allegato all'originale della presente deliberazione;";3;4;"{""l"": 56.64, ""t"": 110.10750291015631, ""r"": 545.189760000001, ""b"": 64.3766194527733, ""coord_origin"": ""BOTTOMLEFT""}";3;0;1
atto_37;docling;json;13;VISTI_PARERI;VISTI_PARERI_2;PARERI_ATTESTAZIONI;0;"VISTO il parere di regolarità contabile, RILASCIATO ai sensi dell'art. 49, 1° comma del D.Lgs. 267/2000, dal Responsabile del Servizio Finanziario e Controllo Aziende Partecipate, allegato all'originale della presente deliberazione;";4;4;"{""l"": 56.64, ""t"": 683.3075029101562, ""r"": 545.222880000001, ""b"": 637.6926194527733, ""coord_origin"": ""BOTTOMLEFT""}";1;0;0
atto_37;docling;json;14;VISTO;VISTO_2;PREAMBOLO_RIFERIMENTI;1;"VISTO il D.Lgs. 267/2000;";4;4;"{""l"": 92.064, ""t"": 621.0275029101563, ""r"": 263.714, ""b"": 612.7326194527733, ""coord_origin"": ""BOTTOMLEFT""}";1;1;0
atto_37;docling;json;15;RITENUTO;RITENUTO_2;MOTIVAZIONE_VALUTAZIONE;1;"RITENUTO di dover provvedere in ordine a tutto quanto sopra; PRESO ATTO della proposta FORMULATA dal Dirigente competente; Ad unanimità di voti dei presenti e partecipanti alla votazione;";4;4;"{""l"": 92.064, ""t"": 596.0675029101562, ""r"": 501.36400000000003, ""b"": 562.9026194527733, ""coord_origin"": ""BOTTOMLEFT""}";2;1;0
atto_37;docling;json;16;DISPOSITIVO_DELIBERA;DISPOSITIVO_DELIBERA;DISPOSITIVO_DELIBERA;0;DELIBERA;4;4;"{""l"": 288.89, ""t"": 521.2775029101563, ""r"": 348.334, ""b"": 512.9826194527733, ""coord_origin"": ""BOTTOMLEFT""}";1;0;0
atto_38;docling;json;1;FORMULATO;FORMULATO_1;ISTRUTTORIA;1;"FORMULATA dal Segretario comunale -giusta proposta sull'argomento << Regolamento comunale per il rilascio di autorizzazioni ai dipendenti per lo svolgimento di incarichi esterni >>, nei termini di seguito riportati: <<PREMESSO: CHE l'art. 53 del D.Lgs. 30 marzo 2001 n. 165 disciplina il regime delle incompatibilità, del cumulo di impieghi e degli incarichi dei dipendenti delle Pubbliche Amministrazioni; CHE la normativa citata prevede che i dipendenti pubblici non possano svolgere incarichi retribuiti non compresi nei compiti e doveri d'ufficio senza preventiva autorizzazione dell'Amministrazione di appartenenza; CHE la medesima disposizione stabilisce che le Amministrazioni Pubbliche definiscano criteri e modalità per il rilascio delle autorizzazioni allo svolgimento di incarichi esterni;";2;2;"{""l"": 56.70000076, ""t"": 763.99400209, ""r"": 524.6520007600001, ""b"": 726.5261852881818, ""coord_origin"": ""BOTTOMLEFT""}";5;0;0
atto_38;docling;json;2;RILEVATO;RILEVATO_1;ISTRUTTORIA_MOTIVAZIONE;1;"RILEVATA l'opportunità di disciplinare in modo organico ed uniforme la materia delle autorizzazioni allo svolgimento di incarichi esterni da parte dei dipendenti del Comune di Jelsi;";2;2;"{""l"": 56.700000759999995, ""t"": 612.20500826, ""r"": 524.65200076, ""b"": 588.5361912481818, ""coord_origin"": ""BOTTOMLEFT""}";1;0;0
atto_38;docling;json;3;PRECISATO;PRECISATO_1;ISTRUTTORIA_MOTIVAZIONE;1;"PRECISATO che trattasi di disciplina finalizzata a: - garantire il rispetto dei principi di buon andamento e imparzialità dell'azione amministrativa; - prevenire situazioni di conflitto di interessi; - assicurare trasparenza all'azione amministrativa;";2;2;"{""l"": 92.70000076, ""t"": 584.60700106, ""r"": 342.9600007600002, ""b"": 574.7371828781818, ""coord_origin"": ""BOTTOMLEFT""}";4;0;0
atto_38;docling;json;4;PREDISPOSTO;PREDISPOSTO_1;ISTRUTTORIA;1;"PREDISPOSTO - unitamente agli allegati A, B e C - nella formulazione in allegato, che costituisce parte integrante e sostanziale del presente provvedimento - giusto schema di << regolamento comunale per il rilascio di autorizzazioni ai dipendenti per lo svolgimento di incarichi esterni >>, composto di n. 17 articoli;";2;2;"{""l"": 56.700000759999995, ""t"": 515.61199068, ""r"": 524.6520007600002, ""b"": 464.34517409818176, ""coord_origin"": ""BOTTOMLEFT""}";1;0;1
atto_38;docling;json;5;VISTO;VISTO_1;PREAMBOLO_RIFERIMENTI;1;"VISTI: - il D.Lgs. 18 agosto 2000 n. 267 (Testo Unico degli Enti Locali); - il D.Lgs. n. 165/2001 e successive modificazioni; - la Legge 6 novembre 2012 n. 190 in materia di prevenzione della corruzione; - il D.Lgs. 14 marzo 2013 n. 33 in materia di trasparenza; - il vigente CCNL del comparto Funzioni Locali; RILASCIANDO - ai sensi e per gli effetti di cui all'art. 49 del TUEL n. 267/2000 parere favorevole in ordine alla regolarità tecnica;";2;2;"{""l"": 92.70000076, ""t"": 460.4160067899999, ""r"": 129.69600076, ""b"": 450.54618860818175, ""coord_origin"": ""BOTTOMLEFT""}";7;0;1
atto_38;docling;json;6;DISPOSITIVO_PROPOSTA;DISPOSITIVO_PROPOSTA_1;DISPOSITIVO_PROPOSTA;0;"PROPONE DI CONFERMARE tutto quanto esposto in PREMESSA, sul presupposto che costituisce parte integrante e sostanziale del presente dispositivo, formandone adeguata motivazione, ai sensi e per gli effetti di cui all'art. 3 della L. n. 241/1990 e ss.mm.ii.; DI APPROVARE, nelle formulazioni in allegato, che costituiscono parti integranti e sostanziali del presente provvedimento: - il << regolamento comunale per il rilascio di autorizzazioni ai dipendenti per lo svolgimento di incarichi esterni >>, composto di n. 17 articoli; - la modulistica allegata al regolamento, sotto le lettere: - A - richiesta di autorizzazione allo svolgimento di incarico esterno - B - check list per l'istruttoria propedeutica al conferimento incarico; - C - registro degli incarichi esterni autorizzati ai dipendenti; DI CONSEGNARNE copia a tutti i Responsabili di Area del Comune, per opportuna conoscenza e per i consequenziali adempimenti di rispettiva competenza; DI STABILIRE che il regolamento entrerà in vigore decorsi 15 giorni dalla DATA di esecutività della deliberazione della presente deliberazione; DI DISPORRE la pubblicazione del presente regolamento sul sito istituzionale comunale nella sezione Amministrazione Trasparente >>; _____________________";2;2;"{""l"": 261.83499527000004, ""t"": 350.0240085, ""r"": 319.51899527, ""b"": 340.1541903181818, ""coord_origin"": ""BOTTOMLEFT""}";12;0;0
atto_38;docling;json;7;RITENUTO;RITENUTO_1;MOTIVAZIONE_VALUTAZIONE;1;"RITENUTA la su esposta proposta meritevole di recepimento/accoglimento DATO ATTO che, sulla stessa risulta ACQUISITO il parere - favorevole - di regolarità tecnica e contabile reso, dal Segretario comunale, ai sensi e per gli effetti dell'art. 49 del T.U.E.L. n. 267/2000;";2;2;"{""l"": 92.70000076, ""t"": 86.12099337000006, ""r"": 460.59600076000015, ""b"": 76.25117518818183, ""coord_origin"": ""BOTTOMLEFT""}";1;0;0
atto_38;docling;json;8;ATTESO;ATTESO_1;MOTIVAZIONE;1;"ATTESO procedere alla votazione: VOTATO il documento articolo per articolo; CONSEGUITA su ciascuno: voto unanime favorevole";3;3;"{""l"": 92.70000076, ""t"": 754.79400133, ""r"": 265.2960007600001, ""b"": 744.9241831481818, ""coord_origin"": ""BOTTOMLEFT""}";3;0;1
atto_38;docling;json;9;RITENUTO;RITENUTO_2;MOTIVAZIONE_VALUTAZIONE;1;"RITENUTO approvare il documento nella sua interezza ed omogeneità; RICEVUTA espressione dai presenti: - dal Sindaco, Egidio Mauri: di voto favorevole - dall'Assessore, Andrea Passarelli: di voto favorevole - dal Vice Sindaco, Davide Paolucci: di voto favorevole";3;3;"{""l"": 92.70000076, ""t"": 713.39700197, ""r"": 440.89200076, ""b"": 703.5271837881818, ""coord_origin"": ""BOTTOMLEFT""}";5;1;0
atto_38;docling;json;10;DATO_ATTO;DATO_ATTO_1;ISTRUTTORIA;1;DATO ATTO che la proposta risulta approvata all'UNANIMITA';3;3;"{""l"": 92.70000076, ""t"": 641.81900667, ""r"": 415.2720007600001, ""b"": 631.9491884881818, ""coord_origin"": ""BOTTOMLEFT""}";1;0;1
atto_38;docling;json;11;DISPOSITIVO_DELIBERA;DISPOSITIVO_DELIBERA;DISPOSITIVO_DELIBERA;0;DELIBERA;3;3;"{""l"": 249.62399673, ""t"": 613.13499927, ""r"": 332.7279967300001, ""b"": 599.9752416942424, ""coord_origin"": ""BOTTOMLEFT""}";1;0;0
atto_39;docling;json;1;FORMULATO;FORMULATO_1;ISTRUTTORIA;1;"FORMULATA dal Sindaco - con l'assistenza del Responsabile dell'Area LL.PP. - giusta proposta sull'argomento <<Accesso ai fondi stanziati ed erogati dal gestore dei servizi energetici (G.S.E.) - edificio scolastico di via Generale D'Amico. Approvazione della Diagnosi Energetica>>, nei termini di seguito riportati: <<PREMESSO: CHE con DELIBERA di G.M. n. 33 del 16/04/2024 si è DATO indirizzo al Responsabile dell'Area Lavori Pubblici di attivarsi per porre in essere - nell'ambito delle proprie competenze l'Accesso ai fondi stanziati ed erogati dal gestore dei servizi tutto quanto necessario per energetici (G.S.E.) - edificio scolastico di via generale d'amico';";2;2;"{""l"": 56.70000076, ""t"": 763.99400209, ""r"": 524.6520007600001, ""b"": 712.7271855081817, ""coord_origin"": ""BOTTOMLEFT""}";4;0;0
atto_39;docling;json;2;DATO_ATTO;DATO_ATTO_1;ISTRUTTORIA;1;"DATO ATTO che si è disposto di intervenire sull'edificio scolastico sede della scuola primaria e secondaria di primo grado, di proprietà del Comune di Jelsi, sito in via generale D'amico; EVIDENZIATO: CHE il CONTO termico 3.0 incentiva interventi per l'incremento dell'efficienza energetica a beneficio delle pubbliche amministrazioni, che potranno accedere agli appositi fondi stanziati ed erogati dal Gestore dei Servizi Energetici (G.S.E.); CHE questa Amministrazione ha RITENUTO avviare la procedura per accedere al suddetto contributo relativamente all'edificio di cui sopra;";2;2;"{""l"": 56.700000759999995, ""t"": 639.8030002, ""r"": 524.6400007600001, ""b"": 602.3351833981818, ""coord_origin"": ""BOTTOMLEFT""}";5;0;1
atto_39;docling;json;3;CONSIDERATO;CONSIDERATO_1;MOTIVAZIONE;1;"CONSIDERATO che per accedere alle agevolazioni di cui sopra si è resa necessaria la nomina di figura professionale, esperta nel settore al fine della redazione della Diagnosi Energetica e altra documentazione propedeutica, per la richiesta del finanziamento;";2;2;"{""l"": 56.700000759999995, ""t"": 501.87600397, ""r"": 521.89200076, ""b"": 464.4061863581818, ""coord_origin"": ""BOTTOMLEFT""}";1;0;0
atto_39;docling;json;4;VISTO;VISTO_1;PREAMBOLO_RIFERIMENTI;1;"VISTA la determinazione n. 148 del 14/05/2024 con la quale si è affidato l'incarico per prestazione di servizio ai sensi dell'art. 50 comma 1, lett. b) del D.Lgs. 30/03/2023, n. 36 all'ing. Nicola Pica, avente studio professionale in Casalduni (BN) via prof. Gianquitto n. 9 (C.F. PCINCL58D25B873A - P. IVA 00729710624), iscritto all'Ordine professionale degli Ingegneri della provincia di Benevento al n. 614;";2;2;"{""l"": 56.700000759999995, ""t"": 460.47601008, ""r"": 521.90400076, ""b"": 395.4061939981818, ""coord_origin"": ""BOTTOMLEFT""}";1;0;1
atto_39;docling;json;5;CONSIDERATO;CONSIDERATO_2;MOTIVAZIONE;1;"CONSIDERATO che il citato professionista, ha trasmesso presso questo Ente al Protocollo n. 772 del 23/02/2026, la diagnosi energetica dei lavori di ' EFFICIENTAMENTO ENERGETICO DELL'EDIFICIO SCOLASTICO IN VIA GEN D'AMICO ', composto dai seguenti elaborati: - Quadro economico - Tavola grafica con indicazione degli interventi - Computo metrico - Diagnosi energetica - APE post intervento - Analisi costi benefici - Schede tecniche; VISTO il seguente Quadro Economico di spesa:";2;2;"{""l"": 56.700000759999995, ""t"": 391.47601008, ""r"": 521.8920007600001, ""b"": 340.2061894181818, ""coord_origin"": ""BOTTOMLEFT""}";9;1;0
atto_39;docling;json;6;RITENUTO;RITENUTO_1;MOTIVAZIONE_VALUTAZIONE;1;"RITENUTI gli elaborati trasmessi rispondenti alle finalità dell'Amministrazione; VISTI: - il Decreto Legislativo n. 36 del 31 marzo 2023; - l'art. 7, lett. c del Decreto del Presidente della Repubblica 06.06.2001, n. 380 e s.m.i.; - il T.U. degli Enti Locali approvato con D.Lgs n. 267 del 18.08.2002 e s.m.i.;";3;3;"{""l"": 92.70000076, ""t"": 699.99100088, ""r"": 482.2080007600001, ""b"": 674.8721821481818, ""coord_origin"": ""BOTTOMLEFT""}";4;0;0
atto_39;docling;json;7;ACQUISITO;ACQUISITO_1;ISTRUTTORIA;1;"ACQUISITI, ai sensi e per gli effetti di cui all'art. 49 del TUEL n. 267/2000 - ciascuno per quanto di competenza - giusti pareri favorevoli dei Responsabili delle Aree LL.PP. e Contabile;";3;3;"{""l"": 61.900001519999996, ""t"": 611.71399569, ""r"": 524.64400152, ""b"": 574.2461788881818, ""coord_origin"": ""BOTTOMLEFT""}";1;0;1
atto_39;docling;json;8;DISPOSITIVO_PROPOSTA;DISPOSITIVO_PROPOSTA_1;DISPOSITIVO_PROPOSTA;0;"PROPONE DI CONFERMARE quanto esposto in PREMESSA; DI APPROVARE per le motivazioni di cui in PREMESSA specificate la diagnosi energetica e i relativi allegati dei lavori di ' EFFICIENTAMENTO ENERGETICO DELL'EDIFICIO SCOLASTICO IN VIA GEN D'AMICO ', redatta dall'ing. Nicola Pica, avente il seguente quadro economico: DI DISPORRE in ordine alla candidatura a valere sui fondi stanziati ed erogati dal gestore dei servizi energetici (G.S.E.), CONTO termico 3.0 (che incentiva interventi per l'incremento dell'efficienza energetica a beneficio delle pubbliche amministrazioni); DI DARE ATTO che in caso di esito favorevole della candidatura, si procederà all'iscrizione della somma in bilancio, andando ad individuare appositi stanziamenti; DI IMPEGNARSI, in caso di concessione del finanziamento, a realizzare le opere così come descritte nella diagnosi energetica al fine di ottenere un edificio classificato NZEB>>; _____________________";3;3;"{""l"": 264.34999466, ""t"": 570.31700777, ""r"": 322.03399466, ""b"": 560.4471895881818, ""coord_origin"": ""BOTTOMLEFT""}";7;0;0
atto_39;docling;json;9;RITENUTO;RITENUTO_2;MOTIVAZIONE_VALUTAZIONE;1;RITENUTA la su esposta proposta meritevole di recepimento/accoglimento;3;3;"{""l"": 92.70000076, ""t"": 128.57399629999986, ""r"": 460.59600076000015, ""b"": 118.70417811818174, ""coord_origin"": ""BOTTOMLEFT""}";1;1;0
atto_39;docling;json;10;DATO_ATTO;DATO_ATTO_2;ISTRUTTORIA;1;"DATO ATTO che, sulla stessa risultano ACQUISITI i pareri - favorevoli - di regolarità tecnica e contabile resi, dai Responsabili delle Aree LL.PP. e Contabile, ai sensi e per gli effetti dell'art. 49 del T.U.E.L. n. 267/2000;";3;3;"{""l"": 56.700000759999995, ""t"": 114.77498506000006, ""r"": 524.6520007600001, ""b"": 77.30716825818183, ""coord_origin"": ""BOTTOMLEFT""}";1;1;1
atto_39;docling;json;11;ATTESO;ATTESO_1;MOTIVAZIONE;1;ATTESO procedere alla votazione: RICEVUTA espressione dai presenti: - dal Sindaco, Mauri Egidio: di voto favorevole dal Vice Sindaco, Paolucci Davide di voto favorevole DATO ATTO che la proposta risulta approvata all'UNANIMITA';3;4;"{""l"": 92.10000228999999, ""t"": 73.37801241, ""r"": 264.69600229, ""b"": 63.508194228181765, ""coord_origin"": ""BOTTOMLEFT""}";4;0;0
atto_39;docling;json;12;DISPOSITIVO_DELIBERA;DISPOSITIVO_DELIBERA;DISPOSITIVO_DELIBERA;0;DELIBERA;4;4;"{""l"": 258.62399673, ""t"": 724.38799762, ""r"": 341.72799673, ""b"": 711.2282400442424, ""coord_origin"": ""BOTTOMLEFT""}";1;0;0
atto_40;docling;json;1;FORMULATO;FORMULATO_1;ISTRUTTORIA;1;"FORMULATA - dal Sindaco -giusta proposta sull'argomento << Associazione Nazionale Città dell'Olio - iniziativa ""Merenda nell'Oliveta"" VI^ ed. 2026 (dal 25 aprile al 28 giugno 2026). Adesione >>, nei termini di seguito riportati: <<PREMESSO: CHE l'Associazione Nazionale Città dell'Olio organizza l'evento ""Merenda nell'Oliveta' per promuovere il paesaggio e il territorio olivicolo, nonché sviluppare il turismo dell'olio; CHE la stessa - con nota contraddistinta da n. 100/AB/bs di protocollo - ha richiesto l'adesione dei vari Enti Soci, dando facoltà ad ogni singola Amministrazione partecipante di ampliare l'offerta delle iniziative collegate al tema della degustazione dell'olio extra vergine di oliva e dei prodotti tipici, della cultura e dalla tradizione legate al territorio; CHE detta comunicazione, in allegato, recava il modello di scheda per l'adesione all'iniziativa ' Merenda nell'Oliveta' - ed. 2026; CHE la ' Merenda nell'Oliveta ' ha come obiettivo far vivere ai partecipanti un'esperienza del paesaggio olivicolo e dell'ambiente in maniera 'stanziale' - da soli o in compagnia - trascorrendo una giornata all'aria aperta immersi nel paesaggio olivicolo, far riscoprire il valore della convivialità e dello stare insieme alla scoperta di luoghi suggestivi e meno conosciuti; CHE per quest'anno - 80° Anniversario della Repubblica - il tema scelto è ' Un Olivo per la Repubblica: radici comuni, valori condivisi ';";2;2;"{""l"": 56.70000076, ""t"": 763.99400209, ""r"": 524.6440007599999, ""b"": 726.5261852881818, ""coord_origin"": ""BOTTOMLEFT""}";7;0;0
atto_40;docling;json;2;TENUTO_CONTO;TENUTO_CONTO_1;ISTRUTTORIA_MOTIVAZIONE;1;"TENUTO CONTO che questo Comune è partner dell'Associazione Nazionale Città dell'Olio;";2;2;"{""l"": 56.700000759999995, ""t"": 488.01399874, ""r"": 524.65200076, ""b"": 464.3451817281818, ""coord_origin"": ""BOTTOMLEFT""}";1;0;1
atto_40;docling;json;3;VISTO;VISTO_1;PREAMBOLO_RIFERIMENTI;1;"VISTO lo Statuto dell'Associazione Nazionale Città dell'Olio;";2;2;"{""l"": 92.70000076, ""t"": 460.4160067899999, ""r"": 396.96000076000007, ""b"": 450.54618860818175, ""coord_origin"": ""BOTTOMLEFT""}";1;0;1
atto_40;docling;json;4;ACQUISITO;ACQUISITO_1;ISTRUTTORIA;1;"ACQUISITA la scheda progettuale della ' Merenda nell'Oliveta ' VI^ ed. 2026 (dal 25 aprile al 28 giugno 2026), in una DATA da individuare - inviata dall'Associazione in uno con l'invito a prestarvi adesione;";2;2;"{""l"": 56.700000759999995, ""t"": 446.61699555999996, ""r"": 524.6520007599999, ""b"": 409.1491787581818, ""coord_origin"": ""BOTTOMLEFT""}";1;0;0
atto_40;docling;json;5;DATO_ATTO;DATO_ATTO_1;ISTRUTTORIA;1;"DATO ATTO che l'Associazione Nazionale Città dell'Olio - in quanto ente capofila e segreteria organizzativa del progetto - fornirà a tutti gli Enti aderenti: -il format grafico dell'evento, -l'assistenza per la redazione del programma locale, -un ufficio stampa nazionale, -un sito internet dedicato www.cittadellolio.it e www.merendanelloliveta.it ; -profili social dedicati;";2;2;"{""l"": 56.700000759999995, ""t"": 405.21999238999996, ""r"": 524.6400007599998, ""b"": 381.55117537818177, ""coord_origin"": ""BOTTOMLEFT""}";6;0;0
atto_40;docling;json;6;STABILITO;STABILITO_1;MOTIVAZIONE_VALUTAZIONE;1;"STABILITO che, invece, ogni Amministrazione aderente dovrà occuparsi dell'organizzazione dell'iniziativa a livello territoriale: attraverso le azioni RITENUTE più opportune, individuando una o più DATE nell'arco temporale dal 25 aprile al 28 giugno 2026;";2;2;"{""l"": 56.700000759999995, ""t"": 308.62700533, ""r"": 524.6520007599999, ""b"": 271.15918852818186, ""coord_origin"": ""BOTTOMLEFT""}";1;0;0
atto_40;docling;json;7;ATTESO;ATTESO_1;MOTIVAZIONE;1;"ATTESO: CHE questo Comune - RILEVATA la meritevolezza dell'iniziativa - intende prestarvi adesione: -compartecipando con il richiesto contributo straordinario (da versare a titolo di spesa di iscrizione all'evento) quantificato, in base alla classe demografica di appartenenza (Comuni da 0 a 5.000 abitanti): in €. 100,00; -impegnandosi a sviluppare ogni azione utile al fine dell'ottimale realizzazione dell'iniziativa;";2;2;"{""l"": 92.70000076, ""t"": 267.23000215, ""r"": 145.03200076, ""b"": 257.3601839681818, ""coord_origin"": ""BOTTOMLEFT""}";4;0;1
atto_40;docling;json;8;PRECISATO;PRECISATO_1;ISTRUTTORIA_MOTIVAZIONE;1;"PRECISATO che: -per la realizzazione dell'evento, a livello locale, l'Ente si avvarrà della fattiva collaborazione della Pro Loco di Jelsi che, interpellata per le vie brevi, ha assicurato disponibilità a titolo gratuito; -la DATA dell'evento sarà concordata con il Coordinamento regionale delle Città dell'Olio; VISTO il bilancio comunale;";2;2;"{""l"": 92.70000076, ""t"": 156.83797334999986, ""r"": 184.03200076000002, ""b"": 146.96815516818174, ""coord_origin"": ""BOTTOMLEFT""}";3;0;0
atto_40;docling;json;9;INDIVIDUATO;INDIVIDUATO_1;ISTRUTTORIA;1;"INDIVIDUATO, a copertura della spesa occorrente - su indicazione del Responsabile dell'Area Contabile - lo stanziamento di cui al cap. 231/1 codice 06.01-1.03.02.99.003 del bilancio comunale;";3;3;"{""l"": 56.700000759999995, ""t"": 796.19100069, ""r"": 524.64000076, ""b"": 758.7231838881818, ""coord_origin"": ""BOTTOMLEFT""}";1;0;1
atto_40;docling;json;10;PRECISATO;PRECISATO_2;ISTRUTTORIA_MOTIVAZIONE;1;"PRECISATO che la natura dell'evento, riconduce l'iniziativa entro la sfera di competenza dell'Area Amministrativa;";3;3;"{""l"": 56.700000759999995, ""t"": 754.79400133, ""r"": 524.6520007599999, ""b"": 731.1251843181818, ""coord_origin"": ""BOTTOMLEFT""}";1;1;0
atto_40;docling;json;11;ACQUISITO;ACQUISITO_2;ISTRUTTORIA;1;"ACQUISITI, dai Responsabili delle Aree Amministrativa e Contabile - ai sensi dell'art. 49 del D. Lgs. 267/2000 - giusto parere favorevole in ordine alla regolarità contabile;";3;3;"{""l"": 56.700000759999995, ""t"": 727.19599794, ""r"": 524.6520007600002, ""b"": 703.5271809281818, ""coord_origin"": ""BOTTOMLEFT""}";1;1;1
atto_40;docling;json;12;DISPOSITIVO_PROPOSTA;DISPOSITIVO_PROPOSTA_1;DISPOSITIVO_PROPOSTA;0;"PROPONE DI CONFERMARE quanto esposto in PREMESSA; DI ADERIRE, alla iniziativa ' Merenda nell'Oliveta ' VI a edizione, proposta dall'Associazione Nazionale Città dell'Olio e prevista - in una giornata, a scelta di ciascun Ente aderente - nell'arco temporale dal 25 aprile al 28 giugno 2026; DI PRENDERE ATTO che, a livello locale, la manifestazione sarà organizzata dall'Amministrazione l'Amministrazione, che si avvarrà della fattiva collaborazione della Pro Loco di Jelsi che, interpellata per le vie brevi, ha assicurato disponibilità a titolo gratuito; DI PRECISARE che la DATA dell'evento sarà concordata con il Coordinamento regionale delle Città dell'Olio; DI ASSUMERE l'impegno di versare - a titolo di spesa di iscrizione all'evento - il contributo straordinario richiesi: di €. 100,00; DI INDICARE a copertura della spesa occorrente, lo stanziamento di cui al cap. 231/1 codice 06.01-1.03.02.99.003 del bilancio comunale; DI APPROVARE l'allegato modello di scheda di adesione - che costituisce parte integrante e sostanziale del presente provvedimento - inerente all'iniziativa riguardante questo Comune; DI ASSUMERE l'impegno di sviluppare ogni azione utile al fine dell'ottimale realizzazione dell'iniziativa; DI RIMETTERE copia del provvedimento al Responsabile dell'Area Amministrativa, per gli adempimenti consequenziali.>>; ________............................______________";3;3;"{""l"": 261.83499527000004, ""t"": 699.59799837, ""r"": 319.51899527, ""b"": 689.7281801881818, ""coord_origin"": ""BOTTOMLEFT""}";11;0;0
atto_40;docling;json;13;RITENUTO;RITENUTO_1;MOTIVAZIONE_VALUTAZIONE;1;"RITENUTA la su esposta proposta meritevole di recepimento/accoglimento;";3;3;"{""l"": 92.10000076, ""t"": 396.02001069999994, ""r"": 463.32000076, ""b"": 386.15019251818177, ""coord_origin"": ""BOTTOMLEFT""}";1;0;0
atto_40;docling;json;14;DATO_ATTO;DATO_ATTO_2;ISTRUTTORIA;1;"DATO ATTO che, sulla stessa risultano ACQUISITI i pareri favorevoli di regolarità tecnica e contabile resi dai Responsabili delle Aree Amministrativa e Contabile, ai sensi e per gli effetti dell'art. 49 del T.U.E.L. n. 267/2000; ASSEGNATA la responsabilità del procedimento, in capo alla sig.ra Valiante Vincenza, nella sua qualità di Responsabile dell'Area Amministrativa del Comune di Jelsi;";3;3;"{""l"": 56.700000759999995, ""t"": 382.22099947, ""r"": 524.6400007600001, ""b"": 344.7531826681818, ""coord_origin"": ""BOTTOMLEFT""}";2;1;1
atto_40;docling;json;15;ATTESO;ATTESO_2;MOTIVAZIONE;1;"ATTESO procedere alla votazione; RICEVUTA espressione dai presenti: dal Sindaco, Egidio Mauri: di voto favorevole dal Vice Sindaco, Davide Paolucci: di voto favorevole dall'Assessore, Andrea Passarelli: voto favorevole";3;3;"{""l"": 92.70000076, ""t"": 313.2260043499999, ""r"": 265.2960007600001, ""b"": 303.3561861681817, ""coord_origin"": ""BOTTOMLEFT""}";5;1;0
atto_40;docling;json;16;DATO_ATTO;DATO_ATTO_3;ISTRUTTORIA;1;DATO ATTO che la proposta - nella sua interezza ed omogeneità - risulta approvata con voto UNANIME favorevole dei presenti;3;3;"{""l"": 56.700000759999995, ""t"": 244.23097871999994, ""r"": 524.65200076, ""b"": 220.56216170818186, ""coord_origin"": ""BOTTOMLEFT""}";1;1;1
atto_40;docling;json;17;DISPOSITIVO_DELIBERA;DISPOSITIVO_DELIBERA;DISPOSITIVO_DELIBERA;0;DELIBERA;3;3;"{""l"": 267.62399673, ""t"": 215.54701708999994, ""r"": 350.72799673, ""b"": 202.38725951424237, ""coord_origin"": ""BOTTOMLEFT""}";1;0;0
atto_41;docling;json;1;FORMULATO;FORMULATO_1;ISTRUTTORIA;1;"FORMULATA dal Sindaco giusta proposta sull'argomento << Revisione della disciplina sull'origine doganale dei prodotti agricoli e alimentari. Determinazioni >>;";2;2;"{""l"": 56.70000076, ""t"": 763.99400209, ""r"": 524.7939852348, ""b"": 740.3251850781818, ""coord_origin"": ""BOTTOMLEFT""}";1;0;0
atto_41;docling;json;2;ESAMINATO;ESAMINATO_1;ISTRUTTORIA_VALUTAZIONE;1;"ESAMINATA la stessa nella formulazione che, in calce, si riporta integralmente: <<PREMESSO: CHE la Federazione Regionale Coldiretti Molise ha invitato questo Comune ad assumere un provvedimento in cui si chieda la ' revisione della disciplina sull'origine doganale dei prodotti agricoli e alimentari '; CHE obiettivo di Coldiretti è la tutela di produttori e di consumatori italiani; CHE la richiesta mira ad acquisire adesioni propedeutiche ad intraprendere - nelle opportune sedi istituzionali - azioni politiche utili alla modifica della disciplina sull'origine riportata dal codice doganale: -allo scopo di prevedere, quale esclusivo criterio di individuazione dell'origine dei prodotti in parola, l'indicazione del luogo di provenienza, di cui al regolamento UE n. 1169/2011; -per garantire trasparenza e corretta informazione ai consumatori;";2;2;"{""l"": 56.70000076, ""t"": 736.39600252, ""r"": 477.22800076, ""b"": 712.7271807381818, ""coord_origin"": ""BOTTOMLEFT""}";6;0;0
atto_41;docling;json;3;ATTESO;ATTESO_1;MOTIVAZIONE;1;"ATTESO che il codice doganale dell'Unione è istituito agli articoli 59-63 del regolamento (UE) n. 952/2013;";2;2;"{""l"": 56.70000076, ""t"": 555.89299654, ""r"": 524.6460015200001, ""b"": 531.9951794381818, ""coord_origin"": ""BOTTOMLEFT""}";1;0;0
atto_41;docling;json;4;VISTO;VISTO_1;PREAMBOLO_RIFERIMENTI;1;"VISTI, in particolare: - l'articolo 60, paragrafo 1 del regolamento suddetto, secondo cui le merci interamente ottenute in un unico Paese o territorio sono CONSIDERATE originarie di tale paese o territorio; - l'articolo 60, paragrafo 2, ai sensi del quale le merci alla cui produzione contribuiscono due o più Paesi o territori sono CONSIDERATE originarie del paese o territorio in cui hanno subito l'ultima trasformazione o lavorazione sostanziale ed economicamente giustificata, effettuata presso un'impresa attrezzata a tale scopo, che si sia conclusa con la fabbricazione di un prodotto nuovo o abbia rappresentato una fase importante del processo di fabbricazione; - gli articoli 31-36 e l'allegato 22-01 del regolamento delegato (UE) n. 2446/2015;";2;2;"{""l"": 83.95000076, ""t"": 527.8369967799999, ""r"": 190.58200076, ""b"": 517.9671785981817, ""coord_origin"": ""BOTTOMLEFT""}";4;0;1
atto_41;docling;json;5;CONSIDERATO;CONSIDERATO_1;MOTIVAZIONE;1;"CONSIDERATO che il criterio dell'origine non preferenziale, di cui al menzionato articolo 60, consente di stabilire la nazionalità ""economica"" delle merci scambiate nel commercio ed è utilizzato per garantire l'applicazione uniforme della tariffa doganale comune nonchè di tutti gli altri provvedimenti adottati - per l'importazione o l'esportazione delle merci - dall'Unione o dagli Stati membri;";2;2;"{""l"": 56.70000076000001, ""t"": 373.46498750999996, ""r"": 524.65200076, ""b"": 308.39916731818175, ""coord_origin"": ""BOTTOMLEFT""}";1;0;0
atto_41;docling;json;6;PRESO_ATTO;PRESO_ATTO_1;ISTRUTTORIA;1;"PRESO ATTO che non sono state ancora elaborate regole specifiche e univoche per la determinazione dell'origine doganale dei prodotti agricoli e alimentari, salva la distinzione rispetto al luogo di provenienza, inteso - ai sensi dell'articolo 2, par. 2, lett. g) del regolamento (UE) n. 1169/2011 - come quello da cui proviene l'alimento;";2;2;"{""l"": 56.70000076000001, ""t"": 304.46999239, ""r"": 524.6400011399999, ""b"": 253.20317580818175, ""coord_origin"": ""BOTTOMLEFT""}";1;0;1
atto_41;docling;json;7;VALUTATO;VALUTATO_1;MOTIVAZIONE_VALUTAZIONE;1;"VALUTATO che le regole che conferiscono l'origine in base all'ultimo Paese di produzione contribuiscono -con riguardo ai prodotti agro-alimentari -a generare disorientamento nel consumatore rispetto alla individuazione del luogo di origine, come nell'esempio conosciuto dell'importazione di triplo concentrato di pomodoro rispetto al doppio avente come unica finalità quella di ottenere il marchio made in ltaly sui prodotti di provenienza non nazionale ACQUISITI a basso costo;";2;2;"{""l"": 56.70000076, ""t"": 249.27400850000004, ""r"": 524.6520007600002, ""b"": 170.40918470818178, ""coord_origin"": ""BOTTOMLEFT""}";1;0;0
atto_41;docling;json;8;RICONOSCIUTO;RICONOSCIUTO_1;MOTIVAZIONE_VALUTAZIONE;1;"RICONOSCIUTO che coesistono tre tipologie di criteri: il cambiamento della voce tariffaria; la trasformazione specifica; il valore aggiunto;";2;2;"{""l"": 81.25, ""t"": 166.48000215000002, ""r"": 355.53400000000016, ""b"": 156.6101839681818, ""coord_origin"": ""BOTTOMLEFT""}";4;0;0
atto_41;docling;json;9;ATTESO;ATTESO_2;MOTIVAZIONE;1;"ATTESO che, però, nessuno di essi consente di integrare gli estremi della fattispecie "" della lavorazione economicamente giustificata "" ai fini della individuazione di un prodotto nuovo;";2;2;"{""l"": 56.700000759999995, ""t"": 111.28401827000005, ""r"": 524.6520007600001, ""b"": 73.81620146818182, ""coord_origin"": ""BOTTOMLEFT""}";1;1;1
atto_41;docling;json;10;RICONOSCIUTO;RICONOSCIUTO_2;MOTIVAZIONE_VALUTAZIONE;1;"RICONOSCIUTO che la disciplina doganale di cui trattasi non concerne il contenuto dell'informazione destinata ai consumatori mediante l'etichettatura, limitandosi a consentire l'identificazione e la classificazione delle merci nei rapporti internazionali in forza di un unico codice numerico universalmente comprensibile;";3;3;"{""l"": 56.70000076000001, ""t"": 796.19100069, ""r"": 524.6520011399998, ""b"": 744.9241841081817, ""coord_origin"": ""BOTTOMLEFT""}";1;1;0
atto_41;docling;json;11;PRESO_ATTO;PRESO_ATTO_2;ISTRUTTORIA;1;"PRESO ATTO: CHE la giurisprudenza nazionale ed europea riconosce nella disciplina dell'origine doganale una norma di natura fiscale che non permette, tuttavia, di fornire ai consumatori informazioni trasparenti per una corretta individuazione della provenienza geografica; CHE dei rischi economici e reputazionali derivanti dalla commercializzazione di alimenti etichettati come made in Italy, realizzati con ingredienti provenienti da altri Paesi ma che in Italia hanno subito soltanto l'ultima trasformazione sostanziale o economicamente giustificata; CHE sebbene -ai sensi delle norme doganali -le operazioni minime o non economicamente giustificate non hanno alcuna rilevanza ai fini dell'attribuzione dell'origine non preferenziale, nondimeno tali norme risultano inadeguate e carenti ad evitare i casi di falsa evocazione dell'origine dei prodotti che costituiscono il patrimonio agroalimentare italiano;";3;3;"{""l"": 82.80000114, ""t"": 740.99500154, ""r"": 161.47200114, ""b"": 731.1251833581817, ""coord_origin"": ""BOTTOMLEFT""}";4;1;1
atto_41;docling;json;12;ACQUISITO;ACQUISITO_1;ISTRUTTORIA;1;"ACQUISITO, dal Segretario comunale - ai sensi e per gli effetti di cui all'art. 49 del TUEL n. 267/2000 - giusto parere favorevole in ordine alla regolarità tecnica;";3;3;"{""l"": 56.70000076000001, ""t"": 589.20600008, ""r"": 524.6400011400001, ""b"": 565.5371830681818, ""coord_origin"": ""BOTTOMLEFT""}";1;0;1
atto_41;docling;json;13;RILEVATO;RILEVATO_1;ISTRUTTORIA_MOTIVAZIONE;1;"RILEVATO che trattandosi di un provvedimento di natura non gestionale, non ricorre l'esigenza di acquisire parere contabile;";3;3;"{""l"": 56.70000076000001, ""t"": 561.60800814, ""r"": 524.6520011399998, ""b"": 537.9391911281818, ""coord_origin"": ""BOTTOMLEFT""}";1;0;0
atto_41;docling;json;14;VISTO;VISTO_2;PREAMBOLO_RIFERIMENTI;1;VISTO il decreto legislativo 18 agosto 2000, n. 267, in particolare l'articolo 42, comma 1;3;3;"{""l"": 81.35000038, ""t"": 534.0100009299999, ""r"": 516.4100003799999, ""b"": 510.3411715181818, ""coord_origin"": ""BOTTOMLEFT""}";1;1;1
atto_41;docling;json;15;DISPOSITIVO_PROPOSTA;DISPOSITIVO_PROPOSTA_1;DISPOSITIVO_PROPOSTA;0;"PROPONE DI CONFERMARE tutto quanto esposto in PREMESSA, sul presupposto che costituisce parte integrante e sostanziale del presente dispositivo, formandone adeguata motivazione, ai sensi e per gli effetti di cui all'art. 3 della L. n. 241/1990 e ss.mm.ii.; DI ASSUMERE - in accoglimento dell'istanza pervenuta dalla Federazione Regionale Coldiretti Molise - impegno: ad sollecitare l'ANCI (Associazione Nazionale dei Comuni) affinchè promuova presso le competenti sedi istituzionali euro-unitarie, anche tramite il Comitato europeo delle Regioni - azioni/iniziative utili e necessarie all'avvio della procedura di modifica della disciplina sull'origine del codice doganale e, in particolare, alla revisione dell'articolo 60 del regolamento (UE) n. 952/2013: finalizzata all'esclusione dei prodotti agricoli e alimentari dall'ambito di applicazione della stessa e conseguentemente al fine di prevedere quale esclusivo criterio di individuazione dell'origine dei prodotti in parola l'indicazione del luogo di provenienza di cui al regolamento (UE) n.1169/ 2011, onde garantire trasparenza e corretta informazione ai consumatori; ad intraprendere -anche tramite ANCI opportune interlocuzioni con i parlamentari europei eletti nella circoscrizione elettorale di pertinenza del Comune, affinchè gli stessi siano resi edotti dell'iniziativa di cui alla presente deliberazione: sensibilizzandoli circa l'importanza della modifica della disciplina sull'origine doganale nel senso sopra riportato; a sollecitare il Presidente della Regione ad attivarsi - nell'ambito della Conferenza permanente per i rapporti tra lo Stato, le Regioni e le Province Autonome - con il medesimo obiettivo di cui ai precedenti punti; DI TRASMETTERE il presente provvedimento a: - Federazione Regionale Coldiretti Molise, via Luigi D'Amato n. 15, 86100 Campobasso (CB) - pec molise@pec.coldiretti.it - Presidente Regione Molise - via Genova n. 11, 86100 Campobasso - pec regionemolise@cert.regione.molise.it - ANCI (Associazione Nazionale dei Comuni) - pec amministrazione@pec.anci.it - ANCI Molise - viale Elena n. 1, 86100 Campobasso - pec ancimolise@pec.it>>; _________________________";3;3;"{""l"": 81.35000038, ""t"": 534.0100009299999, ""r"": 516.4100003799999, ""b"": 510.3411715181818, ""coord_origin"": ""BOTTOMLEFT""}";12;0;0
atto_41;docling;json;16;RITENUTO;RITENUTO_1;MOTIVAZIONE_VALUTAZIONE;1;"RITENUTA la su esposta proposta meritevole di recepimento/accoglimento;";3;3;"{""l"": 92.10000076, ""t"": 76.06001923999997, ""r"": 463.32000076, ""b"": 66.19020105818174, ""coord_origin"": ""BOTTOMLEFT""}";1;0;0
atto_41;docling;json;17;DATO_ATTO;DATO_ATTO_1;ISTRUTTORIA;1;"DATO ATTO che, sulla stessa: -risulta ACQUISITO, dal Segretario comunale - ai sensi e per gli effetti di cui all'art. 49 del TUEL n. 267/2000 - giusto parere favorevole in ordine alla regolarità tecnica; -trattandosi di un provvedimento di natura non gestionale, non ricorre l'esigenza di acquisire parere contabile;";4;4;"{""l"": 92.10000076, ""t"": 796.19100069, ""r"": 246.0600007600001, ""b"": 786.3211825081818, ""coord_origin"": ""BOTTOMLEFT""}";3;0;1
atto_41;docling;json;18;ATTESO;ATTESO_3;MOTIVAZIONE;1;ATTESO procedere alla votazione: RICEVUTA espressione dai presenti: - dal Sindaco, Mauri Egidio: di voto favorevole - dall'Assessore, Passarelli Andrea di voto favorevole;4;4;"{""l"": 127.50000229, ""t"": 713.39700197, ""r"": 300.09600229000006, ""b"": 703.5271837881818, ""coord_origin"": ""BOTTOMLEFT""}";4;1;0
atto_41;docling;json;19;DATO_ATTO;DATO_ATTO_2;ISTRUTTORIA;1;DATO ATTO che la proposta risulta approvata all'UNANIMITA';4;4;"{""l"": 92.10000228999999, ""t"": 656.47899507, ""r"": 414.67200229, ""b"": 646.6091768881818, ""coord_origin"": ""BOTTOMLEFT""}";1;1;1
atto_41;docling;json;20;DISPOSITIVO_DELIBERA;DISPOSITIVO_DELIBERA;DISPOSITIVO_DELIBERA;0;DELIBERA;4;4;"{""l"": 249.62399673, ""t"": 627.7950029299999, ""r"": 332.7279967300001, ""b"": 614.6352453542423, ""coord_origin"": ""BOTTOMLEFT""}";1;0;0
atto_42;docling;json;1;PREMESSO;PREMESSO_1;NARRATIVA_PREMESSA;1;"PREMESSO che con precedenti deliberazioni e provvedimenti attuativi, nel tempo, questo Ente ha provveduto a disporre in ordine all'istituzione, modifica e disciplina delle ZTL (Zone a Traffico Limitato) e delle APU (Aree Pedonali Urbane) del centro storico del Comune di Poggibonsi ed in particolare RICHIAMATE: -la deliberazione CC n. 53 del 23/04/1991, con la quale, è stata istituita e delimitata, in via di prima sperimentazione, la ZTL e l'APU della città di Poggibonsi, dando mandato alla Giunta Comunale ed al Sindaco di dare attuazione a tale provvedimento; -l'ordinanza sindacale n. 29 del 27/03/1992, con la quale si è provveduto alla disciplina di dettaglio del RICHIAMATO provvedimento deliberativo, contenente anche la regolamentazione del sistema autorizzatorio per specifiche categorie di utenti; -l'ordinanza sindacale n. 58 del 04/05/1996 di parziale modifica della precedente ordinanza n. 29/1992; -l'ordinanza sindacale n. 96 del 11/06/1997 di revoca delle precedenti ordinanze n. 29/1992 e n. 58/1996 e contestuale organizzazione delle circolazione e del sistema autorizzatorio, con disciplina dei criteri di esenzione e di rilascio delle autorizzazioni in deroga ad alcune categorie di utenti nelle ZTL ed APU cittadine; -l'ordinanza sindacale n. 310 del 05/12/1997 di parziale modifica della precedente ordinanza n. 96/97 in merito all'estensione degli orari di carico e scarico delle merci; -la deliberazione GC n. 40 dell'01.4.2008, che, in attuazione degli obiettivi definiti dal Piano Urbano del Traffico del Comune di Poggibonsi, approvato con deliberazione consiliare n. 15 del 26/03/2003, volti al contenimento ed alla riduzione delle criticità e della congestione derivanti dalla circolazione veicolare in ambito urbano, ha disposto la revisione della delimitazione e della regolamentazione della pregressa Z.T.L., con estensione del divieto ai non residenti per l'intera giornata ( H 0/24) e con ampliamento della perimetrazione della Z.T.L. con orario 14.00 alle ore 20.00, istituendo e delimitando la nuova ZTL e la nuova APU, nonché determinando i criteri di rilascio delle autorizzazioni in deroga a determinate categorie di utenti; -la deliberazione GC n. 75 del 17.6.2008 avente ad oggetto, tra l'altro, la rettifica dell'elenco delle vie ricomprese nella precedente deliberazione n. 40/2008 ed in particolare l'inserimento della Via Dietro le Mura nel provvedimento ZTL con orario 14/20 per come delineato nella suddetta deliberazione; -la deliberazione n 128 del 25/11/2008 avente ad oggetto un'ulteriore modifica della precedente deliberazione n. 40/2008, volta al miglioramento delle condizioni di transito e sosta per alcune categorie di utenti ed in particolare per i residenti e per i titolari di attività produttive ed artigianali aventi sede nella stessa ZTL, nonché all'inserimento nell'elenco delle strade di cui alla ZTL 14/20 della Via San Lucchese; -la deliberazione n. 134 del 02/12/2008 di parziale modifica delle precedenti deliberazioni G.C. n. 40/2008 e n. 128/2008 in merito ai criteri di assegnazione dei permessi in deroga ai residenti in ZTL ed APU; -le ordinanze dirigenziali attuative delle deliberazioni GC n. 40/2008, n. 75/2008, n. 128/2008 e n. 134/2008 ed in particolare le ordinanze del Dirigente del Settore Polizia Municipale n. 134 dell'11.7.2008 e la n. 257 del 16.12.2008;";2;2;"{""l"": 51.2, ""t"": 725.66, ""r"": 547.7239999999999, ""b"": 675.932, ""coord_origin"": ""BOTTOMLEFT""}";11;0;0
atto_42;docling;json;2;CONSIDERATO;CONSIDERATO_1;MOTIVAZIONE;1;"CONSIDERATO che: - nel tempo, la regolamentazione delle ZTL ed APU ha subito modifiche, ancorché non sostanziali, la cui frammentazione in vari atti e provvedimenti, poteva pregiudicarne la completa conoscibilità da parte dell'utenza; - dunque, si è RITENUTO opportuno, in un'ottica di trasparenza e pubblicità dell'azione amministrativa, trasfondere in un unico provvedimento organico tutte le norme di disciplina e di regolamentazione della ZTL ed APU cittadine; - a tal fine, con deliberazione G.C. n. 49 del 26/02/2013, ferma restando la delimitazione della ZTL ed APU per come regolamentato dalle previgenti disposizioni, è stato quindi approvato un 'Disciplinare delle ZTL (Zone a Traffico Limitato) ed APU( Aree Pedonali Urbane', quale corpus organico per la disciplina della gestione e modalità di fruizione delle ZTL e delle APU; - con successiva deliberazione n. 159 del 04/06/2013, recependo alcune necessità di adeguamento e di emendamento derivanti da osservazioni pervenute ad opera delle categorie di utenti maggiormente coinvolte dall'attuazione del suddetto disciplinare, questo organo ha approvato alcune modifiche ed integrazioni al Disciplinare delle ZTL (Zone a Traffico Limitato) ed APU( Aree Pedonali Urbane' approvato con precedente deliberazione G.C. n. 49/2013;";2;3;"{""l"": 51.2, ""t"": 113.05999999999995, ""r"": 149.18, ""b"": 104.73199999999997, ""coord_origin"": ""BOTTOMLEFT""}";5;0;0
atto_42;docling;json;3;RICORDATO;RICORDATO_1;PREAMBOLO_RIFERIMENTI;1;"RICORDATO che:  La Regione Toscana, con DELIBERA GR n. 704 del 01/08/2011, ha INDIVIDUATO gli indirizzi per l'accelerazione della programmazione della spesa del Programma Operativo regionale 'Competitività regionale e Occupazione' 2007-2013, indicando, quali priorità di intervento dell'Asse IV 'accessibilità ai servizi di trasporto e di telecomunicazioni', gli obiettivi operativi e le conseguenti attività, interessanti anche i Comuni, come di seguito riportato: -Sviluppo di sistemi innovativi di informazione a sostegno della mobilità integrata -Realizzazione di una struttura informativa geografica per accessibilità ' I mobility'  Con DELIBERA G.R.T. n. 341 del 23/04/2012, la Regione Toscana ha INDIVIDUATO le risorse da destinare ai Comuni, con un impegno di cofinanziamento almeno pari al 50% delle spese totali ammissibili;  Con successivo Decreto n. 2613 del 23/05/2012 la Regione toscana ha approvato l'avviso rivolto ai Comuni per la selezione dei progetti in ambito di infomobilità corredato della scheda di proposta progettuale;  Il Comune di Poggibonsi, con la propria deliberazione G.C. n. 245 del 20/09/2012, ha approvato quindi la proposta progettuale denominata 'Poggibonsi - i mobility' da presentare alla Regione Toscana per la concessione di un contributo nell'ambito del suddetto Programma operativo Regionale 'POR - FESR 2007-2013, Asse IV Accessibilità ai servizi di trasporto e di telecomunicazioni. Attività IV . 4', individuando il dirigente del Settore Polizia Municipale, responsabile del progetto/RUP  Con successivo Decreto dirigenziale n. 6362 del 28/12/2012, pubblicato sul Burt n. 4 - Parte terza del 23/01/2013, la Regione Toscana ha approvato la graduatoria relativa ai progetti di infomobilità, nella quale il progetto 'Poggibonsi - I - Mobility' presentato da questo Comune risulta ammesso a cofinanziamento, provvedendo alla successiva sottoscrizione con questo Ente, della convenzione contenente gli impegni per la gestione del contributo (obblighi di monitoraggio e rendicontazione, modalità e tempi di erogazione, ecc) assegnato per la realizzazione del progetto;  E' emersa successivamente la necessità di apportare alcune modifiche all'originario progetto, e quindi, con deliberazione G.C. n. 161 del 20/05/2014, il Comune di Poggibonsi ha approvato la nuova scheda progettuale denominata 'Poggibonsi - i mobility' il cui schema funzionale prevede la suddivisione in varie azioni di intervento tra le quali rientra la realizzazione di un 'SISTEMA DI CONTROLLO DEGLI ACCESSI ALLA ZONA A TRAFFICO LIMITATO (ZTL) DEL COMUNE DI POGGIBONSI' da realizzarsi attraverso la fornitura e posa in opera di varchi elettronici e di tutto quanto necessario per il loro corretto funzionamento, approvando il relativo piano di spesa;  Il nuovo progetto di informobilità in questione, ha previsto la suddivisione delle azioni che lo compongono, in due successive fasi, da realizzarsi consecutivamente: tra le azioni che prevedono una tempistica di realizzazione distinta in due fasi, rientrava anche il 'sistema di controllo automatizzato degli accessi alla Zona a Traffico limitato' con particolare riferimento alla diversa articolazione oraria in ZTL 0/24 (I° fase) e ZTL 14/20 (II° fase). Nello specifico per la realizzazione della seconda fase era necessario valutare previamente un modesto ampliamento della ZTL 14/20;  Con nota prot. n. 16261 del 29/05/2014, integrata con nota prot. n. 17556 del 13/06/2014, il nuovo progetto così approvato, veniva inviato alla Regione Toscana, che autorizzava le modifiche progettuali con successiva nota prot. n. 22264 del 29/07/2014  Con direttiva G.C. n. 104 del 23/10/2014, questo organo, VISTA l'unitarietà del sistema di controllo degli accessi, l'opportunità di procedere con speditezza alla fornitura del sistema alla luce della tempistica del progetto 'Poggibonsi I - Mobility', nonché la stretta correlazione delle prestazioni contrattuali, che per ragioni tecniche e di buon funzionamento dell'infrastruttura, richiedono una gestione organica, ha RITENUTO necessario disporre l'ampliamento della ZTL 14/20 alla Via S. Martini ed all'intera Via San Francesco, con l'obiettivo di procedere, fin da subito, ad un appalto unitario della fornitura e posa in opera del sistema;  A seguito di tale ATTO di indirizzo, il Dirigente del Settore Polizia Municipale con propria determinazione n. 45/PM del 28/10/2014 ha indetto apposita procedura negoziata tramite RDO sul Mercato Elettronico della Pubblica Amministrazione (MEPA) ai sensi dell'art. 125 comma 1, lett. b) e comma 4 del D.lgs 163/2006 e s.m.ei. nonché dell'art. 10, comma 1 lettera q) del Regolamento dei Contratti dell' Ente , per la fornitura e posa in opera di un sistema di controllo automatizzato degli accessi alla zona a traffico limitato del centro cittadino, provvedendo contestualmente, all'approvazione del relativo progetto, redatto a cura del Settore Polizia Municipale e che prevede la realizzazione di un sistema di controllo telematico ZTL mediante l'installazione di n. 7 (sette) varchi elettronici di lettura delle targhe per il monitoraggio della corsia di ingresso alle ZTL 0/24 e 14/20 per come delineate nei pregressi provvedimenti, completi eti di tutte le apparecchiature hardware, di tutti i componenti software e di tutti gli accessori necessari al loro corretto funzionamento (postazione Centrale di Controllo, segnaletica stradale, pannelli informativi per l'informazione all'utenza dello stato in tempo reale della ZTL - varco attivo/varco non attivo - e relativi orologi indicante l'ora locale ) in corrispondenza dei seguenti siti: ZTL 0/24 1 - Via Riesci; 2 - Via Trieste, angolo Via San Francesco; 3 - Via Marmocchi, angolo vicolo Ciaspini 4 - Via Grandi, angolo Via Borgo Marturi 5 - L.go Gramsci ZTL 14/20 6 - Via Borgo Marturi ( parte alta) angolo P.zza Matteotti 7 - Via San Francesco  Con RDO n.645127 (CIG 5988951EB2) pubblicata in DATA 31/10/2014, è stata attivata la suddetta procedura negoziata;  Con successiva determinazione dirigenziale n. 132/EU del 11/12/2014, a seguito dell'esame delle offerte pervenute da parte della Commissione Giudicatrice, nominata con determinazione dirigenziale n. 49/PM del 12/11/2014, è stata affidata alla ditta Sismic Sistemi SRL con sede legale in Firenze, via Maria Malibran, 49/51 (P.Iva 04403120480) la fornitura e posa in opera del sistema di controllo telematico degli accessi ZTL mediante l'installazione di n. 7 (sette) varchi elettronici denominati ' S.A.R.T./2', sistema regolarmente omologato con Decreto del Ministero delle Infrastrutture e dei Trasporti - Dipartimento per i trasporti, la navigazione, gli affari generali ed il personale - Direzione generale per la sicurezza stradale prot. n. 4684 del 03/10/2014, RILASCIATO alla Società Sismic Sistemi Srl, allegato alla presente deliberazione sub lett.A) onde costituirne parte integrante e sostanziale;";3;5;"{""l"": 51.2, ""t"": 575.86, ""r"": 135.17600000000002, ""b"": 567.532, ""coord_origin"": ""BOTTOMLEFT""}";26;0;1
atto_42;docling;json;4;RITENUTO;RITENUTO_1;MOTIVAZIONE_VALUTAZIONE;1;"RITENUTO dunque, alla luce di quanto sopra illustrato: o dover nuovamente disporre in ordine alla delimitazione della ZTL 14/20 attraverso l'estensione del provvedimento alla Via Simone Martini ed all'intera Via San Francesco, in ossequio alla RICHIAMATA direttiva di questo organo n. 104 del 23/10/2014; o dover quindi formalizzare la istituzione della ZTL 0/24, della ZTL 14/20 ed della APU di questo Ente, per come di seguito riportato e meglio illustrato nella planimetria d'insieme, allegata sub lett. B), che costituisce parte integrante e sostanziale del presente provvedimento; APU con divieto di transito e sosta dalle ore 0.00 alle ore 24.00 a tutti i veicoli, ad eccezione delle categorie esentate e/o autorizzate, nelle seguenti vie e piazze: Via della Repubblica, limitatamente al tratto da Largo Gramsci a P.zza Cavour; Via Pertini; P.zza Matteotti, limitatamente al tratto compreso tra via Borgo Marturi e Via Pertini; P.zza Cavour; Via Becheroni; Via Veneto, limitatamente al tratto da P.zza Savonarola a P.zza F.lli Rosselli; Via Simone da Poggibonsi; P.zza Nagy; Via Rugi; Via Curiel; Vicolo Ciaspini, limitatamente al tratto da Via Montorsoli a Via Gallurì; Vicolo Buonaccorsi; Via dei Mercanti; P.zza F.lli Rosselli, limitatamente al perimetro interno alla Piazza; ZTL con divieto di transito e sosta dalle ore 0.00 alle ore 24.00 a tutti i veicoli, ad eccezione delle categorie esentate e/o autorizzate, nelle seguenti vie e piazze: Via Riesci; P.zza Savonarola; Via Veneto, limitatamente al tratto da P.zza Savonarola a P.zza Frilli; P.zza F.lli Rosselli, limitatamente al perimetro esterno alla Piazza; Via Frà Nicolao; Via della Rocca; Via delle Chiavi; Vicolo Fracassini; P.zza San Lorenzo; Via della Repubblica, limitatamente al tratto da P.zza Cavour a Via San Francesco; Via Trieste, limitatamente al tratto da Via della Repubblica a Via San Francesco; Via Marmocchi; Vicolo Ciaspini, limitatamente al tratto da Via Marmocchi a Via Gallurì; Vicolo del Poggiarello; Via Gallurì; Via Frilli; Via Montorsoli; Largo Gramsci, nella parte adiacente le Vie della Repubblica, Montorsoli e Grandi; P.zza Amendola; Via Grandi; C) ZTL con divieto di transito e sosta dalle ore 14.00 alle ore 20.00 a tutti i veicoli, ad eccezione delle categorie esentate e/o autorizzate, nelle seguenti vie e piazze: Via San Francesco Via S. Martini; Via Trieste, tratto compreso tra Via San Francesco e Via Senese; P.zza Frilli; Via Borgo Marturi, limitatamente al tratto da P.zza Matteotti a Via Marmocchi; Via Dietro le Mura; Via Poggiobonizio; Via Bonizio Segni; Via Badia; Via L. Da Vinci; Via Balugano da Crema; Via San Lucchese.";5;6;"{""l"": 51.2, ""t"": 673.76, ""r"": 331.47200000000015, ""b"": 665.432, ""coord_origin"": ""BOTTOMLEFT""}";52;0;0
atto_42;docling;json;5;PRECISATO;PRECISATO_1;ISTRUTTORIA_MOTIVAZIONE;1;"PRECISATO che il sistema di controllo elettronico degli accessi, nella zona a traffico limitato del Comune di Poggibonsi (SI), che costituisce parte del più ampio progetto 'Poggibonsi IMobility', ha la finalità di consentire: -l'identificazione e successivo sanzionamento del transito dei veicoli in violazione alle disposizioni previste per la ZTL, aderendo pienamente ai principi espressi nel D.P.R. 250 del 22/06/1999 'Regolamento recante norme per l'autorizzazione all'installazione e all'esercizio di impianti per la rilevazione degli accessi di veicoli ai centri storici e alle zone a traffico limitato' e nel rispetto della riservatezza, secondo le prescrizioni emesse dal Garante per la Privacy.; -benefici nella gestione automatica della ZTL, offrendo, anche in modo indiretto, maggiori e migliori servizi per gli utenti -il rilevamento dei volumi di traffico ai varchi per fasce orarie, sia dei veicoli in infrazione che di quelli autorizzati, al fine di successive elaborazioni statistiche volte a pianificare eventuali modifiche alla circolazione stradale;";6;6;"{""l"": 51.2, ""t"": 521.96, ""r"": 547.7239999999999, ""b"": 486.032, ""coord_origin"": ""BOTTOMLEFT""}";4;0;0
atto_42;docling;json;6;ATTESO;ATTESO_1;MOTIVAZIONE;1;"ATTESO dunque che tale Sistema concorre pertanto a perseguire gli obiettivi insiti nell'istituzione delle ZTL ed APU e quindi: Ridurre il traffico veicolare privato, incentivando l'uso dei mezzi di trasporto pubblici; Ridurre i valori di inquinamento acustico e atmosferico; Migliorare la sicurezza per la cittadinanza; Rendere il centro storico più fruibile per il transito dei pedoni e dei ciclisti";6;6;"{""l"": 51.2, ""t"": 312.96000000000004, ""r"": 547.7239999999999, ""b"": 290.832, ""coord_origin"": ""BOTTOMLEFT""}";5;0;1
atto_42;docling;json;7;EVIDENZIATO;EVIDENZIATO_1;MOTIVAZIONE;1;"EVIDENZIATO che i suddetti sistemi omologati ' S.A.R.T./2' di SISMIC SISTEMI SRL (Decreto del Ministero delle Infrastrutture e dei Trasporti - Dipartimento per i trasporti, la navigazione, gli affari generali ed il personale - Direzione generale per la sicurezza stradale prot. n. 4684 del 03/10/2014) verranno installati, per le finalità e con gli obbiettivi sopra illustrati, nei principali varchi di ingresso alla ZTL 0/24 ed alla ZTL 14/20 ed in particolare nei punti di sorveglianza EVIDENZIATI nella RICHIAMATA planimetria, allegata sub lett. B) che costituisce parte integrante e sostanziale del presente provvedimento, collocandoli in corrispondenza dei seguenti siti: ZTL 0/24 1 - Via Riesci; 2 - Via Trieste, angolo Via San Francesco; 3 - Via Marmocchi, angolo vicolo Ciaspini 4 - Via Grandi, angolo Via Borgo Marturi 5 - L.go Gramsci ZTL 14/20 6 - Via Borgo Marturi ( parte alta) angolo P.zza Matteotti 7 - Via San Francesco";6;7;"{""l"": 51.2, ""t"": 216.05999999999995, ""r"": 547.7239999999999, ""b"": 111.13199999999995, ""coord_origin"": ""BOTTOMLEFT""}";10;0;0
atto_42;docling;json;8;PRECISATO;PRECISATO_2;ISTRUTTORIA_MOTIVAZIONE;1;"PRECISATO che  i suddetti impianti saranno utilizzati per la rilevazione dei DATI, riguardanti il luogo, il tempo e l'identificazione dei veicoli che accedono alle ZTL di questo Ente, raccogliendo DATI sugli accessi e rilevando immagini solamente in caso di infrazione e che la conseguente procedura sanzionatoria avrà luogo solamente in presenza di violazione documentata dalle immagini RILEVATE, che verrà conservata per il solo periodo necessario alla contestazione dell'infrazione, all'applicazione della sanzione ed alla definizione dell'eventuale contenzioso. I DATI RILEVATI verranno utilizzati, in forma anonima, nel rispetto delle vigenti disposizioni di legge, anche a fini statistici e per studi, analisi e rilievi di traffico;  gli impianti verranno gestiti direttamente dal Comando di Polizia Municipale, restando nella loro disponibilità. Al Responsabile nominato da Sindaco ed al personale di vigilanza incaricato, spetterà la custodia e l'utilizzazione dei DATI RILEVATI.  ferme restando le disposizioni di cui al D.Lgs 196/2003 e successive modificazioni, i DATI RILEVATI sono accessibili per fini di polizia giudiziaria o di indagine penale.  l'esercizio degli impianti avrà luogo nel rispetto delle norme di omologazione od approvazione, per le finalità per cui sono stati autorizzati, e comunque nei limiti di cui all'articolo 17, comma 133- bis, della legge 15 maggio 1997, n. 127, introdotto dall'articolo 2, comma 33, della legge 16 giugno 1998, n. 191;  gli impianti in questione non saranno interconnessi con altri strumenti, archivi o banche DATI;  ai fini dell'installazione ed esercizio degli impianti suddetti per la rilevazione degli accessi di veicoli alle ZTL per come sopra INDIVIDUATE ed istituite, ai sensi dell'articolo 17, comma 133-bis, della legge 15 maggio 1997, n. 127, introdotto dall'art. 2, comma 33, della legge 16 giugno 1998, n. 191, questo Ente provvederà a richiedere apposita autorizzazione al Ministero delle Infrastrutture e dei Trasporti - Dipartimento per i trasporti, la navigazione, gli affari generali ed il personale - Direzione generale per la sicurezza stradale, recependo quanto in essa contenuto in ordine all'esercizio;";7;7;"{""l"": 51.2, ""t"": 687.66, ""r"": 132.68, ""b"": 679.332, ""coord_origin"": ""BOTTOMLEFT""}";7;1;0
atto_42;docling;json;9;DATO_ATTO;DATO_ATTO_1;ISTRUTTORIA;1;"DATO ATTO che, in corrispondenza dei suddetti varchi elettronici, il flusso dei veicoli non autorizzati al transito in ZTL, può regolarmente proseguire, senza la necessità di manovre che possano pregiudicare la sicurezza o creare intralcio alla circolazione, utilizzando percorsi non soggetti a divieto o limitazione alcuna;";7;7;"{""l"": 51.2, ""t"": 287.1600000000001, ""r"": 547.7239999999999, ""b"": 237.43200000000002, ""coord_origin"": ""BOTTOMLEFT""}";1;0;1
atto_42;docling;json;10;ATTESO;ATTESO_2;MOTIVAZIONE;1;"ATTESO che -in base alla attuale regolamentazione della circolazione dinamica della ZTL, gli accessi alla medesima risultano così pressoché interamente disciplinati da sistemi di rilevamento elettronico; -tra gli accessi alla ZTL 14/20, risulta privo di copertura con sistemi telematici di controllo il solo tratto di Via Badia regolamentato a doppio senso di circolazione per un'estensione all'interno della ZTL inferiore a 100 mt ed in particolare il solo tratto dall'intersezione con Via S. Caterina fino all'intersezione con Via L. Da Vinci; -tale tratto di Via Badia risulta del tutto marginare rispetto alla perimetrazione complessiva della ZTL in quanto, oltre a presentare una estensione inferiore a 100 mt, la sua disciplina a doppio senso di circolazione ha la precipua finalità di agevolare l'accesso ai residenti di Via L. da Vinci; -ai fini di una migliore gestione degli strumenti di controllo delle ZTL e della APU, questa Amministrazione provvederà anche al controllo del rispetto dei divieti vigenti attraverso l'operato del proprio personale di vigilanza; -il suddetto sistema di controllo telematico degli accessi alla ZTL è espandibile e PREDISPOSTO, fin da subito, all'installazione di ulteriori varchi e che, pertanto, questo Ente si riserva di disporre nel futuro il completamento della rete di controllo telematico;";7;8;"{""l"": 51.2, ""t"": 217.76, ""r"": 112.088, ""b"": 209.43200000000002, ""coord_origin"": ""BOTTOMLEFT""}";7;1;0
atto_42;docling;json;11;RITENUTO;RITENUTO_2;MOTIVAZIONE_VALUTAZIONE;1;"RITENUTO  dover quindi istituire il sistema di controllo telematico nei principali varchi di ingresso alla ZTL 0/24 ed alla ZTL 14/20 per come sopra INDIVIDUATI, per un totale di n. 7 varchi da collocarsi nei punti di sorveglianza EVIDENZIATI nella già RICHIAMATA planimetria, allegata sub lett. B), rinviando ad apposito successivo provvedimento l'attivazione del suddetto sistema, a seguito dell'ottenimento, da parte di questo Ente, dell'autorizzazione del Ministero delle Infrastrutture e dei Trasporti all'installazione ed all'esercizio dei n. 7 impianti predetti, nonché dell'espletamento del periodo di pre esercizio, nei termini e secondo quanto verrà disposto dal suddetto Ministero;  altresì dover modificare l'art. 2, comma 1 lett.C) del'Disciplinare delle ZTL (Zone a Traffico Limitato) ed APU (Aree Pedonali Urbane), per la regolamentazione della gestione e modalità di fruizione delle ZTL e delle APU approvato con deliberazione G.C. n. 159 del 04/06/2013, integrando l'elenco delle vie ricomprese nel perimetro della ZTL 14/20 con l'inserimento dell'intera Via San Francesco e della Via S. Martini;  dover confermare interamente detto Disciplinare, per la parte non emendata al punto precedente, approvando il testo coordinato e già modificato che si allega sub lett. C), a far parte integrante e sostanziale del presente provvedimento, rinviando a successivo provvedimento, contestuale all'attivazione del sistema, l'adozione delle ulteriori integrazioni ed adeguamenti, che si rendessero strettamente necessari e riconducibili in modo specifico a tale nuova modalità di controllo telematico degli accessi ZTL;  infine dover dare mandato al Dirigente del Settore Polizia Municipale all'adozione di tutti gli atti ed attività gestionali connessi e conseguenti all'adozione del presente provvedimento, con particolare riferimento all'inoltro, come previsto dal DPR 250/1999, della domanda al Ministero delle Infrastrutture e dei Trasporti per la autorizzazione alla installazione ed alla messa in esercizio del sistema di controllo telematico degli accessi alla ZTL 0/24 e ZTL 14/2, costituito da n. 7 (sette) varchi elettronici 'SART 2' di Sismic Sistemi SRL, omologati con Decreto del Ministero delle Infrastrutture e dei Trasporti - Dipartimento per i trasporti, la navigazione, gli affari generali ed il personale - Direzione generale per la sicurezza stradale prot. n. 4684 del 03/10/2014 e situati nelle descritte vie di ingresso alle suddette ZTL per come già INDIVIDUATE ai punti precedenti;";8;8;"{""l"": 51.2, ""t"": 658.86, ""r"": 99.68, ""b"": 650.532, ""coord_origin"": ""BOTTOMLEFT""}";5;1;0
atto_42;docling;json;12;RITENUTO;RITENUTO_3;MOTIVAZIONE_VALUTAZIONE;1;"RITENUTA la propria competenza ai sensi dell'art. 7, comma 1 lett. f) del D.Lgs n. 285/92 e successive modifiche ed integrazioni recante 'Nuovo Codice della Strada', nonché ai sensi dell'art. 48 del D.Lgs n. 267/2000 e s.m.e i.;";8;8;"{""l"": 51.2, ""t"": 203.16000000000008, ""r"": 547.7239999999999, ""b"": 167.23199999999997, ""coord_origin"": ""BOTTOMLEFT""}";1;0;0
atto_42;docling;json;13;PRESO_ATTO;PRESO_ATTO_1;ISTRUTTORIA;1;"PRESO ATTO del parere favorevole in ordine alla regolarità tecnica espresso dal Dirigente del Settore Polizia Municipale ed in ordine alla regolarità contabile espresso dal Dirigente del Settore Economico-Finanziario, come da allegati alla proposta di DELIBERA, ai sensi dell'art. 49 del D.lgs. n. 267/2000 e ss.mm.;";8;8;"{""l"": 51.2, ""t"": 147.96000000000004, ""r"": 547.7239999999999, ""b"": 98.23199999999997, ""coord_origin"": ""BOTTOMLEFT""}";1;0;1
atto_42;docling;json;14;VISTO;VISTO_1;PREAMBOLO_RIFERIMENTI;1;VISTO lo Statuto Comunale VISTO il D.lgs 267/2000 e ss.mm.ii.;8;8;"{""l"": 51.2, ""t"": 77.99199999999996, ""r"": 179.464, ""b"": 69.89200000000005, ""coord_origin"": ""BOTTOMLEFT""}";1;0;1
atto_42;docling;json;15;VISTO;VISTO_2;PREAMBOLO_RIFERIMENTI;1;VISTO il D.Lgs 285/92 e ss.mm.ii;9;9;"{""l"": 51.2, ""t"": 770.46, ""r"": 221.55200000000005, ""b"": 762.1320000000001, ""coord_origin"": ""BOTTOMLEFT""}";1;0;0
atto_42;docling;json;16;VISTO;VISTO_3;PREAMBOLO_RIFERIMENTI;1;VISTO il DPR 495/92 e ss.mm.i.i.;9;9;"{""l"": 51.2, ""t"": 756.36, ""r"": 222.20000000000007, ""b"": 748.032, ""coord_origin"": ""BOTTOMLEFT""}";1;0;0
atto_42;docling;json;17;VISTO;VISTO_4;PREAMBOLO_RIFERIMENTI;1;"VISTO il DPR 250/1999 avente ad oggetto 'Regolamento recante le norme per l'attuazione all'installazione ed all'esercizio degli impianti per la rilevazione degli accessi di veicoli ai centri storici ed alle zone a traffico limitato';";9;9;"{""l"": 51.2, ""t"": 742.16, ""r"": 547.7239999999999, ""b"": 706.2320000000001, ""coord_origin"": ""BOTTOMLEFT""}";1;0;0
atto_42;docling;json;18;VISTO;VISTO_5;PREAMBOLO_RIFERIMENTI;1;"VISTO l'art 17, comma 133- bis, della legge 15 maggio 1997, n. 127;";9;9;"{""l"": 51.2, ""t"": 700.46, ""r"": 410.0840000000005, ""b"": 692.1320000000001, ""coord_origin"": ""BOTTOMLEFT""}";1;0;0
atto_42;docling;json;19;DISPOSITIVO_DELIBERA;DISPOSITIVO_DELIBERA;DISPOSITIVO_DELIBERA;0;DELIBERA;9;9;"{""l"": 262.2, ""t"": 646.9699999999999, ""r"": 333.65599999999995, ""b"": 637.2539999999999, ""coord_origin"": ""BOTTOMLEFT""}";1;0;0
atto_43;docling;json;1;PREMESSO;PREMESSO_1;NARRATIVA_PREMESSA;1;"PREMESSO CHE - è pervenuta al protocollo dell'Ente, in DATA 09.06.26 n.9405, la richiesta di concessione del patrocinio gratuito per la manifestazione denominata ""Campania Festival - Gusti, Musica e Tradizioni"", organizzata da Dagal Creations Aps; - la manifestazione si svolgerà nei giorni 31 luglio, 1 e 2 agosto in Piazza S. Michele e prevede iniziative finalizzate alla valorizzazione delle tradizioni locali, dell'enogastronomia, della cultura e della musica del territorio campano; - l'evento rappresenta un'importante occasione di promozione turistica, culturale e sociale del territorio comunale, favorendo la partecipazione dei cittadini e dei visitatori;";2;2;"{""l"": 70.90000153, ""t"": 725.2609975199999, ""r"": 165.91600153000002, ""b"": 715.3911793381817, ""coord_origin"": ""BOTTOMLEFT""}";4;0;0
atto_43;docling;json;2;CONSIDERATO;CONSIDERATO_1;MOTIVAZIONE;1;"CONSIDERATO CHE - le finalità dell'iniziativa risultano coerenti con gli obiettivi istituzionali dell'Amministrazione Comunale di promozione culturale, sociale e turistica del territorio;";2;2;"{""l"": 70.90000153, ""t"": 547.38100408, ""r"": 189.24400153, ""b"": 537.5111858981818, ""coord_origin"": ""BOTTOMLEFT""}";2;0;0
atto_43;docling;json;3;PRESO_ATTO;PRESO_ATTO_1;ISTRUTTORIA;1;"PRESO ATTO - che il patrocinio richiesto ha carattere esclusivamente morale e istituzionale; - che non sono previsti contributi economici diretti a carico del bilancio comunale; - che il Comune garantirà esclusivamente il montaggio e lo smontaggio della pedana (palco) necessaria allo svolgimento delle attività e la fornitura dell'energia elettrica durante i giorni della manifestazione;";2;2;"{""l"": 70.90000153, ""t"": 472.22901127999995, ""r"": 147.91600153000002, ""b"": 462.3591930981818, ""coord_origin"": ""BOTTOMLEFT""}";4;0;1
atto_43;docling;json;4;RITENUTO;RITENUTO_1;MOTIVAZIONE_VALUTAZIONE;1;"RITENUTO di accogliere favorevolmente la richiesta di patrocinio gratuito in considerazione del valore culturale, turistico e sociale dell'iniziativa;";2;2;"{""l"": 70.90000153, ""t"": 349.5010144599999, ""r"": 134.92000153, ""b"": 339.63119627818173, ""coord_origin"": ""BOTTOMLEFT""}";2;0;0
atto_43;docling;json;5;VISTO;VISTO_1;PREAMBOLO_RIFERIMENTI;1;"VISTO il D.Lgs. n. 267/2000;";2;2;"{""l"": 70.90000153, ""t"": 298.1370007799999, ""r"": 220.25200153000003, ""b"": 288.26718259818176, ""coord_origin"": ""BOTTOMLEFT""}";1;0;1
atto_43;docling;json;6;DISPOSITIVO_DELIBERA;DISPOSITIVO_DELIBERA;DISPOSITIVO_DELIBERA;0;DELIBERA;2;2;"{""l"": 266.33699799, ""t"": 250.56101202000002, ""r"": 329.0129979899999, ""b"": 240.6911938381818, ""coord_origin"": ""BOTTOMLEFT""}";1;0;0
atto_44;docling;json;1;PREMESSO;PREMESSO_1;NARRATIVA_PREMESSA;1;"PREMESSO CHE: - la toponomastica cittadina costituisce strumento di valorizzazione della memoria collettiva e di riconoscimento dell'impegno civile, istituzionale e politico di personalità che hanno contribuito alla crescita democratica della Repubblica Italiana; - il Comune intende promuovere iniziative volte alla conservazione della memoria storica nazionale, favorendo la conoscenza di figure che hanno avuto un ruolo rilevante nella vita politica e istituzionale del Paese; - le figure dell'On. Bettino Craxi e dell'On. Ciriaco De Mita hanno rappresentato, pur in differenti esperienze politiche e culturali, protagonisti di primo piano della storia repubblicana italiana nella seconda metà del Novecento;";2;2;"{""l"": 70.90000153, ""t"": 712.6739985799999, ""r"": 172.91200153, ""b"": 702.8041803981818, ""coord_origin"": ""BOTTOMLEFT""}";4;0;0
atto_44;docling;json;2;CONSIDERATO;CONSIDERATO_1;MOTIVAZIONE;1;"CONSIDERATO CHE: - Bettino Craxi, Segretario del Partito Socialista Italiano e Presidente del Consiglio dei Ministri dal 1983 al 1987, è stato protagonista di una significativa stagione politica caratterizzata da riforme economiche, consolidamento del ruolo internazionale dell'Italia e rafforzamento dell'autonomia decisionale dello Stato italiano nel contesto europeo e mediterraneo; - La figura di Craxi, al di là delle vicende giudiziarie e del dibattito storico-politico, conserva rilievo nella storia istituzionale italiana quale interprete di una fase significativa della modernizzazione politica ed economica del Paese; - Ciriaco De Mita, Segretario della Democrazia Cristiana e Presidente del Consiglio dei Ministri dal 1988 al 1989, ha rappresentato una delle principali espressioni del cattolicesimo democratico italiano, contribuendo in maniera determinante alla riflessione sulle istituzioni, sul Mezzogiorno e sul ruolo dei partiti nella democrazia parlamentare; - De Mita ha dedicato la propria lunga esperienza politica alla promozione dello sviluppo territoriale, del dialogo democratico e della partecipazione politica, distinguendosi per spessore culturale e capacità istituzionale; - L'intitolazione di spazi pubblici alle suddette personalità intende riconoscere il contributo offerto alla vita democratica della Nazione, nel rispetto del pluralismo politico e della memoria storica repubblicana; - E' intenzione di questa Amministrazione dare lustro alle figure di cui sopra onorandone la memoria attraverso l'intitolazione di una piazzetta e di un tratto di strada;";2;2;"{""l"": 70.90000153, ""t"": 552.5549990999999, ""r"": 196.24000153, ""b"": 542.6851809181818, ""coord_origin"": ""BOTTOMLEFT""}";7;0;0
atto_44;docling;json;3;CONSIDERATO;CONSIDERATO_2;MOTIVAZIONE;1;"CONSIDERATO, ALTRESI', CHE: - Per lo scopo di cui sopra, sono state INDIVIDUATE la Piazzetta che sorgerà in Via Capo Solofra, attuale fermata dei bus, ed il tratto di strada che costeggia l'attuale Piazza Mercato; - L'intitolazione rappresenta un ATTO simbolico di riconoscenza e memoria collettiva, per l'intera cittadinanza; - Ai sensi della vigente normativa in materia di toponomastica per l'intitolazione di aree pubbliche, è necessario ottenere la preventiva autorizzazione da parte della Prefettura di Avellino;";2;3;"{""l"": 70.90000153, ""t"": 180.03800080999986, ""r"": 261.91600153, ""b"": 170.16818262818174, ""coord_origin"": ""BOTTOMLEFT""}";4;0;0
atto_44;docling;json;4;RITENUTO;RITENUTO_1;MOTIVAZIONE_VALUTAZIONE;1;"RITENUTO: - Di procedere in tal senso, avviando formalmente l'iter per la richiesta dell'autorizzazione prefettizia all'intitolazione di una Piazzetta a 'Ciriaco De Mita' e di un tratto di strada a 'Bettino Craxi';";3;3;"{""l"": 70.90000153, ""t"": 719.0709979399999, ""r"": 141.90400153000002, ""b"": 709.2011797581818, ""coord_origin"": ""BOTTOMLEFT""}";2;0;0
atto_44;docling;json;5;VISTO;VISTO_1;PREAMBOLO_RIFERIMENTI;1;"VISTO: - Il D. L.gs n. 267/2000 - Testo Unico Enti Locali; - Lo Statuto Comunale; - Il verbale della Commissione Toponomastica datato 26.02.2026;";3;3;"{""l"": 70.90000153, ""t"": 656.5059954999999, ""r"": 115.24000153, ""b"": 646.6361773181818, ""coord_origin"": ""BOTTOMLEFT""}";4;0;1
atto_44;docling;json;6;DISPOSITIVO_DELIBERA;DISPOSITIVO_DELIBERA;DISPOSITIVO_DELIBERA;0;DELIBERA;3;3;"{""l"": 255.83699799, ""t"": 576.2419955599999, ""r"": 345.5129979899999, ""b"": 566.3721773781817, ""coord_origin"": ""BOTTOMLEFT""}";1;0;0
atto_45;docling;json;1;RILEVATO;RILEVATO_1;ISTRUTTORIA_MOTIVAZIONE;1;"RILEVATO CHE : -con Deliberazione della Giunta Comunale n. 86 del 30.04.2025, esecutiva ai sensi di legge, veniva: - approvato, ai sensi e per gli effetti dell'art. 38 del D. Lgs. n. 36/2023 e ss.mm. e ii., il Progetto Esecutivo denominato 'LAVORI DI MANUTENZIONE STRAORDINARIA DEL CAMPO DI CALCIO A 5 (CAMPO B) DEL CENTRO GIOVANILE GIUSEPPE MARELLO', redatto dall'Ufficio Tecnico Comunale, comportante una spesa complessiva di € 96'082,93 ( Euro novantaseimila-ottanta-due/93 ), di cui € 62'946,68 ( Euro sessantaduemila-novecento-quaranta- sei/68 ) per importo a base di gara soggetto a ribasso, € 3'374,17 ( Euro tremila-trecento-settanta- quattro/17 ) per costi della sicurezza non soggetti a ribasso, ed € 29'762,08 ( Euro ventinovemila-settecentosessanta-due/08 ) per somme a disposizione della stazione appaltante; - autorizzato il Sindaco pro-tempore a procedere alla richiesta di mutuo attraverso l'avviso pubblico 'Sport Missione Comune 2025' dell'Istituto per il Credito Sportivo e Culturale, per realizzare la copertura finanziaria dei lavori in oggetto; - DATO mandato al Responsabile dell'Area III^ Tecnica e al Responsabile dell'Area II^ Finanziaria, ciascuno per le proprie competenze, di attivare tutte le procedure conseguenziali per la realizzazione degli interventi di cui trattasi; -la copertura finanziaria dei 'LAVORI DI MANUTENZIONE STRAORDINARIA DEL CAMPO DI CALCIO A 5 (CAMPO B) DEL CENTRO GIOVANILE GIUSEPPE MARELLO' si è materializzata a seguito del finanziamento accordato dall' Istituto per il Credito Sportivo e Culturale successivamente all'inoltro della richiesta n. 8128 del 22.05.2025 avanzata dal Comune di Solofra sul portale on-line del succitato Istituto di Credito, per un totale di € 96'082,93 ( Euro novanta-seimila-ottanta-due/93 ), cifra complessiva derivante dal Progetto Esecutivo approvato con Deliberazione della Giunta Comunale n. 86 del 30.04.2025; -con Determinazione dell'Area III^ Tecnica n. 62, Registro Generale n. 463 del 01.08.2025 sono stati affidati, a seguito dello svolgimento sulla piattaforma telematica di approvvigionamento 'Acquisti in rete PA' del Confronto di Preventivi Me.P.A. n. 5529550 del 22.07.2025, i 'LAVORI DI MANUTENZIONE STRAORDINARIA DEL CAMPO DI CALCIO A 5 (CAMPO B) DEL CENTRO GIOVANILE GIUSEPPE MARELLO' all'operatore economico 'SPORTECO S.R.L. -TECNOLOGIE E COSTRUZIONI SPORTIVE', con sede legale a Napoli (NA) in via Giulio Palermo n. 3, C.A.P. 80131, per un importo contrattuale di € 52'189,32 ( Euro cinquanta-duemilacentottanta-nove/32 ), di cui € 48'815,15 ( Euro quarantottomila-ottocento-quindici/15 ) per lavori, € 3'374,17 ( Euro tremila-trecento-settanta- quattro/17 ) per costi della sicurezza non soggetti a ribasso, il tutto oltre I.V.A. di legge al 22% pari ad € 11'481,65 ( Euro undicimila-quattrocento-ottantuno/65 ), in virtù del ribasso offerto sull'importo a base d'appalto ribassabile, pari al 22,45% ( venti-due/45 percento ); -in DATA 23.09.2025 è stato stipulato il contratto d'appalto per l'esecuzione dei lavori in oggetto, identificato con il prot. n. 14037 del 24.09.2025, per un importo di € 52'189,32 ( Euro cinquanta-duemila-centottanta-nove/32 ), di cui € 48'815,15 ( Euro quarantottomilaottocento-quindici/15 ) per lavori, € 3'374,17 ( Euro tremila-trecento-settanta- quattro/17 ) per costi della sicurezza non soggetti a ribasso, il tutto oltre I.V.A. di legge al 22% pari ad € 11'481,65 ( Euro undicimila-quattrocento-ottantuno/65 ); -la consegna dei lavori risulta essere stata effettuata in DATA 04.05.2026, giusto Processo Verbale di Consegna dei Lavori sottoscritto dall'Appaltatore 'SPORTECO S.R.L. TECNOLOGIE E COSTRUZIONI SPORTIVE' e dal Direttore dei Lavori Ing. Giandomenico De Maio, quest'ultimo incaricato con Determinazione dell'Area III^ Tecnica n. 50, Registro Generale n. 421 del 15.07.2025; -con nota prot. n. 7717 del 14.05.2026, il Direttore dei Lavori richiedeva al Responsabile Unico del Progetto l'autorizzazione a poter procedere alla redazione di apposita perizia di variante in corso d'opera ai sensi dell'art. 120, comma 1, lettera c) del D. Lgs. n. 36/2023 e ss.mm. e ii. ('circostanze impreviste ed imprevedibili'), in virtù di un significativo peggioramento dello stato manutentivo e statico dei pali di illuminazione esistenti e dell'avanzato stato di degrado delle linee interrate di alimentazione dell'impianto elettrico esistente, circostanze che rendono necessarie: - la completa sostituzione dei pali d'illuminazione esistenti e degli elementi metallici usurati; - la realizzazione di nuovi plinti di fondazione per i nuovi pali d'illuminazione; - la realizzazione di un nuovo cordolo perimetrale per l'alloggiamento della dorsale dell'impianto elettrico, non risultando utilizzabili le canalizzazioni esistenti; - la completa realizzazione del nuovo impianto elettrico di alimentazione dell'illuminazione, comprensivo delle linee dorsali, dei cavidotti, dei pozzetti e dell'impianto di messa a terra; - una lieve traslazione del rettangolo di gioco, necessaria al fine di consentire il corretto posizionamento dei nuovi sostegni all'interno dell'area oggetto d'intervento; -con nota prot. n. 7764 del 14.05.2026, il Responsabile Unico del Progetto, Ing. Michele De Maio, autorizzava il Direttore dei Lavori a procedere alla redazione della perizia di variante ai sensi dell'art. 120, comma 1, lettera c), del D. Lgs. n. 36/2023 e ss.mm. e ii., in ragione delle circostanze impreviste ed imprevedibili emerse nel corso dell'esecuzione dei lavori; -il Direttore dei Lavori, con nota prot. n. 8767 del 29.05.2026, ha trasmesso perizia suppletiva e di variante costituita dai seguenti elaborati: - Tavola A: Relazione di variante; - Tavola B: Computo metrico estimativo; - Tavola C: Stima incidenza manodopera; - Tavola D: Elenco prezzi unitari e Analisi prezzi; - Tavola E: Quadro Comparativo; - Tavola F: ATTO di sottomissione e verbale di concordamento nuovi prezzi; - Tavola G: Quadro economico di variante; - Tavola H: Elaborati Grafici. -la perizia suppletiva e di variante di cui al precedente punto comporta una maggiore spesa dell'importo contrattuale lavori di netti € 14'874,87 ( Euro quattordicimila-ottocentosettanta-quattro/87 ), oltre IVA pari al 22% pari ad € 3'272,47 ( Euro tremila-duecentosettanta-due/47 ); -l'aumento contrattuale di netti € 14'874,87 ( Euro quattordicimila-ottocento-settantaquattro/87 ) non eccede il 50% del valore del contratto iniziale e si pone in coerenza con l'art. 120, comma 2 del 'Codice dei Contratti Pubblici'; -l'importo complessivo derivante dall'aumento contrattuale pari a lordi € 18'147,34 ( Euro diciottomila-cento-quaranta-sette/34 ) viene finanziato in parte con la quota imprevisti e la sua I.V.A. riportate nelle somme a disposizione della stazione appaltante del quadro economico comparativo di variante, e in parte con le economie riportate nella colonna 'Q.E. Post Gara' dello stesso quadro economico comparativo di variante che di seguito si propone:";2;4;"{""l"": 70.90000153, ""t"": 694.70799517, ""r"": 170.24800153, ""b"": 684.8381769881818, ""coord_origin"": ""BOTTOMLEFT""}";28;0;0
atto_45;docling;json;2;ATTESO;ATTESO_1;MOTIVAZIONE;1;"ATTESO CHE , sulla scorta di quanto in precedenza riportato, si è ESAMINATO il contenuto degli elaborati peritali, i quali, nonostante le modifiche proposte RITENUTE non sostanziali ai sensi dell'art. 120, comma 7 del D. Lgs. n. 36/2023 e ss.mm. e ii., non alterano la struttura del contratto d'appalto lavori, e, in particolare, rispettano, nel loro complesso, quanto prescritto dalla vigente normativa di settore;";5;5;"{""l"": 70.90000153, ""t"": 119.79699204999997, ""r"": 527.44000153, ""b"": 78.19117475818177, ""coord_origin"": ""BOTTOMLEFT""}";1;0;0
atto_45;docling;json;3;VISTO;VISTO_1;PREAMBOLO_RIFERIMENTI;1;"VISTI : -il Codice Unico di Progetto (C.U.P.) D62H25000230005, ottenuto tramite il sito web https://cupweb.tesoro.it, in conformità all'art. 11 della Legge 16 gennaio 2003, n. 3 e all'art. 3, comma 5 della Legge 13 agosto 2010, n. 136; -il Codice Identificativo di Gara (C.I.G.) B7DA63AA92, ottenuto per il tramite della piattaforma telematica 'Acquisti in rete PA' di Consip S.p.A., nell'ambito della procedura telematica svolta per l'affidamento dei lavori in oggetto, ai sensi dell'art. 225, comma 2 del 'Codice dei contratti pubblici' che prevede che le disposizioni in materia di digitalizzazione acquistano efficacia a partire dal 1° gennaio 2024 con particolare riferimento agli articoli da 19 a 36 del D. Lgs. n. 36/2023 e ss.mm. e ii., inerenti la 'Digitalizzazione del ciclo di vita dei contratti'; -il vigente Statuto Comunale; -il Decreto Legislativo 31 marzo 2023, n. 36 e ss.mm. e ii., con i relativi allegati; -il Decreto Legislativo 18 agosto 2000, n. 267 e ss.mm. e ii.; -il parere favorevole del Responsabile Unico del Progetto reso attraverso la relazione prot. n. 8875 del 03.06.2026; -i pareri tecnico e contabile resi dai Responsabili dei Servizi interessati, ai sensi degli artt. 49 e 147-bis del Decreto Legislativo 18 agosto 2000, n. 267 e ss.mm. e ii.;";6;6;"{""l"": 70.90000153, ""t"": 720.23699831, ""r"": 106.92400153, ""b"": 710.3671801281818, ""coord_origin"": ""BOTTOMLEFT""}";8;0;1
atto_45;docling;json;4;DATO_ATTO;DATO_ATTO_1;ISTRUTTORIA;1;"DATO ATTO CHE il contenuto della presente Deliberazione corrisponde alle competenze che l'ordinamento assegna alla Giunta Comunale;";6;6;"{""l"": 70.90000153, ""t"": 418.85601304999994, ""r"": 527.4400015299998, ""b"": 393.11819578818177, ""coord_origin"": ""BOTTOMLEFT""}";1;0;0
atto_45;docling;json;5;DISPOSITIVO_DELIBERA;DISPOSITIVO_DELIBERA;DISPOSITIVO_DELIBERA;0;DELIBERA;6;6;"{""l"": 248.86000823999998, ""t"": 338.9719861599999, ""r"": 349.99600824, ""b"": 327.4571982812121, ""coord_origin"": ""BOTTOMLEFT""}";1;0;0
atto_46;docling;json;1;PREMESSO;PREMESSO_1;NARRATIVA_PREMESSA;1;"PREMESSO CHE: - con deliberazione di Giunta Comunale n. 193 del 29.11.2024 si è proceduto all'approvazione degli esiti della manifestazione di interesse finalizzata all'assegnazione di suoli cimiteriali destinati alla realizzazione di cappelle e/o sepolture private, con contestuale individuazione degli assegnatari; - successivamente alcuni assegnatari hanno formalmente comunicato la rinuncia all'assegnazione dei rispettivi suoli cimiteriali; - con deliberazione di Giunta Comunale n. 21 del 29.01.2026 è stata PRESA formalmente d'ATTO delle suddette rinunce, determinando la disponibilità di n. 3 suoli cimiteriali; - risultano altresì disponibili ulteriori n. 3 suoli cimiteriali che, pur ricompresi nella programmazione dell'Ente, non sono stati oggetto di precedente assegnazione;";2;2;"{""l"": 70.90000153, ""t"": 716.4619967799999, ""r"": 166.25200153, ""b"": 706.5921785981818, ""coord_origin"": ""BOTTOMLEFT""}";5;0;0
atto_46;docling;json;2;CONSIDERATO;CONSIDERATO_1;MOTIVAZIONE;1;"CONSIDERATO CHE: - è interesse dell'Amministrazione Comunale garantire la piena utilizzazione delle aree cimiteriali disponibili, nel rispetto dei principi di trasparenza, imparzialità e parità di trattamento; - occorre fornire specifico indirizzo al Responsabile dell'Area I AA.GG. affinché proceda all'assegnazione dei predetti n. 6 suoli cimiteriali disponibili;";2;2;"{""l"": 70.90000153, ""t"": 551.00600313, ""r"": 188.89600153, ""b"": 541.1361849481818, ""coord_origin"": ""BOTTOMLEFT""}";3;0;0
atto_46;docling;json;3;RITENUTO;RITENUTO_1;MOTIVAZIONE_VALUTAZIONE;1;"RITENUTO opportuno demandare al Responsabile del Settore competente l'adozione di tutti gli atti gestionali necessari e conseguenti al presente provvedimento;";2;2;"{""l"": 70.90000153, ""t"": 454.48999666, ""r"": 527.4400015300001, ""b"": 430.83217741818174, ""coord_origin"": ""BOTTOMLEFT""}";1;0;0
atto_46;docling;json;4;VISTO;VISTO_1;PREAMBOLO_RIFERIMENTI;1;"VISTO il D.Lgs. n. 267/2000;";2;2;"{""l"": 70.90000153, ""t"": 413.12601350999995, ""r"": 218.23600153, ""b"": 403.2561953281817, ""coord_origin"": ""BOTTOMLEFT""}";1;0;1
atto_46;docling;json;5;DISPOSITIVO_DELIBERA;DISPOSITIVO_DELIBERA;DISPOSITIVO_DELIBERA;0;DELIBERA;2;2;"{""l"": 266.33699799, ""t"": 366.76200077999994, ""r"": 332.0129979899999, ""b"": 356.89218259818176, ""coord_origin"": ""BOTTOMLEFT""}";1;0;0
atto_47;docling;json;1;PREMESSO;PREMESSO_1;NARRATIVA_PREMESSA;1;"PREMESSO che questa Amministrazione valorizza lo sport quale elemento essenziale per una corretta crescita della personalità individuale e collettiva e sostiene le manifestazioni tese a creare momenti di aggregazione intergenerazionale e promozione del territorio;";2;2;"{""l"": 70.89800077, ""t"": 712.6739985799999, ""r"": 527.4520015300001, ""b"": 675.2281811381818, ""coord_origin"": ""BOTTOMLEFT""}";1;0;0
atto_47;docling;json;2;ESAMINATO;ESAMINATO_1;ISTRUTTORIA_VALUTAZIONE;1;"ESAMINATA l'istanza FORMULATA dalla Associazione 'Frate Vento' con sede in Solofra, a firma del presidente Domenico Nicodemo, ACQUISITA al Protocollo Generale di questo Ente in DATA 03.06.2026 prot. n. 8947, con la quale si chiede il Patrocinio morale del Comune alla manifestazione denominata 'Solofra Vertikal', competizione podistica giunta alla VIII edizione in programma per il 14.06.2026 ;";2;2;"{""l"": 70.89600172, ""t"": 657.5220019699999, ""r"": 527.45200153, ""b"": 592.5001843181817, ""coord_origin"": ""BOTTOMLEFT""}";1;0;0
atto_47;docling;json;3;EVIDENZIATO;EVIDENZIATO_1;MOTIVAZIONE;1;"EVIDENZIATO che la manifestazione, dedicata alla memoria di Carlo Iannaccone, operaio deceduto per un infortunio nei campi nel 2017, riveste anche aspetti di profondo significato umano e, per il tracciato prescelto, di valorizzazione delle bellezze paesaggistiche offerte dal Parco dei Picentini;";2;2;"{""l"": 70.89600172, ""t"": 574.79399752, ""r"": 527.4520015299998, ""b"": 523.5601818781818, ""coord_origin"": ""BOTTOMLEFT""}";1;0;0
atto_47;docling;json;4;RITENUTO;RITENUTO_1;MOTIVAZIONE_VALUTAZIONE;1;"RITENUTO pertanto di accordare il richiesto patrocinio morale alla manifestazione, condividendone i valori e le finalità perseguite, autorizzando gli organizzatori a riprodurre il logo 'Città di Solofra' su manifesti e depliant pubblicitari;";2;2;"{""l"": 70.89600172, ""t"": 505.85401033, ""r"": 527.4520015299998, ""b"": 468.4081928881818, ""coord_origin"": ""BOTTOMLEFT""}";1;0;0
atto_47;docling;json;5;RICHIAMATO;RICHIAMATO_1;PREAMBOLO_RIFERIMENTI;1;"RICHIAMATO il Tuel approvato con D. Lgs. 267/2000;";2;2;"{""l"": 70.90400163, ""t"": 450.70200228, ""r"": 352.22000163, ""b"": 440.83218409818176, ""coord_origin"": ""BOTTOMLEFT""}";1;0;1
atto_47;docling;json;6;DISPOSITIVO_DELIBERA;DISPOSITIVO_DELIBERA;DISPOSITIVO_DELIBERA;0;DELIBERA;2;2;"{""l"": 266.33699799, ""t"": 395.54999422, ""r"": 332.0129979899999, ""b"": 385.68017603818174, ""coord_origin"": ""BOTTOMLEFT""}";1;0;0
atto_48;docling;json;1;PREMESSO;PREMESSO_1;NARRATIVA_PREMESSA;1;"PREMESSO che: l'articolo 40 ' Contratti collettivi nazionali ed integrativi ' del D.Lgs. 165/2001 al comma 1 prevede che: ' 1. La contrattazione collettiva disciplina il rapporto di lavoro e le relazioni sindacali e si svolge con le modalità previste dal presente decreto. Nelle materie relative alle sanzioni disciplinari, alla valutazione delle prestazioni ai fini della corresponsione del trattamento accessorio, della mobilità, la contrattazione collettiva è consentita nei limiti previsti dalle norme di legge. Sono escluse dalla contrattazione collettiva le materie attinenti all'organizzazione degli uffici, quelle oggetto di partecipazione sindacale ai sensi dell'articolo 9, quelle afferenti alle prerogative dirigenziali ai sensi degli articoli 5, comma 2,16 e 17, la materia del conferimento e della revoca degli incarichi dirigenziali, nonché quelle di cui all'articolo 2, comma 1, lettera c), della legge 23 ottobre 1992, n. 421 '; nel contesto del comma 1 dell'art. 40 sono affermati alcuni elementi determinanti della contrattazione: il primato della legge nelle materie relative alla sanzioni disciplinari ed alla valutazione delle prestazioni ai fini del trattamento accessorio; l'esclusione dalla contrattazione collettiva delle materie relative all'organizzazione degli uffici, al conferimento ed alla revoca degli incarichi dirigenziali. il comma 3-bis dell'articolo 40 stabilisce che le pubbliche amministrazioni attivano autonomi livelli di contrattazione collettiva integrativa, nel rispetto dell'articolo 7, comma 5, che impone l'erogazione dei trattamenti economici accessori solo se corrispondono alle prestazioni effettivamente rese, e dei vincoli di bilancio risultanti dagli strumenti di programmazione annuale e pluriennale di ciascuna amministrazione; la suddetta contrattazione collettiva integrativa si svolge sulle materie, con i vincoli e nei limiti STABILITI dai contratti collettivi nazionali, tra i soggetti e con le procedure negoziali ivi STABILITI.";2;2;"{""l"": 70.89999962, ""t"": 740.27199816, ""r"": 145.53999962, ""b"": 730.4021799781818, ""coord_origin"": ""BOTTOMLEFT""}";8;0;0
atto_48;docling;json;2;PRECISATO;PRECISATO_1;ISTRUTTORIA_MOTIVAZIONE;1;"PRECISATO che: in DATA 16.11.2022 è stato sottoscritto il CCNL del Comparto Funzioni Locali 2019-2021; in DATA 23.02.2026 è stato sottoscritto il CCNL del Comparto Funzioni Locali 2022-2024 che ha riscritto la disciplina relativa alle relazioni sindacali, attualmente disciplinate al Titolo II del contratto; l'articolo 7, comma 3, del CCNL Funzioni Locali 2022-2024 prevede che: ' I componenti della delegazione di parte datoriale, tra cui è INDIVIDUATO il presidente, sono designati dall'organo competente secondo i rispettivi ordinamenti '.";2;2;"{""l"": 78.0, ""t"": 381.78400301, ""r"": 151.308, ""b"": 371.91418482818176, ""coord_origin"": ""BOTTOMLEFT""}";4;0;0
atto_48;docling;json;3;DATO_ATTO;DATO_ATTO_1;ISTRUTTORIA;1;"DATO ATTO che la Giunta Comunale: ha il compito di designare i componenti ed il presidente della delegazione trattante di parte pubblica tenendo CONTO delle competenze e conoscenze possedute dai dirigenti e delle esigenze da soddisfare connesse alla contrattazione; formula le direttive e fissa gli obiettivi per la delegazione trattante.";2;2;"{""l"": 78.0, ""t"": 257.69199251, ""r"": 251.30400000000006, ""b"": 247.82217432818175, ""coord_origin"": ""BOTTOMLEFT""}";3;0;1
atto_48;docling;json;4;DATO_ATTO;DATO_ATTO_2;ISTRUTTORIA;1;"DATO ATTO inoltre che: le attività della delegazione sono connotate da ampia discrezionalità, da esercitare nei limiti degli indirizzi e degli obiettivi che rimangono prerogativa degli organi di indirizzo politicoamministrativo, inclusa l'autorizzazione alla sottoscrizione degli accordi integrativi; la delegazione trattante ha il compito di informare periodicamente la Giunta Comunale in ordine all'andamento delle trattative; è indispensabile un costante e stretto collegamento tra la Giunta Comunale e la delegazione trattante per accertare, in tempo reale, il necessario consenso politico sulle scelte che si stanno per formalizzare in sede di negoziato.";2;2;"{""l"": 78.0, ""t"": 174.96402619999992, ""r"": 185.976, ""b"": 165.0942080181818, ""coord_origin"": ""BOTTOMLEFT""}";4;0;0
atto_48;docling;json;5;RITENUTO;RITENUTO_1;MOTIVAZIONE_VALUTAZIONE;1;"RITENUTO di procedere alla designazione dei membri della delegazione trattante di parte pubblica, come indicato all'art. 7, comma 3, del CCNL Funzioni Locali del 23/02/2026, individuando il Segretario Comunale, con funzioni di Presidente;";3;3;"{""l"": 42.54999924, ""t"": 754.0599982599999, ""r"": 527.4479999999999, ""b"": 716.6141808181818, ""coord_origin"": ""BOTTOMLEFT""}";1;0;0
atto_48;docling;json;6;ACQUISITI_PARERI;ACQUISITI_PARERI_1;PARERI_ATTESTAZIONI;0;"ACQUISITO il parere di regolarità tecnica ai sensi dell'art. 49 - 1° comma - del D.Lgs. n. 267/2000;";3;3;"{""l"": 42.549999240000005, ""t"": 698.90799593, ""r"": 527.4460007700002, ""b"": 675.2501766881818, ""coord_origin"": ""BOTTOMLEFT""}";1;0;1
atto_48;docling;json;7;DISPOSITIVO_DELIBERA;DISPOSITIVO_DELIBERA;DISPOSITIVO_DELIBERA;0;DELIBERA;3;3;"{""l"": 246.93900681, ""t"": 611.04199063, ""r"": 323.56100681, ""b"": 599.527202751212, ""coord_origin"": ""BOTTOMLEFT""}";1;0;0
atto_49;docling;json;1;PREMESSO;PREMESSO_1;NARRATIVA_PREMESSA;1;"PREMESSO che il signor Matteo Perolari, in qualità di Amministratore Unico della Ditta OPERA S.R.L., ha presentato il 23/04/2025 al protocollo comunale n. 2602, richiesta di Permesso di Costruire per 'Ristrutturazione con demolizione e ricostruzione edificio ad uso residenziale', riguardante l'immobile situato in via Elvezia n. 21;";2;2;"{""l"": 42.54999924, ""t"": 767.8479983699999, ""r"": 527.4459992400001, ""b"": 716.6141827281817, ""coord_origin"": ""BOTTOMLEFT""}";1;0;0
atto_49;docling;json;2;PREMESSO;PREMESSO_2;NARRATIVA_PREMESSA;1;"PREMESSO che: - l'Amministrazione Comunale è dotata di un Piano di Governo del Territorio (PGT) approvato dal Consiglio Comunale con deliberazione n. 19 del 23/4/2024, pubblicato sul BURL n. 37 del 11/09/2024; - il PGT prevede il riconoscimento di diritti edificatori e il loro trasferimento dalle aree di cessione alle aree di atterraggio, con la tecnica della perequazione, nonché il trasferimento di diritti edificatori legati alle diverse forme di incentivazione previste dal PGT; - l'art. 11, comma 4, della L.R. 12/2005 e s.m.i. stabilisce che i Comuni istituiscano il Registro delle Cessioni dei Diritti Edificatori, aggiornato e reso pubblico secondo le modalità STABILITE dagli stessi Comuni; - l'art. 14bis della Normativa del Piano delle Regole del PGT dispone in merito al Registro dei Diritti Edificatori; - Nelle more della redazione del registro dei diritti edificatori, l'amministrazione comunale ha comunque tutti i riferimenti per poter riconoscere i diritti di cui dispone, ed eventualmente cederli in tutto o in parte secondo le disposizioni del Piano delle Regole ed in particolare del citato art. 14bis;";2;2;"{""l"": 42.54999924, ""t"": 698.90799593, ""r"": 134.55399924, ""b"": 689.0381777481819, ""coord_origin"": ""BOTTOMLEFT""}";6;0;0
atto_49;docling;json;3;RICHIAMATO;RICHIAMATO_1;PREAMBOLO_RIFERIMENTI;1;"RICHIAMATI la Tavola PR1 del Piano delle Regole, la disciplina dettata dalla Normativa del Piano delle Regole, artt. 14, 14bis, 19, del Piano di Governo del Territorio vigente;";2;2;"{""l"": 42.54999924, ""t"": 446.40399813, ""r"": 527.44599924, ""b"": 422.74617888818176, ""coord_origin"": ""BOTTOMLEFT""}";1;0;0
atto_49;docling;json;4;PRESO_ATTO;PRESO_ATTO_1;ISTRUTTORIA;1;"PRESO ATTO che per le transazioni che coinvolgono l'Amministrazione comunale quale cedente diritti edificatori, il valore di tali diritti è STABILITO nella Normativa del Piano delle Regole vigente, secondo quanto descritto dal comma 14 dell'art. 14bis, nel seguente modo: Il valore di riferimento per ogni mq di SL di diritto edificatorio è quantificato in 1⁄4 del costo di costruzione vigente per gli edifici residenziali di cui all'art. 48, commi 1 e 2, l.r. n.12 del 2005, e può essere oggetto di variazione con semplice e motivata DELIBERA di Consiglio Comunale. Il valore di riferimento per ogni mq di area base al netto dei diritti edificatori è STABILITO dal valore agricolo del suolo come determinato dalla commissione provinciale espropri. Tali valori costituiscono impegno per l'amministrazione comunale, le transazioni che si svolgono tra privati possono liberamente assumere valori differenti.;";2;2;"{""l"": 42.54999924, ""t"": 405.03998444999996, ""r"": 527.4459992400002, ""b"": 271.07815672818174, ""coord_origin"": ""BOTTOMLEFT""}";1;0;0
atto_49;docling;json;5;PRESO_ATTO;PRESO_ATTO_2;ISTRUTTORIA;1;"PRESO ATTO dell'impossibilità dell'interessato di procedere tramite reperimento di diritti edificatori privati;";2;2;"{""l"": 42.54999924, ""t"": 253.37198518999992, ""r"": 527.44599924, ""b"": 229.71416594818174, ""coord_origin"": ""BOTTOMLEFT""}";1;0;0
atto_49;docling;json;6;VERIFICATO;VERIFICATO_1;ISTRUTTORIA;1;"VERIFICATA l'applicabilità dello strumento perequativo con cessione di diritti edificatori da parte del Comune verso il soggetto privato, coerentemente con gli indirizzi della relazione del Documento di Piano del PGT vigente;";2;2;"{""l"": 42.54999924, ""t"": 212.00797150999995, ""r"": 527.44599924, ""b"": 174.56215406818183, ""coord_origin"": ""BOTTOMLEFT""}";1;0;0
atto_49;docling;json;7;RICHIAMATO;RICHIAMATO_2;PREAMBOLO_RIFERIMENTI;1;"RICHIAMATA la Determinazione del Responsabile dell'Area Tecnica N.R.A. 54 del 10/06/2026, N.R.G. 148, recante ad oggetto ' Ricognizione dei diritti edificatori di proprietà comunale potenzialmente soggetti a trasferimento ';";2;2;"{""l"": 42.54999924, ""t"": 156.85599397999988, ""r"": 527.4459992400001, ""b"": 119.41017653818176, ""coord_origin"": ""BOTTOMLEFT""}";1;1;1
atto_49;docling;json;8;INDIVIDUATO;INDIVIDUATO_1;ISTRUTTORIA;1;"INDIVIDUATA , in applicazione della suddetta determina, quale dotazione territoriale idonea alla liberazione dei diritti edificatori, al fine del presente ATTO, la parte ricompresa all'interno della delimitazione del centro abitato dell'area situata in via G. Manzù n. 3, destinata a servizi di interesse comune e servizi per lo sport, censita al catasto terreni/fabbricati al foglio 907 mappale 10952, alla quale è attribuita una potenzialità edificatoria di mq 1.793,4 di SL;";2;3;"{""l"": 42.54999924, ""t"": 101.70401643999992, ""r"": 527.44599924, ""b"": 50.470200798181736, ""coord_origin"": ""BOTTOMLEFT""}";2;0;0
atto_49;docling;json;9;PRESO_ATTO;PRESO_ATTO_3;ISTRUTTORIA;1;"PRESO ATTO altresì che la documentazione completa relativa alla richiesta di Permesso di Costruire è depositata, tramite sportello telematico, agli atti dell'Ufficio Tecnico e sarà oggetto di successivo provvedimento di rilascio di Permesso di Costruire;";3;3;"{""l"": 42.54999924, ""t"": 740.27199816, ""r"": 527.4459992399999, ""b"": 702.8261807181818, ""coord_origin"": ""BOTTOMLEFT""}";1;1;1
atto_49;docling;json;10;VISTI_PARERI;VISTI_PARERI_1;PARERI_ATTESTAZIONI;0;"VISTI i pareri favorevoli espressi dal Responsabile del Settore Tecnico e del Responsabile del Settore Finanziario, ai sensi dell'art. 49, comma 1, del D.lgs. 18 agosto 2000, n. 267;";3;3;"{""l"": 42.54999924, ""t"": 685.12000154, ""r"": 527.44599924, ""b"": 661.4621822981818, ""coord_origin"": ""BOTTOMLEFT""}";1;0;1
atto_49;docling;json;11;RICHIAMATO;RICHIAMATO_3;PREAMBOLO_RIFERIMENTI;1;"RICHIAMATO il vigente Statuto comunale;";3;3;"{""l"": 42.54999924, ""t"": 643.7559954999999, ""r"": 265.54599924000007, ""b"": 633.8861773181818, ""coord_origin"": ""BOTTOMLEFT""}";1;1;1
atto_49;docling;json;12;RICHIAMATO;RICHIAMATO_4;PREAMBOLO_RIFERIMENTI;1;"RICHIAMATI: -Il D.Lgs 267/2000 e s.m.i.; Il DPR 380/2001 e s.m.i.; La Legge 12/2005 e s.m.i.;";3;3;"{""l"": 42.54999924, ""t"": 616.1799990999999, ""r"": 126.87399924000002, ""b"": 606.3101809181818, ""coord_origin"": ""BOTTOMLEFT""}";4;0;0
atto_49;docling;json;13;DISPOSITIVO_DELIBERA;DISPOSITIVO_DELIBERA;DISPOSITIVO_DELIBERA;0;DELIBERA;3;3;"{""l"": 241.66199875, ""t"": 492.08798859999996, ""r"": 328.33799874999994, ""b"": 482.2181704181817, ""coord_origin"": ""BOTTOMLEFT""}";1;0;0
atto_50;docling;json;1;PREMESSO;PREMESSO_1;NARRATIVA_PREMESSA;1;"PREMESSO che l'amministrazione Comunale di Selvino, nell'ambito di un programma generale di manutenzione del territorio comunale ha avviato il progetto di riqualificazione di alcuni tratti delle strade comunali nelle quali risulta compromessa la viabilità in sicurezza a causa di buche, crepe, piani sfalsati e danneggiamenti vari;";2;2;"{""l"": 42.54999924, ""t"": 740.27199816, ""r"": 527.4459992400001, ""b"": 689.0381825181818, ""coord_origin"": ""BOTTOMLEFT""}";1;0;0
atto_50;docling;json;2;CONSIDERATO;CONSIDERATO_1;MOTIVAZIONE;1;"CONSIDERATO che, al fine di garantire la sicurezza stradale lungo alcuni punti critici della viabilità comunale, si rende necessario attuare sistemi limitatori di velocità quali dossi artificiali al fine di moderare la velocità delle auto;";2;2;"{""l"": 42.54999924, ""t"": 671.33199953, ""r"": 527.4459992400003, ""b"": 633.8861820881818, ""coord_origin"": ""BOTTOMLEFT""}";1;0;0
atto_50;docling;json;3;PRESO_ATTO;PRESO_ATTO_1;ISTRUTTORIA;1;"PRESO ATTO che l'ufficio tecnico comunale ha PREDISPOSTO il progetto esecutivo denominato 'Riqualificazione e ripristino delle condizioni di sicurezza delle strade comunali - Anno 2026 CUP J37H26000500004"", redigendo la seguente documentazione ai sensi dell'art. 22 comma 4 dell'allegato I.7 del D.Lgs. 36/2023: - Relazione tecnica - Quadro economico - Computo metrico - Tavola - Relazione PSC - Elenco prezzi";2;2;"{""l"": 42.54999924, ""t"": 616.1799990999999, ""r"": 527.4459992399998, ""b"": 564.9461834581817, ""coord_origin"": ""BOTTOMLEFT""}";7;0;1
atto_50;docling;json;4;VISTO;VISTO_1;PREAMBOLO_RIFERIMENTI;1;VISTO che la spesa complessiva dei lavori ammonta ad € 70.000,00 di cui € 61.000,00 per lavori ed € 9.000,00 per somme a disposizione dell'amministrazione, come si evince dal quadro economico di seguito riportato: A) IMPORTO LAVORI A BASE D'ASTA (escluso importo per attuazione piani sicurezza):;2;2;"{""l"": 42.54999924, ""t"": 444.78198884999995, ""r"": 527.4459992399999, ""b"": 407.3361714081817, ""coord_origin"": ""BOTTOMLEFT""}";2;0;1
atto_50;docling;json;5;DISPOSITIVO_DELIBERA;DISPOSITIVO_DELIBERA;DISPOSITIVO_DELIBERA;0;DELIBERA;3;3;"{""l"": 246.93900681, ""t"": 132.88796840999998, ""r"": 323.56100681, ""b"": 121.37318053121203, ""coord_origin"": ""BOTTOMLEFT""}";1;0;0
