modello;cv_n_splits;accuracy_mean;accuracy_std;precision_macro_mean;precision_macro_std;recall_macro_mean;recall_macro_std;f1_macro_mean;f1_macro_std;f1_weighted_mean;f1_weighted_std
naive_bayes;5;0.8750769230769231;0.06636032178713654;0.9012499999999999;0.06070477283084458;0.88125;0.0640773187467904;0.8730555555555556;0.06746970056126797;0.8720166056166055;0.06652908247270342
logistic_regression;5;0.9221538461538461;0.05418879990831093;0.9337500000000001;0.05428512687652116;0.9229166666666666;0.053359368645273735;0.9180357142857144;0.05881590962052527;0.9201274725274725;0.05702035626740026
linear_svm;5;0.9218461538461538;0.04867377214347123;0.9349999999999999;0.05071365693775198;0.9208333333333332;0.04956407188904299;0.9149007936507937;0.05447150977042208;0.9170642246642247;0.05215209659789107
