modello;accuracy;precision_macro;recall_macro;f1_macro;f1_weighted
logistic_regression;0.96875;0.975;0.96875;0.9682539682539683;0.9682539682539683
linear_svm;0.96875;0.975;0.96875;0.9682539682539683;0.9682539682539683
naive_bayes;0.90625;0.925;0.90625;0.8988095238095237;0.8988095238095237
