modello;cv_n_splits;accuracy_mean;accuracy_std;precision_macro_mean;precision_macro_std;recall_macro_mean;recall_macro_std;f1_macro_mean;f1_macro_std;f1_weighted_mean;f1_weighted_std
naive_bayes;5;0.85;0.049999999999999996;0.775;0.075;0.85;0.049999999999999996;0.7999999999999999;0.06666666666666665;0.7999999999999999;0.06666666666666665
logistic_regression;5;0.825;0.06123724356957945;0.7583333333333333;0.06666666666666668;0.825;0.06123724356957945;0.7791666666666666;0.06666666666666665;0.7791666666666666;0.06666666666666665
linear_svm;5;0.85;0.049999999999999996;0.7833333333333333;0.05833333333333335;0.85;0.049999999999999996;0.8041666666666666;0.058333333333333307;0.8041666666666666;0.058333333333333307
