modello;cv_n_splits;accuracy_mean;accuracy_std;precision_macro_mean;precision_macro_std;recall_macro_mean;recall_macro_std;f1_macro_mean;f1_macro_std;f1_weighted_mean;f1_weighted_std
naive_bayes;5;0.85;0.09354143466934853;0.7875;0.1286953767623375;0.85;0.09354143466934853;0.8083333333333333;0.11666666666666667;0.8083333333333333;0.11666666666666667
logistic_regression;5;0.85;0.09354143466934853;0.7833333333333333;0.1321562627262809;0.85;0.09354143466934853;0.8041666666666666;0.12047360245667467;0.8041666666666666;0.12047360245667467
linear_svm;5;0.825;0.09999999999999999;0.7583333333333333;0.13604023097762089;0.825;0.09999999999999999;0.7791666666666666;0.12472191289246473;0.7791666666666666;0.12472191289246473
