modello;cv_n_splits;accuracy_mean;accuracy_std;precision_macro_mean;precision_macro_std;recall_macro_mean;recall_macro_std;f1_macro_mean;f1_macro_std;f1_weighted_mean;f1_weighted_std
naive_bayes;5;0.825;0.1274754878398196;0.7583333333333334;0.1606194605616365;0.825;0.1274754878398196;0.7791666666666666;0.1511529762268088;0.7791666666666666;0.1511529762268088
logistic_regression;5;0.825;0.1274754878398196;0.7583333333333334;0.1606194605616365;0.825;0.1274754878398196;0.7791666666666666;0.1511529762268088;0.7791666666666666;0.1511529762268088
linear_svm;5;0.825;0.1274754878398196;0.7583333333333334;0.1606194605616365;0.825;0.1274754878398196;0.7791666666666666;0.1511529762268088;0.7791666666666666;0.1511529762268088
