modello;cv_n_splits;accuracy_mean;accuracy_std;precision_macro_mean;precision_macro_std;recall_macro_mean;recall_macro_std;f1_macro_mean;f1_macro_std;f1_weighted_mean;f1_weighted_std
naive_bayes;5;0.9301538461538461;0.04497573310183324;0.9441666666666666;0.034920544732928285;0.9333333333333332;0.04399731683738101;0.9297023809523809;0.045722810465077465;0.9300901098901099;0.04487409019172377
logistic_regression;5;0.9686153846153847;0.029777875906302036;0.9775;0.02113941815660971;0.9666666666666666;0.0311804782231162;0.9673015873015874;0.030612295288444273;0.9674695970695971;0.030865608479347464
linear_svm;5;0.9686153846153847;0.029777875906302036;0.9775;0.02113941815660971;0.9666666666666666;0.0311804782231162;0.9673015873015874;0.030612295288444273;0.9674695970695971;0.030865608479347464
