id_atto;tool;source_format;ordine_blocco;tipo_blocco;tipo_blocco_progressivo;macro_sezione;is_narrativa;testo_blocco;page_start;page_end;bbox_start;n_elementi;flag_spezzato;flag_inversione_locale
atto_1;opendataloader;json;1;VISTO;VISTO_1;PREAMBOLO_RIFERIMENTI;1;"VISTO: modificazioni dalla Legge 113/2021, contenente, tra l'altro, il piano triennale dei fabbisogni del personale 2025/2027, il relativo programma delle assunzioni e la Sottosezione 2.2 sulla Performance, contenente la programmazione degli obiettivi e degli indicatori di performance di efficienza e di efficacia i cui esiti dovranno essere rendicontati nella presente relazione; - la Deliberazione consiliare n. 6 dell'11.04.2026, di approvazione del rendiconto dell'esercizio finanziario dell'anno 2025;";2;3;[42.55, 316.38, 76.78, 331.884];3;0;0
atto_1;opendataloader;json;2;VISTO;VISTO_2;PREAMBOLO_RIFERIMENTI;1;"VISTA l'allegata relazione sulla performance anno 2025, parte integrante e sostanziale del presente provvedimento;";3;3;[92.15, 622.261, 552.75, 653.864];1;0;0
atto_1;opendataloader;json;3;CONSIDERATO;CONSIDERATO_1;MOTIVAZIONE;1;CONSIDERATO che:;3;3;[92.15, 590.063, 186.622, 605.567];1;0;0
atto_1;opendataloader;json;4;ATTESO;ATTESO_1;MOTIVAZIONE;1;ATTESO che:;3;3;[92.15, 268.083, 155.528, 283.587];1;0;0
atto_1;opendataloader;json;5;RITENUTO;RITENUTO_1;MOTIVAZIONE_VALUTAZIONE;1;"RITENUTO, pertanto, di dover provvedere ad approvare, ai sensi dell'art. 10 del D. Lgs. n. 150/2009, l'allegata relazione sulla performance relativa all'anno 2025, parte integrante e sostanziale del presente provvedimento, e di trasmetterla, ai sensi dell'art. 14, comma 4, lettera c), e comma 6, del D. Lgs. 150/2009, al Nucleo di Valutazione per la relativa validazione, quale condizione inderogabile per l'accesso agli strumenti premiali di cui al Titolo III del decreto in oggetto, oltre che all' ANAC ai sensi dell'art. 10 del D. Lgs. 150/2009;";4;4;[42.55, 606.162, 503.15, 718.26];1;0;0
atto_1;opendataloader;json;6;VISTI_PARERI;VISTI_PARERI_1;PARERI_ATTESTAZIONI;0;"VISTI i pareri favorevoli di regolarità tecnica e contabile espressi, rispettivamente, dal responsabile del Settore amministrativo e dal Responsabile del servizio finanziario ai sensi dell'art. 49 del D. Lgs. 18.08.2000, n. 267;";4;4;[42.55, 541.766, 503.15, 589.468];1;0;1
atto_1;opendataloader;json;7;DISPOSITIVO_DELIBERA;DISPOSITIVO_DELIBERA;DISPOSITIVO_DELIBERA;0;DELIBERA;4;4;[236.284, 477.37, 309.406, 492.874];1;0;0
atto_2;opendataloader;json;1;CONSIDERATO;CONSIDERATO_1;MOTIVAZIONE;1;"CONSIDERATO che, a fronte della complessiva somma dovuta dalla parte soccombente pari ad €. 13.069,44, ad oggi il Sig. Antonio Miele, nonostante ripetuti solleciti, è ancora debitore nei confronti del Comune di Ausonia di un importo pari ad €. 10.569,44;";2;2;[42.55, 496.01, 503.146, 536.875];1;0;0
atto_2;opendataloader;json;2;RAVVISATO;RAVVISATO_1;MOTIVAZIONE;1;"RAVVISATA, pertanto, l'opportunità di agire stragiudizialmente, prima, ed eventualmente in giudizio, poi, al fine di ottenere il pagamento delle sopra quantificate spese legali conferendo incarico ad un Legale di fiducia a tutela degli interessi di questo Comune;";2;2;[42.55, 440.858, 503.146, 481.723];1;0;0
atto_2;opendataloader;json;3;VISTO;VISTO_1;PREAMBOLO_RIFERIMENTI;1;"VISTA la nota pervenuta in DATA 12.05.2026 (ACQUISITA al protocollo con il n.° 2965), con la quale l'Avv. Emiliano Simeone, con Studio in Spigno Saturnia (LT) - Piazza Dante n.° 1, previ informali contatti, ha manifestato la propria disponibilità ad accettare l'incarico professionale di cui trattasi a tutela del Comune verso il corrispettivo di seguito analiticamente riportato: il tutto per un ammontare massimo complessivo di €. 1.577,00 oltre spese per eventuale azione esecutiva mobiliare/immobiliare nei confronti del debitore;";2;2;[42.55, 371.918, 503.146, 426.571];2;0;1
atto_2;opendataloader;json;4;VALUTATO;VALUTATO_1;MOTIVAZIONE_VALUTAZIONE;1;"VALUTATA l'opportunità di procedere in merito; VALUTATA, altresì, la propria competenza ai sensi del D. Lgs. 267/2000; VISTO il D.Lgs. n.° 267 del 18.08.2000; VISTO il vigente Statuto comunale; ACQUISITI i pareri di regolarità tecnica e contabile ai sensi dell'Art. 49 del TUEL 267/00 e ss. mm. e ii";2;2;[42.55, 153.098, 503.146, 288.691];1;0;0
atto_2;opendataloader;json;5;DISPOSITIVO_DELIBERA;DISPOSITIVO_DELIBERA;DISPOSITIVO_DELIBERA;0;DELIBERA;2;2;[231.012, 125.522, 314.688, 138.811];1;0;0
atto_3;opendataloader;json;1;DISPOSITIVO_ATTESTA;DISPOSITIVO_ATTESTA;DISPOSITIVO_ATTESTA;0;ATTESTA che la presente deliberazione:;2;2;[56.664, 615.97, 314.63, 642.85];1;0;0
atto_4;opendataloader;json;1;ACQUISITI_PARERI;ACQUISITI_PARERI_1;PARERI_ATTESTAZIONI;0;ACQUISITI i pareri di cui all'articolo 49 del Decreto Legislativo 18 agosto 2000, n. 267:;1;1;[56.64, 278.652, 447.396, 292.152];1;0;0
atto_4;opendataloader;json;2;VISTO;VISTO_1;PREAMBOLO_RIFERIMENTI;1;"VISTA la nota del Capo Dipartimento della Protezione Civile, prot. n. PNRR/1353 del 11 gennaio 2023, di comunicazione dell'approvazione dell'elenco di dettaglio dei ""nuovi progetti"", ricadenti nel sub-investimento 2.1b della Missione 2 - Componente 4 del Piano Nazionale di Ripresa e Resilienza (PNRR), per l'importo complessivo di euro 49.394.516,58, assegnato alla Regione Sardegna con DPCM 23 agosto 2022, e il Decreto di rettifica e approvazione dell'elenco di dettaglio dei nuovi interventi Rep. n. 1419 del 24 maggio 2023;";2;2;[56.64, 334.464, 540.087, 403.904];1;0;1
atto_4;opendataloader;json;3;VISTO;VISTO_2;PREAMBOLO_RIFERIMENTI;1;"VISTE: − la nota Prot. n. 2587 del 02.03.2023 con la quale la Direzione Generale della Protezione Civile ha richiesto al Comune di Bitti l'intendimento a svolgere il ruolo di Soggetto Attuatore per alcuni degli interventi contenuti nell'elenco ""nuovi progetti"" approvato con nota Prot. n. PNRR/1353 del 11.01.2023; − le note n. 4106 e 4107 del 12.04.2023, relative all'accettazione da parte del Comune di Bitti degli interventi proposti ed alla trasmissione della relativa documentazione, composta, per ogni singolo intervento ASSUNTO, da: nomina del RUP, cronoprogramma ed elenco del personale reso disponibile all'attuazione.";2;2;[56.64, 314.304, 92.145, 326.724];3;0;0
atto_4;opendataloader;json;4;VISTO;VISTO_3;PREAMBOLO_RIFERIMENTI;1;"VISTA la deliberazione n. 11/55 del 23.03.2023 avente ad oggetto Schema di accordo tra Regione Autonoma della Sardegna e Dipartimento della Protezione Civile, ai sensi dell'art. 15 della Legge n. 241/1990, per la realizzazione degli interventi ""in essere"" e ""nuovi progetti"" approvati nel sub - investimento 2.1b della Missione 2 - Componente 4 del Piano nazionale di ripresa e resilienza (PNRR) e INDIVIDUATI come ""Misure per la gestione del rischio di alluvione e per la riduzione del rischio idrogeologico"".";2;2;[56.64, 148.554, 540.105, 217.884];1;0;0
atto_4;opendataloader;json;5;VISTO;VISTO_4;PREAMBOLO_RIFERIMENTI;1;"VISTA la convenzione n. 11, prot. uscita 7580, del 30.06.2023, tra la Regione Autonoma della Sardegna ed il Comune di Bitti, ACQUISITA al protocollo generale dell'ente al n. 4137 del 30 giugno 2023, che regola i rapporti di attuazione, gestione e controllo relativi ai progetti finanziati con fondi a valere sul Piano Nazionale di Ripresa e Resilienza (PNRR) - Missione 2, componente 4, sub-investimento 2.1b: ""Misure per la riduzione del rischio di alluvione e del rischio idrogeologico"" approvati con Decreto del Capo Dipartimento di Protezione Civile Repertorio n. 3403 del 28/12/2022 INDIVIDUATI nel territorio comunale di Bitti (NU) e Decreto di rettifica e approvazione dell'elenco di dettaglio dei nuovi interventi Rep. n. 1419 del 24 maggio 2023;";2;3;[56.64, 71.398, 540.003, 140.694];2;0;0
atto_4;opendataloader;json;6;DATO_ATTO;DATO_ATTO_1;ISTRUTTORIA;1;"DATO ATTO che l'attuazione del PNRR prevede, per l'attuazione della Missione 2, Componente 4, SubInvestimento 2.1b e per la realizzazione degli interventi ad essa connessi, finalizzati a salvaguardare e riqualificare il territorio, nonché a metterlo in sicurezza da frane o ridurre il rischio di allagamento, l'individuazione delle Amministrazioni centrali in qualità di titolari di Intervento, si è proceduto ad individuare il Comune di Bitti quale soggetto attuatore con decreto Capo Dipartimento della protezione Civile Rep. n. 1419 del 24.05.2023 dell'Investimento INDIVIDUATO ai numeri progressivi e ai Cup di cui all'art. 3 comma 1 e nella Tabella allegata alla summenzionata convenzione per farne parte integrante e sostanziale;";3;3;[56.64, 622.394, 540.076, 720.254];1;0;0
atto_4;opendataloader;json;7;DATO_ATTO;DATO_ATTO_2;ISTRUTTORIA;1;"DATO ATTO che tra gli interventi finanziati nell'ambito dell'Accordo di concessione di finanziamento tra la Regione Autonoma della Sardegna - Direzione Generale della Protezione Civile e il Comune di Bitti (NU) rientrano quelli di seguito indicati: ✓ ID 6.7 EX ID 12 - RIPRISTINI PUNTUALI DI DISSESTI IN VARIE VIE DEL CENTRO URBANO, CUP E97H21011870006- CIG: B140F38915; PRESO ATTO che l'accordo di finanziamento stipulato prevede l'erogazione delle somme assegnate sino ad un massimo del 90%, mentre il restante 10% deve essere anticipato dal soggetto attuatore;";3;3;[56.64, 573.794, 538.584, 614.654];3;0;0
atto_4;opendataloader;json;8;CONSIDERATO;CONSIDERATO_1;MOTIVAZIONE;1;"CONSIDERATO che al fine di procedere alla chiusura ed alla rendicontazione dell'intervento sopra indicato si rende necessario provvedere all'anticipazione di cassa per l'importo pari ad € 34.759,05;";3;3;[56.64, 475.964, 538.782, 502.544];1;0;0
atto_4;opendataloader;json;9;VISTO;VISTO_5;PREAMBOLO_RIFERIMENTI;1;"VISTI: ✓ il T.U. delle leggi sull'Ordinamento degli Enti Locali, approvato con Decreto Legislativo 18- 08-2000, n. 267; ✓ il D.Lgs. 31 marzo 2023, n. 36 costituente il nuovo Codice disciplinante i contratti di appalto e di concessione aventi ad oggetto l'acquisizione di servizi, forniture, lavori e opere, nonché i concorsi pubblici di progettazione; ✓ il D.Lgs. 9 aprile 2008, n. 81 ""Attuazione dell'art. 1 della Legge 3 Agosto 2007, n. 123, in materia di tutela della salute e della sicurezza nei luoghi di lavoro""; ✓ il D.L. 77/2021 convertito con modificazioni in legge 108/2021 e ss.mm.ii.; ✓ il D.L. 13/2023 convertito con modificazioni in legge 41/2021e ss.mm.ii.; ✓ la L. 8 del 13/03/2018 della Regione Autonoma della Sardegna recante: Nuove norme in materia di contratti pubblici di lavori, servizi e forniture;";3;3;[56.64, 455.684, 88.667, 468.104];7;1;1
atto_4;opendataloader;json;10;ACQUISITO;ACQUISITO_1;ISTRUTTORIA;1;"ACQUISITI in merito il parere favorevole del Responsabili del Servizio Tecnico e del Responsabile del Servizio Finanziario, espressi in calce alla presente;";3;3;[56.64, 242.904, 538.389, 269.604];1;0;0
atto_4;opendataloader;json;11;VISTO;VISTO_6;PREAMBOLO_RIFERIMENTI;1;VISTO il T.U. 267/00;3;3;[56.64, 202.464, 158.661, 235.044];1;1;1
atto_4;opendataloader;json;12;DISPOSITIVO_DELIBERA;DISPOSITIVO_DELIBERA;DISPOSITIVO_DELIBERA;0;DELIBERA;3;3;[268.73, 161.994, 326.613, 174.414];1;0;0
atto_5;opendataloader;json;1;PREMESSO;PREMESSO_1;NARRATIVA_PREMESSA;1;PREMESSO che:;2;2;[56.64, 714.748, 125.484, 725.656];1;0;0
atto_5;opendataloader;json;2;PREMESSO;PREMESSO_2;NARRATIVA_PREMESSA;1;"PREMESSO altresì che l'articolo 227, comma 2, del d.Lgs. 18/08/2000, n. 267 e l'articolo 18, comma 1, lett. b), del d.Lgs. 23/06/2011, n. 118, prevedono che gli enti locali deliberano, entro il 30 aprile dell'anno successivo, il rendiconto della gestione composto dal CONTO del bilancio, dal CONTO economico e dallo stato patrimoniale; RICHIAMATI gli artt. 151, comma 6 e 231, comma 1, del D.Lgs. 18/08/2000, n. 267 i quali prevedono che al rendiconto dell'esercizio venga allegata una relazione sulla gestione redatta secondo quanto previsto dall'art. 11, comma 6, del d.Lgs. n. 118/2011;";2;2;[56.64, 485.274, 538.624, 622.793];1;0;0
atto_5;opendataloader;json;3;RICHIAMATO;RICHIAMATO_1;PREAMBOLO_RIFERIMENTI;1;RICHIAMATO altresì l'articolo 11, comma 6, del d.Lgs. n. 118/2011, il quale così dispone: 6. La relazione sulla gestione allegata al rendiconto è un documento illustrativo della gestione dell'ente, nonché dei fatti di rilievo verificatisi dopo la chiusura dell'esercizio e di ogni eventuale informazione utile ad una migliore comprensione dei DATI contabili. In particolare la relazione illustra:;2;2;[56.64, 443.874, 478.19, 457.163];2;0;0
atto_5;opendataloader;json;4;PRESO_ATTO;PRESO_ATTO_1;ISTRUTTORIA;1;PRESO ATTO che:;3;3;[56.64, 708.988, 127.152, 719.896];1;0;0
atto_5;opendataloader;json;5;VISTO;VISTO_1;PREAMBOLO_RIFERIMENTI;1;"VISTI: - lo schema del rendiconto della gestione dell'esercizio 2025 redatto secondo lo schema di cui all'allegato 10 al d.Lgs. n. 118/2011; che si allegano al presente provvedimento quale parte integrante e sostanziale;";3;3;[56.64, 414.838, 83.34, 425.746];2;0;1
atto_5;opendataloader;json;6;VISTO;VISTO_2;PREAMBOLO_RIFERIMENTI;1;"VISTA la relazione sulla gestione dell'esercizio 2025, redatta ai sensi dell'art. 11, comma 6, del d.Lgs. n. 118/2011, allegata al presente provvedimento quale parte integrante e sostanziale; RICHIAMATO l'art. 232, comma 2, del TUEL, approvato con decreto legislativo del 18 agosto 2000, n. 267, come novellato dall'art. 57, comma 2-ter, del decreto-legge n. 124 del 2019, il quale prevede che ""Gli enti locali con popolazione inferiore a 5.000 abitanti possono non tenere la contabilità economico-patrimoniale. Gli enti locali che optano per la facoltà di cui al primo periodo allegano al rendiconto una situazione patrimoniale al 31 dicembre dell'anno precedente redatta secondo lo schema di cui all'allegato n. 10 al decreto legislativo 23giugno 2011, n. 118, e con modalità semplificate INDIVIDUATE con decreto del Ministero dell'economia e delle finanze, di concerto con il Ministero dell'interno e con la Presidenza del Consiglio dei ministri - Dipartimento per gli affari regionali"".";3;3;[56.64, 103.504, 538.612, 323.823];1;0;0
atto_5;opendataloader;json;7;VISTO;VISTO_3;PREAMBOLO_RIFERIMENTI;1;"VISTO l'art. 233 bis del medesimo decreto, che testualmente enuncia ""Gli enti locali con popolazione inferiore a 5.000 abitanti possono non predisporre il bilancio consolidato"".";4;4;[56.64, 736.584, 538.332, 770.653];1;0;0
atto_5;opendataloader;json;8;VISTO;VISTO_4;PREAMBOLO_RIFERIMENTI;1;"VISTO il Decreto del MEF del 10 novembre 2020 che stabilisce che gli enti locali con popolazione inferiore a 5.000 abitanti, che non tengono la contabilità economico-patrimoniale, alleghino al rendiconto della gestione una situazione patrimoniale al 31 dicembre dell'esercizio di riferimento (aggiornando comunque l'inventario dei beni mobili ed immobili), redatta secondo lo schema di cui all'allegato n. 10 al D.Lgs. n. 118/2011, con modalità semplificate definite dall'allegato ""A"" al citato decreto del MEF. L'Ente, si avvalso della facoltà di non tenere la contabilità economica patrimoniale nel 2020 con la DELIBERA di Giunta Comunale n.82 del 28/12/2020 e che per il 2025, si intende prorogata la facoltà di non tenere la contabilità economica patrimoniale, e pertanto si allega al rendiconto la situazione patrimoniale al 31 dicembre 2025 come previsto dal Decreto MEF del 10 novembre 2020;";4;4;[56.64, 508.918, 538.636, 706.096];1;0;0
atto_5;opendataloader;json;9;RITENUTO;RITENUTO_1;MOTIVAZIONE_VALUTAZIONE;1;"RITENUTO di provvedere in merito;";4;4;[56.64, 467.518, 217.236, 478.426];1;0;0
atto_5;opendataloader;json;10;VISTO;VISTO_5;PREAMBOLO_RIFERIMENTI;1;"VISTO il D.Lgs. 18/08/2000, n. 267; VISTO il d.Lgs. n. 118/2011; VISTO lo Statuto Comunale; VISTO il vigente Regolamento comunale di contabilità A voti unanimi e palesi";4;4;[56.64, 343.298, 313.284, 437.026];1;1;1
atto_5;opendataloader;json;11;DISPOSITIVO_DELIBERA;DISPOSITIVO_DELIBERA;DISPOSITIVO_DELIBERA;0;DELIBERA;4;4;[266.33, 301.898, 329.102, 312.614];1;0;0
atto_6;opendataloader;json;1;VISTO;VISTO_1;PREAMBOLO_RIFERIMENTI;1;VISTO:;2;2;[42.55, 528.122, 71.381, 541.018];1;0;0
atto_6;opendataloader;json;2;CONSIDERATO;CONSIDERATO_1;MOTIVAZIONE;1;CONSIDERATO che:;2;2;[42.55, 396.455, 126.953, 409.351];1;0;0
atto_6;opendataloader;json;3;RITENUTO;RITENUTO_1;MOTIVAZIONE_VALUTAZIONE;1;RITENUTO:;2;2;[42.55, 294.438, 89.707, 307.334];1;0;0
atto_6;opendataloader;json;4;VISTO;VISTO_2;PREAMBOLO_RIFERIMENTI;1;VISTO:;2;2;[42.55, 197.421, 71.381, 210.317];1;1;1
atto_6;opendataloader;json;5;ACQUISITI_PARERI;ACQUISITI_PARERI_1;PARERI_ATTESTAZIONI;0;"ACQUISITI i pareri espressi in merito alla regolarità tecnica e contabile ai sensi dell'art. 49 del D.Lgs n° 267 del 18/08/2000;";2;2;[42.55, 91.471, 503.142, 119.192];1;0;0
atto_6;opendataloader;json;6;DISPOSITIVO_DELIBERA;DISPOSITIVO_DELIBERA;DISPOSITIVO_DELIBERA;0;DELIBERA;2;2;[246.852, 46.821, 298.849, 59.717];1;0;0
atto_7;opendataloader;json;1;PREMESSO;PREMESSO_1;NARRATIVA_PREMESSA;1;"PREMESSO che con DD.P.R. del 13 Gennaio 2026, pubblicato nella Gazzetta Ufficiale n. 10 del 14 Gennaio 2026, sono stati convocati per domenica 22 e lunedì 23 marzo 2026 i comizi per il referendum popolare confermativo della legge costituzionale recante: "" Norme in materia di ordinamento giurisdizionale e di istituzione della Corte Disciplinare"", approvata dal Parlamento e pubblicata nella Gazzetta Ufficiale della Repubblica Italiana n. 253 del 30 ottobre 2025;";2;2;[61.679, 680.872, 491.447, 746.533];1;0;0
atto_7;opendataloader;json;2;VISTO;VISTO_1;PREAMBOLO_RIFERIMENTI;1;"VISTA la Circolare n.7/Ref 2026 del 12/02/2026 - protocollo n.0062427 - ad oggetto: "" Consultazioni referendarie di domenica 22 e lunedì 23 marzo 2026. Referendum popolare confermativo della legge costituzionale recante: ""Norme in materia di ordinamento giurisdizionale e di istituzione della Corte Disciplinare"". Precisazione del quesito referendario. Adempimenti in materia di propaganda elettorale e comunicazione politica. Partiti e gruppi politici rappresentati in Parlamento e promotori dei referendum."", secondo cui, la Giunta Comunale, dal 33° al 30° giorno antecedente quello della votazione, quindi da martedì 17 a venerdì 20 febbraio 2026, dovrà stabilire e delimitare e ripartire in ogni centro abitato, gli spazi da destinare alle affissioni di propaganda elettorale dei partiti e gruppi politici rappresentati in Parlamento e promotori dei referendum;";2;2;[61.68, 523.724, 491.649, 659.413];1;0;0
atto_7;opendataloader;json;3;RICHIAMATO;RICHIAMATO_1;PREAMBOLO_RIFERIMENTI;1;"RICHIAMATO l'articolo 2, comma 1 della legge 4 aprile 1956, n. 212, modificato dalla legge 24 aprile 1975 n.130 e dall'art. 1,comma 400, lettera h) della legge 27 dicembre 2013, n° 147, contenente ""Norme per la disciplina della propaganda elettorale"", il quale stabilisce che l'affissione di stampati, giornali murali od altri e di manifesti di propaganda elettorale, da parte di partiti o gruppi politici che parteciperanno alle elezioni con liste di canditati, sia effettuata esclusivamente negli appositi spazi a ciò destinati in ogni Comune (c.d. ""propaganda diretta""), avendo cura di sceglierli nelle località più frequentate ed in equa proporzione per tutto l'abitato;";2;2;[61.674, 422.431, 491.461, 510.601];1;0;1
atto_7;opendataloader;json;4;RICHIAMATO;RICHIAMATO_2;PREAMBOLO_RIFERIMENTI;1;RICHIAMATO altresì l'art. 52 della legge 25 maggio 1970, n. 352, che prevede che alla propaganda relativa allo svolgimento dei referendum previsti dalla medesima legge si applicano le disposizioni della citata legge n. 212/1956, e le facoltà RICONOSCIUTE ai partiti e gruppi politici che partecipano direttamente alla competizione elettorale, concernenti l'assegnazione degli appositi spazi per le affissioni di propaganda, si intendono attribuite ai partiti e gruppi politici rappresentati in Parlamento e ai promotori dei referendum, questi ultimi CONSIDERATI come gruppo unico.;2;2;[61.68, 336.715, 493.922, 408.77];1;0;0
atto_7;opendataloader;json;5;RITENUTO;RITENUTO_1;MOTIVAZIONE_VALUTAZIONE;1;"RITENUTO che il numero degli spazi deve stabilirsi per ciascun centro abitato in base alla relativa popolazione residente, secondo la tabella di cui all'art.2, secondo comma, della Legge 56/2012 e s.m.i.;";2;2;[65.64, 286.217, 491.252, 323.758];1;0;0
atto_7;opendataloader;json;6;VISTO;VISTO_2;PREAMBOLO_RIFERIMENTI;1;VISTA la legge 27 dicembre 2013, n. 147 (legge di stabilità 2014), che per il contenimento delle spese ha apportato modifiche alla disciplina della propaganda elettorale di cui alla legge 4 aprile 1956 n. 212, art.2 comma 2 riducendo il numero degli spazi elettorali e stabilendo per una popolazione tra i 3.001 e i 10.000 abitanti almeno 3 e non più di 5 spazi elettorali,;2;2;[65.519, 222.991, 491.357, 273.128];1;1;1
atto_7;opendataloader;json;7;DATO_ATTO;DATO_ATTO_1;ISTRUTTORIA;1;"DATO ATTO che questo Comune conta n. 2.450 abitanti e che, pertanto, il numero degli spazi elettorali può essere fissato entro il numero minimo di 3 e massimo di 5 spazi;";2;2;[65.64, 184.958, 491.129, 209.781];1;0;0
atto_7;opendataloader;json;8;CONSIDERATO;CONSIDERATO_1;MOTIVAZIONE;1;"CONSIDERATO che il comma 2 dell'art.1 della legge n. 212/56 è stato abrogato dall'art.1 comma 400 lettera h) della legge del 27/12/2013 n. 147(legge di stabilità 2014) che ha disposto l'abolizione della propaganda indiretta;";2;2;[65.64, 134.539, 493.793, 171.958];1;0;0
atto_7;opendataloader;json;9;RILEVATO;RILEVATO_1;ISTRUTTORIA_MOTIVAZIONE;1;"RILEVATO che, secondo il disposto dell'art.3 della citata L. 212/56, come modificata, la giunta municipale provvede, nei termini predetti, a delimitare gli spazi di cui al primo comma dell'art.1 e a ripartirli in tante sezioni. Ad ogni lista, spetta una superficie di metri 2 di altezza per metri 1 di base e ad ogni candidatura uninominale una superficie di metri 1 di altezza per metri 0,70 di base, nonché ad assegnare le sezioni seguendo l'ordine di presentazione delle domande, su di una sola linea orizzontale a partire dal lato sinistro e proseguendo verso destra; VISTO il piano PREDISPOSTO dall'ufficio competente per stabilire gli spazi da destinarsi alle affissioni di propaganda elettorale secondo i criteri di cui alla legge sopra menzionata;";2;3;[65.64, 67.349, 491.585, 130.083];2;0;0
atto_7;opendataloader;json;10;DATO_ATTO;DATO_ATTO_2;ISTRUTTORIA;1;"DATO ATTO che gli spazi prescelti corrispondono alle località più frequentate e risultano suddivisi in equa proporzione per tutto l'abitato tale da rendere attuabili le assegnazioni previste dalla legge, qualunque sia il numero senza impedire la visibilità di monumenti o panorami;";3;3;[65.64, 657.381, 474.618, 707.518];1;1;1
atto_7;opendataloader;json;11;VISTO;VISTO_3;PREAMBOLO_RIFERIMENTI;1;"VISTE le disposizioni ministeriali ed, in particolare, la circolare del Ministero dell'Interno n. 1943/V dello 08.04.1980;";3;3;[65.629, 619.348, 477.298, 644.17];1;1;1
atto_7;opendataloader;json;12;RITENUTO;RITENUTO_2;MOTIVAZIONE_VALUTAZIONE;1;RITENUTO di dover provvedere agli adempimenti di cui alla L. 212/1956 e s.m.i;3;3;[65.64, 568.697, 435.297, 606.238];1;1;0
atto_7;opendataloader;json;13;DISPOSITIVO_PROPOSTA;DISPOSITIVO_PROPOSTA_1;DISPOSITIVO_PROPOSTA;0;"PROPONE DI DELIBERARE Di ritenere la narrativa che precede parte integrante e sostanziale della presente;";3;3;[65.64, 568.697, 435.297, 606.238];2;0;0
atto_7;opendataloader;json;14;VISTO;VISTO_4;PREAMBOLO_RIFERIMENTI;1;"VISTA la proposta di deliberazione avente ad oggetto: "" DELIMITAZIONE SPAZI PER AFFISSIONE DI STAMPATI E MANIFESTI PER PROPAGANDA ELETTORALE REFERENDUM DI DOMENICA 22 E LUNEDÌ 23 MARZO 2026"" (Art. 58, decreto legge 25 giugno 2008, n. 112, convertito con modificazioni dalla legge 6 agosto 2008, n.133)";4;4;[56.64, 727.484, 486.805, 770.653];2;1;0
atto_7;opendataloader;json;15;RITENUTO;RITENUTO_3;MOTIVAZIONE_VALUTAZIONE;1;"RITENUTO che la stessa sia meritevole di approvazione; VISTI i pareri favorevoli espressi ai sensi dell'art. 49 del d.lgs. n. 267/2000";4;4;[56.64, 609.404, 424.656, 678.253];1;1;0
atto_7;opendataloader;json;16;DISPOSITIVO_DELIBERA;DISPOSITIVO_DELIBERA;DISPOSITIVO_DELIBERA;0;DELIBERA;4;4;[266.28, 553.724, 329.064, 567.013];1;0;0
atto_8;opendataloader;json;1;CONSIDERATO;CONSIDERATO_1;MOTIVAZIONE;1;CONSIDERATO CHE;2;2;[42.55, 490.968, 160.906, 504.257];1;0;0
atto_8;opendataloader;json;2;RITENUTO;RITENUTO_1;MOTIVAZIONE_VALUTAZIONE;1;"RITENUTO di approvare il progetto allegato e di autorizzarne la candidatura nell'ambito dell'Avviso regionale sopra RICHIAMATO;";2;2;[42.55, 299.179, 503.146, 326.267];1;0;0
atto_8;opendataloader;json;3;VISTO;VISTO_1;PREAMBOLO_RIFERIMENTI;1;VISTI;2;2;[42.55, 275.38, 75.226, 288.669];1;0;1
atto_8;opendataloader;json;4;ACQUISITI_PARERI;ACQUISITI_PARERI_1;PARERI_ATTESTAZIONI;0;"ACQUISITI i pareri favorevoli di regolarità tecnica e contabile ai sensi dell'art. 49 del D.Lgs. 267/2000;";2;2;[42.55, 118.787, 497.41, 145.875];1;0;0
atto_8;opendataloader;json;5;DISPOSITIVO_DELIBERA;DISPOSITIVO_DELIBERA;DISPOSITIVO_DELIBERA;0;DELIBERA;2;2;[237.59, 93.263, 308.1, 108.213];1;0;0
atto_9;opendataloader;json;1;RICHIAMATO;RICHIAMATO_1;PREAMBOLO_RIFERIMENTI;1;RICHIAMATO l'art. 175, commi 4 e 5 del d.Lgs. n. 267/2000, modificato ed integrato dal d.Lgs. n. 118/2011, i quali dispongono che:;2;2;[56.64, 522.018, 538.591, 544.527];1;0;0
atto_9;opendataloader;json;2;VERIFICATO;VERIFICATO_1;ISTRUTTORIA;1;"VERIFICATA la necessità di apportare in via d'urgenza variazioni al bilancio previsione derivanti dall'esigenza di realizzare gli interventi programmati e di far fronte alle sopravvenute esigenze di spesa;";2;2;[56.64, 394.098, 537.927, 416.727];1;0;0
atto_9;opendataloader;json;3;VISTO;VISTO_1;PREAMBOLO_RIFERIMENTI;1;VISTO il prospetto riportato in allegato sotto la lettera a) contenente l'elenco delle variazioni di competenza e di cassa da apportare al bilancio di previsione finanziario 2026/2028 - Esercizio 2026, del quale si riportano le risultanze finali: ANNO 2026;2;2;[56.64, 348.118, 538.678, 382.267];2;0;1
atto_9;opendataloader;json;4;DATO_ATTO;DATO_ATTO_1;ISTRUTTORIA;1;"DATO ATTO del permanere degli equilibri di bilancio, come risulta dal prospetto allegato sotto la lettera b),quale parte integrante e sostanziale;";2;2;[56.64, 89.132, 538.532, 109.871];1;0;0
atto_9;opendataloader;json;5;ACQUISITO;ACQUISITO_1;ISTRUTTORIA;1;ACQUISITO agli atti il parere favorevole:;2;2;[56.64, 66.092, 222.115, 75.435];1;0;1
atto_9;opendataloader;json;6;RITENUTO;RITENUTO_1;MOTIVAZIONE_VALUTAZIONE;1;"RITENUTO pertanto di avvalersi del potere surrogatorio RICONOSCIUTO all'organo esecutivo dall'art. 175, comma 4, del d.Lgs. n. 267/2000 e di apportare, in via d'urgenza, al bilancio di previsione dell'esercizio le variazioni sopra indicate;";3;3;[56.64, 689.328, 538.15, 723.357];1;0;0
atto_9;opendataloader;json;7;VISTO;VISTO_2;PREAMBOLO_RIFERIMENTI;1;"VISTO il d.Lgs. n. 267/2000, come modificato ed integrato dal d.Lgs. n. 118/2011; VISTO il d.Lgs. n. 118/2011; VISTO lo Statuto Comunale; VISTO il vigente Regolamento comunale di contabilità;";3;3;[56.64, 631.728, 410.239, 675.631];1;1;1
atto_9;opendataloader;json;8;DISPOSITIVO_DELIBERA;DISPOSITIVO_DELIBERA;DISPOSITIVO_DELIBERA;0;DELIBERA;3;3;[272.09, 585.768, 323.055, 595.111];1;0;0
atto_10;opendataloader;json;1;DISPOSITIVO_ATTESTA;DISPOSITIVO_ATTESTA;DISPOSITIVO_ATTESTA;0;ATTESTA che la presente deliberazione:;2;2;[56.664, 615.97, 314.63, 642.85];1;0;0
atto_11;opendataloader;json;1;PREMESSO;PREMESSO_1;NARRATIVA_PREMESSA;1;"PREMESSO che è intenzione dell'amministrazione comunale promuovere, come nelle annualità precedenti, un programma di iniziative ricreative e culturali da realizzare durante il periodo estivo;";2;2;[42.55, 730.375, 503.158, 771.381];1;0;0
atto_11;opendataloader;json;2;VISTO;VISTO_1;PREAMBOLO_RIFERIMENTI;1;"VISTO il programma delle suddette iniziative elaborato dall'amministrazione comunale da svolgersi dal 22 maggio al 29 settembre 2026, volto alla valorizzazione del territorio, alla conservazione dell'identità culturale della comunità locale ed al perpetuarsi di usi, costumi e tradizioni popolari anche tipicamente gastronomiche, in allegato alla presente deliberazione;";2;2;[42.55, 647.575, 503.158, 716.181];1;0;0
atto_11;opendataloader;json;3;CONSIDERATO;CONSIDERATO_1;MOTIVAZIONE;1;"CONSIDERATO che le attività previste rientrano nelle competenze dell'Ente Locale, svolte nell'interesse della collettività e finalizzate alla valorizzazione territoriale e culturale e allo sviluppo socio-economico locale;";2;2;[42.55, 592.375, 503.146, 633.381];1;0;0
atto_11;opendataloader;json;4;RITENUTO;RITENUTO_1;MOTIVAZIONE_VALUTAZIONE;1;"RITENUTO, pertanto, il suddetto programma meritevole di approvazione;";2;2;[42.55, 564.775, 414.058, 578.181];1;0;0
atto_11;opendataloader;json;5;RITENUTO;RITENUTO_2;MOTIVAZIONE_VALUTAZIONE;1;"RITENUTO necessario demandare al responsabile del settore amministrativo l'adozione degli atti gestionali necessari a dare esecuzione alla presente deliberazione, in particolare per l'affidamento delle forniture e dei servizi necessari alla realizzazione delle iniziative previste dal programma;";2;2;[42.55, 481.975, 503.17, 536.781];1;0;0
atto_11;opendataloader;json;6;VISTI_PARERI;VISTI_PARERI_1;PARERI_ATTESTAZIONI;0;"VISTI i pareri favorevoli in ordine alla regolarità tecnica espressa dal Responsabile del Servizio interessato e contabile dal Responsabile di Ragioneria ai sensi dell'art. 49 del D. Lgs. 18/08/2000 n. 267;";2;2;[42.55, 426.775, 503.158, 467.781];1;0;1
atto_11;opendataloader;json;7;VISTO;VISTO_2;PREAMBOLO_RIFERIMENTI;1;"VISTO il D. Lgs. n. 267/2000; All'unanimità dei voti resi in forma palese;";2;2;[42.55, 371.575, 263.302, 412.581];1;1;0
atto_11;opendataloader;json;8;DISPOSITIVO_DELIBERA;DISPOSITIVO_DELIBERA;DISPOSITIVO_DELIBERA;0;DELIBERA;2;2;[242.184, 343.975, 303.516, 357.381];1;0;0
atto_12;opendataloader;json;1;PREMESSO;PREMESSO_1;NARRATIVA_PREMESSA;1;"PREMESSOCHE qualita di Presidente e legale rappresentante dell'A.S.D. Libur, con sede in Carinaro alla Via Croce n. 12, ha richiesto la concessione del patrocinio morale ed economico, nonché sportive-culturali denominate ""Torneo Amatoriale dei Giovani Scacchisti del Corso di Scacchi"" e ""Prima delle vacanze... facciamo una mossa insieme!"", previste per le giornate del 12 luglio 2026 e del 26 luglio 2026, dalle 0re 19:00 alle 0re 21:30; · con la medesima istanza e stato richiesto un contributo economico pari ad 200,00 a copertura delle spese di premiazione, cancelleria e materiale necessario allo svolgimento delle iniziative;";2;2;[114.0, 195.0, 290.0, 217.0];9;0;0
atto_12;opendataloader;json;2;CONSIDERATO;CONSIDERATO_1;MOTIVAZIONE;1;"CONSIDERATOCHE ·le iniziative proposte perseguono finalita sportive, culturali, educative e aggregative, favorendo la socializzazione, l'inclusione e la partecipazione della cittadinanza; il gioco degli scacchi e della dama costituisce un importante strumento di crescita culturale e le manifestazioni risultano coerenti con gli indirizzi e le finalita istituzionali dell'AmministrazioneComunale; rientra tra gli obiettivi dell'Amministrazione comunale sostenere iniziative di interesse collettivo aventi finalita sportive, culturali, sociali e ricreative, promuovendo la partecipazione attiva della comunita locale;";2;2;[115.0, 551.0, 340.0, 574.0];9;0;0
atto_12;opendataloader;json;3;RITENUTO;RITENUTO_1;MOTIVAZIONE_VALUTAZIONE;1;"RITENUTO di accogliere favorevolmente la richiesta dell'A.S.D. Libur, concedendo il patrocinio sopra descritte;";2;2;[113.0, 897.0, 1076.0, 922.0];2;0;0
atto_12;opendataloader;json;4;VISTO;VISTO_1;PREAMBOLO_RIFERIMENTI;1;"VISTI il D.Lgs. 18 agosto 2000, n. 267 ed in particolare gli artt. 48, 49, 107 e 134, comma 4; ·lo Statuto Comunale; il Regolamento comunale per la concessione di contributi in favore di associazioni per finalita di promozione di attivita culturali, sportive e ricreative, approvato con deliberazione di Consiglio Comunale n. 27 del 30.06.2015; ·il Bilancio di previsione vigente; SIPROPONEDIDELIBERARE 1. DI APPROVARE le PREMESSE quali parte integrante e sostanziale del presente provvedimento; 2. DI CONCEDERE allA.S.D. Libur il patrocinio morale del Comune di Carinaro per lo svolgimento delle manifestazioni sportive-culturali denominate ""Torneo Amatoriale dei Giovani Scacchisti del Corso di Scacchi"" e ""Prima delle vacanze... facciamo una mossa insieme!"",previste peri giorni 12 e 26luglio 2026; 3.DI CONCEDERE all'A.S.D. Libur un contributo economico straordinario pari ad E 200,00 ai sensi dell'art. 7 del Regolamento comunale approvato con deliberazione di Consiglio Comunalen.27del30.06.2015; 4. DI DARE ATTO che la relativa spesa trova copertura sul capitolo 1880.1 del Bilancio di previsione vigente, denominato ""Spettacoli e/o manifestazioni culturali - contributi ad associazioni promotrici'""; 5. 1 CONCEDERE all'A.S.D. Libur l'occupazione gratuita del suolo pubblico in Piazzetta Trieste per le giornate del 12 e 26 luglio 2026, dalle ore 19:00 alle ore 21:30, limitatamente allo svolgimento delle iniziative indicate in PREMESSA, demandando al competente ufficio il rilascio della relativa autorizzazione e l'espletamento degli adempimenti conseguenti. 6. DI PRECISARE che la liquidazione del contributo concesso avverra previa presentazione di idonea rendicontazione delle spese effettivamente sostenute dall'Associazione beneficiaria; 7. DI DARE ATTO che l'organizzazione e lo svolgimento delle manifestazioni avverranno sotto l'esclusiva responsabilita dell'Associazione organizzatrice, la quale dovra adottare tutte le misure necessarie a garantire il corretto svolgimento delle iniziative nel rispetto della normativavigente; 8. DI DEMANDARE al Responsabile dell'Area Affari Generali e agli altri Responsabili dei servizi competenti, ciascuno per quanto di rispettiva competenza, l'adozione degli atti e degli adempimenti conseguenti al presente provvedimento.; 9.DI DICHIARARE la presente deliberazione immediatamente eseguibile ai sensi dell'art. 134, comma 4, del D.Lgs.n.267/2000. LAGIUNTACOMUNALE";2;4;[114.0, 997.0, 178.0, 1021.0];36;0;1
atto_12;opendataloader;json;5;VISTO;VISTO_2;PREAMBOLO_RIFERIMENTI;1;"VISTAla proposta di deliberazione sopra riportata; n.267/2000;";4;4;[115.0, 155.0, 619.0, 185.0];2;0;0
atto_12;opendataloader;json;6;DISPOSITIVO_DELIBERA;DISPOSITIVO_DELIBERA;DISPOSITIVO_DELIBERA;0;DELIBERA;4;4;[536.0, 345.0, 653.0, 368.0];1;0;0
atto_13;opendataloader;json;1;PREMESSO;PREMESSO_1;NARRATIVA_PREMESSA;1;"PREMESSO CHE con nota ACQUISITA al protocollo dell'Ente in DATA 16/06/2026 al n. 6783, il sig. Luigi Zampella, in qualità di legale rappresentante dell'Associazione Sportiva Beauty Fitness A.S.D., con sede in Aversa (CE), Viale della Libertà SNC, ha richiesto la concessione del patrocinio morale, di un contributo economico a sostegno delle spese organizzative, promozionali, assicurative e logistiche, nonché l'utilizzo gratuito di suolo pubblico in Via Trieste per lo svolgimento delle seguenti iniziative sportive: le iniziative proposte sono rivolte alla cittadinanza e sono finalizzate alla promozione della pratica sportiva, del benessere psicofisico, dell'inclusione sociale e dell'aggregazione comunitaria;";2;2;[56.7, 719.498, 144.722, 730.675];3;0;0
atto_13;opendataloader;json;2;CONSIDERATO;CONSIDERATO_1;MOTIVAZIONE;1;CONSIDERATO CHE;2;2;[56.7, 461.898, 169.208, 473.075];1;0;0
atto_13;opendataloader;json;3;RITENUTO;RITENUTO_1;MOTIVAZIONE_VALUTAZIONE;1;RITENUTO;2;2;[56.7, 338.018, 117.057, 349.195];1;0;0
atto_13;opendataloader;json;4;VISTO;VISTO_1;PREAMBOLO_RIFERIMENTI;1;VISTI;2;2;[56.7, 199.298, 87.874, 210.475];1;0;1
atto_13;opendataloader;json;5;DISPOSITIVO_PROPOSTA;DISPOSITIVO_PROPOSTA_1;DISPOSITIVO_PROPOSTA;0;"SI PROPONE DI DELIBERARE DI APPROVARE le PREMESSE quali parte integrante e sostanziale del presente provvedimento. DI CONCEDERE all'Associazione Sportiva Beauty Fitness A.S.D. il patrocinio morale del Comune di Carinaro per lo svolgimento delle iniziative sportive indicate in PREMESSA. DI CONCEDERE all'Associazione Sportiva Beauty Fitness A.S.D., ai sensi dell'art. 7 del Regolamento comunale approvato con deliberazione di Consiglio Comunale n. 27 del 30.06.2015, un contributo economico straordinario nella misura massima di € 800,00. DI DARE ATTO che il contributo economico trova copertura sul capitolo 1880.1 del Bilancio di previsione vigente, denominato ""Spettacoli e/o manifestazioni culturali - contributi ad associazioni promotrici"". DI DEMANDARE al Responsabile dell'Area Affari Generali l'adozione degli atti gestionali conseguenti relativi all'impegno e alla successiva liquidazione del contributo. DI CONCEDERE l'occupazione gratuita del suolo pubblico in Via Trieste per le giornate del 6, 8 e 13 luglio 2026, dalle ore 19:00 alle ore 20:00, e del 14 luglio 2026, dalle ore 20:00 alle ore 22:00, limitatamente allo svolgimento delle iniziative indicate in PREMESSA. DI DARE ATTO che il rilascio delle autorizzazioni inerenti all'occupazione del suolo pubblico, nonché l'eventuale adozione di provvedimenti relativi alla viabilità, alla sicurezza e all'utilizzo dell'area, restano demandati ai competenti uffici comunali, ciascuno per quanto di rispettiva competenza. DI PRECISARE che la liquidazione del contributo concesso avverrà previa presentazione di idonea rendicontazione, corredata dalla documentazione giustificativa delle spese effettivamente sostenute dall'Associazione beneficiaria. DI DARE ATTO che l'organizzazione e lo svolgimento delle iniziative avverranno sotto l'esclusiva responsabilità dell'Associazione organizzatrice, la quale dovrà adottare tutte le misure necessarie a garantire il corretto svolgimento delle attività nel rispetto della normativa vigente, assumendo ogni responsabilità civile, penale, amministrativa e patrimoniale connessa all'evento. DI DARE ATTO che la concessione del patrocinio morale, del contributo economico e dell'occupazione gratuita del suolo pubblico non esonera l'Associazione dall'acquisizione di eventuali autorizzazioni, nulla osta, comunicazioni o titoli abilitativi previsti dalla normativa vigente. DI DEMANDARE al Responsabile dell'Area Tecnica e al Comandante della Polizia Municipale, ciascuno per quanto di rispettiva competenza, l'adozione degli atti e degli adempimenti conseguenti al presente provvedimento. DI DICHIARARE la presente deliberazione immediatamente eseguibile ai sensi dell'art. 134, comma 4, del D.Lgs. n. 267/2000. LA GIUNTA COMUNALE VISTA la proposta di deliberazione sopra riportata; ACQUISITI i pareri favorevoli di regolarità tecnica e contabile espressi ai sensi dell'art. 49 del D.Lgs. n. 267/2000; RITENUTO di approvare integralmente la proposta medesima; Con votazione unanime favorevole resa nei modi e termini di legge;";2;4;[217.79, 70.418, 377.51, 81.595];13;0;0
atto_13;opendataloader;json;6;DISPOSITIVO_DELIBERA;DISPOSITIVO_DELIBERA;DISPOSITIVO_DELIBERA;0;DELIBERA;4;4;[269.102, 618.216, 326.203, 629.393];1;0;0
atto_14;opendataloader;json;1;VISTO;VISTO_1;PREAMBOLO_RIFERIMENTI;1;"VISTO l'art. 10, comma 1, lettera b), del D.Lgs. 27 ottobre 2009, n. 150, che prevede che ogni amministrazione rediga annualmente un documento denominato ""Relazione sulla performance"", approvato dallorgano di indirizzo politico-amministrativo e validato dal Nucleo di Valutazione, che evidenzi, a consuntivo e con riferimento all'anno precedente, i risultati organizzativi e individuali raggiunti rispetto ai singoli obiettivi programmati e alle risorse assegnate, rilevando gli eventualiscostamenti;";2;2;[115.0, 184.0, 1076.0, 210.0];6;0;0
atto_14;opendataloader;json;2;RICHIAMATO;RICHIAMATO_1;PREAMBOLO_RIFERIMENTI;1;"RICHIAMATI: 1 il Regolamento sull'ordinamento degli uffici e dei servizi, approvato con deliberazione di Giunta Comunale n. 87 del 12/07/2007, successivamente modificato con deliberazioni di Giunta Comunale n.32 del 24/03/2011,n.135 del 20/10/2011,n.149 del15/12/2015,n.96 del 13/07/2017 e n.12 del 18/07/2019; il Documento Unico di Programmazione (D.U.P.) 2025-2027, approvato con deliberazione del Consiglio Comunale n.5 del 07/03/2025; il Bilancio di previsione 2025-2027 e relativi allegati, approvato con deliberazione del Consiglio Comunale n.6 del 07/03/2025; il Piano Integrato di Attivita e Organizzazione (P.1.A.O.) 2025-2027, approvato con deliberazionediGiuntaComunalen.51del22.05.2025;";2;2;[114.0, 412.0, 268.0, 435.0];12;0;1
atto_14;opendataloader;json;3;VISTO;VISTO_2;PREAMBOLO_RIFERIMENTI;1;"VISTO il Regolamento sul sistema di misurazione e valutazione della performance, approvato con 12/03/2019;";2;2;[114.0, 825.0, 1078.0, 856.0];2;1;0
atto_14;opendataloader;json;4;ATTESO;ATTESO_1;MOTIVAZIONE;1;ATTESO che il Nucleo di Valutazione ha concluso il processo di valutazione delle performance dei;2;2;[113.0, 965.0, 1078.0, 992.0];1;0;0
atto_14;opendataloader;json;5;ACQUISITO;ACQUISITO_1;ISTRUTTORIA;1;"ACQUISITE al protocollo dell'Ente al n.6621;";2;2;[114.0, 1026.0, 525.0, 1053.0];1;0;1
atto_14;opendataloader;json;6;CONSIDERATO;CONSIDERATO_1;MOTIVAZIONE;1;"CONSIDERATO che il Segretario Comunale ha predispostola Relazione sulla performance anno 2025, allegata al presente ATTO quale parte integrante e sostanziale;";2;2;[113.0, 1104.0, 1079.0, 1132.0];2;0;0
atto_14;opendataloader;json;7;CONSIDERATO;CONSIDERATO_2;MOTIVAZIONE;1;"CONSIDERATO, inoltre, che la Relazione sulla performance, esercizio 2025, approvata dalla Giunta Comunale, sara trasmessa al Nucleo di Valutazione per la prescritta validazione finale; leggibilita e che lAmministrazione garantisce la massima trasparenza in ogni fase del ciclo medesimomediantela pubblicazione sul propriositoistituzionale;";2;2;[114.0, 1213.0, 1078.0, 1242.0];4;0;0
atto_14;opendataloader;json;8;VISTO;VISTO_3;PREAMBOLO_RIFERIMENTI;1;"VISTOloStatutocomunale;";2;2;[114.0, 1459.0, 390.0, 1485.0];1;1;1
atto_14;opendataloader;json;9;VISTO;VISTO_4;PREAMBOLO_RIFERIMENTI;1;"VISTO il vigente Regolamento di contabilita;";2;2;[116.0, 1536.0, 556.0, 1564.0];1;0;0
atto_14;opendataloader;json;10;VISTO;VISTO_5;PREAMBOLO_RIFERIMENTI;1;"VISTO il D.Lgs.18 agosto 2000, n. 267;";3;3;[117.0, 115.0, 494.0, 141.0];1;0;0
atto_14;opendataloader;json;11;ACQUISITI_PARERI;ACQUISITI_PARERI_1;PARERI_ATTESTAZIONI;0;"ACQUISITO il parere favorevole in ordine alla regolarita tecnica, ai sensi dell'art. 49, comma 1, del D.Lgs.n.267/2000;";3;3;[114.0, 190.0, 1079.0, 217.0];2;0;0
atto_14;opendataloader;json;12;DISPOSITIVO_DELIBERA;DISPOSITIVO_DELIBERA;DISPOSITIVO_DELIBERA;0;DELIBERA;3;3;[538.0, 341.0, 654.0, 364.0];1;0;0
atto_15;opendataloader;json;1;PRESO_ATTO;PRESO_ATTO_1;ISTRUTTORIA;1;"PRESO ATTO che l'art. 6, cc. 1-4, D.L. 9 giugno 2021, n. 80, dispone: ""1. Per assicurare la qualità e la trasparenza dell'attività amministrativa e migliorare la qualità dei servizi ai cittadini e alle imprese e procedere alla costante e progressiva semplificazione e reingegnerizzazione dei processi anche in materia di diritto di accesso, le pubbliche amministrazioni, con esclusione delle scuole di ogni ordine e grado e delle istituzioni educative, di cui all'articolo 1, Repubblica, adottati ai sensi dell'articolo 17, comma 2, della legge 23 agosto 1988, n. 400, previa intesa in sede di Conferenza unificata, ai sensi dell'articolo 9, comma 2, del decreto legislativo 28 agosto 1997, n. 281, sono INDIVIDUATI e abrogati gli adempimenti relativi ai piani assorbiti da quello di cui al presente articolo"";";2;3;[56.76, 682.247, 538.714, 750.731];2;0;0
atto_15;opendataloader;json;2;DISPOSITIVO_DELIBERA;DISPOSITIVO_DELIBERA;DISPOSITIVO_DELIBERA;0;DELIBERA;4;4;[266.279, 185.442, 328.942, 198.731];1;0;0
atto_16;opendataloader;json;1;PREMESSO;PREMESSO_1;NARRATIVA_PREMESSA;1;"PREMESSO che la Repubblica tutela e promuove lo sviluppo della cultura ai sensi dell'art. 9 della Costituzione; che il principio di sussidiarietà orizzontale di cui all'art. 118, comma 4, Cost. impone alle istituzioni pubbliche di favorire l'autonoma iniziativa dei cittadini e delle formazioni sociali per lo svolgimento di attività di interesse generale; che il Comune di Dervio, quale ente esponenziale della comunità locale, persegue tra le proprie finalità istituzionali - ai sensi dell'art. 9, lett. G) dello Statuto - la promozione di manifestazioni per il tempo libero al fine di favorire momenti di incontro e di crescita culturale;";2;2;[56.7, 634.063, 538.599, 722.138];1;0;0
atto_16;opendataloader;json;2;PREMESSO;PREMESSO_2;NARRATIVA_PREMESSA;1;"PREMESSO ALTRESÌ che la Giunta Comunale esercita, ai sensi dell'art. 48 del D.lgs. 267/2000, la funzione di indirizzo politico-amministrativo dell'Ente e adotta gli atti rientranti nella propria competenza residuale; che rientra tra le attribuzioni proprie della Giunta la decisione di sostenere, mediante partecipazione finanziaria, iniziative di interesse pubblico locale che per la loro natura, dimensione e ricaduta sulla collettività giustifichino il coinvolgimento diretto dell'Ente, in applicazione dei principi di cui agli artt. 3 e 118 Cost. e dell'art. 13 del D.lgs. 267/2000;";2;2;[56.7, 545.52, 538.599, 620.946];1;0;0
atto_16;opendataloader;json;3;RITENUTO;RITENUTO_1;MOTIVAZIONE_VALUTAZIONE;1;"RITENUTO che il Comune di Dervio è dotato del Regolamento Comunale per la Concessione di Benefici Economici ai sensi dell'art. 12 L. 241/1990, approvato con deliberazione CC n. 29 del 22.07.2013, il cui art. 2 annovera espressamente tra le finalità dell'Ente la «promozione della cultura e dello spettacolo» e la «promozione delle attività artistiche», e il cui art. 8, comma 4, riconosce espressamente alla Giunta Comunale la facoltà di destinare risorse di bilancio al finanziamento di «iniziative di particolare valore sociale, civile, morale o culturale rispetto alle quali la contribuzione del Comune può svolgere una funzione incentivante, di coinvolgimento della popolazione o di potenziamento delle iniziative»; che tale disposizione costituisce specifica attribuzione di indirizzo politico alla Giunta, autonoma rispetto alla procedura ordinaria a bando, applicabile allorché l'iniziativa presenti caratteri di eccezionale rilievo culturale tali da giustificarne il riconoscimento diretto; che, in tale contesto, la qualificazione soggettiva del beneficiario è VALUTATA dalla Giunta in funzione della coerenza dell'iniziativa con le finalità pubbliche perseguite, indipendentemente dall'iscrizione ai registri amministrativi interni dell'Ente;";2;2;[56.7, 381.083, 538.599, 532.403];1;0;0
atto_16;opendataloader;json;4;RILEVATO;RILEVATO_1;ISTRUTTORIA_MOTIVAZIONE;1;"RILEVATO che l'Associazione Musicale TEMA, con sede legale in Lecco, via Cantù 1, C.F. 97302580150, P.IVA 04114100961, promuove il progetto Lecco Classica 2026, candidato al sostegno della Fondazione Comunitaria del Lecchese, all'interno del quale è prevista la realizzazione di un concerto nel territorio comunale, in programma il 29 giugno 2026 presso la Chiesa dei Santi Pietro e Paolo di Dervio, appuntamento che contribuirà ad arricchire l'offerta culturale locale e a valorizzare uno dei luoghi di maggiore interesse storico, artistico e religioso della comunità. L'evento rappresenterà un'importante occasione di incontro tra musica, patrimonio culturale e territorio, favorendo la partecipazione dei cittadini e l'attrattività del Comune nei confronti di visitatori e appassionati;";2;2;[56.7, 267.242, 538.599, 367.966];1;0;1
atto_16;opendataloader;json;5;RILEVATO;RILEVATO_2;ISTRUTTORIA_MOTIVAZIONE;1;RILEVATO altresì che è intenzione dell'Amministrazione Comunale:;2;2;[56.7, 241.944, 367.835, 254.125];1;0;0
atto_16;opendataloader;json;6;RILEVATO;RILEVATO_3;ISTRUTTORIA_MOTIVAZIONE;1;"RILEVATO che con istanza del 31 marzo 2026, l'Associazione Musicale TEMA, con sede legale in Lecco, via Cantù 1, C.F. 97302580150, P.IVA 04114100961, nella persona del Direttore Artistico M° Rossella Spinosa, ha richiesto la concessione del patrocinio del Comune di Dervio per la realizzazione del concerto programmato il 29 giugno 2026 presso la Chiesa dei Santi Pietro e Paolo in Dervio (LC) nell'ambito del progetto Lecco Classica 2026, in collaborazione con il Festival di Bellagio e del Lago di Como - XV Edizione;";2;2;[56.7, 64.928, 538.599, 140.354];1;0;0
atto_16;opendataloader;json;7;RILEVATO;RILEVATO_4;ISTRUTTORIA_MOTIVAZIONE;1;"RILEVATO CHE L'Associazione musicale Tema ha dichiarato: - che il concerto derviese dell'edizione 2025 (XIV Edizione, 29 giugno 2025, «Il violoncello di Dall'Abaco e Marais», con i giovani violoncellisti del progetto CELLOfest) ha riscosso apprezzamento della cittadinanza, confermando la funzione del Festival quale presidio culturale e vetrina turistica del territorio lacustre;";3;3;[56.7, 790.451, 346.297, 802.632];2;0;0
atto_16;opendataloader;json;8;CONSIDERATO;CONSIDERATO_1;MOTIVAZIONE;1;"CONSIDERATO in diritto che: - la presente partecipazione finanziaria dell'Ente all'iniziativa è qualificabile come ATTO di indirizzo politico della Giunta ex art. 48 TUEL, fondato sul perseguimento di un interesse pubblico locale direttamente identificabile: la promozione della cultura, del turismo e dell'immagine del territorio comunale, in applicazione dell'art. 9 Cost. e del principio di sussidiarietà orizzontale ex art. 118, comma 4, Cost.; - l'iniziativa integra i presupposti dell'art. 8, comma 4, del Regolamento per la sussistenza di un «particolare valore culturale», ATTESTATO dalla convergenza di elementi oggettivi verificabili: dimensione sovracomunale e internazionale (20+ concerti, 13+ Comuni, Concorso Wagner); comprovata qualità artistica (Orchestra residente, artisti di rilievo nazionale e internazionale); ingresso libero ai concerti, che massimizza la ricaduta collettiva; presenza fisica dell'evento a Dervio con piano di comunicazione che include esplicitamente il Comune; XV edizione, che ATTESTA continuità e affidabilità organizzativa; - la concessione è sorretta dai criteri che questa Giunta esplicita e che costituiscono l'indirizzo politico adottato per la presente fattispecie: (i) criterio teleologico: l'iniziativa è coerente con le finalità di promozione della cultura, dello spettacolo e delle attività artistiche di cui all'art. 2 del Regolamento e con l'art. 9 lett. G) dello Statuto; (ii) criterio della ricaduta territoriale: l'evento si svolge fisicamente nel territorio comunale e genera visibilità istituzionale e turistica per il Comune; (iii) criterio della proporzionalità: l'importo di € 1.500,00 è congruo rispetto alla valenza dell'iniziativa e contenuto entro le disponibilità di bilancio; - la concessione del patrocinio non comporta assunzione di responsabilità in ordine agli aspetti organizzativi, di sicurezza e normativi della manifestazione, né esonera il beneficiario dall'obbligo di ottenere le autorizzazioni di competenza pubblica;";3;3;[56.7, 537.471, 200.624, 549.652];5;0;0
atto_16;opendataloader;json;9;VISTO;VISTO_1;PREAMBOLO_RIFERIMENTI;1;"VISTI gli artt. 9 e 118, comma 4, della Costituzione; VISTO: - l'art. 48 del D.Lgs. 18 agosto 2000, n. 267 (TUEL); - l'art. 13 del D.Lgs. 267/2000, concernente le funzioni e i compiti dei Comuni; - l'art. 9, lett. G) dello Statuto del Comune di Dervio; - il Regolamento Comunale per la Concessione di Benefici Economici ai sensi dell'art. 12 L. 241/1990, approvato con deliberazione CC n. 29 del 22.07.2013, ed in particolare gli artt. 2 (finalità istituzionali) e 8, comma 4 (iniziative di particolare valore culturale - attribuzione alla Giunta); - l'art. 12 della L. 7 agosto 1990, n. 241; - l'art. 3 della L. 241/1990, sull'obbligo di motivazione dei provvedimenti amministrativi; - gli artt. 26 e 27 del D.Lgs. 14 marzo 2013, n. 33 (obblighi di pubblicazione in Amministrazione Trasparente per contributi superiori a € 1.000,00);";3;3;[56.7, 246.544, 290.736, 284.023];8;0;1
atto_16;opendataloader;json;10;DATO_ATTO;DATO_ATTO_1;ISTRUTTORIA;1;"DATO ATTO che sono stati ACQUISITI i pareri favorevoli ai sensi dell'art. 49, comma 1, D.Lgs. 267/2000: - parere di regolarità tecnica del Responsabile del Servizio competente; - parere di regolarità contabile del Responsabile del Servizio Finanziario, con attestazione di copertura finanziaria ai sensi dell'art. 151 TUEL;";3;3;[56.7, 94.856, 520.911, 107.037];3;0;0
atto_16;opendataloader;json;11;RICONOSCIUTO;RICONOSCIUTO_1;MOTIVAZIONE_VALUTAZIONE;1;RICONOSCIUTA la propria competenza ai sensi dell'art. 48 del D.Lgs. n. 267/2000;4;4;[56.7, 752.504, 435.98, 789.983];1;0;0
atto_16;opendataloader;json;12;DISPOSITIVO_DELIBERA;DISPOSITIVO_DELIBERA;DISPOSITIVO_DELIBERA;0;DELIBERA;4;4;[268.924, 727.213, 326.377, 739.394];1;0;0
atto_17;opendataloader;json;1;DATO_ATTO;DATO_ATTO_1;ISTRUTTORIA;1;"DATO ATTO che CAFC S.p.A. è gestore unico in house providing (ex art.16 D.Lgs. 175/2016 ed ex artt. 5 e 192 D.Lgs. 50/2016) del servizio idrico integrato nell'Ambito Territoriale Ottimale Centrale Friuli ai sensi degli artt. 147, 149bis e 172 D.Lgs. 152/2006, come da deliberazione assembleare della competente CATO Consulta d'Ambito 07.10.2015, n.16;";2;2;[51.06, 633.636, 547.129, 690.996];1;0;0
atto_17;opendataloader;json;2;DATO_ATTO;DATO_ATTO_2;ISTRUTTORIA;1;"DATO ATTO altresì che il nostro Ente detiene una quota di partecipazione di CAFC S.p.A. pari al 1,59 (diretta) e 0,0947 (indiretta) del capitale sociale;";2;2;[51.06, 592.236, 547.116, 621.804];1;0;0
atto_17;opendataloader;json;3;RICHIAMATO;RICHIAMATO_1;PREAMBOLO_RIFERIMENTI;1;"RICHIAMATO l'art. 19, comma 5 del D.Lgs. 175/2016 che testualmente recita: ""Le amministrazioni pubbliche socie fissano, con propri provvedimenti, obiettivi specifici, annuali e pluriennali, sul complesso delle spese di funzionamento, ivi comprese quelle per il personale, delle società controllate, anche attraverso il contenimento degli oneri contrattuali e delle assunzioni di personale e TENUTO CONTO di quanto STABILITO all'articolo 25, ovvero delle eventuali disposizioni che stabiliscono, a loro carico, divieti o limitazioni alle assunzioni di personale, tenendo CONTO del settore in cui ciascun soggetto opera"";";2;2;[51.06, 481.836, 547.195, 580.404];1;0;1
atto_17;opendataloader;json;4;VISTO;VISTO_1;PREAMBOLO_RIFERIMENTI;1;"VISTA la nota prot. n. 191 del 14.01.2026 con la quale CAFC spa trasmette la propria proposta di ATTO di indirizzo in materia di personale;";2;2;[51.06, 440.436, 547.201, 470.004];1;0;0
atto_17;opendataloader;json;5;CONSIDERATO;CONSIDERATO_1;MOTIVAZIONE;1;"CONSIDERATO che, ad oggi, in materia di personale delle società in house providing (modalità e limiti per le assunzioni in via transitoria ed a regime, modalità di reclutamento, limiti alle retribuzioni) il vigente quadro di riferimento è individuabile nel D.Lgs. 175/2016 (testo unico in materia di società a partecipazione pubblica), in particolare agli artt. 19 e 11 c.6;";2;2;[51.06, 371.436, 547.189, 428.796];1;0;0
atto_17;opendataloader;json;6;VISTO;VISTO_2;PREAMBOLO_RIFERIMENTI;1;"VISTI, in allegato al presente ATTO di cui è parte integrante e sostanziale, la relazione e l'ATTO di indirizzo PREDISPOSTI da CAFC S.p.A. relativamente all'oggetto;";2;2;[51.06, 330.036, 547.177, 359.604];1;1;1
atto_17;opendataloader;json;7;RITENUTO;RITENUTO_1;MOTIVAZIONE_VALUTAZIONE;1;"RITENUTO che l'ATTO di indirizzo suddetto in Allegato 1 possa essere di competenza degli organi esecutivi (Giunte Comunali/Provinciale, Ufficio Presidenza U.T.I.), in quanto si tratta di indicazioni operative e non di indirizzi istituzionali generali che rientrino nelle competenze esclusive dei Consigli ex art. 42, c. 2, lettera e) D.Lgs. 267/2000 (partecipazione a società di capitali, organizzazione di pubblici servizi, concessione di pubblici servizi);";2;2;[51.06, 247.236, 547.176, 318.204];1;0;0
atto_17;opendataloader;json;8;ACQUISITO;ACQUISITO_1;ISTRUTTORIA;1;"ACQUISITI favorevolmente i pareri resi ai sensi dell'art.49 del D. Lgs. 267/2000 e s.m.i.;";2;2;[51.06, 219.636, 467.976, 235.404];1;0;1
atto_17;opendataloader;json;9;DISPOSITIVO_PROPOSTA;DISPOSITIVO_PROPOSTA_1;DISPOSITIVO_PROPOSTA;0;"PROPONE LA GIUNTA COMUNALE VISTA la suesposta proposta di deliberazione; VISTO che sulla stessa sono stati espressi i pareri di cui al D. Lgs. 267/2000; RIUNITO l'organo collegiale nelle forme sopra descritte con l'assistenza del segretario comunale in ossequio all'art. 97 TUEL; VISTO l'art. 1 comma 20 bis della L.R. n. 21 del 11.12.2003 in materia di pubblicazione delle deliberazioni degli enti locali; Con voti favorevoli unanimi espressi nei modi e nelle forme di Legge;";2;3;[269.76, 191.916, 328.404, 207.912];2;0;0
atto_17;opendataloader;json;10;DISPOSITIVO_DELIBERA;DISPOSITIVO_DELIBERA;DISPOSITIVO_DELIBERA;0;DELIBERA;3;3;[267.78, 605.916, 330.444, 621.912];1;0;0
atto_18;opendataloader;json;1;PREMESSO;PREMESSO_1;NARRATIVA_PREMESSA;1;"PREMESSO che A&T 2000 S.p.A. è una società a controllo pubblico affidataria in house del servizio di gestione integrata dei rifiuti urbani nel territorio di 79 comuni del Friuli Venezia Giulia, tra cui il Comune di Moimacco, per effetto della Deliberazione n. 37/19 dd. 02.10.2019 dell'Assemblea Regionale D'Ambito di AUSIR;";2;2;[51.06, 661.236, 547.176, 718.344];1;0;0
atto_18;opendataloader;json;2;DATO_ATTO;DATO_ATTO_1;ISTRUTTORIA;1;"DATO ATTO che in A&T 2000 S.p.A. vige un sistema di controllo analogo congiunto regolato secondo specifiche disposizioni statutarie e apposita Convenzione stipulata fra gli Enti soci;";2;2;[51.06, 619.836, 547.14, 649.404];1;0;0
atto_18;opendataloader;json;3;VISTO;VISTO_1;PREAMBOLO_RIFERIMENTI;1;"VISTO il c. 5 dell'art. 19 del D. Lgs. n. 175/2016 in base al quale Le amministrazioni pubbliche socie fissano, con propri provvedimenti, obiettivi specifici, annuali e pluriennali, sul complesso delle spese di funzionamento, ivi comprese quelle per il personale, delle società controllate, anche attraverso il contenimento degli oneri contrattuali e delle assunzioni di personale e TENUTO CONTO di quanto STABILITO all'articolo 25, ovvero delle eventuali disposizioni che stabiliscono, a loro carico, divieti o limitazioni alle assunzioni di personale, tenendo CONTO del settore in cui ciascun soggetto opera;";2;2;[51.06, 523.176, 547.188, 608.196];1;0;1
atto_18;opendataloader;json;4;DATO_ATTO;DATO_ATTO_2;ISTRUTTORIA;1;"DATO ATTO che gli elementi relativi alle spese di funzionamento della società e del personale sono state inseriti nel budget per l'anno 2026, che è stato adottato dal Consiglio di Amministrazione di A&T 2000 S.p.A. ed approvato da parte del Coordinamento dei soci per il ""Controllo Analogo congiunto"" e dell'Assemblea dei Soci di A&T 2000 S.p.A. nelle sedute del 10.03.2026;";2;2;[51.06, 454.236, 547.188, 511.404];1;1;0
atto_18;opendataloader;json;5;ATTESO;ATTESO_1;MOTIVAZIONE;1;"ATTESO che A&T 2000 S.p.A. è chiamata a perseguire il costante efficientamento organizzativo e l'ottimizzazione dei suoi costi di funzionamento per l'erogazione dei servizi affidati dall'AUSIR e regolati dalle disposizioni dell'ARERA;";2;2;[51.06, 399.036, 547.068, 442.404];1;0;0
atto_18;opendataloader;json;6;DATO_ATTO;DATO_ATTO_3;ISTRUTTORIA;1;"DATO ATTO che la spesa sostenuta dalla società per le spese di funzionamento dell'organo amministrativo rispetta le disposizioni di cui all'art. 4, comma 4, del Decreto Legge 95/2012;";2;2;[51.06, 357.636, 547.135, 387.204];1;1;1
atto_18;opendataloader;json;7;VISTO;VISTO_2;PREAMBOLO_RIFERIMENTI;1;"VISTO il documento adottato dal C.d.A. di A&T 2000 S.p.A. denominato ""OBIETTIVI SULLE SPESE DI FUNZIONAMENTO E DEL PERSONALE DELLA SOCIETA' IN HOUSE A&T 2000 S.p.A. AI SENSI DELL'ART. 19 DEL D.LGS. 175/2016 - ANNO 2026 - ELEMENTI RELATIVI AI COSTI E ALLA POLITICA DEL PERSONALE"", allegato parte integrante e contestuale del presente provvedimento, in cui sono contenuti gli elementi utili per la fissazione di tali obiettivi, relativi in particolare ai costi e alla politica del personale della Società;";2;2;[51.06, 261.036, 547.2, 345.804];1;1;1
atto_18;opendataloader;json;8;DATO_ATTO;DATO_ATTO_4;ISTRUTTORIA;1;"DATO ATTO che il documento in parola è stato approvato da parte del Coordinamento dei soci per il ""Controllo Analogo congiunto"" e dell'Assemblea dei Soci di A&T 2000 S.p.A. nelle sedute del 10.03.2026, che hanno fissato e fatto propri gli obiettivi ed elementi di gestione ivi INDIVIDUATI relativamente al contenimento dei costi di funzionamento ed in particolare delle spese per il personale della società A&T 2000 S.p.A., dando ATTO che gli obiettivi in parola saranno recepiti da parte degli organi competenti degli Enti Soci mediante propri provvedimenti come previsto dall'art. 19, comma 5, del D.Lgs. 175/2016;";2;2;[51.06, 150.636, 547.177, 249.204];1;1;0
atto_18;opendataloader;json;9;RITENUTO;RITENUTO_1;MOTIVAZIONE_VALUTAZIONE;1;"RITENUTO che la politica del personale ivi descritta, accompagnata da un'oculata gestione del contratto integrativo aziendale, individui in maniera compiuta ed esauriente gli obiettivi e gli indicatori atti a perseguire le strategie aziendali nell'anno 2026, con il mantenimento da parte di A&T 2000 S.p.A. dell'obiettivo del contenimento dei costi del personale al netto delle dinamiche salariali indotte dal CCNL;";2;2;[51.06, 67.836, 547.188, 138.804];1;0;0
atto_18;opendataloader;json;10;CONSIDERATO;CONSIDERATO_1;MOTIVAZIONE;1;"CONSIDERATO che la dotazione organica del personale ivi indicata, dal punto di VISTA numerico, potrà subire variazioni dovute a cessazioni dal rapporto, sostituzioni temporanee per eventi quali maternità, malattia o infortunio, attivazione o ampliamento dei servizi affidati e conseguente rafforzamento delle strutture organizzative, incluse le attività d'ufficio, rese necessarie dall'incremento dei volumi operativi o dall'estensione delle funzioni aziendali, garantendo in ogni caso tutti i principi di contenimento dei costi previsti;";3;3;[51.06, 730.176, 547.199, 814.944];1;0;1
atto_18;opendataloader;json;11;ATTESO;ATTESO_2;MOTIVAZIONE;1;"ATTESO che il presente ATTO rientra tra i provvedimenti soggetti a pubblicazione sul sito internet istituzionale sia della società che delle pubbliche amministrazioni socie, ai sensi dell'art. 19, c. 7, del D. Lgs. n. 175/2016;";3;3;[51.06, 675.036, 547.116, 718.344];1;1;0
atto_18;opendataloader;json;12;RITENUTO;RITENUTO_2;MOTIVAZIONE_VALUTAZIONE;1;"RITENUTO che l'ATTO di indirizzo suddetto in Allegato 1 possa essere di competenza degli organi esecutivi (Giunte Comunali/Provinciale, Ufficio Presidenza U.T.I.), in quanto si tratta di indicazioni operative e non di indirizzi istituzionali generali che rientrino nelle competenze esclusive dei Consigli ex art. 42, c. 2, lettera e) D.Lgs. 267/2000 (partecipazione a società di capitali, organizzazione di pubblici servizi, concessione di pubblici servizi);";3;3;[51.06, 592.236, 547.175, 663.204];1;1;0
atto_18;opendataloader;json;13;ACQUISITO;ACQUISITO_1;ISTRUTTORIA;1;"ACQUISITI favorevolmente i pareri resi ai sensi dell'art.49 del D. Lgs. 267/2000 e s.m.i.;";3;3;[51.06, 564.636, 467.976, 580.404];1;0;1
atto_18;opendataloader;json;14;DISPOSITIVO_PROPOSTA;DISPOSITIVO_PROPOSTA_1;DISPOSITIVO_PROPOSTA;0;"PROPONE LA GIUNTA COMUNALE VISTA la suesposta proposta di deliberazione; VISTO che sulla stessa sono stati espressi i pareri di cui al D. Lgs. 267/2000; RIUNITO l'organo collegiale nelle forme sopra descritte con l'assistenza del segretario comunale in ossequio all'art. 97 TUEL; VISTO l'art. 1 comma 20 bis della L.R. n. 21 del 11.12.2003 in materia di pubblicazione delle deliberazioni degli enti locali; Con voti favorevoli unanimi espressi nei modi e nelle forme di Legge;";3;4;[269.76, 536.916, 328.404, 552.912];3;0;0
atto_18;opendataloader;json;15;DISPOSITIVO_DELIBERA;DISPOSITIVO_DELIBERA;DISPOSITIVO_DELIBERA;0;DELIBERA;4;4;[267.78, 771.456, 330.444, 787.452];1;0;0
atto_19;opendataloader;json;1;PREMESSO;PREMESSO_1;NARRATIVA_PREMESSA;1;"PREMESSO che A&T 2000 S.p.A. è una società a controllo pubblico affidataria in house del servizio di gestione integrata dei rifiuti urbani nel territorio di 79 comuni del Friuli Venezia Giulia, tra cui il Comune di Moimacco per effetto della Deliberazione n. 37/19 dd. 02.10.2019 dell'Assemblea Regionale D'Ambito di AUSIR;";2;2;[51.06, 625.596, 547.198, 682.764];1;0;0
atto_19;opendataloader;json;2;DATO_ATTO;DATO_ATTO_1;ISTRUTTORIA;1;"DATO ATTO che in A&T 2000 S.p.A. vige un sistema di controllo analogo congiunto regolato secondo specifiche disposizioni statutarie e apposita Convenzione stipulata fra gli Enti soci;";2;2;[51.06, 584.196, 547.2, 613.764];1;0;0
atto_19;opendataloader;json;3;VISTO;VISTO_1;PREAMBOLO_RIFERIMENTI;1;"VISTO il c. 5 dell'art. 19 del D. Lgs. n. 175/2016 in base al quale Le amministrazioni pubbliche socie fissano, con propri provvedimenti, obiettivi specifici, annuali e pluriennali, sul complesso delle spese di funzionamento, ivi comprese quelle per il personale, delle società controllate, anche attraverso il contenimento degli oneri contrattuali e delle assunzioni di personale e TENUTO CONTO di quanto STABILITO all'articolo 25, ovvero delle eventuali disposizioni che stabiliscono, a loro carico, divieti o limitazioni alle assunzioni di personale, tenendo CONTO del settore in cui ciascun soggetto opera;";2;2;[51.06, 487.536, 547.201, 572.556];1;0;1
atto_19;opendataloader;json;4;DATO_ATTO;DATO_ATTO_2;ISTRUTTORIA;1;"DATO ATTO che gli elementi relativi alle spese di funzionamento della società e del personale sono state inseriti nel budget per l'anno 2025, che è stato adottato dal Consiglio di Amministrazione, sottoposto all'analisi della Commissione per il ""Controllo Analogo congiunto"" e approvato da parte del Coordinamento dei soci per il ""Controllo Analogo congiunto"" e dell'Assemblea dei Soci di A&T 2000 S.p.A. nelle sedute del 28.01.2025;";2;2;[51.06, 404.856, 547.212, 475.764];1;1;0
atto_19;opendataloader;json;5;ATTESO;ATTESO_1;MOTIVAZIONE;1;"ATTESO che A&T 2000 S.p.A. è chiamata a perseguire il costante efficientamento organizzativo e l'ottimizzazione dei suoi costi di funzionamento per l'erogazione dei servizi affidati dall'AUSIR e regolati dalle disposizioni dell'ARERA;";2;2;[51.06, 349.656, 547.128, 393.024];1;0;0
atto_19;opendataloader;json;6;DATO_ATTO;DATO_ATTO_3;ISTRUTTORIA;1;"DATO ATTO che la spesa sostenuta dalla società per le spese di funzionamento dell'organo amministrativo rispetta le disposizioni di cui all'art. 4, comma 4, del Decreto Legge 95/2012;";2;2;[51.06, 308.256, 547.14, 337.824];1;1;1
atto_19;opendataloader;json;7;VISTO;VISTO_2;PREAMBOLO_RIFERIMENTI;1;"VISTO il documento denominato ""OBIETTIVI SULLE SPESE DI FUNZIONAMENTO E DEL PERSONALE DELLA SOCIETA' IN HOUSE A&T 2000 S.p.A. AI SENSI DELL'ART. 19 DEL D.LGS. 175/2016 - ANNO 2025 - ELEMENTI RELATIVI AI COSTI E ALLA POLITICA DEL PERSONALE"", allegato parte integrante e contestuale del presente provvedimento, adottato dal C.d.A. di A&T 2000 S.p.A., in cui sono contenuti gli elementi utili per la fissazione di tali obiettivi, relativi in particolare ai costi e alla politica del personale della Società;";2;2;[51.06, 211.656, 547.153, 296.424];1;1;1
atto_19;opendataloader;json;8;RITENUTO;RITENUTO_1;MOTIVAZIONE_VALUTAZIONE;1;"RITENUTO che la politica del personale ivi descritta, accompagnata da un'oculata gestione del contratto integrativo aziendale, individui in maniera compiuta ed esauriente gli obiettivi e gli indicatori atti a perseguire le strategie aziendali nell'anno 2025, con il mantenimento da parte di A&T 2000 S.p.A. dell'obiettivo del contenimento dei costi del personale al netto delle dinamiche salariali indotte dal CCNL;";2;2;[51.06, 128.856, 547.182, 199.824];1;0;0
atto_19;opendataloader;json;9;CONSIDERATO;CONSIDERATO_1;MOTIVAZIONE;1;"CONSIDERATO che la dotazione organica del personale ivi indicata, dal punto di VISTA numerico, potrà subire variazioni dovute ad eventuali uscite dall'azienda per quiescenza o ad eventuali necessità di sostituzioni anche temporanee per eventi quali maternità, malattia o infortunio, garantendo in ogni caso tutti i principi di contenimento dei costi previsti;";2;2;[51.06, 59.856, 547.2, 117.024];1;0;1
atto_19;opendataloader;json;10;DATO_ATTO;DATO_ATTO_4;ISTRUTTORIA;1;"DATO ATTO che gli elementi ed obiettivi innanzi RICHIAMATI potrebbero richiedere eventuali modifiche ed integrazioni in presenza di significative azioni di riorganizzazione o modifica operativa dei servizi resi da A&T 2000 S.p.A. o di future variazioni aziendali e societarie;";3;3;[51.06, 749.796, 547.182, 793.164];1;1;1
atto_19;opendataloader;json;11;ATTESO;ATTESO_2;MOTIVAZIONE;1;"ATTESO che il presente ATTO rientra tra i provvedimenti soggetti a pubblicazione sul sito internet istituzionale sia della società che delle pubbliche amministrazioni socie, ai sensi dell'art. 19, c. 7, del D. Lgs. n. 175/2016;";3;3;[51.06, 694.596, 547.176, 737.964];1;1;0
atto_19;opendataloader;json;12;DISPOSITIVO_PROPOSTA;DISPOSITIVO_PROPOSTA_1;DISPOSITIVO_PROPOSTA;0;PROPONE;3;3;[269.76, 653.076, 328.404, 669.072];1;0;0
atto_19;opendataloader;json;13;VISTO;VISTO_3;PREAMBOLO_RIFERIMENTI;1;"VISTA la suesposta proposta di deliberazione; VISTO che sulla stessa sono stati espressi i pareri di cui al D. Lgs. 267/2000; RIUNITO l'organo collegiale nelle forme sopra descritte con l'assistenza del segretario comunale in ossequio all'art. 97 TUEL; VISTO l'art. 1 comma 20 bis della L.R. n. 21 del 11.12.2003 in materia di pubblicazione delle deliberazioni degli enti locali; Il Sindaco prende la parola: è un ATTO dovuto in base al Testo Unico sulle partecipate; anche le società partecipate sono TENUTE a contenere le spese di personale, redigendo annualmente il presente ATTO che va approvato dalle singole amministrazioni.";3;3;[51.06, 115.416, 547.193, 241.584];2;1;0
atto_19;opendataloader;json;14;DATO_ATTO;DATO_ATTO_5;ISTRUTTORIA;1;"DATO ATTO che gli interventi sono registrati su supporto informatico depositato presso la segreteria che costituisce, ex art. 22, L. n. 241/1990 e s.m.i., documentazione a comprova della discussione ai sensi dell'art. 44 del Regolamento del Consiglio Comunale;";4;4;[51.06, 749.796, 547.176, 793.164];1;1;0
atto_19;opendataloader;json;15;UDITO;UDITO_1;ISTRUTTORIA;1;;4;4;[51.06, 611.796, 523.536, 737.964];1;0;0
atto_19;opendataloader;json;16;DISPOSITIVO_DELIBERA;DISPOSITIVO_DELIBERA;DISPOSITIVO_DELIBERA;0;DELIBERA;4;4;[267.78, 570.276, 330.444, 586.272];1;0;0
atto_20;opendataloader;json;1;PREMESSO;PREMESSO_1;NARRATIVA_PREMESSA;1;"PREMESSO che A&T 2000 S.p.A. è una società a controllo pubblico affidataria in house del servizio di gestione integrata dei rifiuti urbani nel territorio di 79 comuni del Friuli Venezia Giulia, tra cui il Comune di Moimacco per effetto della Deliberazione n. 37/19 dd. 02.10.2019 dell'Assemblea Regionale D'Ambito di AUSIR;";2;2;[51.06, 625.596, 547.194, 682.764];1;0;0
atto_20;opendataloader;json;2;DATO_ATTO;DATO_ATTO_1;ISTRUTTORIA;1;"DATO ATTO che in A&T 2000 S.p.A. vige un sistema di controllo analogo congiunto regolato secondo specifiche disposizioni statutarie e apposita Convenzione stipulata fra gli Enti soci;";2;2;[51.06, 584.196, 547.198, 613.764];1;0;0
atto_20;opendataloader;json;3;VISTO;VISTO_1;PREAMBOLO_RIFERIMENTI;1;"VISTO il c. 5 dell'art. 19 del D. Lgs. n. 175/2016 in base al quale Le amministrazioni pubbliche socie fissano, con propri provvedimenti, obiettivi specifici, annuali e pluriennali, sul complesso delle spese di funzionamento, ivi comprese quelle per il personale, delle società controllate, anche attraverso il contenimento degli oneri contrattuali e delle assunzioni di personale e TENUTO CONTO di quanto STABILITO all'articolo 25, ovvero delle eventuali disposizioni che stabiliscono, a loro carico, divieti o limitazioni alle assunzioni di personale, tenendo CONTO del settore in cui ciascun soggetto opera;";2;2;[51.06, 487.536, 547.201, 572.556];1;0;1
atto_20;opendataloader;json;4;CONSIDERATO;CONSIDERATO_1;MOTIVAZIONE;1;"CONSIDERATO che gli obiettivi sul complesso delle spese di funzionamento della società così fissati vengono recepiti nel budget adottato dal Consiglio di Amministrazione e sottoposto al parere della Commissione per il ""Controllo Analogo congiunto"" e all'approvazione da parte del Coordinamento dei soci per il ""Controllo Analogo congiunto"";";2;2;[51.06, 418.656, 547.188, 475.764];1;0;0
atto_20;opendataloader;json;5;ATTESO;ATTESO_1;MOTIVAZIONE;1;"ATTESO che A&T 2000 S.p.A. è chiamata a perseguire il costante efficientamento organizzativo e l'ottimizzazione dei suoi costi di funzionamento per l'erogazione dei servizi affidati dall'AUSIR e regolati dalle disposizioni dell'ARERA;";2;2;[51.06, 363.456, 547.129, 406.824];1;0;0
atto_20;opendataloader;json;6;DATO_ATTO;DATO_ATTO_2;ISTRUTTORIA;1;"DATO ATTO che la spesa sostenuta dalla società per le spese di funzionamento dell'organo amministrativo rispetta le disposizioni di cui all'art. 4, comma 4, del Decreto Legge 95/2012;";2;2;[51.06, 322.056, 547.135, 351.624];1;1;1
atto_20;opendataloader;json;7;VISTO;VISTO_2;PREAMBOLO_RIFERIMENTI;1;"VISTO il documento denominato ""OBIETTIVI SULLE SPESE DI FUNZIONAMENTO E DEL PERSONALE DELLA SOCIETA' IN HOUSE A&T 2000 S.p.A. AI SENSI DELL'ART. 19 DEL D.LGS. 175/2016 ANNO 2024"", allegato parte integrante e contestuale del presente provvedimento, adottato dal C.d.A. di A&T 2000 S.p.A. e sottoposto all'esame della Commissione ""per il controllo analogo congiunto"" della Società, in cui sono contenuti gli elementi utili per la fissazione di tali obiettivi, relativi in particolare ai costi e alla politica del personale della Società;";2;2;[51.06, 225.456, 547.176, 310.224];1;1;1
atto_20;opendataloader;json;8;RITENUTO;RITENUTO_1;MOTIVAZIONE_VALUTAZIONE;1;"RITENUTO che la politica del personale ivi descritta, accompagnata da un'oculata gestione del contratto integrativo aziendale, individui in maniera compiuta ed esauriente gli obiettivi e gli indicatori atti a perseguire le strategie aziendali nell'anno 2024, con il mantenimento da parte di A&T 2000 S.p.A. dell'obiettivo del contenimento dei costi del personale al netto delle dinamiche salariali indotte dal CCNL;";2;2;[51.06, 142.656, 547.188, 213.624];1;0;0
atto_20;opendataloader;json;9;CONSIDERATO;CONSIDERATO_2;MOTIVAZIONE;1;"CONSIDERATO che la dotazione organica del personale ivi indicata, dal punto di VISTA numerico, potrà subire variazioni dovute ad eventuali uscite dall'azienda per quiescenza o ad eventuali necessità di sostituzioni anche temporanee per eventi quali maternità, malattia o infortunio, garantendo in ogni caso tutti i principi di contenimento dei costi previsti;";2;2;[51.06, 73.656, 547.199, 130.824];1;1;1
atto_20;opendataloader;json;10;DATO_ATTO;DATO_ATTO_3;ISTRUTTORIA;1;"DATO ATTO che gli elementi ed obiettivi innanzi RICHIAMATI potrebbero richiedere eventuali modifiche ed integrazioni in presenza di significative azioni di riorganizzazione o modifica operativa dei servizi resi da A&T 2000 S.p.A. o di future variazioni aziendali e societarie;";3;3;[51.06, 749.796, 547.186, 793.164];1;1;1
atto_20;opendataloader;json;11;ATTESO;ATTESO_2;MOTIVAZIONE;1;"ATTESO che il presente ATTO rientra tra i provvedimenti soggetti a pubblicazione sul sito internet istituzionale sia della società che delle pubbliche amministrazioni socie, ai sensi dell'art. 19, c. 7, del D. Lgs. n. 175/2016;";3;3;[51.06, 694.596, 547.176, 737.964];1;1;0
atto_20;opendataloader;json;12;DISPOSITIVO_PROPOSTA;DISPOSITIVO_PROPOSTA_1;DISPOSITIVO_PROPOSTA;0;"PROPONE IL CONSIGLIO COMUNALE VISTA la suesposta proposta di deliberazione; VISTO che sulla stessa sono stati espressi i pareri di cui al D. Lgs. 267/2000; RIUNITO l'organo collegiale nelle forme sopra descritte con l'assistenza del segretario comunale in ossequio all'art. 97 TUEL; VISTO l'art. 1 comma 20 bis della L.R. n. 21 del 11.12.2003 in materia di pubblicazione delle deliberazioni degli enti locali; Il Sindaco prende la parola e comunica che come è noto la società in oggetto gestisce il ciclo integrato dei rifiuti per il Comune. Il comune è TENUTO a fissare, in virtù del decreto Madia, obiettivi circa le spese di funzionamento e del personale al fine del loro contenimento.";3;3;[269.76, 666.876, 328.404, 682.872];3;0;0
atto_20;opendataloader;json;13;DATO_ATTO;DATO_ATTO_4;ISTRUTTORIA;1;"DATO ATTO che gli interventi sono registrati su supporto informatico depositato presso la segreteria che costituisce, ex art. 22, L. n. 241/1990 e s.m.i., documentazione a comprova della discussione ai sensi dell'art. 44 del Regolamento del Consiglio Comunale;";3;3;[51.06, 53.856, 547.174, 97.224];1;1;0
atto_20;opendataloader;json;14;UDITO;UDITO_1;ISTRUTTORIA;1;;4;4;[51.06, 639.396, 523.536, 765.564];1;0;0
atto_20;opendataloader;json;15;DISPOSITIVO_DELIBERA;DISPOSITIVO_DELIBERA;DISPOSITIVO_DELIBERA;0;DELIBERA;4;4;[267.78, 597.876, 330.444, 613.872];1;0;0
atto_21;opendataloader;json;1;RICONOSCIUTO;RICONOSCIUTO_1;MOTIVAZIONE_VALUTAZIONE;1;RICONOSCIUTO legale il numero degli intervenuti, CARETTI DANIELE - Sindaco assume la presidenza e dichiara aperta la seduta per la trattazione dell'oggetto indicato, invitando i presenti a DELIBERARE in merito.;1;1;[42.55, 261.182, 350.188, 295.352];2;0;0
atto_21;opendataloader;json;2;UDITO;UDITO_1;ISTRUTTORIA;1;"UDITA la relazione del Presidente; RICHIAMATI:";2;2;[42.55, 745.154, 195.961, 773.825];1;0;1
atto_21;opendataloader;json;3;DATO_ATTO;DATO_ATTO_1;ISTRUTTORIA;1;DATO ATTO altresì che la Provincia di Alessandria dovrà approvare il Piano di dimensionamento scolastico e dell'offerta formativa per l'a.s. 2027-2028 e trasmetterlo alla Regione entro il 31 luglio, avendo precedentemente ACQUISITO eventuali proposte e/o richieste che dovranno poi essere presentate in sede di Conferenza provinciale della scuola che costituisce il momento conclusivo di confronto a livello territoriale;2;2;[42.55, 574.47, 524.446, 620.139];1;0;1
atto_21;opendataloader;json;4;VISTO;VISTO_1;PREAMBOLO_RIFERIMENTI;1;"VISTA la nota prot. n. 0025339 del 05/06/2026 della Provincia di Alessandria - con la quale nelle more dell'approvazione da parte della Regione Piemonte dei i criteri per la programmazione della rete scolastica e dell'offerta formativa per il triennio 2027-2030, si richiedeva al Comune di Mombello Monferrato di avviare le procedure per la eventuale richiesta del Mantenimento del Plesso in deroga;";2;2;[42.55, 517.474, 524.443, 563.143];1;0;1
atto_21;opendataloader;json;5;CONSIDERATO;CONSIDERATO_1;MOTIVAZIONE;1;CONSIDERATO che al fine di preservare il servizio scolastico nelle piccole comunità, che per prime risentono del trend demografico negativo ormai in ATTO da alcuni anni, in cui la scuola riveste un importante ruolo di coesione sociale, anche per contrastare lo spopolamento, possono essere mantenuti attivi, in deroga ai parametri indicati al paragrafo 3.1 dei suddetti Criteri, i Punti di erogazione del servizio (PES) di scuola statale, RICONOSCIUTI con codice meccanografico ministeriale purché funzionanti nell'a.s. 2027-2028, siti in comuni montani e/o in comuni in situazione di marginalità di cui alla deliberazione della Giunta Regionale 21 novembre 2008, n. 1-10104:;2;2;[42.55, 425.981, 524.449, 506.147];1;0;0
atto_21;opendataloader;json;6;DATO_ATTO;DATO_ATTO_2;ISTRUTTORIA;1;"DATO ATTO CHE l'ente ha effettuato un'analisi volta a valutare l'opportunità del mantenimento del PES, tenendo CONTO: CHE il Comune di Mombello Monferrato risulta essere marginale ai sensi della D.G.R. n. 1-10104 del 21.11.2008;";2;2;[42.55, 301.488, 524.444, 324.159];2;1;1
atto_21;opendataloader;json;7;CONSIDERATO;CONSIDERATO_2;MOTIVAZIONE;1;CONSIDERATO che la rete scolastica del Comune di Mombello Monferrato è costituita dal seguente punto di erogazione del servizio di scuola statale, afferente all'Istituto Comprensivo di Cerrina e che gli iscritti all' a.s. 2025-2026, come comunicati dallo stesso Istituto Comprensivo, risultano essere: - Scuola Primaria - n. alunni 18. CHE con nota in DATA 23/06/2024 prot 2710 l'istituto Comprensivo di Cerrina a firma della Dirigente scolastica Prof.ssa Scotti Barbara si è detto favorevole al mantenimento in deroga del plesso sottodimensionato di Mombello Monferrato;3;3;[42.55, 764.953, 524.442, 799.123];3;1;0
atto_21;opendataloader;json;8;VISTO;VISTO_2;PREAMBOLO_RIFERIMENTI;1;"VISTA la l'analisi di contesto con riferimento all'andamento demografico e all'utenza ATTESA per l'a.s,. 20272028 nonche' alla situazione dell'immobile e alla presenza di altri PES disponibili, allegata alla presente e parte integrante e sostanziale del provvedimento;";3;3;[42.55, 653.776, 524.445, 687.946];1;1;1
atto_21;opendataloader;json;9;RILEVATO;RILEVATO_1;ISTRUTTORIA_MOTIVAZIONE;1;"RILEVATO che il mantenimento del servizio scolastico per l'a.s. 2027/2028 nel Comune di Mombello Monferrato risulta essere assolutamente necessario, anche in considerazione degli investimenti fatti da questa amministrazione comunale nell'edificio scolastico negli ultimi anni, garantendo altresì un servizio alla popolazione; l'eventuale soppressione provocherebbe infatti un enorme disagio per i residenti nel comune di Mombello Monferrato che si vedrebbero costretti a portare altrove e più lontano i loro bambini;";3;3;[42.55, 585.281, 524.442, 642.449];1;0;0
atto_21;opendataloader;json;10;RITENUTO;RITENUTO_1;MOTIVAZIONE_VALUTAZIONE;1;RITENUTO, pertanto, di: - individuare, con il presente ATTO, i seguenti punti di erogazione di scuola statale per cui risulta opportuno mantenere attivo il servizio scolastico per l'a.s. 2027-2028, in base ai Criteri approvati dalla Regione Piemonte deliberazione del Consiglio Regionale del Piemonte n. 157-13692 del 9 giugno 2026, concernente i criteri per la programmazione della rete scolastica e dell'offerta formativa per il triennio 2027-2030 - Scuola Primaria - n. alunni 19. - trasmettere la presente Deliberazione alla Provincia di Alessandria, richiedendo l'inserimento dei punti di erogazione del servizio da mantenere in deroga, sopra indicati, nel proprio Piano di revisione e dimensionamento della rete scolastica per l'a.s. 2027-2028.;3;3;[42.55, 562.782, 152.026, 573.954];4;0;0
atto_21;opendataloader;json;11;DATO_ATTO;DATO_ATTO_3;ISTRUTTORIA;1;"DATO ATTO che contestualmente è stato ACQUISITO il parere favorevole di regolarità amministrativa reso dal vice Segretario Comunale in qualità di Responsabile del Servizio Amministrativo sulla proposta di deliberazione, ai sensi dell'art. 49, 1°comma, del D. Lgs. 18.08.2000 n. 267 e riportato in calce;";3;3;[42.55, 395.12, 524.447, 429.29];1;1;1
atto_21;opendataloader;json;12;DISPOSITIVO_DELIBERA;DISPOSITIVO_DELIBERA;DISPOSITIVO_DELIBERA;0;DELIBERA;3;3;[257.943, 355.122, 309.053, 366.294];1;0;0
atto_22;opendataloader;json;1;RICONOSCIUTO;RICONOSCIUTO_1;MOTIVAZIONE_VALUTAZIONE;1;RICONOSCIUTO legale il numero degli intervenuti, CARETTI DANIELE - Sindaco assume la presidenza e dichiara aperta la seduta per la trattazione dell'oggetto indicato, invitando i presenti a DELIBERARE in merito.;1;1;[42.55, 273.182, 350.188, 307.352];2;0;0
atto_22;opendataloader;json;2;PREMESSO;PREMESSO_1;NARRATIVA_PREMESSA;1;PREMESSO che con deliberazione di Giunta Comunale n. 2 del 17/01/2025 è stato approvato il piano esecutivo di gestione per il periodo 2025-2027, comprensivo del piano dettagliato degli obiettivi;2;2;[42.55, 751.154, 524.447, 773.825];1;0;1
atto_22;opendataloader;json;3;VISTO;VISTO_1;PREAMBOLO_RIFERIMENTI;1;"VISTO l'art. 10, comma 1, lettera b) del D. Lgs. 27 ottobre 2009, n. 150, che impone, a conclusione del ciclo annuale di gestione della performance, la redazione di un documento, denominato ""Relazione sulla performance"", evidenziante a consuntivo i risultati raggiunti nell'anno precedente rispetto agli obiettivi contenuti nel piano della performance.";2;2;[42.55, 699.158, 524.444, 744.827];1;0;0
atto_22;opendataloader;json;4;VISTO;VISTO_2;PREAMBOLO_RIFERIMENTI;1;VISTO in particolare l'art. 4, comma 2 lettera f) del RICHIAMATO D. Lgs. 150/2009 che prevede, quale ultima fase del ciclo della performance, la rendicontazione dei risultati agli organi di indirizzo politico-amministrativo, nonché ai cittadini, agli utenti e ai destinatari dei servizi.;2;2;[42.55, 658.661, 524.453, 692.831];1;0;0
atto_22;opendataloader;json;5;VISTO;VISTO_3;PREAMBOLO_RIFERIMENTI;1;"VISTO il regolamento per la misurazione e la valutazione della performance e per l'applicazione del sistema premiale / il Regolamento sull'Ordinamento degli Uffici e dei Servizi che, tra l'altro, ha disciplinato il Ciclo della Performance;";2;2;[42.55, 618.164, 524.445, 652.334];1;0;0
atto_22;opendataloader;json;6;DATO_ATTO;DATO_ATTO_1;ISTRUTTORIA;1;"DATO ATTO che l'iter di approvazione della Relazione sulla Performance si perfezionerà, ai sensi dell'art. 14 comma 4 lettera c) del D. Lgs. 150/2009, con la validazione della stessa da parte del Nucleo di Valutazione;";2;2;[42.55, 589.166, 524.435, 611.837];1;0;0
atto_22;opendataloader;json;7;VISTI_PARERI;VISTI_PARERI_1;PARERI_ATTESTAZIONI;0;VISTI i pareri favorevoli espressi ai sensi dell'art. 49 del D. Lgs n. 267/2000;2;2;[42.55, 554.168, 374.389, 582.839];1;0;1
atto_22;opendataloader;json;8;DISPOSITIVO_DELIBERA;DISPOSITIVO_DELIBERA;DISPOSITIVO_DELIBERA;0;DELIBERA;2;2;[257.943, 536.669, 309.053, 547.841];1;0;0
atto_23;opendataloader;json;1;RICONOSCIUTO;RICONOSCIUTO_1;MOTIVAZIONE_VALUTAZIONE;1;RICONOSCIUTO legale il numero degli intervenuti, CARETTI DANIELE - Sindaco assume la presidenza e dichiara aperta la seduta per la trattazione dell'oggetto indicato, invitando i presenti a DELIBERARE in merito.;1;1;[42.55, 237.182, 350.188, 271.352];2;0;0
atto_23;opendataloader;json;2;UDITO;UDITO_1;ISTRUTTORIA;1;"UDITA la relazione del Presidente;";2;2;[42.55, 762.653, 195.961, 773.825];1;0;1
atto_23;opendataloader;json;3;VISTO;VISTO_1;PREAMBOLO_RIFERIMENTI;1;"VISTA la precedente Ordinanza di Demolizione e Ripristino dello stato dei luoghi n. 634 del 28/10/2025, regolarmente notificata al Sig. S.L. con la quale si ingiungeva la demolizione delle opere abusive realizzate senza tuttavia esplicitare la sanzione per mancata ottemperanza; CONSTATATO che sono ampiamente decorsi i 90 giorni assegnati dalla legge e dalla citata ordinanza per l'esecuzione spontanea delle opere di abbattimento, senza che il soggetto obbligato abbia provveduto al ripristino dello stato dei luoghi;";2;2;[42.55, 722.156, 524.447, 756.326];2;0;1
atto_23;opendataloader;json;4;PRESO_ATTO;PRESO_ATTO_1;ISTRUTTORIA;1;PRESO ATTO: che, da una verifica formale degli atti, la suddetta Ordinanza di Demolizione n. 634 non riportava espressamente nel proprio testo l'indicazione della sanzione amministrativa pecuniaria prevista in caso di inottemperanza dall'art. 31, comma 4-bis del D.P.R. 380/2001 di importo compreso tra 2.000 euro e 20.000 euro,;2;2;[42.55, 629.663, 524.443, 675.332];1;0;0
atto_23;opendataloader;json;5;RICHIAMATO;RICHIAMATO_1;PREAMBOLO_RIFERIMENTI;1;"RICHIAMATO altresì l'art. 31, comma 3, del D.P.R. n. 380/2001, il quale dispone testualmente che: «Se il responsabile dell'abuso non provvede alla demolizione e al ripristino dello stato dei luoghi nel termine di novanta giorni dall'ingiunzione, il bene e l'area di sedime [...] sono ACQUISITI di diritto gratuitamente al patrimonio del comune»;";2;2;[42.55, 612.164, 480.77, 623.336];2;0;1
atto_23;opendataloader;json;6;CONSIDERATO;CONSIDERATO_1;MOTIVAZIONE;1;"CONSIDERATO che l'effetto acquisitivo della proprietà a favore del Comune opera come sanzione patrimoniale automatica di diritto alla scadenza del termine di 90 giorni, ma che richiede la redazione di un verbale di inottemperanza e la successiva notifica e trascrizione nei registri immobiliari;";2;2;[42.55, 531.17, 524.444, 565.34];1;0;0
atto_23;opendataloader;json;7;RITENUTO;RITENUTO_1;MOTIVAZIONE_VALUTAZIONE;1;RITENUTO doveroso, nel rispetto dei principi di trasparenza, buona fede e corretta informazione al cittadino, procedere a una formale e definitiva diffida integrativa che espliciti chiaramente al trasgressore sia le conseguenze economiche (multa) sia la perdita imminente della proprietà dell'immobile abusivo e della relativa area;2;2;[42.55, 479.174, 524.451, 524.843];1;0;0
atto_23;opendataloader;json;8;VISTI_PARERI;VISTI_PARERI_1;PARERI_ATTESTAZIONI;0;"VISTI i pareri favorevoli espressi sulla proposta della presente deliberazione, sotto il profilo della regolarità tecnica, dal Responsabile dell'Area Tecnica, ai sensi dell'art. 49 del D.Lgs. n. 267/2000 (TUEL); A voti unanimi, espressi nelle forme di legge;";2;2;[42.55, 450.176, 524.446, 472.847];2;0;1
atto_23;opendataloader;json;9;DISPOSITIVO_DELIBERA;DISPOSITIVO_DELIBERA;DISPOSITIVO_DELIBERA;0;DELIBERA;2;2;[257.943, 415.178, 309.053, 426.35];1;0;0
atto_24;opendataloader;json;1;VISTO;VISTO_1;PREAMBOLO_RIFERIMENTI;1;"VISTA la lettera dell'Associazione sportiva dilettantistica PIOSSASCO TRAIL RUNNERS ASD, con sede legale a Piossasco (TO) in Via Magenta n.1, acclarata al prot.n.0002249 del 29.06.2026, in cui si richiede: di poter svolgere una competizione ""Vertical del Rocciamelone"" nella giornata di sabato 12 luglio 2026 o in caso di mal tempo domenica 13 luglio 2026, con partenza davanti al Rifugio La Riposa, di avere il patrocinio del Comune, di accordare autorizzazione all'accesso di strade interpoderali per approntare il percorso e garantirne la sicurezza;";2;2;[42.55, 539.668, 524.402, 635.868];1;0;0
atto_24;opendataloader;json;2;ATTESO;ATTESO_1;MOTIVAZIONE;1;ATTESO che la succitata associazione sportiva ha richiesto nulla osta per lo svolgimento della manifestazione all'Ente di Gestione Parchi Alpi Cozie e per quanto concerne responsabilità, sicurezza e gestione dell'evento dichiarando quanto segue:;2;2;[42.55, 484.472, 524.396, 525.476];1;0;0
atto_24;opendataloader;json;3;RILEVATO;RILEVATO_1;ISTRUTTORIA_MOTIVAZIONE;1;"RILEVATO che le linee di governo di questo Comune per il quinquennio 2021/2026 fanno emergere l'indirizzo di convogliare l'impiego delle risorse verso obiettivi tesi allo sviluppo del Paese e al miglioramento della vita dei suoi abitanti. Un reale sviluppo del Paese implica la rivalutazione del senso di comunità e lo sforzo congiunto di privati e istituzioni, con riconoscimento delle fondamenta delle identità storiche e culturali. La responsabilizzazione dei cittadini e delle associazioni è presupposto di servizio al Paese e lo rende compatto e collaborativo, creando solida trama sociale per garantire il futuro;";2;2;[42.55, 84.301, 524.404, 180.501];1;0;0
atto_24;opendataloader;json;4;DATO_ATTO;DATO_ATTO_1;ISTRUTTORIA;1;"DATO ATTO che l'iniziativa sopra menzionata riveste carattere di interesse pubblico generale;";2;2;[42.55, 56.703, 522.816, 70.109];1;0;1
atto_24;opendataloader;json;5;RITENUTO;RITENUTO_1;MOTIVAZIONE_VALUTAZIONE;1;RITENUTO di dover contribuire alla realizzazione della iniziativa attraverso la concessione del proprio patrocinio e consentendo:;3;3;[42.55, 743.803, 524.394, 771.008];1;0;0
atto_24;opendataloader;json;6;DATO_ATTO;DATO_ATTO_2;ISTRUTTORIA;1;"DATO ATTO che la realizzazione dell'evento non comporta alcuna altra spesa diretta a carico del bilancio comunale;";3;3;[42.55, 619.612, 524.392, 646.817];1;1;1
atto_24;opendataloader;json;7;DATO_ATTO;DATO_ATTO_3;ISTRUTTORIA;1;"DATO ATTO altresì che la concessione del patrocinio non comporta il sorgere in capo all'Amministrazione di obblighi o responsabilità di qualsiasi genere in ordine all'evento patrocinato;";3;3;[42.55, 564.416, 524.396, 605.42];1;0;0
atto_24;opendataloader;json;8;CONSIDERATO;CONSIDERATO_1;MOTIVAZIONE;1;"CONSIDERATO che la proposta operativa ha ottenuto il parere favorevole espresso ai sensi dell'art. 49 del D.Lgs. 18.8.2000 n. 267, così come modificato dal D.L. n. 174/2012, in merito alla regolarità tecnica-contabile da parte del Responsabile dell'area amministrativacontabile;";3;3;[42.55, 495.421, 524.396, 550.224];1;0;0
atto_24;opendataloader;json;9;VISTO;VISTO_2;PREAMBOLO_RIFERIMENTI;1;"VISTO l'art. 48 D.Lgs. 18.8.2000 n. 267 che demanda alla G.C. l'ordinaria amministrazione di funzioni e servizi;";3;3;[42.55, 454.024, 524.386, 481.229];1;1;1
atto_24;opendataloader;json;10;DISPOSITIVO_DELIBERA;DISPOSITIVO_DELIBERA;DISPOSITIVO_DELIBERA;0;DELIBERA;3;3;[42.55, 398.828, 521.499, 439.832];1;0;0
atto_25;opendataloader;json;1;VISTO;VISTO_1;PREAMBOLO_RIFERIMENTI;1;"VISTA la comunicazione acclarata al prot.n. 2112 del 17/06/2026 della Città Metropolitana di Torino Direzione Istruzione e Sviluppo Sociale relativa a ""Programmazione e dimensionamento della rete scolastica e punti di erogazione in deroga per l'a.s. 2027/2028"";";2;2;[56.7, 680.431, 538.594, 720.262];1;0;0
atto_25;opendataloader;json;2;DATO_ATTO;DATO_ATTO_1;ISTRUTTORIA;1;"DATO ATTO che la Regione Piemonte ha trasmesso l'ATTO di indirizzo regionale per il triennio aa.ss. 2027/2028-2028/2029-2029/2030 (D.C.R. n. 157-13692 del 09.06.2026), l'Allegato A alla D.G.R. n.2677 del 15.06.2026 recante i criteri e le modalità per la Programmazione della rete scolastica 2027/2028;";2;2;[56.7, 614.046, 538.599, 667.154];1;0;0
atto_25;opendataloader;json;3;VISTO;VISTO_2;PREAMBOLO_RIFERIMENTI;1;"VISTE le soglie numeriche minime prescritte dalla D.G.R. n. 157-13692 del 09.06.2026 necessarie per mantenere aperti i punti di erogazione servizio (p.e.s.) nei Comuni montani o marginali: Condizioni di sicurezza e delle caratteristiche dell'edificio scolastico presso cui è ubicato il servizio scolastico; L'edificio scolastico è in buone condizioni ed è stato sottoposto a verifica degli standard di sicurezza e salubrità con DELIBERA di G.C. n. 35 del 31.07.2014 con l'approvazione degli elaborati redatti dall' arch. Luca Braida Bruno. L'edificio è facilmente raggiungibile essendo situato sulla strada provinciale 209; vi è un parcheggio nelle vicinanze e non vi sono barriere architettoniche. PES, ubicati nel comune e/o in altro comune che permettano un facile accesso da parte degli alunni, secondo le condizioni di accesso relative alle distanze indicate: Per le scuole dell'infanzia non più di Km 5 da percorrere in non più di 15 minuti Sul territorio comunale non vi sono altri punti di erogazione scolastica. E' presente sul territorio del Comune di Susa e di Venaus la scuola dell'infanzia, entrambi distanti non più di Km. 5 percorribili in non più di 15 minuti DATO ATTO che il Comune di Mompantero è un comune montano ed ha il diritto della scuola statale in deroga;";2;3;[56.7, 574.215, 538.586, 600.769];5;1;1
atto_25;opendataloader;json;4;DATO_ATTO;DATO_ATTO_2;ISTRUTTORIA;1;"DATO ATTO che con nota prot. n. 0002118 del 18.06.2026 è stato richiesto il parere all'Istituto Comprensivo Statale di Susa sul mantenimento in deroga della sezione della scuola dell'infanzia di Mompantero, non potendo disporre di un DATO certo sugli iscritti per l'a.s. 2027/2028, CONSIDERATO tuttavia che il numero degli iscritti è sempre stato di 19/20 in quanto frequentano la scuola di Mompantero alunni provenienti da altri Comuni;";3;4;[56.7, 68.242, 538.597, 108.073];2;1;0
atto_25;opendataloader;json;5;VISTO;VISTO_3;PREAMBOLO_RIFERIMENTI;1;"VISTA la comunicazione acclarata al prot. n. 0002237 del 29/06/2026 dell'Istituto Comprensivo di Susa a firma del Dirigente Scolastico, con la quale si comunica che per l'a.s. 2027/2028 non sono previsti accorpamenti di classi o spostamento fisici di classi (allegata al presente ATTO per farne parte integrante);";4;4;[56.7, 692.261, 538.601, 745.369];1;1;1
atto_25;opendataloader;json;6;RITENUTO;RITENUTO_1;MOTIVAZIONE_VALUTAZIONE;1;"RITENUTO di fondamentale importanza il mantenimento della scuola dell'infanzia, in deroga ai criteri previsti per le scuole site in comuni montani e/o in situazioni di marginalità di cui alla D.G.R. 21/11/2008, n. 1 - 10104, per evitare che il territorio venga depauperato dei servizi scolastici con conseguente spopolamento dei comuni montani, il mantenimento delle attività economiche della montagna è strettamente correlato al mantenimento della residenzialità delle famiglie, con i loro valori, con la cura del territorio, elemento indispensabile per l'economia globale delle nostre valli;";4;4;[56.7, 599.322, 538.595, 678.984];1;0;0
atto_25;opendataloader;json;7;VISTO;VISTO_4;PREAMBOLO_RIFERIMENTI;1;"VISTO il d.lgs. 18 agosto 2000, n. 267 e ss. mm. e ii.;";4;4;[56.7, 572.768, 310.88, 586.045];1;1;1
atto_25;opendataloader;json;8;PRESO_ATTO;PRESO_ATTO_1;ISTRUTTORIA;1;"PRESO ATTO che sulla proposta di deliberazione di cui al presente verbale, ex art. 49 del d.lgs. 267/2000, ha espresso parere favorevole il responsabile dell'Area Amministrativa - Contabile, per quanto di propria competenza in ordine alla regolarità tecnica;";4;4;[56.7, 519.66, 538.598, 559.491];1;0;0
atto_25;opendataloader;json;9;DISPOSITIVO_DELIBERA;DISPOSITIVO_DELIBERA;DISPOSITIVO_DELIBERA;0;DELIBERA;4;4;[56.7, 466.552, 431.398, 506.383];1;0;0
atto_26;opendataloader;json;1;PREMESSO;PREMESSO_1;NARRATIVA_PREMESSA;1;"PREMESSO che l'art. 10, comma 1, lettera b), del D. Lgs. n. 150/2009 e s.m.i. stabilisce che ogni Ente adotta annualmente un documento denominato ""'Relazione sulla Performance"", approvato dall'Organo di indirizzo politico-amministrativo e validato dall'Organismo di valutazione, che evidenzia, a consuntivo, con riferimento all'anno precedente, i risultati organizzativi e individuali raggiunti rispetto ai singoli obiettivi programmati, con rilevazione degli eventuali scostamenti;";2;2;[56.7, 613.002, 538.603, 679.387];1;0;0
atto_26;opendataloader;json;2;DATO_ATTO;DATO_ATTO_1;ISTRUTTORIA;1;"DATO ATTO che la suddetta Relazione costituisce, altresì, lo strumento mediante il quale l'Amministrazione illustra ai cittadini e agli stakeholder, interni ed esterni, i risultati ottenuti nel corso dell'anno precedente, concludendo in tal modo il ciclo di gestione della performance;";2;2;[56.7, 559.894, 538.598, 599.725];1;0;0
atto_26;opendataloader;json;3;RICHIAMATO;RICHIAMATO_1;PREAMBOLO_RIFERIMENTI;1;"RICHIAMATE le deliberazioni del Consiglio Comunale n.16 del 12.12.2024, con cui è stato approvato il Documento Unico di Programmazione (DUP) 2025-2027, e n.17 del 12.12.2024 con cui è stato approvato il Bilancio di Previsione Finanziario 2025-2027 e relativi allegati"" e s.m.i.;";2;2;[56.7, 506.786, 538.596, 546.617];1;0;1
atto_26;opendataloader;json;4;RICHIAMATO;RICHIAMATO_2;PREAMBOLO_RIFERIMENTI;1;"RICHIAMATA pertanto la deliberazione n. 28 del 25.03.2025, con cui la Giunta comunale ha approvato il PIAO 2025-2027 del Comune di Mompantero, nel cui contesto è altresì contemplata la sottosezione di ""Programmazione Performance"" (Sezione Valore Pubblico, Performance e Anticorruzione), con riferimento al Piano della Performance 2025-2027 approvato con la succitata deliberazione della Giunta comunale;";2;2;[56.7, 427.124, 538.604, 493.509];1;0;0
atto_26;opendataloader;json;5;ATTESO;ATTESO_1;MOTIVAZIONE;1;"ATTESO che, in DATA 10.06.2026, l'Organismo Comunale di Valutazione ha concluso il processo di valutazione degli obiettivi attinenti alle performance delle posizioni organizzative, riferito allo scorso esercizio;";2;2;[56.7, 374.016, 538.597, 413.847];1;0;0
atto_26;opendataloader;json;6;VISTO;VISTO_1;PREAMBOLO_RIFERIMENTI;1;"VISTA la ""Relazione sulla performance anno 2025"" redatta dal Segretario Comunale in conformità a quanto disposto dal D. Lgs 150/2009 e s.m.i. sopra citato, allegata al presente ATTO";2;2;[56.7, 334.185, 538.599, 360.739];1;0;1
atto_26;opendataloader;json;7;RAVVISATO;RAVVISATO_1;MOTIVAZIONE;1;"RAVVISATA l'opportunità di approvare detta relazione, dando ATTO che dalla stessa emerge che gli obiettivi organizzativi ed individuali, INDIVIDUATI ed assegnati con il Piano delle Performance 2025 alle varie Aree dell'Ente, sono stati raggiunti;";2;2;[56.7, 281.077, 538.604, 320.908];1;0;0
atto_26;opendataloader;json;8;CONSIDERATO;CONSIDERATO_1;MOTIVAZIONE;1;"CONSIDERATO inoltre che la suddetta Relazione, adottata dalla Giunta Comunale, sarà trasmessa all'Organismo Comunale di Valutazione per la validazione finale;";2;2;[56.7, 241.246, 538.594, 267.8];1;0;0
atto_26;opendataloader;json;9;ACQUISITI_PARERI;ACQUISITI_PARERI_1;PARERI_ATTESTAZIONI;0;ACQUISITI i pareri favorevoli sulla proposta della presente deliberazione, RILASCIATI ai sensi dell'art. 49, comma 1, del D.lgs n. 267/2000 e s.m.i e precisamente:;2;2;[56.7, 201.415, 538.595, 227.969];1;0;1
atto_26;opendataloader;json;10;DISPOSITIVO_DELIBERA;DISPOSITIVO_DELIBERA;DISPOSITIVO_DELIBERA;0;DELIBERA;3;3;[273.007, 771.923, 322.298, 785.2];1;0;0
atto_27;opendataloader;json;1;RITENUTO;RITENUTO_1;MOTIVAZIONE_VALUTAZIONE;1;"RITENUTO di approvare i suddetti verbali; ACQUISITO il parere favorevole in ordine alla regolarità tecnica della presente deliberazione reso dal responsabile del servizio interessato ai sensi dell'art. 49 del D. Lgs. 18.08.2000, n. 267; SENTITO l'intervento del Sindaco che dà lettura degli oggetti dei verbali della seduta consiliare del 29/12/2025; DATO ATTO che i verbali coincidono interamente con le deliberazioni citate ASSUNTE nelle sedute di Consiglio Comunale del 28.07.2025; Con votazione espressa per alzata di mano con il seguente esito proclamato dal Presidente: Favorevoli: n. 9 - Astenuti: n. 1 (Liberanome Nicolino)";2;2;[43.55, 345.834, 554.39, 510.912];1;0;0
atto_27;opendataloader;json;2;DISPOSITIVO_DELIBERA;DISPOSITIVO_DELIBERA;DISPOSITIVO_DELIBERA;0;DELIBERA;2;2;[257.133, 318.236, 340.821, 331.525];1;0;0
atto_28;opendataloader;json;1;PREMESSO;PREMESSO_1;NARRATIVA_PREMESSA;1;"PREMESSO, altresì, che l'art. 227, c. 2, D. Lgs. 18/08/2000, n. 267 e l'art. 18, c. 1, lett. b), D. Lgs. 23/6/2011, n. 118, prevedono che gli enti locali deliberano entro il 30 aprile dell'anno successivo il rendiconto della gestione composto dal CONTO del bilancio, dal CONTO economico e dallo stato patrimoniale;";2;2;[43.55, 408.072, 554.4, 453.642];1;0;0
atto_28;opendataloader;json;2;RILEVATO;RILEVATO_1;ISTRUTTORIA_MOTIVAZIONE;1;RILEVATO che:;2;2;[43.55, 373.576, 98.82, 384.65];1;0;0
atto_28;opendataloader;json;3;PRESO_ATTO;PRESO_ATTO_1;ISTRUTTORIA;1;"PRESO ATTO, inoltre, di quanto indicato dalla commissione Arconet nella riunione del 20 gennaio 2021: ""A decorrere dal rendiconto 2020, la validità della DELIBERA inviata alla BDAP concernente la facoltà di cui all'art. 232, comma 2 del TUEL si estende fino all'esercizio in cui l'ente DELIBERA di voler iniziare a tenere la contabilità economico-patrimoniale o in caso di perdita dei presupposti della popolazione per poter esercitare tale facoltà"".";2;2;[43.55, 252.84, 451.22, 263.914];2;0;1
atto_28;opendataloader;json;4;RICHIAMATO;RICHIAMATO_1;PREAMBOLO_RIFERIMENTI;1;"RICHIAMATI gli artt. 151, c. 6 e 231, c. 1, del D.Lgs. 18/08/2000, n. 267 i quali prevedono che al rendiconto dell'esercizio sia allegata una relazione sulla gestione da predisporre secondo quanto previsto dall'art. 11, c. 6, del d.Lgs. n. 118/2011;";2;2;[43.55, 149.352, 554.39, 177.674];1;0;1
atto_28;opendataloader;json;5;RICHIAMATO;RICHIAMATO_2;PREAMBOLO_RIFERIMENTI;1;RICHIAMATO, altresì l'articolo 11, comma 6, del d.Lgs. n. 118/2011, il quale così dispone: 6. La relazione sulla gestione allegata al rendiconto è un documento illustrativo della gestione dell'ente, nonché dei fatti di rilievo verificatisi dopo la chiusura dell'esercizio e di ogni eventuale informazione utile ad una migliore comprensione dei DATI contabili. In particolare, la relazione illustra: 1 Si veda il D.M. 12 ottobre 2021 concernente le modalità semplificate di elaborazione della Situazione patrimoniale da allegare al rendiconto degli enti locali con popolazione inferiore a 5.000 abitanti che non tengono la contabilità economico patrimoniale.;2;2;[43.55, 114.856, 400.71, 125.93];3;0;0
atto_28;opendataloader;json;6;VISTO;VISTO_1;PREAMBOLO_RIFERIMENTI;1;"VISTO il D.M. 12 ottobre 2021 che ha approvato le modalità semplificate di elaborazione della situazione patrimoniale al 31 dicembre 2025 da parte degli enti locali con popolazione inferiore a 5.000 abitanti che rinviano la contabilità economicopatrimoniale;";3;3;[40.85, 317.645, 551.69, 363.215];1;0;0
atto_28;opendataloader;json;7;VISTO;VISTO_2;PREAMBOLO_RIFERIMENTI;1;"VISTO il D.M. 7 settembre 2020;";3;3;[40.85, 283.149, 168.89, 294.223];1;0;0
atto_28;opendataloader;json;8;PRESO_ATTO;PRESO_ATTO_2;ISTRUTTORIA;1;PRESO ATTO che:;3;3;[40.85, 248.653, 103.6, 259.727];1;1;0
atto_28;opendataloader;json;9;VISTO;VISTO_3;PREAMBOLO_RIFERIMENTI;1;"VISTO lo schema del rendiconto della gestione dell'esercizio 2025 redatto secondo lo schema di cui all'allegato 10 al D. Lgs. n. 118/2011 che si allega al presente provvedimento quale parte integrante e sostanziale;";4;4;[43.55, 789.103, 554.4, 817.425];1;1;1
atto_28;opendataloader;json;10;VISTO;VISTO_4;PREAMBOLO_RIFERIMENTI;1;"VISTA la relazione sulla gestione dell'esercizio 2025, redatta ai sensi dell'art. 11, comma 6, del d.Lgs. n. 118/2011, allegata al presente provvedimento quale parte integrante e sostanziale;";4;4;[43.55, 737.359, 554.39, 765.681];1;0;0
atto_28;opendataloader;json;11;RITENUTO;RITENUTO_1;MOTIVAZIONE_VALUTAZIONE;1;"RITENUTO di provvedere in merito;";4;4;[43.55, 702.863, 180.19, 713.937];1;0;0
atto_28;opendataloader;json;12;VISTO;VISTO_5;PREAMBOLO_RIFERIMENTI;1;"VISTO il D.Lgs. 18/08/2000, n. 267; VISTO il d.Lgs. n. 118/2011; VISTO il D.M. 12 ottobre 2021; VISTO lo Statuto Comunale; VISTO il vigente Regolamento comunale di contabilità; Ad unanimità di voti espressi nelle forme di legge,";4;4;[43.55, 582.127, 260.72, 679.441];1;1;1
atto_28;opendataloader;json;13;DISPOSITIVO_DELIBERA;DISPOSITIVO_DELIBERA;DISPOSITIVO_DELIBERA;0;DELIBERA;4;4;[272.857, 547.631, 325.087, 558.705];1;0;0
atto_29;opendataloader;json;1;VISTO;VISTO_1;PREAMBOLO_RIFERIMENTI;1;"VISTO il D.L. 9 giugno 2021, n. 80, conv. dalla legge 6 agosto 2021, n. 113, il cui art. 6, primo comma, stabilisce che ""Per assicurare la qualità e la trasparenza dell'attività amministrativa e migliorare la qualità dei servizi ai cittadini e alle imprese e procedere alla costante e progressiva semplificazione e reingegnerizzazione dei processi anche in materia di diritto di accesso, le pubbliche amministrazioni, con esclusione delle scuole di ogni ordine e grado e delle istituzioni educative, di cui all'articolo 1, comma 2, del decreto legislativo 30 marzo 2001, n. 165, con più di cinquanta dipendenti, entro il 31 gennaio di ogni anno adottano il Piano integrato di attività e organizzazione, di seguito denominato Piano, nel rispetto delle vigenti discipline di settore e, in particolare, del decreto legislativo 27 ottobre 2009, n. 150 e della legge 6 novembre 2012, n.190"";";2;2;[56.7, 554.152, 538.599, 691.749];1;0;0
atto_29;opendataloader;json;2;CONSIDERATO;CONSIDERATO_1;MOTIVAZIONE;1;"CONSIDERATO che il settimo comma del RICHIAMATO art. 6, stabilisce che ""In caso di mancata adozione del Piano trovano applicazione le sanzioni di cui all'articolo 10, comma 5, del decreto legislativo 27 ottobre 2009, n. 150, ferme restando quelle previste dall'articolo 19, comma 5, lettera b), del decreto-legge 24 giugno 2014, n. 90, convertito, con modificazioni, dalla legge 11 agosto 2014, n. 114"";";2;2;[56.7, 471.358, 538.594, 539.96];1;0;0
atto_29;opendataloader;json;3;TENUTO_CONTO;TENUTO_CONTO_1;ISTRUTTORIA_MOTIVAZIONE;1;TENUTO CONTO di quanto STABILITO:;2;2;[56.7, 443.76, 232.757, 457.166];1;0;1
atto_29;opendataloader;json;4;RICHIAMATO;RICHIAMATO_1;PREAMBOLO_RIFERIMENTI;1;"RICHIAMATA la deliberazione della G.C. n.26 del 25.03.2026 con la quale è stato approvato il Piano Integrato di Attività e di Organizzazione (PIAO) per triennio 2026-2028;";3;3;[56.7, 673.31, 538.591, 700.515];1;0;1
atto_29;opendataloader;json;5;DATO_ATTO;DATO_ATTO_1;ISTRUTTORIA;1;"DATO ATTO che, con decorrenza dal 18.05.2026, è stata INDIVIDUATA una nuova Responsabile dell'Area Tecnica/Manutentiva, titolare di incarico di Elevata Qualificazione, alla quale sono state attribuite le relative funzioni e responsabilità organizzative;";3;3;[56.7, 618.114, 538.596, 659.118];1;0;0
atto_29;opendataloader;json;6;PRESO_ATTO;PRESO_ATTO_1;ISTRUTTORIA;1;"PRESO ATTO che sono stati INDIVIDUATI gli obiettivi gestionali da conseguire per l'anno 2026, si rende necessario procedere all'aggiornamento della Sottosezione 2.2 - ""Piano della Performance"" del PIAO mediante l'integrazione della scheda di cui all'Allegato A), che costituisce parte integrante e sostanziale del presente provvedimento.";3;3;[56.7, 549.119, 538.607, 603.922];1;0;0
atto_29;opendataloader;json;7;ACQUISITI_PARERI;ACQUISITI_PARERI_1;PARERI_ATTESTAZIONI;0;ACQUISITI i pareri favorevoli resi ai sensi ai sensi dell'art. 49, comma 1, del D. Lgs. del 18 agosto 2000 n. 267 e s.m.i. e precisamente:;3;3;[56.7, 507.722, 538.581, 534.927];1;0;1
atto_29;opendataloader;json;8;VISTO;VISTO_2;PREAMBOLO_RIFERIMENTI;1;VISTO:;3;3;[56.7, 466.325, 90.036, 479.731];1;1;1
atto_29;opendataloader;json;9;DISPOSITIVO_DELIBERA;DISPOSITIVO_DELIBERA;DISPOSITIVO_DELIBERA;0;DELIBERA;3;3;[266.982, 369.732, 328.314, 383.138];1;0;0
atto_30;opendataloader;json;1;PREMESSO;PREMESSO_1;NARRATIVA_PREMESSA;1;"PREMESSO che, con Decreto dell'Assessore Regionale delle Autonomie Locali e della Funzione Pubblica n. 69 del 10/04/2024, è stata fissata, per sabato 08 giugno 2024 e domenica 09 giugno 2024, la DATA per le elezioni del Sindaco e del Consiglio Comunale di questo Comune. E' stata fissata, altresì, per domenica 23 giugno 2024 e lunedì 24 giugno 2024, la DATA di svolgimento dell'eventuale secondo turno di votazione per l'elezione del sindaco;";1;2;[56.8, 76.804, 516.688, 110.793];2;0;0
atto_30;opendataloader;json;2;DATO_ATTO;DATO_ATTO_1;ISTRUTTORIA;1;"DATO ATTO che il relativo manifesto sindacale di convocazione dei comizi elettorali è stato pubblicato all'Albo Pretorio di questo Comune ed in altri luoghi pubblici in DATA 25/04/2024;";2;2;[56.8, 692.504, 538.42, 719.593];1;0;0
atto_30;opendataloader;json;3;RICHIAMATO;RICHIAMATO_1;PREAMBOLO_RIFERIMENTI;1;"RICHIAMATO l'art. 2 della Legge n. 212 del 04/04/1956 e s.m.i., secondo il quale, in ogni Comune, la Giunta Comunale, tra il 33° ed il 30° giorno precedente quello fissato per le consultazioni, è TENUTA a stabilire, in ogni centro abitato, con popolazione residente superiore a 150 abitanti, speciali spazi da destinare all'affissione del materiale di propaganda;";2;2;[56.8, 613.504, 538.276, 668.193];1;0;1
atto_30;opendataloader;json;4;RICHIAMATO;RICHIAMATO_2;PREAMBOLO_RIFERIMENTI;1;"RICHIAMATE, altresì: la deliberazione di Giunta Comunale n. 173 del 31 dicembre 2019, avente per oggetto: ""Nuova struttura organizzativa""; la Determinazione Sindacale n° 70 del 13/10/2021, recante in oggetto ""Conferma funzioni dirigenziali afferenti la Direzione IV e la Direzione VII"", per effetto della quale l'incarico della Direzione Affari Demografici è stato conferito al Dott. Giuseppe Intilla, Dirigente della Direzione VII; il Decreto Sindacale n. 123/2023, di conferimento dell'incarico dirigenziale della Direzione VII, comprendente ad interim i Servizi Demografici, al Dott. Giuseppe Intilla; il vigente Statuto Comunale; l'art. 51 della L. n. 142/90 e s.m.i., così come recepito dalla L.R. n. 48/91 e s.m.i.; il Testo Unico delle Leggi sull'ordinamento degli Enti Locali, approvato con il citato D.Lgs. n. 267/2000 e s.m.i.; la L.R. n. 12/2011 e s.m.i.; il D.P.R. n. 207/2010; la L.R. n. 30/2000 e s.m.i.;";2;3;[56.8, 575.904, 150.052, 589.193];5;0;0
atto_30;opendataloader;json;5;VISTI_PARERI;VISTI_PARERI_1;PARERI_ATTESTAZIONI;0;"VISTO il parere di regolarità tecnica, attestante la regolarità tecnico-amministrativa, ai sensi degli artt. 49 e 147 bis del succitato D.Lgs. n. 267/2000 (vigente T.U.E.L.), siccome introdotto nell'Ordinamento Regionale, reso dal Responsabile del Servizio Elettorale;";3;3;[56.8, 428.604, 537.856, 469.493];1;0;0
atto_30;opendataloader;json;6;RILEVATO;RILEVATO_1;ISTRUTTORIA_MOTIVAZIONE;1;RILEVATO che il presente provvedimento non necessita di attestazione della copertura finanziaria della spesa in quanto non comporta oneri riflessi diretti o indiretti sulla situazione economicofinanziaria o sul patrimonio dell'Ente,;3;3;[56.8, 363.404, 537.976, 404.293];1;0;0
atto_30;opendataloader;json;7;DISPOSITIVO_PROPOSTA;DISPOSITIVO_PROPOSTA_1;DISPOSITIVO_PROPOSTA;0;"PROPONE Assegnare gli spazi STABILITI con deliberazione di Giunta Comunale n. 60 del 10/05/2024, in sezioni delle dimensioni di mt. 0,70 di base per mt. 1,00 di altezza, sormontati dalla scritta ""SINDACO"", alle seguenti candidature uninominali alla carica di Sindaco, elencate secondo l'ordine STABILITO dal predetto sorteggio: Dare ATTO che, qualora non fosse possibile destinare un unico spazio per comprendervi il tabellone o riquadro nelle misure prescritte, si procederà ai sensi dell'articolo 2, comma 3, della Legge n. 212 del 4 aprile 1956; Attestare: Provvedere, DATA l'urgenza di assegnare gli spazi elettorali alle liste dei candidati per l'elezione del Consiglio Comunale, a dichiarare la presente deliberazione immediatamente esecutiva, a norma dell'art. 12 della L.R. n. 44/91 e s.m.i.; Pubblicare il presente provvedimento all'Albo Pretorio e sul sito istituzionale del Comune, alla voce ""Amministrazione Trasparente"" - sezione provvedimenti - sottosezione provvedimenti organo ad indirizzo politico; Avvertire, ai sensi degli artt. 3, quarto comma, e 5, terzo comma, della Legge 7 agosto 1990, n. 241 e s.m.i., siccome introdotta nell'Ordinamento Regionale, che:";3;4;[270.9, 326.921, 324.602, 339.102];7;0;0
atto_30;opendataloader;json;8;VISTO;VISTO_1;PREAMBOLO_RIFERIMENTI;1;"VISTA la proposta di deliberazione, come presentata e munita dei pareri favorevoli, previsti dalla L.R. n. 48/91 e dalla L.R. n. 30/2000;";5;5;[56.8, 639.429, 537.809, 663.157];1;0;0
atto_30;opendataloader;json;9;RITENUTO;RITENUTO_1;MOTIVAZIONE_VALUTAZIONE;1;RITENUTO dover approvare l'ATTO nello schema PREDISPOSTO senza alcuna variazione;5;5;[56.8, 591.029, 422.182, 626.857];1;0;0
atto_30;opendataloader;json;10;DISPOSITIVO_DELIBERA;DISPOSITIVO_DELIBERA;DISPOSITIVO_DELIBERA;0;"DELIBERA DI APPROVARE la proposta di deliberazione suestesa Reg. n° 69 del 18/05/2024; DI DICHIARARE, con separata e unanime votazione, il presente ATTO, immediatamente eseguibilecutivo.";5;5;[56.8, 518.429, 498.136, 578.457];1;0;0
atto_31;opendataloader;json;1;ACQUISITO;ACQUISITO_1;ISTRUTTORIA;1;ACQUISITA la proposta di deliberazione PREDISPOSTA dal Dirigente proponente, all'esito dell'istruttoria dallo stesso condotta, con il supporto delle articolazioni amministrative di riferimento e previa verifica della regolarità tecnico-amministrativa, ai sensi dell'art.147 bis, comma1, t.u. 267/00 come da parere reso ai sensi dell'art.49, t.u. 267/00 e PRESO ATTO dei fatti e delle circostanze, nonché dei contenuti dei riferimenti documentali, come dal Dirigente stesso rappresentati.;2;2;[56.639, 626.605, 538.607, 743.454];1;0;0
atto_31;opendataloader;json;2;VISTO;VISTO_1;PREAMBOLO_RIFERIMENTI;1;VISTA la Legge 27 dicembre 2019, n. 160 (Legge di Bilancio 2020) art. 1 commi da 738 a 783. VISTE, altresì, tutte le disposizioni del D.Lgs. n. 504/1992, dell'art. 1, commi 161-169, della L. n. 296/2006, direttamente o indirettamente RICHIAMATE dalla L. n. 160/2019.;2;2;[56.639, 543.805, 538.559, 598.494];1;0;1
atto_31;opendataloader;json;3;VISTO;VISTO_2;PREAMBOLO_RIFERIMENTI;1;"VISTA la Deliberazione di Giunta Comunale n. 88 dell'08/06/2010 avente il seguente oggetto ""Approvazione valori di stima delle aree edificabili ai fini del versamento dell'imposta comunale sugli immobili per l'anno 2010"" nonché la Deliberazione di Giunta Comunale n. 98 del 24.06.2010, avente per oggetto ""Modifica parziale della deliberazione di G.M. n. 88/2010 - Riapprovazione relazione, con i relativi allegati, nonché Tabella Valori aree edificabili del Comune di Trani ai fini dell'imposta ICI anno 2010"".";2;2;[56.633, 419.605, 538.606, 536.454];1;0;0
atto_31;opendataloader;json;4;VISTO;VISTO_3;PREAMBOLO_RIFERIMENTI;1;"VISTE le Deliberazioni di conferma dei valori di cui alla ""Tabella Valori aree edificabili del Comune di Trani ai fini dell'imposta ICI anno 2010"" approvate dalla Giunta Comunale per ogni anno di imposta ICI/ IMU a partire dal 2011 al 2020.";2;2;[56.639, 357.565, 538.535, 412.254];1;0;0
atto_31;opendataloader;json;5;VISTO;VISTO_4;PREAMBOLO_RIFERIMENTI;1;"VISTA la Deliberazione di Consiglio Comunale n. 55 del 26.04.2019 avente il seguente oggetto: ""Mozione ai sensi dell'art. 25 comma 6° e 7° del Regolamento Consiglio Comunale indirizzo per modifica e revisione valori di stima unitari delle aree fabbricabili siti nel Comune di Trani ai fini dell'imposta IMU"".";2;2;[56.639, 274.765, 538.595, 350.094];1;0;0
atto_31;opendataloader;json;6;VISTO;VISTO_5;PREAMBOLO_RIFERIMENTI;1;"VISTA la Deliberazione di Giunta Comunale n. 98 del 20.06.2019 avente il seguente oggetto: ""ATTO di indirizzo per modifica valori minimi di stima unitari delle aree edificabili ai fini dell'imposta IMU"" con la quale veniva DATO incarico al Dirigente dell'Area Urbanistica di predisporre una relazione di stima dei valori unitari minimi delle aree edificabili, adeguati agli attuali valori di mercato, anche attraverso la costituzione di un tavolo tecnico con la partecipazione del Dirigente dell'Area Finanziaria e dei rappresentanti degli Ordini Professionali, per eventuali valutazioni e proposte in quanto operanti sul territorio e, quindi, a conoscenza delle problematiche economiche e sociali nonché della attuale situazione del mercato immobiliare e del lavoro.";2;2;[56.633, 109.165, 538.727, 267.294];1;0;0
atto_31;opendataloader;json;7;PRESO_ATTO;PRESO_ATTO_1;ISTRUTTORIA;1;PRESO ATTO che in DATA 29.05.2019 l'arch. Francesco Gianferrini Dirigente dell'Area IV - Urbanistica Demanio Ambiente ha inviato agli Ordini Professionali un invito per la partecipazione al Tavolo tecnico per affrontare le problematiche relative all'IMU aree edificabili. CONSIDERATO che:;2;3;[56.639, 67.765, 538.487, 101.694];2;0;0
atto_31;opendataloader;json;8;CONSIDERATO;CONSIDERATO_1;MOTIVAZIONE;1;CONSIDERATO altresì che i valori delle aree edificabili dal 2010 ad oggi non sono stati oggetto di revisione e non hanno subito alcuna variazione e/o modificazione.;3;3;[56.639, 357.805, 538.535, 391.854];1;0;0
atto_31;opendataloader;json;9;ANALIZZATO;ANALIZZATO_1;ISTRUTTORIA_VALUTAZIONE;1;"ANALIZZATA, pertanto, la relazione illustrativa redatta dai membri del Tavolo Tecnico sottoscritta in DATA 08.01.2021 e riportata in allegato A alla presente, che dopo un'analisi del territorio urbano e dello strumento urbanistico vigente (PUG 2009) ha proposto alcuni criteri di determinazione dei valori delle aree edificabili, aggiuntivi a quelli attualmente in vigore, al fine di ricondurre i valori delle stesse ad una maggiore aderenza alla reale capacità edificatoria. I suddetti criteri, elencati in allegato 1 alla Relazione, sono di seguito riportati: <<Criterio 1 - Minore dotazione di standard e urbanizzazioni primarie Si sono INDIVIDUATE quattro fasce di territorio parallele alla costa ciascuna con una aliquota di riduzione crescente man mano che ci si allontana dalla stessa. I confini delle suddette fasce territoriali sono INDIVIDUATI dalla rete ferroviaria, la SS.16 bis, Via Duchessa d'Andria - Via I Capirro e le SP 13 e 168 applicando una aliquota di riduzione da 0 al 25%, in funzione della fascia di appartenenza (si veda allegato 1). Inoltre, si è inviduata una quinta porzione di territorio denominata ""Periferie del PUG"" che ricomprende al suo interno le microzone C2a, C2b, C4, C11, D3b e l'area ovest del Carcere (Maglie D1e -5 -6- 7-8, Ds.ad/9-10-11-14-15, D1/20). Per questa porzione di territorio si propone una aliquota di riduzione del 30%. Infine, si propone una riduzione specifica pari al 35% per le zone ZRT e AS. moltiplicativo 0,5 e arrotondando il valore all'intero) il contribuente potrà calcolare la relativa aliquota di riduzione spettante. Tali riduzioni si intendono come aggiuntive rispetto a quelle già previste dall'Ing. dell'Oglio, che sono attualmente in uso. Per non gravare oltremodo sugli equilibri del bilancio comunale, il Tavolo Tecnico ha convenuto sull'opportunità di prevedere comunque una aliquota massima di riduzione pari al 50%, da applicarsi in presenza di una sommatoria più elevata delle singole aliquote godibili. L'applicabilità della riduzione dovrà essere certificata da tecnico abilitato che asseveri la rispondenza ai criteri di cui sopra.>>";3;5;[56.639, 254.365, 538.559, 350.454];4;0;1
atto_31;opendataloader;json;10;PRESO_ATTO;PRESO_ATTO_2;ISTRUTTORIA;1;PRESO ATTO della persistente crisi economica, amplificata dalla pandemia iniziata nei primi mesi del 2020 a causa del virus Covid 19, attualmente ancora in ATTO, che ha pesantemente influito sulla situazione economica e occupazionale del territorio, con la perdita di numerosi posti di lavoro e chiusura di diverse attività imprenditoriali.;5;5;[56.639, 543.805, 538.607, 619.254];1;1;1
atto_31;opendataloader;json;11;CONSIDERATO;CONSIDERATO_2;MOTIVAZIONE;1;CONSIDERATO che ai sensi dell'art. 8, comma 2, del vigente Regolamento di disciplina dell'IMU, approvato con Deliberazione di Consiglio Comunale nr. 68 del 10.9.2020, al solo fine di semplificare gli adempimenti a carico del contribuente e per orientare l'attività di controllo degli uffici, la Giunta Comunale approva, periodicamente e per zone omogenee, i valori di riferimento delle aree edificabili site nel territorio comunale.;5;5;[56.639, 440.365, 538.559, 536.454];1;1;0
atto_31;opendataloader;json;12;ESAMINATO;ESAMINATO_1;ISTRUTTORIA_VALUTAZIONE;1;ESAMINATA la relazione PREDISPOSTA dal Tavolo Tecnico, si ritengono applicabili le riduzioni previste dal:;5;5;[56.633, 398.965, 538.535, 433.014];1;0;1
atto_31;opendataloader;json;13;RITENUTO;RITENUTO_1;MOTIVAZIONE_VALUTAZIONE;1;"RITENUTO che le predette riduzioni sono cumulabili con quelle già STABILITE dalla ""Tabella Unica dei valori delle aree fabbricabili al 01/01/2010"", nel limite massimo complessivo del 50% di riduzione applicabile alle singole fattispecie.";6;6;[56.639, 314.485, 538.415, 369.174];1;0;0
atto_31;opendataloader;json;14;PRESO_ATTO;PRESO_ATTO_3;ISTRUTTORIA;1;PRESO ATTO che ai sensi dell'art.49 del D.Lgs n.267/2000, come da allegato prospetto, sono stati espressi i pareri attestanti la regolarità tecnica e contabile.;6;6;[56.639, 273.085, 538.535, 307.014];1;1;1
atto_31;opendataloader;json;15;DISPOSITIVO_DELIBERA;DISPOSITIVO_DELIBERA;DISPOSITIVO_DELIBERA;0;DELIBERA;6;6;[266.159, 190.285, 328.943, 203.574];1;0;0
atto_32;opendataloader;json;1;PREMESSO;PREMESSO_1;NARRATIVA_PREMESSA;1;"PREMESSO che tra gli obiettivi strategici dell'Amministrazione Comunale vi è quello di incentivare ogni iniziativa/attività tesa alla promozione e alla valorizzazione del territorio, favorendo la crescita sociale e culturale della comunità locale, nella convinzione che le attività artistiche, culturali e musicali abbiano, oltre che una marcata valenza di attrazione turistico-culturale, anche una forte valenza sul piano dello sviluppo socio-economico;";2;2;[42.55, 543.866, 552.802, 612.351];1;0;0
atto_32;opendataloader;json;2;CONSIDERATO;CONSIDERATO_1;MOTIVAZIONE;1;"CONSIDERATO che con nota ACQUISITA al protocollo generale dell'Ente in DATA 01/04/2026 prot. n. 24080 l'Associazione Culturale Musica Cultura e Territorio ha chiesto a questa Amministrazione un contributo economico di Euro 2.000,00 a parziale copertura delle spese occorrenti per la realizzazione della terza edizione del ""Musica Italia Grand Prize"", in programma a Campobasso dal 13 al 19 Aprile 2026, da destinare a n. 2 borse di studio da assegnare nella sezione ""Grand Prize"";";2;2;[42.55, 461.072, 552.802, 529.557];1;0;0
atto_32;opendataloader;json;3;VISTO;VISTO_1;PREAMBOLO_RIFERIMENTI;1;"VISTO il preventivo spese relativo alla realizzazione della predetta iniziativa, pari all'importo di euro 50.000,00, di cui alla suindicata nota prot. n. 24080;";2;2;[42.55, 419.675, 552.802, 446.763];1;0;1
atto_32;opendataloader;json;4;DATO_ATTO;DATO_ATTO_1;ISTRUTTORIA;1;"DATO ATTO che il ""Musica Italia Grand Prize"" è un concorso internazionale di esecuzione musicale, aperto alla partecipazione di musicisti di tutte le età e nazionalità e a concorrenti di tutte le formazioni fino a un massimo di 6 elementi;";2;2;[42.55, 364.479, 552.802, 405.366];1;0;0
atto_32;opendataloader;json;5;CONSIDERATO;CONSIDERATO_2;MOTIVAZIONE;1;"CONSIDERATO che la manifestazione è volta a dare un forte impulso alla crescita tecnica, artistica e professionale sia dei giovani talent che dei musicisti professionisti della musica classica, in cerca di nuove possibilità e di nuovi circuiti in cui accreditarsi, aumentando l'ampiezza del loro network professionale;";2;2;[42.55, 309.283, 552.79, 350.17];1;1;0
atto_32;opendataloader;json;6;TENUTO_CONTO;TENUTO_CONTO_1;ISTRUTTORIA_MOTIVAZIONE;1;"TENUTO CONTO che ""Perfezione tecnica, qualità interpretative, capacità di fraseggio, presenza scenica, comunicativa, empatia, abilità nel concepire programmi musicali interessanti"" sono le qualità principali su cui si baseranno le valutazioni tecniche delle prestigiose Giurie del Musica Italia;";2;2;[42.55, 254.087, 552.802, 294.974];1;0;1
atto_32;opendataloader;json;7;PRESO_ATTO;PRESO_ATTO_1;ISTRUTTORIA;1;"PRESO ATTO che il concorso si avvale del partenariato della Regione Molise, del Conservatorio Statale di Musica ""L. Perosi"", del Convitto Nazionale ""M. Pagano"" e di sponsor privati;";2;2;[42.55, 212.69, 552.802, 239.778];1;0;0
atto_32;opendataloader;json;8;DATO_ATTO;DATO_ATTO_2;ISTRUTTORIA;1;"DATO ATTO della rilevanza culturale e artistica dell'iniziativa in questione avente anche una funzione di promozione del territorio;";2;2;[42.55, 171.293, 552.802, 198.381];1;1;0
atto_32;opendataloader;json;9;CONSIDERATO;CONSIDERATO_3;MOTIVAZIONE;1;"CONSIDERATO che l'art. 5, lett. b), del Regolamento comunale per la concessione di sovvenzioni, contributi e attribuzioni di vantaggi economici consente l'intervento finanziario del Comune ""per l'effettuazione di manifestazioni, iniziative e progetti di interesse diretto del Comune o comunque relative alla cittadinanza del Capoluogo"";";2;2;[42.55, 102.298, 552.802, 156.984];1;1;0
atto_32;opendataloader;json;10;VISTO;VISTO_2;PREAMBOLO_RIFERIMENTI;1;"VISTO l'art. 5, lett. e), del precitato Regolamento comunale, modificato con DELIBERA di C.C. n. 51 del 9/10/2003, che prevede che l'intervento del Comune per le concessioni di cui alla suddetta lett. b) ""può riguardare massimo il 30% della spesa preventivata per la manifestazione, l'iniziativa o il progetto"" e che ""il contributo non può in ogni caso essere superiore alla differenza tra le spese sostenute ed i ricavi conseguiti"";";2;3;[42.55, 60.901, 552.79, 87.989];2;1;1
atto_32;opendataloader;json;11;RITENUTO;RITENUTO_1;MOTIVAZIONE_VALUTAZIONE;1;"RITENUTO che tale iniziativa rientra nelle finalità istituzionali dell'Ente in quanto mira a conseguire l'interesse della collettività cittadina, conformemente all'art. 1, n. 5, dello Statuto Comunale, ai sensi del quale il Comune si impegna a promuovere e sviluppare la cultura come fattore di identità cittadina e regionale molisana ed è perfettamente coerente con gli scopi che si propone di realizzare l'Assessorato alla Cultura;";3;3;[42.55, 675.259, 559.942, 743.744];1;0;0
atto_32;opendataloader;json;12;RITENUTO;RITENUTO_2;MOTIVAZIONE_VALUTAZIONE;1;"RITENUTO, altresì, che la partecipazione dell'Ente alla realizzazione di iniziative culturali di particolare rilievo artistico e mediatico rappresenta un efficace strumento di promozione dell'immagine della città e di sostegno alle attività culturali del territorio;";3;3;[42.55, 620.063, 559.954, 660.95];1;0;0
atto_32;opendataloader;json;13;RITENUTO;RITENUTO_3;MOTIVAZIONE_VALUTAZIONE;1;"RITENUTO, in considerazione della rilevanza di detta iniziativa, di prevedere un contributo di euro 2.000,00 per la realizzazione della terza edizione del ""Musica Italia Grand Prize"", in programma a Campobasso dal 13 al 19 Aprile 2026, a cura dell'Associazione Culturale Musica Cultura e Territorio;";3;3;[42.55, 564.867, 552.802, 605.754];1;0;0
atto_32;opendataloader;json;14;RITENUTO;RITENUTO_4;MOTIVAZIONE_VALUTAZIONE;1;"RITENUTO, inoltre, di demandare al Responsabile del Servizio l'assunzione dell'impegno di spesa di euro 2.000,00 sul Capitolo 4660 - Bilancio 2026 - ""Contributi ad Enti Teatrali Istituti ed Associazioni per Finalità Culturali e Musicali"";";3;3;[42.55, 509.671, 552.79, 550.558];1;0;0
atto_32;opendataloader;json;15;RITENUTO;RITENUTO_5;MOTIVAZIONE_VALUTAZIONE;1;"RITENUTO, poi, di erogare la predetta somma a iniziativa avvenuta e previa presentazione della rendicontazione delle spese sostenute;";3;3;[42.55, 468.274, 552.802, 495.362];1;0;0
atto_32;opendataloader;json;16;VALUTATO;VALUTATO_1;MOTIVAZIONE_VALUTAZIONE;1;"VALUTATI gli aspetti sostanziali della presente deliberazione, il Dirigente del Settore competente a rilasciare il parere di regolarità tecnica ai sensi dell'art. 49, comma 1, del D. Lgs. n.267/00, dichiara che la stessa comporta riflessi diretti sul bilancio e sulla situazione economica e finanziaria dell'Ente;";3;3;[42.55, 413.078, 552.802, 453.965];1;0;1
atto_32;opendataloader;json;17;VISTI_PARERI;VISTI_PARERI_1;PARERI_ATTESTAZIONI;0;"VISTI i pareri favorevoli di regolarità tecnica e contabile resi ai sensi dell'art. 49 del D.Lgs. 267/2000; VISTO il vigente Statuto comunale; VISTO il D.Lgs. n. 267/2000 e s.m.i.;";3;3;[42.55, 330.284, 529.39, 398.769];1;0;1
atto_32;opendataloader;json;18;VISTO;VISTO_3;PREAMBOLO_RIFERIMENTI;1;"VISTA la Deliberazione di Giunta Comunale n. 105 del 13/04/2022 avente ad oggetto: ""Svolgimento delle sedute di Giunta Comunale in audioconferenza, videoconferenza e/o teleconferenza. Aggiornamento linee guida approvate con DELIBERA di Giunta Comunale n. 59 del 09/03/2020"".";3;3;[42.55, 276.238, 549.946, 317.125];1;1;0
atto_32;opendataloader;json;19;DISPOSITIVO_DELIBERA;DISPOSITIVO_DELIBERA;DISPOSITIVO_DELIBERA;0;DELIBERA;3;3;[264.908, 221.042, 327.584, 234.331];1;0;0
atto_33;opendataloader;json;1;VISTO;VISTO_1;PREAMBOLO_RIFERIMENTI;1;"VISTO l'art. 97 del D. Lgs. n. 267 del 18.8.2000 il quale prevede che il comune abbia un Segretario Comunale titolare dipendente dall'Agenzia autonoma per la gestione dell'Albo dei segretari comunali e provinciali;";2;2;[42.55, 599.361, 552.796, 640.218];1;0;0
atto_33;opendataloader;json;2;RILEVATO;RILEVATO_1;ISTRUTTORIA_MOTIVAZIONE;1;"RILEVATO che nei giorni 8 e 9 giugno 2024 si sono TENUTE le elezioni amministrative per il rinnovo del Sindaco e del Consiglio Comunale;";2;2;[42.55, 361.921, 552.785, 387.938];1;0;0
atto_33;opendataloader;json;3;RILEVATO;RILEVATO_2;ISTRUTTORIA_MOTIVAZIONE;1;"RILEVATO che con verbale dell'Ufficio Centrale per l'Elezione del 25.6.2024 è stata proclamata eletta alla carica di Sindaco la Dott.ssa Marialuisa Forte;";2;2;[42.55, 317.401, 552.796, 343.418];1;0;0
atto_33;opendataloader;json;4;PRESO_ATTO;PRESO_ATTO_1;ISTRUTTORIA;1;PRESO ATTO CHE:;2;2;[42.55, 287.721, 140.285, 298.898];1;0;1
atto_33;opendataloader;json;5;VISTO;VISTO_2;PREAMBOLO_RIFERIMENTI;1;"VISTA la DELIBERA di G.C. n. 246 del 17.10.2024 con cui sono stati approvati i Criteri di graduazione della retribuzione di posizione del Segretario Comunale (all. 1), elaborati ai sensi dell'art. 60 co. 2 del C.C.N.L. del 16.07.2024 in coerenza con la macrostruttura vigente all'epoca, dopo l'informativa alle OO.SS., con nota prot. 73867 del 09.10.2024, dello schema dei relativi Criteri senza che dalle stesse OO.SS. fosse stato richiesto il confronto;";3;3;[42.55, 680.896, 552.796, 751.433];1;1;1
atto_33;opendataloader;json;6;DATO_ATTO;DATO_ATTO_1;ISTRUTTORIA;1;"DATO ATTO che con la stessa D.G.C. n. 246/2024 si procedeva ad approvare la graduazione della retribuzione di posizione del Segretario Comunale come riportato nell'allegato 2, costituente parte integrante e sostanziale della stessa deliberazione, da cui si desume che alla posizione in questione era attribuita la retribuzione annua massima di € 53.665,99, in continuità con la posizione retributiva del precedente Segretario Generale;";3;3;[42.55, 591.856, 552.796, 662.393];1;0;0
atto_33;opendataloader;json;7;VISTO;VISTO_3;PREAMBOLO_RIFERIMENTI;1;VISTO il Contratto Collettivo Nazionale di Lavoro dell'Area Funzioni Locali per il triennio 2022-2024, sottoscritto in DATA 23.02.2026, con particolare riferimento agli articoli dal 34 al 40 i quali disciplinano il rapporto di lavoro dei Segretari comunali.;3;3;[42.55, 532.496, 552.796, 573.353];1;1;1
atto_33;opendataloader;json;8;VISTO;VISTO_4;PREAMBOLO_RIFERIMENTI;1;VISTO l'art. 38, comma 5, il quale dispone che gli enti assicurano, altresì, che nel complessivo rispetto dell'art. 23 comma 2 del D. Lgs. 75/2017 la retribuzione di posizione non sia inferiore a quella STABILITA nell'Ente per l'incarico dirigenziale più elevato in essere o, in assenza di dirigenti, a quella più elevata, STABILITA nell'Ente, per il personale con incarico di elevata qualificazione.;3;3;[42.55, 146.656, 552.796, 202.353];1;0;0
atto_33;opendataloader;json;9;VISTO;VISTO_5;PREAMBOLO_RIFERIMENTI;1;"VISTO, altresì, l'art. 39 comma 2 -ter del CCNL del 23.02.2026 recante: ""La soglia massima di cui al comma 2 è elevata al 20%, fermi restando i limiti della propria capacità di spesa ed il rispetto dell'art. 23, comma 2 del D. Lgs. n. 75/2017, per i casi di seguito indicati limitatamente al periodo di svolgimento delle relative funzioni: 1. segretari di enti con dirigenza di cui all'art. 38, commi 3 e 3-bis""; (omissis)";3;3;[42.55, 87.296, 552.796, 128.153];2;0;0
atto_33;opendataloader;json;10;CONSIDERATO;CONSIDERATO_1;MOTIVAZIONE;1;"CONSIDERATO che in conseguenza della sottoscrizione del C.C.N.L. del 23.02.2026 si è reso necessario disciplinare in maniera organica anche il sistema di graduazione della posizione del Segretario Generale e attribuzione della relativa retribuzione;";4;4;[42.55, 740.256, 552.785, 781.113];1;0;0
atto_33;opendataloader;json;11;VISTO;VISTO_6;PREAMBOLO_RIFERIMENTI;1;"VISTA la nota prot. n. 22052 del 24.03.2026 con la quale questa Amministrazione Comunale ha trasmesso alle Organizzazioni Sindacali, ai fini del confronto di cui all'art. 5 e all'art. 20, comma 1, lettera a) del CCNL del 23.02.2026, la bozza del Regolamento per il sistema di graduazione delle Posizioni Dirigenziali e della Posizione del Segretario Generale contenente, tra l'altro, i Criteri di graduazione della posizione del Segretario Generale e relativa retribuzione, come disciplinati negli artt. 6, 7 e 8;";4;4;[42.55, 651.216, 552.796, 721.753];1;1;1
atto_33;opendataloader;json;12;VISTO;VISTO_7;PREAMBOLO_RIFERIMENTI;1;"VISTO l'art. 5, comma 2, del CCNL del 23.02.2026 il quale dispone che: ""il confronto si avvia mediante l'invio ai soggetti sindacali degli elementi conoscitivi sulle misure da adottare, con le modalità previste per la informazione. A seguito della trasmissione delle informazioni, amministrazione e soggetti sindacali si incontrano se, entro 5 giorni lavorativi dall'informazione, il confronto è richiesto da questi ultimi anche singolarmente; l'incontro, se richiesto, deve comunque avvenire non oltre 10 giorni lavorativi dalla richiesta. ..."".";4;4;[42.55, 562.176, 552.796, 632.713];1;0;0
atto_33;opendataloader;json;13;DATO_ATTO;DATO_ATTO_2;ISTRUTTORIA;1;"DATO ATTO che, decorsi cinque giorni lavorativi dall'informativa, non sono pervenute né osservazioni né è stato richiesto il confronto, e, pertanto, la G.C. con deliberazione n. 78 del 01.04.2026 ha approvato il Regolamento per il sistema di graduazione delle Posizioni Dirigenziali e della Posizione del Segretario Generale, in sostituzione delle precedenti regolamentazioni;";4;4;[42.55, 487.976, 552.796, 543.673];1;1;0
atto_33;opendataloader;json;14;VISTO;VISTO_8;PREAMBOLO_RIFERIMENTI;1;"VISTA la DELIBERA di Giunta Comunale n. 68 del 27.03.2026, di modifica della macrostruttura organizzativa dell'Ente in vigore dal 01.04.2026;";4;4;[42.55, 443.456, 552.796, 469.473];1;1;1
atto_33;opendataloader;json;15;RITENUTO;RITENUTO_1;MOTIVAZIONE_VALUTAZIONE;1;"RITENUTO, alla luce: di dover procedere alla nuova graduazione della retribuzione di posizione del Segretario comunale sulla base dei nuovi Criteri;";4;4;[42.55, 413.776, 148.535, 424.953];2;0;0
atto_33;opendataloader;json;16;VISTO;VISTO_9;PREAMBOLO_RIFERIMENTI;1;"VISTO l'art. 9 del nuovo Regolamento per il sistema di graduazione delle Posizioni Dirigenziali e della Posizione del Segretario Generale che affida al Nucleo Indipendente di Valutazione (NIV) l'applicazione della metodologia di valutazione con relativa proposta di graduazione della posizione del Segretario Generale, di cui la Giunta Comunale prende ATTO con apposito ATTO deliberativo;";4;4;[42.55, 250.536, 552.796, 306.233];1;1;1
atto_33;opendataloader;json;17;VISTO;VISTO_10;PREAMBOLO_RIFERIMENTI;1;"VISTO il Verbale n. 5 del 09.04.2026 (All.1) del Nucleo Indipendente di Valutazione, in composizione ridotta, con il quale viene effettuata la proposta di graduazione della posizione del Segretario generale con punteggio pari a 99, secondo i parametri di cui allo schema riportato all'art. 6 del Regolamento per il sistema di graduazione delle Posizioni Dirigenziali e della Posizione del Segretario Generale approvato con D.G.C. n. 78 del 01.04.2026;";4;4;[42.55, 161.496, 552.796, 232.033];1;0;0
atto_33;opendataloader;json;18;CONSIDERATO;CONSIDERATO_2;MOTIVAZIONE;1;"CONSIDERATO che il NIV, nel citato Verbale, prende ATTO dell'errore materiale nel calcolo del totale generale riportato nella tabella relativa ai parametri di graduazione della posizione di Segretario Generale (art. 6 del Regolamento), ove è indicato un punteggio complessivo pari a 100 anziché 103, precisando che il punteggio conseguito non incide sul procedimento di pesatura, ATTESO che lo stesso punteggio rientra comunque nell'ultima fascia di retribuzione di posizione prevista dal Regolamento (punteggio > 76);";4;4;[42.55, 57.616, 552.8, 142.993];1;1;0
atto_33;opendataloader;json;19;PRESO_ATTO;PRESO_ATTO_2;ISTRUTTORIA;1;"PRESO ATTO, altresì, che con il succitato Verbale n. 5 del 09.04.2026 del NIV viene proposto di riconoscere alla posizione del Segretario Generale di Campobasso oltre al punteggio pari a 99 anche il Fattore Plus, di cui all'art. 8 del citato Regolamento, nella misura del 15% ""in ragione della rilevante complessità dell'incarico, connessa alle funzioni di coordinamento generale dell'Ente, di sovrintendenza e impulso dell'attività dirigenziale, nonché di assistenza giuridico-amministrativa agli organi istituzionali e di garanzia della legittimità dell'azione amministrativa. La suddetta valutazione tiene altresì CONTO del ruolo strategico del Comune di Campobasso quale capoluogo di Regione ed ente capofila dell'ATS Medio Molise, ai sensi dell'art. 38, comma 3, del CCNL Area Funzioni Locali, nonché della responsabilità di direzione di settori di particolare rilievo"";";5;5;[42.55, 666.056, 552.807, 781.113];1;1;1
atto_33;opendataloader;json;20;RITENUTO;RITENUTO_2;MOTIVAZIONE_VALUTAZIONE;1;"RITENUTO di dover procedere alla determinazione della retribuzione di posizione in godimento al Segretario comunale nella misura annua lorda per tredici mensilità di € 65.169,34, a decorrere dal 01.04.2026, DATA di entrata in vigore della nuova Macrostruttura, in ragione dell'attribuzione da parte del NIV del punteggio pari a 99 e del Fattore Plus del 15%, in ordine alla graduazione della posizione del Segretario Generale del Comune di Campobasso, come riportato nell'All.2, facente parte integrante e sostanziale del presente ATTO;";5;5;[42.55, 562.176, 552.796, 647.553];1;1;0
atto_33;opendataloader;json;21;RITENUTO;RITENUTO_3;MOTIVAZIONE_VALUTAZIONE;1;"RITENUTO, altresì, di riconoscere ai sensi dell'art. 39 comma 2-ter del CCNL firmato il 23.02.3026 alla posizione del Segretario generale una retribuzione di risultato, correlata alla valutazione della performance, la quale dovrà tenere CONTO anche delle funzioni aggiuntive conferite, per un importo pari al 20% del monte salari erogato al Segretario Generale nell'anno a cui è riferita la valutazione, a carico del bilancio comunale e nei limiti della capacità di spesa dell'Ente e nel rispetto dell'art. 23, comma 2 del D. Lgs. n. 75/2017;";5;5;[42.55, 458.296, 552.796, 543.673];1;0;0
atto_33;opendataloader;json;22;VISTO;VISTO_11;PREAMBOLO_RIFERIMENTI;1;"VISTA la Deliberazione di Giunta comunale n. 97 del 29/04/2026 di Variazione al Piano Esecutivo di Gestione 2026/2028, ai sensi dell'art. 175 co. 5 bis del D.Lgs. 267/2000;";5;5;[42.55, 413.776, 552.796, 439.793];1;1;1
atto_33;opendataloader;json;23;RITENUTO;RITENUTO_4;MOTIVAZIONE_VALUTAZIONE;1;"RITENUTO opportuno individuare quale Dirigente firmatario del presente provvedimento il Vice Segretario Generale, dott. Nicola Sardella, in quanto - per ragioni di incompatibilità - il Segretario generale dell'Ente risulta direttamente interessato dal presente provvedimento;";5;5;[42.55, 354.416, 552.796, 395.273];1;1;0
atto_33;opendataloader;json;24;VALUTATO;VALUTATO_1;MOTIVAZIONE_VALUTAZIONE;1;"VALUTATI gli aspetti sostanziali della presente deliberazione il Dirigente del Settore competente a rilasciare il parere di regolarità tecnica ai sensi dell'art.49, comma 1, del D.Lgs. n.267/00, dichiara che la stessa comporta riflessi diretti sul bilancio e sulla situazione economica e finanziaria dell'Ente;";5;5;[42.55, 295.056, 552.796, 335.913];1;0;1
atto_33;opendataloader;json;25;VISTI_PARERI;VISTI_PARERI_1;PARERI_ATTESTAZIONI;0;"VISTI i pareri in ordine alla regolarità tecnica e contabile espressi ai sensi dell'articolo 49 del D.Lgs. n. 267/2000;";5;5;[42.55, 250.536, 552.785, 276.553];1;0;1
atto_33;opendataloader;json;26;VISTO;VISTO_12;PREAMBOLO_RIFERIMENTI;1;"VISTA la DELIBERA di Giunta Comunale n. 59 del 09.03.2020 avente ad oggetto: ""SVOLGIMENTO DELLE SEDUTE DI GIUNTA COMUNALE IN AUDIO CONFERENZA VIDEOCONFERENZA E/O TELECONFERENZA. APPROVAZIONE DI LINEE GUIDA"";";5;5;[42.55, 191.176, 552.796, 232.033];1;1;0
atto_33;opendataloader;json;27;DISPOSITIVO_DELIBERA;DISPOSITIVO_DELIBERA;DISPOSITIVO_DELIBERA;0;DELIBERA;5;5;[269.127, 131.816, 326.228, 142.993];1;0;0
atto_34;opendataloader;json;1;PREMESSO;PREMESSO_1;NARRATIVA_PREMESSA;1;PREMESSO;2;2;[42.55, 599.062, 91.198, 612.351];1;0;0
atto_34;opendataloader;json;2;RITENUTO;RITENUTO_1;MOTIVAZIONE_VALUTAZIONE;1;RITENUTO:;2;2;[42.55, 249.156, 91.21, 262.445];1;0;0
atto_34;opendataloader;json;3;VALUTATO;VALUTATO_1;MOTIVAZIONE_VALUTAZIONE;1;"VALUTATI gli aspetti sostanziali della presente deliberazione, il Dirigente del Settore competente a rilasciare il parere di regolarità tecnica ai sensi dell'art. 49, comma 1, del D.Lgs. n. 267/00, dichiara che la stessa comporta riflessi diretti sul bilancio e sulla situazione economica e finanziaria dell'Ente;";3;3;[60.4, 660.702, 552.784, 701.567];1;0;1
atto_34;opendataloader;json;4;VISTI_PARERI;VISTI_PARERI_1;PARERI_ATTESTAZIONI;0;"VISTI i pareri favorevoli in ordine alla regolarità tecnica e contabile espressi ai sensi dell'articolo 49 del D. Lgs. 267/2000;";3;3;[60.4, 619.338, 552.784, 646.415];1;0;1
atto_34;opendataloader;json;5;VISTO;VISTO_1;PREAMBOLO_RIFERIMENTI;1;"VISTA la Deliberazione di Giunta Comunale n. 105 del 13/04/2022 avente ad oggetto: ""Svolgimento delle sedute di Giunta Comunale in audioconferenza, videoconferenza e/o teleconferenza. Aggiornamento linee guida approvate con DELIBERA di Giunta Comunale n. 59 del 09/03/2020"";";3;3;[60.4, 564.186, 552.784, 605.051];1;0;0
atto_34;opendataloader;json;6;DISPOSITIVO_DELIBERA;DISPOSITIVO_DELIBERA;DISPOSITIVO_DELIBERA;0;DELIBERA;3;3;[60.4, 509.034, 340.336, 549.899];1;0;0
atto_35;opendataloader;json;1;PREMESSO;PREMESSO_1;NARRATIVA_PREMESSA;1;PREMESSO che:;2;2;[42.55, 579.228, 115.522, 592.517];1;0;0
atto_35;opendataloader;json;2;ACQUISITI_PARERI;ACQUISITI_PARERI_1;PARERI_ATTESTAZIONI;0;"ACQUISITI i pareri favorevoli in ordine alla regolarità tecnica e contabile espressi ai sensi dell'articolo 49 del D. Lgs. 267/2000;";3;3;[42.55, 674.575, 552.79, 703.732];1;0;0
atto_35;opendataloader;json;3;VISTO;VISTO_1;PREAMBOLO_RIFERIMENTI;1;"VISTO il vigente Statuto comunale;";3;3;[42.55, 642.839, 207.19, 656.128];1;0;1
atto_35;opendataloader;json;4;VISTO;VISTO_2;PREAMBOLO_RIFERIMENTI;1;"VISTO il decreto legislativo n. 267/2000 e s.m.i.;";3;3;[42.55, 611.103, 271.522, 624.392];1;0;0
atto_35;opendataloader;json;5;VISTO;VISTO_3;PREAMBOLO_RIFERIMENTI;1;"VISTA la Deliberazione di Giunta Comunale n. 105 del 13/04/2022 avente ad oggetto: ""Svolgimento delle sedute di Giunta Comunale in audioconferenza, videoconferenza e/o teleconferenza. Aggiornamento linee guida approvate con DELIBERA di Giunta Comunale n. 59 del 09/03/2020""";3;3;[42.55, 531.713, 552.802, 592.656];1;0;0
atto_35;opendataloader;json;6;DISPOSITIVO_DELIBERA;DISPOSITIVO_DELIBERA;DISPOSITIVO_DELIBERA;0;DELIBERA;3;3;[267.683, 499.877, 329.663, 513.166];1;0;0
atto_36;opendataloader;json;1;UDITO;UDITO_1;ISTRUTTORIA;1;"UDITA la relazione del Sindaco Alessandro Tomasi in merito all'argomento in oggetto; """"VISTO il ""programma di mandato"" approvato con deliberazione di Consiglio Comunale n. 68 del 14.07.2017 che prevede una vera e propria partecipazione di tutta la città all'organizzazione e alla diffusione del programma degli eventi per la crescita del turismo;";2;2;[56.64, 673.225, 538.691, 698.211];2;0;0
atto_36;opendataloader;json;2;VISTO;VISTO_1;PREAMBOLO_RIFERIMENTI;1;"VISTO che nello stesso programma di mandato è specificatamente indicata la necessità di coordinamento tra tutti i soggetti proprietari dei beni architettonici e monumentali (Diocesi, Soprintendenza, Comune di Pistoia) affinchè si possano organizzare le aperture anche attraverso l'aiuto delle tante associazioni culturali della città;";2;2;[56.64, 536.155, 538.569, 598.491];1;0;1
atto_36;opendataloader;json;3;VISTO;VISTO_2;PREAMBOLO_RIFERIMENTI;1;"VISTA la lettera del Vescovo di Pistoia, il quale, tramite il suo portavoce e la Fondazione San ATTO, porta a conoscenza del Comune che ha intenzione di ristrutturare l'apertura delle chiese cittadine, tramite un progtto di apertura che sarà curato dalla Fondazione San ATTO e che prevede tra l'altro l'addestramento di personale ad hoc formato;";2;2;[56.64, 461.395, 538.748, 523.701];1;0;0
atto_36;opendataloader;json;4;CONSIDERATO;CONSIDERATO_1;MOTIVAZIONE;1;"CONSIDERATO tuttavia, continua la lettera di S.E. Mons. Vescovo, tale progetto avrà concreta attuazione nel prossimo 2020 e VISTO che per le festività natalizie si corre il rischio che la Chiesa di San Giovanni Fuorcivitas osservi una ridottissima apertura;";2;2;[56.64, 399.115, 538.45, 448.941];1;0;0
atto_36;opendataloader;json;5;CONSIDERATO;CONSIDERATO_2;MOTIVAZIONE;1;"CONSIDERATO altresì che il progetto ""Obiettivo Pistoia"" non copre l'apertura per le festività di questa importante Chiesa;";2;2;[56.64, 361.655, 538.391, 386.661];1;0;0
atto_36;opendataloader;json;6;CONSIDERATO;CONSIDERATO_3;MOTIVAZIONE;1;"CONSIDERATO l'affluenza dei turisti nella chiesa di San Giovanni Fuorcivitas, dove concorrono per ammirare l'opera di Della Robbia ""la visitazione"", la quale è tornata nella chiesa dopo il grande successo dell'esposizione nella chiesa di San Leone;";2;2;[56.64, 299.375, 538.56, 349.321];1;0;0
atto_36;opendataloader;json;7;CONSIDERATO;CONSIDERATO_4;MOTIVAZIONE;1;"CONSIDERATO che è interesse del Comune di Pistoia che la chiesa di San Giovanni Fuorcivitas, tra le più importanti chiese cittadine, osservi un orario di apertura fruibile da parte dei turisti; Pertanto al Comune di Pistoia è necessario attribuire un contributo di € 1.000,00 per l'apertura della Chiesa di San Giovanni Fuorcivitas nel periodo delle festività, con orario 11-17 dal 19 dicembre al 12 gennaio, ad integrazione dell'orario 9-18 che sarà osservato dalla Chiesa;";2;2;[56.64, 249.575, 538.547, 286.921];2;0;0
atto_36;opendataloader;json;8;PRECISATO;PRECISATO_1;ISTRUTTORIA_MOTIVAZIONE;1;"PRECISATO che il contributo sarà erogato alla Fondazione San ATTO per l'inclusione e la solidarietà ONLUS, Via Puccini 29, 51100 Pistoia, CF e P.IVA 01900090471;";2;2;[56.64, 137.345, 538.565, 174.811];1;0;0
atto_36;opendataloader;json;9;PRECISATO;PRECISATO_2;ISTRUTTORIA_MOTIVAZIONE;1;"PRECISATO altresì che sulla liquidazione dei contributi di cui sopra, non è prevista la RITENUTA d'acconto del 4% di cui all'art. 28 comma 2 del DPR 29 settembre 1973 n. 600 ""RITENUTA sui compensi per avviamento commerciale e sui contributi degli enti pubblici"" per assoluta mancanza di qualsiasi attività produttiva di reddito d'impresa;";2;2;[56.64, 62.589, 538.525, 124.891];1;0;0
atto_36;opendataloader;json;10;VISTO;VISTO_3;PREAMBOLO_RIFERIMENTI;1;"VISTO che con deliberazione del Consiglio Comunale n. 42 del 14.03.2019 è stato approvato il bilancio armonizzato di previsione finanziaria 2019/2021;";3;3;[56.64, 685.705, 538.613, 723.171];1;1;1
atto_36;opendataloader;json;11;VISTO;VISTO_4;PREAMBOLO_RIFERIMENTI;1;"VISTO che l'armonizzazione dei sistemi contabili e degli schemi di bilancio delle amministrazioni pubbliche costituisce il cardine irrinunciabile della riforma della contabilità pubblica (legge n. 196/2019) e della riforma federale prevista dalla legge n. 42/2009;";3;3;[56.64, 623.425, 538.713, 673.251];1;0;0
atto_36;opendataloader;json;12;DATO_ATTO;DATO_ATTO_1;ISTRUTTORIA;1;"DATO ATTO che per gli enti territoriali è stata attuata la delega del Governo del decreto legislativo 23 giugno 2011 n. 118 ""Disposizioni per l'armonizzazione dei sistemi contabili e degli schemi di bilancio delle Regioni, degli enti locali e dei loro organismi, a norma degli articoli 1 e 2 della legge 5 maggio 2009, n. 42"";";3;3;[56.64, 548.635, 538.464, 610.971];1;0;0
atto_36;opendataloader;json;13;TENUTO_CONTO;TENUTO_CONTO_1;ISTRUTTORIA_MOTIVAZIONE;1;"TENUTO CONTO del Decreto Legislativo 10 agosto 2014, n. 126, avente ad oggetto: ""Disposizioni integrative e correttive del D.Lgs. 118/2011"";";3;3;[56.64, 511.195, 538.492, 536.181];1;0;0
atto_36;opendataloader;json;14;VISTO;VISTO_5;PREAMBOLO_RIFERIMENTI;1;"VISTO che con deliberazione n. 106 adottata dalla Giunta Comunale nella seduta del 09.05.2019 è stato approvato il Piano Esecutivo di Gestione (PEG) relativo a questo centro di responsabilità nel quale è ricompreso il progetto di cui trattasi;";3;3;[56.64, 448.915, 538.713, 498.861];1;1;1
atto_36;opendataloader;json;15;ATTESO;ATTESO_1;MOTIVAZIONE;1;"ATTESO che il progetto persegue gli obiettivi strategici della valorizzazione di Pistoia città aperta e accessibile"""".";3;3;[56.64, 411.595, 538.724, 436.581];1;0;0
atto_36;opendataloader;json;16;VISTI_PARERI;VISTI_PARERI_1;PARERI_ATTESTAZIONI;0;"VISTO il parere di regolarità tecnica, RILASCIATO ai sensi dell'art. 49, 1° comma del D.Lgs. 267/2000, dal Dirigente del Servizio Cultura e Tradizioni, Turismo e Informatica, Dr. Giovanni Lozzi, contenente anche l'attestazione che al presente provvedimento non hanno PRESO parte soggetti in conflitto di interessi, anche potenziale, allegato all'originale della presente deliberazione;";3;3;[56.64, 324.335, 538.613, 399.141];1;0;1
atto_36;opendataloader;json;17;VISTI_PARERI;VISTI_PARERI_2;PARERI_ATTESTAZIONI;0;"VISTO il parere di regolarità contabile, RILASCIATO ai sensi dell'art. 49, 1° comma del D.Lgs. 267/2000, dal Responsabile del Servizio Finanziario e Controllo Aziende Partecipate, allegato all'originale della presente deliberazione;";3;3;[56.64, 262.055, 538.742, 311.881];1;0;0
atto_36;opendataloader;json;18;VISTO;VISTO_6;PREAMBOLO_RIFERIMENTI;1;"VISTO il D.Lgs. 267/2000; RITENUTO di dover provvedere in ordine a tutto quanto sopra; PRESO ATTO della proposta FORMULATA dal Dirigente competente; Ad unanimità di voti dei presenti e partecipanti alla votazione;";3;3;[92.064, 162.305, 514.488, 249.601];1;1;0
atto_36;opendataloader;json;19;DISPOSITIVO_DELIBERA;DISPOSITIVO_DELIBERA;DISPOSITIVO_DELIBERA;0;DELIBERA;3;3;[288.89, 137.345, 341.714, 149.851];1;0;0
atto_37;opendataloader;json;1;UDITO;UDITO_1;ISTRUTTORIA;1;"UDITA la relazione del Sindaco Alessandro Tomasi in merito all'argomento in oggetto; """"RICHIAMATE:";2;2;[56.64, 673.225, 538.691, 698.211];2;0;0
atto_37;opendataloader;json;2;RICHIAMATO;RICHIAMATO_1;PREAMBOLO_RIFERIMENTI;1;"RICHIAMATO a questo proposito l'art. 1 della L. 328/2000 che: . al comma 3 riconosce il ruolo centrale dei comuni per la programmazione integrata degli interventi e servizi sociali, secondo i principi di sussidiarietà, cooperazione, efficacia; . ai commi 4 e 5 riconosce e favorisce il coinvolgimento degli organismi, enti, associazioni di cittadini, confessioni religiose e altri soggetti sociali operanti sul territorio allo scopo di creare tale sistema;";2;2;[56.64, 374.155, 459.264, 386.661];3;0;1
atto_37;opendataloader;json;3;RICHIAMATO;RICHIAMATO_2;PREAMBOLO_RIFERIMENTI;1;"RICHIAMATA inoltre la L. R.T. n. 41/2005 in cui si ribadisce che il percorso di integrazione e partecipazione tra pubblico e privato è finalizzato a garantire il rispetto di tutti i cittadini di godere di pari diritti e garanzia di creazione di nuovi spazi procedurali nei quali vi sia tutela di tale diritto;";2;2;[56.64, 224.615, 538.641, 286.921];1;0;0
atto_37;opendataloader;json;4;VISTO;VISTO_1;PREAMBOLO_RIFERIMENTI;1;"VISTO il Programma di Mandato del Sindaco Alessandro Tomasi 2017-2022 con il quale si garantisce l'impegno dell'amministrazione a promuovere il welfare comunitario mettendo al centro la persona, la famiglia e all'attivazione di tutti gli strumenti in possesso dell'amministrazione per prevenire e tamponare le situazioni di difficoltà;";2;2;[56.64, 149.825, 538.735, 212.161];1;0;0
atto_37;opendataloader;json;5;RICHIAMATO;RICHIAMATO_3;PREAMBOLO_RIFERIMENTI;1;RICHIAMATA la DELIBERA della Giunta Comunale n. 324 del 12 dicembre 2018, con la quale:;2;2;[56.64, 112.385, 538.484, 137.371];1;1;1
atto_37;opendataloader;json;6;CONSIDERATO;CONSIDERATO_1;MOTIVAZIONE;1;"CONSIDERATA inoltre la collaborazione con la Fondazione MAIC come la naturale prosecuzione del proprio ruolo istituzionale al fine di mantenere e rafforzare i servizi di sostegno alla disabilità e al trasporto sociale che favorisce la piena realizzazione degli interventi; TENUTO CONTO dell'elevato numero di utenti disabili che frequentano il centro di riabilitazione della Fondazione MAIC (circa 300 minorenni);";3;3;[56.64, 399.115, 538.547, 473.901];1;0;0
atto_37;opendataloader;json;7;CONSIDERATO;CONSIDERATO_2;MOTIVAZIONE;1;"CONSIDERATO che, in virtù della valenza quadriennale del progetto, è stata presentata la richiesta di un contributo dalla Fondazione MAiC al Servizio Personale e Politiche di Inclusione Sociale fino ad un massimo di € 40.000,00, a parziale copertura delle spese sostenute per il servizio di PRESA in carico globale di minorenni in condizioni di disabilità e con particolari situazioni familiari, come da progetto con valenza quadriennale (2018-2021) presentato dalla Fondazione MAIC lo scorso anno;";3;3;[56.64, 286.895, 538.709, 386.661];1;0;0
atto_37;opendataloader;json;8;RITENUTO;RITENUTO_1;MOTIVAZIONE_VALUTAZIONE;1;"RITENUTO opportuno prevedere un contributo per il corrente anno 2019 fino ad un massimo di € 40.000,00, prescrivendo che la Fondazione MAIC, in ossequio al principio di trasparenza, menzioni tale contributo del Comune di Pistoia in ogni operazione di pubblicizzazione delle attività corrispondenti;";3;3;[56.64, 212.135, 538.659, 274.561];1;0;0
atto_37;opendataloader;json;9;EVIDENZIATO;EVIDENZIATO_1;MOTIVAZIONE;1;"EVIDENZIATO che all'emanazione del presente provvedimento, sia in fase istruttoria che in fase decisionale, non hanno PRESO parte soggetti in conflitto di interessi, anche potenziali, ai sensi del D.P.R. 62/2013 nonché di quanto STABILITO dal Piano triennale di prevenzione della corruzione contenente il Piano per la trasparenza 2019-21, approvato con la DELIBERA di Giunta Comunale n. 136 del 03/06/2019"""".";3;3;[56.64, 124.865, 538.757, 199.801];1;0;1
atto_37;opendataloader;json;10;VISTI_PARERI;VISTI_PARERI_1;PARERI_ATTESTAZIONI;0;"VISTO il parere di regolarità tecnica, RILASCIATO ai sensi dell'art. 49, 1° comma del D.Lgs. 267/2000, dal Dirigente del Servizio Personale e Politiche di Inclusione Sociale, Dr.ssa Chiara Pierotti, contenente anche l'attestazione che al presente procedimento non hanno PRESO parte soggetti in conflitto di interesse, anche potenziale, ai sensi del DPR 62/2013, allegato all'originale della presente deliberazione;";3;4;[56.64, 62.589, 538.613, 112.531];2;0;1
atto_37;opendataloader;json;11;VISTI_PARERI;VISTI_PARERI_2;PARERI_ATTESTAZIONI;0;"VISTO il parere di regolarità contabile, RILASCIATO ai sensi dell'art. 49, 1° comma del D.Lgs. 267/2000, dal Responsabile del Servizio Finanziario e Controllo Aziende Partecipate, allegato all'originale della presente deliberazione;";4;4;[56.64, 635.905, 538.742, 685.731];1;0;0
atto_37;opendataloader;json;12;VISTO;VISTO_2;PREAMBOLO_RIFERIMENTI;1;"VISTO il D.Lgs. 267/2000; RITENUTO di dover provvedere in ordine a tutto quanto sopra; PRESO ATTO della proposta FORMULATA dal Dirigente competente; Ad unanimità di voti dei presenti e partecipanti alla votazione;";4;4;[92.064, 536.155, 514.488, 623.451];1;1;0
atto_37;opendataloader;json;13;DISPOSITIVO_DELIBERA;DISPOSITIVO_DELIBERA;DISPOSITIVO_DELIBERA;0;DELIBERA;4;4;[288.89, 511.195, 341.714, 523.701];1;0;0
atto_38;opendataloader;json;1;FORMULATO;FORMULATO_1;ISTRUTTORIA;1;"FORMULATA dal Segretario comunale - giusta proposta sull'argomento <<Regolamento comunale per il rilascio di autorizzazioni ai dipendenti per lo svolgimento di incarichi esterni>>, nei termini di seguito riportati: <<PREMESSO: CHE l'art. 53 del D.Lgs. 30 marzo 2001 n. 165 disciplina il regime delle incompatibilità, del cumulo di impieghi e degli incarichi dei dipendenti delle Pubbliche Amministrazioni; CHE la normativa citata prevede che i dipendenti pubblici non possano svolgere incarichi retribuiti non compresi nei compiti e doveri d'ufficio senza preventiva autorizzazione dell'Amministrazione di appartenenza; CHE la medesima disposizione stabilisce che le Amministrazioni Pubbliche definiscano criteri e modalità per il rilascio delle autorizzazioni allo svolgimento di incarichi esterni;";2;2;[56.7, 725.856, 521.652, 766.743];5;0;0
atto_38;opendataloader;json;2;RILEVATO;RILEVATO_1;ISTRUTTORIA_MOTIVAZIONE;1;"RILEVATA l'opportunità di disciplinare in modo organico ed uniforme la materia delle autorizzazioni allo svolgimento di incarichi esterni da parte dei dipendenti del Comune di Jelsi;";2;2;[56.7, 587.866, 521.652, 614.954];1;0;0
atto_38;opendataloader;json;3;PRECISATO;PRECISATO_1;ISTRUTTORIA_MOTIVAZIONE;1;PRECISATO che trattasi di disciplina finalizzata a:;2;2;[92.7, 574.067, 339.972, 587.356];1;0;0
atto_38;opendataloader;json;4;PREDISPOSTO;PREDISPOSTO_1;ISTRUTTORIA;1;"PREDISPOSTO - unitamente agli allegati A, B e C - nella formulazione in allegato, che costituisce parte integrante e sostanziale del presente provvedimento - giusto schema di <<regolamento comunale per il rilascio di autorizzazioni ai dipendenti per lo svolgimento di incarichi esterni>>, composto di n. 17 articoli;";2;2;[56.7, 463.675, 521.652, 518.361];1;0;1
atto_38;opendataloader;json;5;VISTO;VISTO_1;PREAMBOLO_RIFERIMENTI;1;"VISTI: RILASCIANDO - ai sensi e per gli effetti di cui all'art. 49 del TUEL n. 267/2000 parere favorevole in ordine alla regolarità tecnica;";2;2;[92.7, 449.876, 126.696, 463.165];2;0;1
atto_38;opendataloader;json;6;DISPOSITIVO_PROPOSTA;DISPOSITIVO_PROPOSTA_1;DISPOSITIVO_PROPOSTA;0;"PROPONE DI CONFERMARE tutto quanto esposto in PREMESSA, sul presupposto che costituisce parte integrante e sostanziale del presente dispositivo, formandone adeguata motivazione, ai sensi e per gli effetti di cui all'art. 3 della L. n. 241/1990 e ss.mm.ii.; DI APPROVARE, nelle formulazioni in allegato, che costituiscono parti integranti e sostanziali del presente provvedimento: - il <<regolamento comunale per il rilascio di autorizzazioni ai dipendenti per lo svolgimento di incarichi esterni>>, composto di n. 17 articoli; - la modulistica allegata al regolamento, sotto le lettere: DI CONSEGNARNE copia a tutti i Responsabili di Area del Comune, per opportuna conoscenza e per i consequenziali adempimenti di rispettiva competenza; DI STABILIRE che il regolamento entrerà in vigore decorsi 15 giorni dalla DATA di esecutività della deliberazione della presente deliberazione; DI DISPORRE la pubblicazione del presente regolamento sul sito istituzionale comunale nella sezione Amministrazione Trasparente>>; _____________________";2;2;[261.835, 339.484, 316.519, 352.773];8;0;0
atto_38;opendataloader;json;7;RITENUTO;RITENUTO_1;MOTIVAZIONE_VALUTAZIONE;1;RITENUTA la su esposta proposta meritevole di recepimento/accoglimento;2;2;[92.7, 75.581, 457.596, 88.87];1;0;0
atto_38;opendataloader;json;8;DATO_ATTO;DATO_ATTO_1;ISTRUTTORIA;1;"DATO ATTO che, sulla stessa risulta ACQUISITO il parere - favorevole - di regolarità tecnica e contabile reso, dal Segretario comunale, ai sensi e per gli effetti dell'art. 49 del T.U.E.L. n. 267/2000;";3;3;[56.7, 758.053, 521.652, 798.94];1;0;1
atto_38;opendataloader;json;9;ATTESO;ATTESO_1;MOTIVAZIONE;1;"ATTESO procedere alla votazione: VOTATO il documento articolo per articolo; CONSEGUITA su ciascuno: voto unanime favorevole RITENUTO approvare il documento nella sua interezza ed omogeneità; RICEVUTA espressione dai presenti:";3;3;[92.7, 689.058, 437.904, 757.543];1;0;0
atto_38;opendataloader;json;10;DATO_ATTO;DATO_ATTO_2;ISTRUTTORIA;1;DATO ATTO che la proposta risulta approvata all'UNANIMITA';3;3;[92.7, 631.279, 412.272, 644.568];1;1;1
atto_38;opendataloader;json;11;DISPOSITIVO_DELIBERA;DISPOSITIVO_DELIBERA;DISPOSITIVO_DELIBERA;0;DELIBERA;3;3;[249.624, 599.082, 328.728, 616.801];1;0;0
atto_39;opendataloader;json;1;FORMULATO;FORMULATO_1;ISTRUTTORIA;1;"FORMULATA dal Sindaco - con l'assistenza del Responsabile dell'Area LL.PP. - giusta proposta sull'argomento <<Accesso ai fondi stanziati ed erogati dal gestore dei servizi energetici (G.S.E.) - edificio scolastico di via Generale D'Amico. Approvazione della Diagnosi Energetica>>, nei termini di seguito riportati: <<PREMESSO: CHE con DELIBERA di G.M. n. 33 del 16/04/2024 si è DATO indirizzo al Responsabile dell'Area Lavori Pubblici di attivarsi per porre in essere - nell'ambito delle proprie competenze - tutto quanto necessario per l'Accesso ai fondi stanziati ed erogati dal gestore dei servizi energetici (G.S.E.) - edificio scolastico di via generale d'amico"";";2;2;[56.7, 712.057, 521.652, 766.743];2;0;0
atto_39;opendataloader;json;2;DATO_ATTO;DATO_ATTO_1;ISTRUTTORIA;1;"DATO ATTO che si è disposto di intervenire sull'edificio scolastico sede della scuola primaria e secondaria di primo grado, di proprietà del Comune di Jelsi, sito in via generale D'amico;";2;2;[56.7, 601.665, 521.652, 642.552];1;0;1
atto_39;opendataloader;json;3;EVIDENZIATO;EVIDENZIATO_1;MOTIVAZIONE;1;"EVIDENZIATO: CHE il CONTO termico 3.0 incentiva interventi per l'incremento dell'efficienza energetica a beneficio delle pubbliche amministrazioni, che potranno accedere agli appositi fondi stanziati ed erogati dal Gestore dei Servizi Energetici (G.S.E.); CHE questa Amministrazione ha RITENUTO avviare la procedura per accedere al suddetto contributo relativamente all'edificio di cui sopra;";2;2;[56.7, 574.067, 128.688, 601.155];3;0;0
atto_39;opendataloader;json;4;CONSIDERATO;CONSIDERATO_1;MOTIVAZIONE;1;"CONSIDERATO che per accedere alle agevolazioni di cui sopra si è resa necessaria la nomina di figura professionale, esperta nel settore al fine della redazione della Diagnosi Energetica e altra documentazione propedeutica, per la richiesta del finanziamento;";2;2;[56.7, 463.736, 518.892, 504.625];1;0;0
atto_39;opendataloader;json;5;VISTO;VISTO_1;PREAMBOLO_RIFERIMENTI;1;"VISTA la determinazione n. 148 del 14/05/2024 con la quale si è affidato l'incarico per prestazione di servizio ai sensi dell'art. 50 comma 1, lett. b) del D.Lgs. 30/03/2023, n. 36 all'ing. Nicola Pica, avente studio professionale in Casalduni (BN) via prof. Gianquitto n. 9 (C.F. PCINCL58D25B873A - P. IVA 00729710624), iscritto all'Ordine professionale degli Ingegneri della provincia di Benevento al n. 614;";2;2;[56.7, 394.736, 518.904, 463.225];1;0;1
atto_39;opendataloader;json;6;CONSIDERATO;CONSIDERATO_2;MOTIVAZIONE;1;"CONSIDERATO che il citato professionista, ha trasmesso presso questo Ente al Protocollo n. 772 del 23/02/2026, la diagnosi energetica dei lavori di ""EFFICIENTAMENTO ENERGETICO DELL'EDIFICIO SCOLASTICO IN VIA GEN D'AMICO"", composto dai seguenti elaborati:";2;2;[56.7, 339.536, 518.892, 394.225];1;1;0
atto_39;opendataloader;json;7;RITENUTO;RITENUTO_1;MOTIVAZIONE_VALUTAZIONE;1;"RITENUTI gli elaborati trasmessi rispondenti alle finalità dell'Amministrazione; VISTI:";3;3;[92.7, 674.202, 479.208, 702.74];1;0;0
atto_39;opendataloader;json;8;ACQUISITO;ACQUISITO_1;ISTRUTTORIA;1;"ACQUISITI, ai sensi e per gli effetti di cui all'art. 49 del TUEL n. 267/2000 - ciascuno per quanto di competenza - giusti pareri favorevoli dei Responsabili delle Aree LL.PP. e Contabile;";3;3;[61.9, 573.576, 521.644, 614.463];1;0;1
atto_39;opendataloader;json;9;DISPOSITIVO_PROPOSTA;DISPOSITIVO_PROPOSTA_1;DISPOSITIVO_PROPOSTA;0;"PROPONE DI CONFERMARE quanto esposto in PREMESSA; DI APPROVARE per le motivazioni di cui in PREMESSA specificate la diagnosi energetica e i relativi allegati dei lavori di ""EFFICIENTAMENTO ENERGETICO DELL'EDIFICIO SCOLASTICO IN VIA GEN D'AMICO"", redatta dall'ing. Nicola Pica, avente il seguente quadro economico: DI DISPORRE in ordine alla candidatura a valere sui fondi stanziati ed erogati dal gestore dei servizi energetici (G.S.E.), CONTO termico 3.0 (che incentiva interventi per l'incremento dell'efficienza energetica a beneficio delle pubbliche amministrazioni); DI DARE ATTO che in caso di esito favorevole della candidatura, si procederà all'iscrizione della somma in bilancio, andando ad individuare appositi stanziamenti; DI IMPEGNARSI, in caso di concessione del finanziamento, a realizzare le opere così come descritte nella diagnosi energetica al fine di ottenere un edificio classificato NZEB>>; _____________________ RITENUTA la su esposta proposta meritevole di recepimento/accoglimento DATO ATTO che, sulla stessa risultano ACQUISITI i pareri - favorevoli - di regolarità tecnica e contabile resi, dai Responsabili delle Aree LL.PP. e Contabile, ai sensi e per gli effetti dell'art. 49 del T.U.E.L. n. 267/2000;";3;3;[61.9, 490.782, 521.656, 573.066];6;0;0
atto_39;opendataloader;json;10;ATTESO;ATTESO_1;MOTIVAZIONE;1;ATTESO procedere alla votazione: RICEVUTA espressione dai presenti:;3;4;[92.1, 62.838, 261.696, 76.127];2;0;0
atto_39;opendataloader;json;11;DATO_ATTO;DATO_ATTO_2;ISTRUTTORIA;1;DATO ATTO che la proposta risulta approvata all'UNANIMITA';4;4;[92.1, 742.532, 411.672, 755.821];1;1;1
atto_39;opendataloader;json;12;DISPOSITIVO_DELIBERA;DISPOSITIVO_DELIBERA;DISPOSITIVO_DELIBERA;0;DELIBERA;4;4;[258.624, 710.335, 337.728, 728.054];1;0;0
atto_40;opendataloader;json;1;FORMULATO;FORMULATO_1;ISTRUTTORIA;1;"FORMULATA - dal Sindaco - giusta proposta sull'argomento <<Associazione Nazionale Città dell'Olio - iniziativa ""Merenda nell'Oliveta"" VI^ ed. 2026 (dal 25 aprile al 28 giugno 2026). Adesione >>, nei termini di seguito riportati: <<PREMESSO: CHE l'Associazione Nazionale Città dell'Olio organizza l'evento ""Merenda nell'Oliveta"" per promuovere il paesaggio e il territorio olivicolo, nonché sviluppare il turismo dell'olio; CHE la stessa - con nota contraddistinta da n. 100/AB/bs di protocollo - ha richiesto l'adesione dei vari Enti Soci, dando facoltà ad ogni singola Amministrazione partecipante di ampliare l'offerta delle iniziative collegate al tema della degustazione dell'olio extra vergine di oliva e dei prodotti tipici, della cultura e dalla tradizione legate al territorio; CHE detta comunicazione, in allegato, recava il modello di scheda per l'adesione all'iniziativa ""Merenda nell'Oliveta"" - ed. 2026; CHE la ""Merenda nell'Oliveta"" ha come obiettivo far vivere ai partecipanti un'esperienza del paesaggio olivicolo e dell'ambiente in maniera ""stanziale"" - da soli o in compagnia - trascorrendo una giornata all'aria aperta immersi nel paesaggio olivicolo, far riscoprire il valore della convivialità e dello stare insieme alla scoperta di luoghi suggestivi e meno conosciuti; CHE per quest'anno - 80° Anniversario della Repubblica - il tema scelto è "" Un Olivo per la Repubblica: radici comuni, valori condivisi"";";2;2;[56.7, 725.856, 521.644, 766.743];7;0;0
atto_40;opendataloader;json;2;TENUTO_CONTO;TENUTO_CONTO_1;ISTRUTTORIA_MOTIVAZIONE;1;"TENUTO CONTO che questo Comune è partner dell'Associazione Nazionale Città dell'Olio; VISTO lo Statuto dell'Associazione Nazionale Città dell'Olio; ACQUISITA la scheda progettuale della ""Merenda nell'Oliveta"" VI^ ed. 2026 (dal 25 aprile al 28 giugno 2026), in una DATA da individuare - inviata dall'Associazione in uno con l'invito a prestarvi adesione;";2;2;[92.7, 477.474, 521.652, 490.763];3;0;1
atto_40;opendataloader;json;3;DATO_ATTO;DATO_ATTO_1;ISTRUTTORIA;1;"DATO ATTO che l'Associazione Nazionale Città dell'Olio - in quanto ente capofila e segreteria organizzativa del progetto - fornirà a tutti gli Enti aderenti: dell'organizzazione dell'iniziativa a livello territoriale: attraverso le azioni RITENUTE più opportune, individuando una o più DATE nell'arco temporale dal 25 aprile al 28 giugno 2026;";2;2;[56.7, 380.881, 521.652, 407.969];2;0;0
atto_40;opendataloader;json;4;ATTESO;ATTESO_1;MOTIVAZIONE;1;ATTESO: CHE questo Comune - RILEVATA la meritevolezza dell'iniziativa - intende prestarvi adesione:;2;2;[92.7, 242.891, 521.652, 269.979];2;0;0
atto_40;opendataloader;json;5;INDIVIDUATO;INDIVIDUATO_1;ISTRUTTORIA;1;"INDIVIDUATO, a copertura della spesa occorrente - su indicazione del Responsabile dell'Area Contabile - lo stanziamento di cui al cap. 231/1 codice 06.01-1.03.02.99.003 del bilancio comunale;";3;3;[56.7, 758.053, 521.64, 798.94];1;0;1
atto_40;opendataloader;json;6;PRECISATO;PRECISATO_1;ISTRUTTORIA_MOTIVAZIONE;1;"PRECISATO che la natura dell'evento, riconduce l'iniziativa entro la sfera di competenza dell'Area Amministrativa;";3;3;[56.7, 730.455, 521.652, 757.543];1;0;0
atto_40;opendataloader;json;7;ACQUISITO;ACQUISITO_1;ISTRUTTORIA;1;"ACQUISITI, dai Responsabili delle Aree Amministrativa e Contabile - ai sensi dell'art. 49 del D. Lgs. 267/2000 - giusto parere favorevole in ordine alla regolarità contabile;";3;3;[56.7, 702.857, 521.652, 729.945];1;0;1
atto_40;opendataloader;json;8;DISPOSITIVO_PROPOSTA;DISPOSITIVO_PROPOSTA_1;DISPOSITIVO_PROPOSTA;0;"PROPONE DI CONFERMARE quanto esposto in PREMESSA; DI ADERIRE, alla iniziativa ""Merenda nell'Oliveta"" VIa edizione, proposta dall'Associazione Nazionale Città dell'Olio e prevista - in una giornata, a scelta di ciascun Ente aderente - nell'arco temporale dal 25 aprile al 28 giugno 2026; DI PRENDERE ATTO che, a livello locale, la manifestazione sarà organizzata dall'Amministrazione l'Amministrazione, che si avvarrà della fattiva collaborazione della Pro Loco di Jelsi che, interpellata per le vie brevi, ha assicurato disponibilità a titolo gratuito; DI PRECISARE che la DATA dell'evento sarà concordata con il Coordinamento regionale delle Città dell'Olio; DI ASSUMERE l'impegno di versare - a titolo di spesa di iscrizione all'evento - il contributo straordinario richiesi: di €. 100,00; DI INDICARE a copertura della spesa occorrente, lo stanziamento di cui al cap. 231/1 codice 06.01-1.03.02.99.003 del bilancio comunale; DI APPROVARE l'allegato modello di scheda di adesione - che costituisce parte integrante e sostanziale del presente provvedimento - inerente all'iniziativa riguardante questo Comune; DI ASSUMERE l'impegno di sviluppare ogni azione utile al fine dell'ottimale realizzazione dell'iniziativa; DI RIMETTERE copia del provvedimento al Responsabile dell'Area Amministrativa, per gli adempimenti consequenziali.>>; ________............................______________ RITENUTA la su esposta proposta meritevole di recepimento/accoglimento; DATO ATTO che, sulla stessa risultano ACQUISITI i pareri favorevoli di regolarità tecnica e contabile resi dai Responsabili delle Aree Amministrativa e Contabile, ai sensi e per gli effetti dell'art. 49 del T.U.E.L. n. 267/2000; ASSEGNATA la responsabilità del procedimento, in capo alla sig.ra Valiante Vincenza, nella sua qualità di Responsabile dell'Area Amministrativa del Comune di Jelsi; ATTESO procedere alla votazione; RICEVUTA espressione dai presenti: voto UNANIME favorevole dei presenti";3;3;[92.7, 661.46, 521.654, 702.347];14;0;0
atto_40;opendataloader;json;9;DISPOSITIVO_DELIBERA;DISPOSITIVO_DELIBERA;DISPOSITIVO_DELIBERA;0;DELIBERA;3;3;[267.624, 201.494, 346.728, 219.213];1;0;0
atto_41;opendataloader;json;1;FORMULATO;FORMULATO_1;ISTRUTTORIA;1;"FORMULATA dal Sindaco giusta proposta sull'argomento <<Revisione della disciplina sull'origine doganale dei prodotti agricoli e alimentari. Determinazioni>>; ESAMINATA la stessa nella formulazione che, in calce, si riporta integralmente: <<PREMESSO: CHE la Federazione Regionale Coldiretti Molise ha invitato questo Comune ad assumere un provvedimento in cui si chieda la ""revisione della disciplina sull'origine doganale dei prodotti agricoli e alimentari""; CHE obiettivo di Coldiretti è la tutela di produttori e di consumatori italiani; CHE la richiesta mira ad acquisire adesioni propedeutiche ad intraprendere - nelle opportune sedi istituzionali - azioni politiche utili alla modifica della disciplina sull'origine riportata dal codice doganale: (UE) n. 952/2013; VISTI, in particolare:";2;2;[83.7, 753.454, 521.64, 766.743];6;0;0
atto_41;opendataloader;json;2;CONSIDERATO;CONSIDERATO_1;MOTIVAZIONE;1;"CONSIDERATO che il criterio dell'origine non preferenziale, di cui al menzionato articolo 60, consente di stabilire la nazionalità ""economica"" delle merci scambiate nel commercio ed è utilizzato per garantire l'applicazione uniforme della tariffa doganale comune nonchè di tutti gli altri provvedimenti adottati - per l'importazione o l'esportazione delle merci - dall'Unione o dagli Stati membri;";2;2;[56.7, 307.729, 521.652, 376.214];1;0;0
atto_41;opendataloader;json;3;PRESO_ATTO;PRESO_ATTO_1;ISTRUTTORIA;1;"PRESO ATTO che non sono state ancora elaborate regole specifiche e univoche per la determinazione dell'origine doganale dei prodotti agricoli e alimentari, salva la distinzione rispetto al luogo di provenienza, inteso - ai sensi dell'articolo 2, par. 2, lett. g) del regolamento (UE) n. 1169/2011 - come quello da cui proviene l'alimento;";2;2;[56.7, 252.533, 521.652, 307.219];1;0;1
atto_41;opendataloader;json;4;VALUTATO;VALUTATO_1;MOTIVAZIONE_VALUTAZIONE;1;"VALUTATO che le regole che conferiscono l'origine in base all'ultimo Paese di produzione contribuiscono - con riguardo ai prodotti agro-alimentari - a generare disorientamento nel consumatore rispetto alla individuazione del luogo di origine, come nell'esempio conosciuto dell'importazione di triplo concentrato di pomodoro rispetto al doppio avente come unica finalità quella di ottenere il marchio made in ltaly sui prodotti di provenienza non nazionale ACQUISITI a basso costo;";2;2;[56.7, 169.739, 521.652, 252.023];1;0;0
atto_41;opendataloader;json;5;RICONOSCIUTO;RICONOSCIUTO_1;MOTIVAZIONE_VALUTAZIONE;1;RICONOSCIUTO che coesistono tre tipologie di criteri:;2;2;[81.25, 155.94, 352.534, 169.229];1;0;0
atto_41;opendataloader;json;6;ATTESO;ATTESO_1;MOTIVAZIONE;1;"ATTESO che, però, nessuno di essi consente di integrare gli estremi della fattispecie ""della lavorazione economicamente giustificata"" ai fini della individuazione di un prodotto nuovo;";2;2;[56.7, 73.146, 521.652, 114.033];1;0;1
atto_41;opendataloader;json;7;RICONOSCIUTO;RICONOSCIUTO_2;MOTIVAZIONE_VALUTAZIONE;1;"RICONOSCIUTO che la disciplina doganale di cui trattasi non concerne il contenuto dell'informazione destinata ai consumatori mediante l'etichettatura, limitandosi a consentire l'identificazione e la classificazione delle merci nei rapporti internazionali in forza di un unico codice numerico universalmente comprensibile;";3;3;[56.7, 744.254, 521.652, 798.94];1;1;0
atto_41;opendataloader;json;8;PRESO_ATTO;PRESO_ATTO_2;ISTRUTTORIA;1;"PRESO ATTO: CHE la giurisprudenza nazionale ed europea riconosce nella disciplina dell'origine doganale una norma di natura fiscale che non permette, tuttavia, di fornire ai consumatori informazioni trasparenti per una corretta individuazione della provenienza geografica; CHE dei rischi economici e reputazionali derivanti dalla commercializzazione di alimenti etichettati come made in Italy, realizzati con ingredienti provenienti da altri Paesi ma che in Italia hanno subito soltanto l'ultima trasformazione sostanziale o economicamente giustificata; CHE sebbene - ai sensi delle norme doganali - le operazioni minime o non economicamente giustificate non hanno alcuna rilevanza ai fini dell'attribuzione dell'origine non preferenziale, nondimeno tali norme risultano inadeguate e carenti ad evitare i casi di falsa evocazione dell'origine dei prodotti che costituiscono il patrimonio agroalimentare italiano;";3;3;[82.8, 716.656, 521.652, 743.744];4;1;1
atto_41;opendataloader;json;9;ACQUISITO;ACQUISITO_1;ISTRUTTORIA;1;"ACQUISITO, dal Segretario comunale - ai sensi e per gli effetti di cui all'art. 49 del TUEL n. 267/2000 - giusto parere favorevole in ordine alla regolarità tecnica;";3;3;[56.7, 564.867, 521.652, 591.955];1;0;1
atto_41;opendataloader;json;10;RILEVATO;RILEVATO_1;ISTRUTTORIA_MOTIVAZIONE;1;"RILEVATO che trattandosi di un provvedimento di natura non gestionale, non ricorre l'esigenza di acquisire parere contabile;";3;3;[56.7, 537.269, 521.652, 564.357];1;0;0
atto_41;opendataloader;json;11;VISTO;VISTO_1;PREAMBOLO_RIFERIMENTI;1;"VISTO il decreto legislativo 18 agosto 2000, n. 267, in particolare l'articolo 42, comma 1;";3;3;[81.35, 523.47, 513.41, 536.759];1;0;1
atto_41;opendataloader;json;12;DISPOSITIVO_PROPOSTA;DISPOSITIVO_PROPOSTA_1;DISPOSITIVO_PROPOSTA;0;"PROPONE DI CONFERMARE tutto quanto esposto in PREMESSA, sul presupposto che costituisce parte integrante e sostanziale del presente dispositivo, formandone adeguata motivazione, ai sensi e per gli effetti di cui all'art. 3 della L. n. 241/1990 e ss.mm.ii.; DI ASSUMERE - in accoglimento dell'istanza pervenuta dalla Federazione Regionale Coldiretti Molise - impegno: DI TRASMETTERE il presente provvedimento a:";3;3;[56.7, 468.274, 521.642, 522.96];3;0;0
atto_41;opendataloader;json;13;RITENUTO;RITENUTO_1;MOTIVAZIONE_VALUTAZIONE;1;"RITENUTA la su esposta proposta meritevole di recepimento/accoglimento;";3;3;[92.1, 65.52, 460.332, 78.809];1;0;0
atto_41;opendataloader;json;14;DATO_ATTO;DATO_ATTO_1;ISTRUTTORIA;1;DATO ATTO che, sulla stessa: RICEVUTA espressione dai presenti:;4;4;[92.1, 785.651, 243.072, 798.94];2;0;1
atto_41;opendataloader;json;15;DATO_ATTO;DATO_ATTO_2;ISTRUTTORIA;1;DATO ATTO che la proposta risulta approvata all'UNANIMITA';4;4;[92.1, 645.939, 411.672, 659.228];1;0;0
atto_41;opendataloader;json;16;DISPOSITIVO_DELIBERA;DISPOSITIVO_DELIBERA;DISPOSITIVO_DELIBERA;0;DELIBERA;4;4;[249.624, 613.742, 328.728, 631.461];1;0;0
atto_42;opendataloader;json;1;PREMESSO;PREMESSO_1;NARRATIVA_PREMESSA;1;PREMESSO che con precedenti deliberazioni e provvedimenti attuativi, nel tempo, questo Ente ha provveduto a disporre in ordine all'istituzione, modifica e disciplina delle ZTL (Zone a Traffico Limitato) e delle APU (Aree Pedonali Urbane) del centro storico del Comune di Poggibonsi ed in particolare RICHIAMATE:;2;2;[51.2, 670.857, 543.488, 725.663];1;0;0
atto_42;opendataloader;json;2;CONSIDERATO;CONSIDERATO_1;MOTIVAZIONE;1;CONSIDERATO che:;2;2;[51.2, 99.657, 149.18, 113.063];1;0;0
atto_42;opendataloader;json;3;RICORDATO;RICORDATO_1;PREAMBOLO_RIFERIMENTI;1;"RICORDATO che:  La Regione Toscana, con DELIBERA GR n. 704 del 01/08/2011, ha INDIVIDUATO gli indirizzi per l'accelerazione della programmazione della spesa del Programma Operativo regionale ""Competitività regionale e Occupazione"" 2007-2013, indicando, quali priorità di intervento dell'Asse IV ""accessibilità ai servizi di trasporto e di telecomunicazioni"", gli obiettivi operativi e le conseguenti attività, interessanti anche i Comuni, come di seguito riportato:  Con DELIBERA G.R.T. n. 341 del 23/04/2012, la Regione Toscana ha INDIVIDUATO le risorse da destinare ai Comuni, con un impegno di cofinanziamento almeno pari al 50% delle spese totali ammissibili;  Con successivo Decreto n. 2613 del 23/05/2012 la Regione toscana ha approvato l'avviso rivolto ai Comuni per la selezione dei progetti in ambito di infomobilità corredato della scheda di proposta progettuale;  Il Comune di Poggibonsi, con la propria deliberazione G.C. n. 245 del 20/09/2012, ha approvato quindi la proposta progettuale denominata ""Poggibonsi - i mobility"" da presentare alla Regione Toscana per la concessione di un contributo nell'ambito del suddetto Programma operativo Regionale ""POR - FESR 2007-2013, Asse IV Accessibilità ai servizi di trasporto e di telecomunicazioni. Attività IV . 4"", individuando il dirigente del Settore Polizia Municipale, responsabile del progetto/RUP  Con successivo Decreto dirigenziale n. 6362 del 28/12/2012, pubblicato sul Burt n. 4 - Parte terza del 23/01/2013, la Regione Toscana ha approvato la graduatoria relativa ai progetti di infomobilità, nella quale il progetto ""Poggibonsi - I - Mobility"" presentato da questo Comune risulta ammesso a cofinanziamento, provvedendo alla successiva sottoscrizione con questo Ente, della convenzione contenente gli impegni per la gestione del contributo (obblighi di monitoraggio e rendicontazione, modalità e tempi di erogazione, ecc) assegnato per la realizzazione del progetto;  E' emersa successivamente la necessità di apportare alcune modifiche all'originario progetto, e quindi, con deliberazione G.C. n. 161 del 20/05/2014, il Comune di Poggibonsi ha approvato la nuova scheda progettuale denominata ""Poggibonsi - i mobility"" il cui schema funzionale prevede la suddivisione in varie azioni di intervento tra le quali rientra la realizzazione di un ""SISTEMA DI CONTROLLO DEGLI ACCESSI ALLA ZONA A TRAFFICO LIMITATO (ZTL) DEL COMUNE DI POGGIBONSI"" da realizzarsi attraverso la fornitura e posa in opera di varchi elettronici e di tutto quanto necessario per il loro corretto funzionamento, approvando il relativo piano di spesa;  Il nuovo progetto di informobilità in questione, ha previsto la suddivisione delle azioni che lo compongono, in due successive fasi, da realizzarsi consecutivamente: tra le azioni che prevedono una tempistica di realizzazione distinta in due fasi, rientrava anche il ""sistema di controllo automatizzato degli accessi alla Zona a Traffico limitato"" con particolare riferimento alla diversa articolazione oraria in ZTL 0/24 (I° fase) e ZTL 14/20 (II° fase). Nello specifico per la realizzazione della seconda fase era necessario valutare previamente un modesto ampliamento della ZTL 14/20;  Con nota prot. n. 16261 del 29/05/2014, integrata con nota prot. n. 17556 del 13/06/2014, il nuovo progetto così approvato, veniva inviato alla Regione Toscana, che autorizzava le modifiche progettuali con successiva nota prot. n. 22264 del 29/07/2014  Con direttiva G.C. n. 104 del 23/10/2014, questo organo, VISTA l'unitarietà del sistema di controllo degli accessi, l'opportunità di procedere con speditezza alla fornitura del sistema alla luce della tempistica del progetto ""Poggibonsi I - Mobility"", nonché la stretta correlazione delle prestazioni contrattuali, che per ragioni tecniche e di buon funzionamento dell'infrastruttura, richiedono una gestione organica, ha RITENUTO necessario disporre l'ampliamento della ZTL 14/20 alla Via S. Martini ed all'intera Via San Francesco, con l'obiettivo di procedere, fin da subito, ad un appalto unitario della fornitura e posa in opera del sistema;  A seguito di tale ATTO di indirizzo, il Dirigente del Settore Polizia Municipale con propria determinazione n. 45/PM del 28/10/2014 ha indetto apposita procedura negoziata tramite RDO sul Mercato Elettronico della Pubblica Amministrazione (MEPA) ai sensi dell'art. 125 comma 1, lett. b) e comma 4 del D.lgs 163/2006 e s.m.ei. nonché dell'art. 10, comma 1 lettera q) del Regolamento dei Contratti dell' Ente , per la fornitura e posa in opera di un sistema di controllo automatizzato degli accessi alla zona a traffico limitato del centro cittadino, provvedendo contestualmente, all'approvazione del relativo progetto, redatto a cura del Settore Polizia Municipale e che prevede la realizzazione di un sistema di controllo telematico ZTL mediante l'installazione di n. 7 (sette) varchi elettronici di lettura delle targhe per il monitoraggio della corsia di ingresso alle ZTL 0/24 e 14/20 per come delineate nei pregressi provvedimenti, completi eti di tutte le apparecchiature hardware, di tutti i componenti software e di tutti gli accessori necessari al loro corretto funzionamento (postazione Centrale di Controllo, segnaletica stradale, pannelli informativi per l'informazione all'utenza dello stato in tempo reale della ZTL - varco attivo/varco non attivo - e relativi orologi indicante l'ora locale ) in corrispondenza dei seguenti siti: ZTL 0/24 n. 5 - L.go Gramsci ZTL 14/20 n. 6 - Via Borgo Marturi ( parte alta) angolo P.zza Matteotti n. 7 - Via San Francesco  Con RDO n.645127 (CIG 5988951EB2) pubblicata in DATA 31/10/2014, è stata attivata la suddetta procedura negoziata;  Con successiva determinazione dirigenziale n. 132/EU del 11/12/2014, a seguito dell'esame delle offerte pervenute da parte della Commissione Giudicatrice, nominata con determinazione dirigenziale n. 49/PM del 12/11/2014, è stata affidata alla ditta Sismic Sistemi SRL con sede legale in Firenze, via Maria Malibran, 49/51 (P.Iva 04403120480) la fornitura e posa in opera del sistema di controllo telematico degli accessi ZTL mediante l'installazione di n. 7 (sette) varchi elettronici denominati ""S.A.R.T./2"", sistema regolarmente omologato con Decreto del Ministero delle Infrastrutture e dei Trasporti - Dipartimento per i trasporti, la navigazione, gli affari generali ed il personale - Direzione generale per la sicurezza stradale prot. n. 4684 del 03/10/2014, RILASCIATO alla Società Sismic Sistemi Srl, allegato alla presente deliberazione sub lett.A) onde costituirne parte integrante e sostanziale;";3;5;[51.2, 562.457, 135.176, 575.863];18;0;1
atto_42;opendataloader;json;4;RITENUTO;RITENUTO_1;MOTIVAZIONE_VALUTAZIONE;1;RITENUTO dunque, alla luce di quanto sopra illustrato: A) APU con divieto di transito e sosta dalle ore 0.00 alle ore 24.00 a tutti i veicoli, ad eccezione delle categorie esentate e/o autorizzate, nelle seguenti vie e piazze:;5;5;[51.2, 660.357, 331.472, 673.763];2;0;0
atto_42;opendataloader;json;5;PRECISATO;PRECISATO_1;ISTRUTTORIA_MOTIVAZIONE;1;"PRECISATO che il sistema di controllo elettronico degli accessi, nella zona a traffico limitato del Comune di Poggibonsi (SI), che costituisce parte del più ampio progetto ""Poggibonsi IMobility"", ha la finalità di consentire:";6;6;[51.2, 480.957, 543.196, 521.963];1;0;0
atto_42;opendataloader;json;6;ATTESO;ATTESO_1;MOTIVAZIONE;1;ATTESO dunque che tale Sistema concorre pertanto a perseguire gli obiettivi insiti nell'istituzione delle ZTL ed APU e quindi:;6;6;[51.2, 285.757, 543.476, 312.963];1;0;1
atto_42;opendataloader;json;7;EVIDENZIATO;EVIDENZIATO_1;MOTIVAZIONE;1;"EVIDENZIATO che i suddetti sistemi omologati ""S.A.R.T./2"" di SISMIC SISTEMI SRL (Decreto del Ministero delle Infrastrutture e dei Trasporti - Dipartimento per i trasporti, la navigazione, gli affari generali ed il personale - Direzione generale per la sicurezza stradale prot. n. 4684 del 03/10/2014) verranno installati, per le finalità e con gli obbiettivi sopra illustrati, nei principali varchi di ingresso alla ZTL 0/24 ed alla ZTL 14/20 ed in particolare nei punti di sorveglianza EVIDENZIATI nella RICHIAMATA planimetria, allegata sub lett. B) che costituisce parte integrante e sostanziale del presente provvedimento, collocandoli in corrispondenza dei seguenti siti: ZTL 0/24";6;6;[51.2, 106.057, 544.048, 216.063];2;0;0
atto_42;opendataloader;json;8;PRECISATO;PRECISATO_2;ISTRUTTORIA_MOTIVAZIONE;1;"PRECISATO che  i suddetti impianti saranno utilizzati per la rilevazione dei DATI, riguardanti il luogo, il tempo e l'identificazione dei veicoli che accedono alle ZTL di questo Ente, raccogliendo DATI sugli accessi e rilevando immagini solamente in caso di infrazione e che la conseguente procedura sanzionatoria avrà luogo solamente in presenza di violazione documentata dalle immagini RILEVATE, che verrà conservata per il solo periodo necessario alla contestazione dell'infrazione, all'applicazione della sanzione ed alla definizione dell'eventuale contenzioso. I DATI RILEVATI verranno utilizzati, in forma anonima, nel rispetto delle vigenti disposizioni di legge, anche a fini statistici e per studi, analisi e rilievi di traffico;  gli impianti verranno gestiti direttamente dal Comando di Polizia Municipale, restando nella loro disponibilità. Al Responsabile nominato da Sindaco ed al personale di vigilanza incaricato, spetterà la custodia e l'utilizzazione dei DATI RILEVATI.  ferme restando le disposizioni di cui al D.Lgs 196/2003 e successive modificazioni, i DATI RILEVATI sono accessibili per fini di polizia giudiziaria o di indagine penale.  l'esercizio degli impianti avrà luogo nel rispetto delle norme di omologazione od approvazione, per le finalità per cui sono stati autorizzati, e comunque nei limiti di cui all'articolo 17, comma 133- bis, della legge 15 maggio 1997, n. 127, introdotto dall'articolo 2, comma 33, della legge 16 giugno 1998, n. 191;  gli impianti in questione non saranno interconnessi con altri strumenti, archivi o banche DATI;  ai fini dell'installazione ed esercizio degli impianti suddetti per la rilevazione degli accessi di veicoli alle ZTL per come sopra INDIVIDUATE ed istituite, ai sensi dell'articolo 17, comma 133-bis, della legge 15 maggio 1997, n. 127, introdotto dall'art. 2, comma 33, della legge 16 giugno 1998, n. 191, questo Ente provvederà a richiedere apposita autorizzazione al Ministero delle Infrastrutture e dei Trasporti - Dipartimento per i trasporti, la navigazione, gli affari generali ed il personale - Direzione generale per la sicurezza stradale, recependo quanto in essa contenuto in ordine all'esercizio;";7;7;[51.2, 674.257, 129.344, 687.663];7;1;0
atto_42;opendataloader;json;9;DATO_ATTO;DATO_ATTO_1;ISTRUTTORIA;1;"DATO ATTO che, in corrispondenza dei suddetti varchi elettronici, il flusso dei veicoli non autorizzati al transito in ZTL, può regolarmente proseguire, senza la necessità di manovre che possano pregiudicare la sicurezza o creare intralcio alla circolazione, utilizzando percorsi non soggetti a divieto o limitazione alcuna;";7;7;[51.2, 232.357, 543.428, 287.163];1;0;1
atto_42;opendataloader;json;10;ATTESO;ATTESO_2;MOTIVAZIONE;1;ATTESO che;7;7;[51.2, 204.357, 112.088, 217.763];1;1;0
atto_42;opendataloader;json;11;RITENUTO;RITENUTO_2;MOTIVAZIONE_VALUTAZIONE;1;RITENUTO;8;8;[51.2, 645.457, 99.68, 658.863];1;1;0
atto_42;opendataloader;json;12;RITENUTO;RITENUTO_3;MOTIVAZIONE_VALUTAZIONE;1;"RITENUTA la propria competenza ai sensi dell'art. 7, comma 1 lett. f) del D.Lgs n. 285/92 e successive modifiche ed integrazioni recante ""Nuovo Codice della Strada"", nonché ai sensi dell'art. 48 del D.Lgs n. 267/2000 e s.m.e i.;";8;8;[51.2, 162.157, 543.524, 203.163];1;0;0
atto_42;opendataloader;json;13;PRESO_ATTO;PRESO_ATTO_1;ISTRUTTORIA;1;"PRESO ATTO del parere favorevole in ordine alla regolarità tecnica espresso dal Dirigente del Settore Polizia Municipale ed in ordine alla regolarità contabile espresso dal Dirigente del Settore Economico-Finanziario, come da allegati alla proposta di DELIBERA, ai sensi dell'art. 49 del D.lgs. n. 267/2000 e ss.mm.;";8;8;[51.2, 93.157, 543.116, 147.963];1;0;1
atto_42;opendataloader;json;14;VISTO;VISTO_1;PREAMBOLO_RIFERIMENTI;1;VISTO lo Statuto Comunale;8;8;[51.2, 64.704, 179.464, 77.993];1;0;1
atto_42;opendataloader;json;15;VISTO;VISTO_2;PREAMBOLO_RIFERIMENTI;1;"VISTO il D.lgs 267/2000 e ss.mm.ii. VISTO il D.Lgs 285/92 e ss.mm.ii VISTO il DPR 495/92 e ss.mm.i.i. VISTO il DPR 250/1999 avente ad oggetto ""Regolamento recante le norme per l'attuazione all'installazione ed all'esercizio degli impianti per la rilevazione degli accessi di veicoli ai centri storici ed alle zone a traffico limitato"";";9;9;[51.2, 701.157, 543.224, 784.663];1;0;0
atto_42;opendataloader;json;16;VISTO;VISTO_3;PREAMBOLO_RIFERIMENTI;1;VISTO l'art 17, comma 133- bis, della legge 15 maggio 1997, n. 127;9;9;[51.2, 660.557, 410.084, 700.463];1;0;0
atto_42;opendataloader;json;17;DISPOSITIVO_DELIBERA;DISPOSITIVO_DELIBERA;DISPOSITIVO_DELIBERA;0;DELIBERA;9;9;[262.2, 631.333, 333.656, 646.974];1;0;0
atto_43;opendataloader;json;1;CONSIDERATO;CONSIDERATO_1;MOTIVAZIONE;1;"CONSIDERATO CHE - le finalità dell'iniziativa risultano coerenti con gli obiettivi istituzionali dell'Amministrazione Comunale di promozione culturale, sociale e turistica del territorio;";2;2;[70.9, 536.841, 189.244, 550.13];2;0;0
atto_43;opendataloader;json;2;PRESO_ATTO;PRESO_ATTO_1;ISTRUTTORIA;1;PRESO ATTO;2;2;[70.9, 461.689, 147.916, 474.978];1;0;1
atto_43;opendataloader;json;3;RITENUTO;RITENUTO_1;MOTIVAZIONE_VALUTAZIONE;1;"RITENUTO di accogliere favorevolmente la richiesta di patrocinio gratuito in considerazione del valore culturale, turistico e sociale dell'iniziativa;";2;2;[70.9, 311.385, 524.44, 352.25];1;0;0
atto_43;opendataloader;json;4;VISTO;VISTO_1;PREAMBOLO_RIFERIMENTI;1;VISTO il D.Lgs. n. 267/2000;2;2;[70.9, 263.809, 448.468, 300.886];1;0;1
atto_43;opendataloader;json;5;DISPOSITIVO_DELIBERA;DISPOSITIVO_DELIBERA;DISPOSITIVO_DELIBERA;0;DELIBERA;2;2;[266.337, 240.021, 329.013, 253.31];1;0;0
atto_44;opendataloader;json;1;CONSIDERATO;CONSIDERATO_1;MOTIVAZIONE;1;CONSIDERATO CHE:;2;2;[70.9, 542.015, 193.24, 555.304];1;0;0
atto_44;opendataloader;json;2;CONSIDERATO;CONSIDERATO_2;MOTIVAZIONE;1;CONSIDERATO, ALTRESI', CHE:;2;2;[70.9, 169.498, 258.916, 182.787];1;0;0
atto_44;opendataloader;json;3;RITENUTO;RITENUTO_1;MOTIVAZIONE_VALUTAZIONE;1;"RITENUTO: - Di procedere in tal senso, avviando formalmente l'iter per la richiesta dell'autorizzazione prefettizia all'intitolazione di una Piazzetta a ""Ciriaco De Mita"" e di un tratto di strada a ""Bettino Craxi"";";3;3;[70.9, 708.531, 138.904, 721.82];2;0;0
atto_44;opendataloader;json;4;VISTO;VISTO_1;PREAMBOLO_RIFERIMENTI;1;VISTO:;3;3;[70.9, 645.966, 112.24, 659.255];1;0;1
atto_44;opendataloader;json;5;DISPOSITIVO_DELIBERA;DISPOSITIVO_DELIBERA;DISPOSITIVO_DELIBERA;0;DELIBERA;3;3;[70.9, 565.702, 411.184, 594.962];1;0;0
atto_45;opendataloader;json;1;RILEVATO;RILEVATO_1;ISTRUTTORIA_MOTIVAZIONE;1;RILEVATO CHE:;2;2;[70.9, 684.168, 167.26, 697.457];1;0;0
atto_45;opendataloader;json;2;ATTESO;ATTESO_1;MOTIVAZIONE;1;"ATTESO CHE, sulla scorta di quanto in precedenza riportato, si è ESAMINATO il contenuto degli elaborati peritali, i quali, nonostante le modifiche proposte RITENUTE non sostanziali ai sensi dell'art. 120, comma 7 del D. Lgs. n. 36/2023 e ss.mm. e ii., non alterano la struttura del contratto d'appalto lavori, e, in particolare, rispettano, nel loro complesso, quanto prescritto dalla vigente normativa di settore;";5;6;[70.9, 77.521, 524.44, 122.546];2;0;0
atto_45;opendataloader;json;3;VISTO;VISTO_1;PREAMBOLO_RIFERIMENTI;1;VISTI:;6;6;[70.9, 709.697, 106.924, 722.986];1;0;1
atto_45;opendataloader;json;4;DATO_ATTO;DATO_ATTO_1;ISTRUTTORIA;1;"DATO ATTO CHE il contenuto della presente Deliberazione corrisponde alle competenze che l'ordinamento assegna alla Giunta Comunale;";6;6;[70.9, 392.448, 524.44, 421.605];1;0;0
atto_45;opendataloader;json;5;DISPOSITIVO_DELIBERA;DISPOSITIVO_DELIBERA;DISPOSITIVO_DELIBERA;0;DELIBERA;6;6;[248.86, 326.676, 346.482, 342.18];1;0;0
atto_46;opendataloader;json;1;CONSIDERATO;CONSIDERATO_1;MOTIVAZIONE;1;CONSIDERATO CHE:;2;2;[70.9, 540.466, 185.896, 553.755];1;0;0
atto_46;opendataloader;json;2;RITENUTO;RITENUTO_1;MOTIVAZIONE_VALUTAZIONE;1;"RITENUTO opportuno demandare al Responsabile del Settore competente l'adozione di tutti gli atti gestionali necessari e conseguenti al presente provvedimento;";2;2;[70.9, 430.162, 524.44, 457.239];1;0;0
atto_46;opendataloader;json;3;VISTO;VISTO_1;PREAMBOLO_RIFERIMENTI;1;VISTO il D.Lgs. n. 267/2000;2;2;[70.9, 375.01, 448.468, 415.875];1;0;1
atto_46;opendataloader;json;4;DISPOSITIVO_DELIBERA;DISPOSITIVO_DELIBERA;DISPOSITIVO_DELIBERA;0;DELIBERA;2;2;[266.337, 356.222, 329.013, 369.511];1;0;0
atto_47;opendataloader;json;1;PREMESSO;PREMESSO_1;NARRATIVA_PREMESSA;1;"PREMESSO che questa Amministrazione valorizza lo sport quale elemento essenziale per una corretta crescita della personalità individuale e collettiva e sostiene le manifestazioni tese a creare momenti di aggregazione intergenerazionale e promozione del territorio;";2;2;[70.898, 674.558, 524.44, 715.423];1;0;0
atto_47;opendataloader;json;2;ESAMINATO;ESAMINATO_1;ISTRUTTORIA_VALUTAZIONE;1;"ESAMINATA l'istanza FORMULATA dalla Associazione ""Frate Vento"" con sede in Solofra, a firma del presidente Domenico Nicodemo, ACQUISITA al Protocollo Generale di questo Ente in DATA 03.06.2026 prot. n. 8947, con la quale si chiede il Patrocinio morale del Comune alla manifestazione denominata ""Solofra Vertikal"", competizione podistica giunta alla VIII edizione in programma per il 14.06.2026;";2;2;[70.896, 591.83, 524.452, 660.271];1;0;0
atto_47;opendataloader;json;3;EVIDENZIATO;EVIDENZIATO_1;MOTIVAZIONE;1;"EVIDENZIATO che la manifestazione, dedicata alla memoria di Carlo Iannaccone, operaio deceduto per un infortunio nei campi nel 2017, riveste anche aspetti di profondo significato umano e, per il tracciato prescelto, di valorizzazione delle bellezze paesaggistiche offerte dal Parco dei Picentini;";2;2;[70.896, 522.89, 524.44, 577.543];1;0;0
atto_47;opendataloader;json;4;RITENUTO;RITENUTO_1;MOTIVAZIONE_VALUTAZIONE;1;"RITENUTO pertanto di accordare il richiesto patrocinio morale alla manifestazione, condividendone i valori e le finalità perseguite, autorizzando gli organizzatori a riprodurre il logo ""Città di Solofra"" su manifesti e depliant pubblicitari;";2;2;[70.896, 467.738, 524.44, 508.603];1;0;0
atto_47;opendataloader;json;5;RICHIAMATO;RICHIAMATO_1;PREAMBOLO_RIFERIMENTI;1;RICHIAMATO il Tuel approvato con D. Lgs. 267/2000;2;2;[70.896, 412.586, 453.84, 453.451];1;0;1
atto_47;opendataloader;json;6;DISPOSITIVO_DELIBERA;DISPOSITIVO_DELIBERA;DISPOSITIVO_DELIBERA;0;DELIBERA;2;2;[266.337, 385.01, 329.013, 398.299];1;0;0
atto_48;opendataloader;json;1;RITENUTO;RITENUTO_1;MOTIVAZIONE_VALUTAZIONE;1;"RITENUTO di procedere alla designazione dei membri della delegazione trattante di parte pubblica, come indicato all'art. 7, comma 3, del CCNL Funzioni Locali del 23/02/2026, individuando il Segretario Comunale, con funzioni di Presidente;";3;3;[42.55, 715.944, 524.448, 756.809];1;0;0
atto_48;opendataloader;json;2;ACQUISITI_PARERI;ACQUISITI_PARERI_1;PARERI_ATTESTAZIONI;0;"ACQUISITO il parere di regolarità tecnica ai sensi dell'art. 49 - 1° comma - del D.Lgs. n. 267/2000;";3;3;[42.55, 674.58, 524.446, 701.657];1;0;1
atto_48;opendataloader;json;3;DISPOSITIVO_DELIBERA;DISPOSITIVO_DELIBERA;DISPOSITIVO_DELIBERA;0;DELIBERA;3;3;[246.939, 598.746, 320.061, 614.25];1;0;0
atto_49;opendataloader;json;1;PREMESSO;PREMESSO_1;NARRATIVA_PREMESSA;1;PREMESSO che il signor Matteo Perolari, in qualità di Amministratore Unico della Ditta OPERA;2;2;[42.55, 757.308, 524.458, 770.597];1;0;0
atto_49;opendataloader;json;2;RICHIAMATO;RICHIAMATO_1;PREAMBOLO_RIFERIMENTI;1;"RICHIAMATI la Tavola PR1 del Piano delle Regole, la disciplina dettata dalla Normativa del Piano delle Regole, artt. 14, 14bis, 19, del Piano di Governo del Territorio vigente;";2;2;[42.55, 422.076, 524.446, 449.153];1;0;0
atto_49;opendataloader;json;3;PRESO_ATTO;PRESO_ATTO_1;ISTRUTTORIA;1;"PRESO ATTO che per le transazioni che coinvolgono l'Amministrazione comunale quale cedente diritti edificatori, il valore di tali diritti è STABILITO nella Normativa del Piano delle Regole vigente, secondo quanto descritto dal comma 14 dell'art. 14bis, nel seguente modo: Il valore di riferimento per ogni mq di SL di diritto edificatorio è quantificato in 1⁄4 del costo di costruzione vigente per gli edifici residenziali di cui all'art. 48, commi 1 e 2, l.r. n.12 del 2005, e può essere oggetto di variazione con semplice e motivata DELIBERA di Consiglio Comunale. Il valore di riferimento per ogni mq di area base al netto dei diritti edificatori è STABILITO dal valore agricolo del suolo come determinato dalla commissione provinciale espropri. Tali valori costituiscono impegno per l'amministrazione comunale, le transazioni che si svolgono tra privati possono liberamente assumere valori differenti.;";2;2;[42.55, 270.408, 524.446, 407.789];1;0;0
atto_49;opendataloader;json;4;PRESO_ATTO;PRESO_ATTO_2;ISTRUTTORIA;1;"PRESO ATTO dell'impossibilità dell'interessato di procedere tramite reperimento di diritti edificatori privati;";2;2;[42.55, 229.044, 524.446, 256.121];1;0;0
atto_49;opendataloader;json;5;VERIFICATO;VERIFICATO_1;ISTRUTTORIA;1;"VERIFICATA l'applicabilità dello strumento perequativo con cessione di diritti edificatori da parte del Comune verso il soggetto privato, coerentemente con gli indirizzi della relazione del Documento di Piano del PGT vigente;";2;2;[42.55, 173.892, 524.446, 214.757];1;0;0
atto_49;opendataloader;json;6;RICHIAMATO;RICHIAMATO_2;PREAMBOLO_RIFERIMENTI;1;"RICHIAMATA la Determinazione del Responsabile dell'Area Tecnica N.R.A. 54 del 10/06/2026, N.R.G. 148, recante ad oggetto ""Ricognizione dei diritti edificatori di proprietà comunale potenzialmente soggetti a trasferimento"";";2;2;[42.55, 118.74, 524.446, 159.605];1;1;1
atto_49;opendataloader;json;7;INDIVIDUATO;INDIVIDUATO_1;ISTRUTTORIA;1;"INDIVIDUATA, in applicazione della suddetta determina, quale dotazione territoriale idonea alla liberazione dei diritti edificatori, al fine del presente ATTO, la parte ricompresa all'interno della delimitazione del centro abitato dell'area situata in via G. Manzù n. 3, destinata a servizi di interesse comune e servizi per lo sport, censita al catasto terreni/fabbricati al foglio 907 mappale 10952, alla quale è attribuita una potenzialità edificatoria di mq 1.793,4 di SL;";2;3;[42.55, 49.8, 524.446, 104.453];2;0;0
atto_49;opendataloader;json;8;PRESO_ATTO;PRESO_ATTO_3;ISTRUTTORIA;1;"PRESO ATTO altresì che la documentazione completa relativa alla richiesta di Permesso di Costruire è depositata, tramite sportello telematico, agli atti dell'Ufficio Tecnico e sarà oggetto di successivo provvedimento di rilascio di Permesso di Costruire;";3;3;[42.55, 702.156, 524.446, 743.021];1;1;1
atto_49;opendataloader;json;9;VISTI_PARERI;VISTI_PARERI_1;PARERI_ATTESTAZIONI;0;"VISTI i pareri favorevoli espressi dal Responsabile del Settore Tecnico e del Responsabile del Settore Finanziario, ai sensi dell'art. 49, comma 1, del D.lgs. 18 agosto 2000, n. 267;";3;3;[42.55, 660.792, 524.446, 687.869];1;0;1
atto_49;opendataloader;json;10;RICHIAMATO;RICHIAMATO_3;PREAMBOLO_RIFERIMENTI;1;"RICHIAMATO il vigente Statuto comunale; RICHIAMATI:";3;3;[42.55, 605.64, 262.534, 646.505];1;1;1
atto_49;opendataloader;json;11;DISPOSITIVO_DELIBERA;DISPOSITIVO_DELIBERA;DISPOSITIVO_DELIBERA;0;DELIBERA;3;3;[241.662, 481.548, 325.338, 494.837];1;0;0
atto_50;opendataloader;json;1;PREMESSO;PREMESSO_1;NARRATIVA_PREMESSA;1;"PREMESSO che l'amministrazione Comunale di Selvino, nell'ambito di un programma generale di manutenzione del territorio comunale ha avviato il progetto di riqualificazione di alcuni tratti delle strade comunali nelle quali risulta compromessa la viabilità in sicurezza a causa di buche, crepe, piani sfalsati e danneggiamenti vari;";2;2;[42.55, 688.368, 524.446, 743.021];1;0;0
atto_50;opendataloader;json;2;CONSIDERATO;CONSIDERATO_1;MOTIVAZIONE;1;"CONSIDERATO che, al fine di garantire la sicurezza stradale lungo alcuni punti critici della viabilità comunale, si rende necessario attuare sistemi limitatori di velocità quali dossi artificiali al fine di moderare la velocità delle auto;";2;2;[42.55, 633.216, 524.446, 674.081];1;0;0
atto_50;opendataloader;json;3;PRESO_ATTO;PRESO_ATTO_1;ISTRUTTORIA;1;"PRESO ATTO che l'ufficio tecnico comunale ha PREDISPOSTO il progetto esecutivo denominato ""Riqualificazione e ripristino delle condizioni di sicurezza delle strade comunali - Anno 2026 - CUP J37H26000500004"", redigendo la seguente documentazione ai sensi dell'art. 22 comma 4 dell'allegato I.7 del D.Lgs. 36/2023:";2;2;[42.55, 564.276, 524.434, 618.929];1;0;1
atto_50;opendataloader;json;4;VISTO;VISTO_1;PREAMBOLO_RIFERIMENTI;1;VISTO che la spesa complessiva dei lavori ammonta ad € 70.000,00 di cui € 61.000,00 per lavori ed € 9.000,00 per somme a disposizione dell'amministrazione, come si evince dal quadro economico di seguito riportato:;2;2;[42.55, 406.666, 524.446, 447.531];1;0;1
atto_50;opendataloader;json;5;CONSIDERATO;CONSIDERATO_2;MOTIVAZIONE;1;"CONSIDERATO che la soluzione progettuale proposta determina in ogni dettaglio i lavori da realizzare ed il relativo costo previsto e che è sviluppata ad un livello di definizione tale che ogni elemento è identificabile in forma, tipologia, qualità, dimensione e prezzo;";3;3;[42.55, 344.182, 524.446, 385.047];1;1;0
atto_50;opendataloader;json;6;PRESO_ATTO;PRESO_ATTO_2;ISTRUTTORIA;1;"PRESO ATTO che, ai sensi dell'art.37 comma 2 e dell'allegato I.5 art.9 del D.Lgs 36/2023, l'opera non deve essere inserita nel Programma Triennale delle Opere Pubbliche in quanto il quadro economico totale risulta inferiore ad € 150.000,00;";3;3;[42.55, 289.03, 524.446, 329.895];1;1;1
atto_50;opendataloader;json;7;VISTO;VISTO_2;PREAMBOLO_RIFERIMENTI;1;VISTO:;3;3;[42.55, 261.454, 81.214, 274.743];1;1;1
atto_50;opendataloader;json;8;ACQUISITI_PARERI;ACQUISITI_PARERI_1;PARERI_ATTESTAZIONI;0;ACQUISITI i pareri espressi ai sensi dell'art. 49 del Decreto legislativo 18/08/2000 n. 267;3;3;[42.55, 150.466, 480.814, 191.331];1;0;0
atto_50;opendataloader;json;9;DISPOSITIVO_DELIBERA;DISPOSITIVO_DELIBERA;DISPOSITIVO_DELIBERA;0;DELIBERA;3;3;[246.939, 120.592, 320.061, 136.096];1;0;0
