;precision;recall;f1-score;support
AccordoSindacale;1.0;0.75;0.8571428571428571;4.0
Decreto;0.8;1.0;0.8888888888888888;4.0
DeliberaConsiglio;1.0;1.0;1.0;4.0
DeliberaGiunta;1.0;1.0;1.0;4.0
Determina;1.0;1.0;1.0;4.0
Ordinanza;1.0;1.0;1.0;4.0
Regolamento;1.0;1.0;1.0;4.0
Statuto;1.0;1.0;1.0;4.0
accuracy;0.96875;0.96875;0.96875;0.96875
macro avg;0.975;0.96875;0.9682539682539683;32.0
weighted avg;0.975;0.96875;0.9682539682539683;32.0
