modello;cv_n_splits;accuracy_mean;accuracy_std;precision_macro_mean;precision_macro_std;recall_macro_mean;recall_macro_std;f1_macro_mean;f1_macro_std;f1_weighted_mean;f1_weighted_std
naive_bayes;5;0.9224615384615384;0.042150477125336226;0.945;0.02994787137677736;0.9229166666666666;0.042491829279939886;0.9175595238095239;0.04660033855336228;0.9196380952380953;0.04496121638792668
logistic_regression;5;0.952923076923077;0.029377768030227697;0.9616666666666667;0.026372070664077783;0.95;0.031180478223116186;0.9496031746031747;0.032065849355433565;0.9516844932844934;0.029929166244253517
linear_svm;5;0.960923076923077;0.03510390325403484;0.9712500000000001;0.026692695630078284;0.9583333333333333;0.03726779962499651;0.9587301587301589;0.037485194860254624;0.9595575091575093;0.03625375653637691
