modello;accuracy;precision_macro;recall_macro;f1_macro;f1_weighted
logistic_regression;0.96875;0.975;0.96875;0.9682539682539683;0.9682539682539683
linear_svm;0.96875;0.975;0.96875;0.9682539682539683;0.9682539682539683
naive_bayes;0.9375;0.95;0.9375;0.9365079365079365;0.9365079365079365
