id_atto;tool;source_format;source_file;order;page;label_raw;role_norm;text;bbox;procedural_stop_pos;proposal_stop_pos;stop_detected;marker_detected;is_noise
atto_1;docling;markdown;atto_1.md;1;;heading;heading;COMUNE DI AUSONIA;;;;;;False
atto_1;docling;markdown;atto_1.md;3;;heading;heading;Provincia di Frosinone;;;;;;False
atto_1;docling;markdown;atto_1.md;5;;heading;heading;COPIA DI DELIBERAZIONE DELLA GIUNTA COMUNALE;;;;;;False
atto_1;docling;markdown;atto_1.md;7;;heading;heading;Verbale n. 44 del 18-06-2026;;;;;;False
atto_1;docling;markdown;atto_1.md;9;;paragraph;text;OGGETTO: D. Lgs. 27.10.2009, n. 150. D. Lgs. 25.05.2017, n. 74. Approvazione relazione sulla performance anno 2025.;;;;;;False
atto_1;docling;markdown;atto_1.md;11;;paragraph;text;L'anno duemilaventisei, il giorno diciotto del mese di giugno alle ore 12:20 e seg. in Ausonia e nella residenza municipale, nella sala delle adunanze, previa l'osservanza di tutte le formalità prescritte dalle vigenti leggi, sono stati oggi convocati in seduta i componenti della Giunta Comunale.;;;;;;False
atto_1;docling;markdown;atto_1.md;13;;paragraph;text;Fatto normale appello nominale, risultano:;;;;;;False
atto_1;docling;markdown;atto_1.md;15;;table;table;| | | Presenti / Assenti | Presenti / Assenti |;;;;;;True
atto_1;docling;markdown;atto_1.md;16;;table;table;|--------------------|--------------|----------------------|----------------------|;;;;;;True
atto_1;docling;markdown;atto_1.md;17;;table;table;| CARDILLO Benedetto | Sindaco | Presente | Presente |;;;;;;True
atto_1;docling;markdown;atto_1.md;18;;table;table;| PINCHERA Stefania | Vice Sindaco | | Assente |;;;;;;True
atto_1;docling;markdown;atto_1.md;19;;table;table;| STAGNO Gaetano | Assessore | | Presente |;;;;;;True
atto_1;docling;markdown;atto_1.md;20;;table;table;| | | Totale | |;;;;;;True
atto_1;docling;markdown;atto_1.md;22;;paragraph;text;Assiste il Segretario Comunale Erminio VERNILE, il quale provvede alla redazione del presente verbale. Essendo legale il numero degli intervenuti, il Dott. Benedetto CARDILLO - Sindaco, assume la Presidenza e dichiara aperta la seduta per la trattazione dell'oggetto sopra indicato.;;;;;;False
atto_1;docling;markdown;atto_1.md;24;;paragraph;text;.;;;;;;False
atto_1;docling;markdown;atto_1.md;26;;heading;heading;PREMESSO che:;;;;;PREMESSO;False
atto_1;docling;markdown;atto_1.md;28;;list_item;list_item;"-le Amministrazioni Pubbliche devono adottare, in base a quanto disposto dagli artt. 3 e segg. del D. Lgs. n. 150/2009 e del D. Lgs. n. 74/2017, metodi e strumenti idonei a misurare, valutare e premiare la performance individuale e quella organizzativa, secondo criteri strettamente connessi al soddisfacimento dell'interesse del destinatario dei servizi pubblici;";;;;;;False
atto_1;docling;markdown;atto_1.md;29;;list_item;list_item;"-la Relazione sulla Performance prevista dall'art. 10, comma 1, lettera b), del D. Lgs. n. 150/2009, costituisce lo strumento mediante il quale l'Amministrazione illustra ai cittadini e a tutti gli altri ' stakeholders ' (portatori di interesse), i risultati ottenuti nel corso dell'anno precedente;";;;;;;False
atto_1;docling;markdown;atto_1.md;30;;list_item;list_item;"-per la predisposizione delle linee guida del presente documento sono intervenute le indicazioni sia della CIVIT, ora ANAC, che dell'ANCI, che i Comuni possono prendere a riferimento per la redazione della Relazione sulla Performance;";;;;;;False
atto_1;docling;markdown;atto_1.md;31;;list_item;list_item;"-la Relazione redatta in collaborazione con i vertici dell'Amministrazione va sottoposta alla Giunta per la sua approvazione, ai sensi dell'art. 10 del D. Lgs. n. 150/2009;";;;;;;False
atto_1;docling;markdown;atto_1.md;32;;list_item;list_item;"-con la Relazione sulla Performance si intendono rendicontare le attività poste in essere nel corso dell'anno ed i risultati ottenuti, portando a compimento il Ciclo di Gestione della Performance, così come codificato dal legislatore con l'art. 4 del D. Lgs. n. 150/2009 e con il D. Lgs. n. 74/2017, al fine di rendere trasparente l'azione amministrativa ed applicare i meccanismi premiali previsti dal decreto citato, tenendo in debita considerazione, in linea di principio, le indicazioni fornite dalla Commissione (CIVIT), ora ANAC, per rendere il Ciclo trasparente e leggibile, anche per ottenere la validazione del Nucleo di Valutazione;";;;;;;False
atto_1;docling;markdown;atto_1.md;34;;heading;heading;VISTO:;;;;;VISTO;False
atto_1;docling;markdown;atto_1.md;36;;list_item;list_item;"-la Deliberazione della Giunta Comunale n. 66 del 04.07.2019, con cui è stato approvato il nuovo regolamento per la misurazione, la valutazione e la trasparenza della performance ex D. Lgs. 27 ottobre 2009, n. 150, adeguato al D. Lgs. n. 74/17;";;;;;;False
atto_1;docling;markdown;atto_1.md;37;;list_item;list_item;"-i Decreti sindacali di nomina delle Elevate Qualificazioni, in atti;";;;;;;False
atto_1;docling;markdown;atto_1.md;38;;list_item;list_item;"-la Deliberazione della Giunta Comunale n. 127 del 28.12.2023, con cui è stato approvato il vigente Contratto Collettivo Integrativo (Normativo) del personale del comparto del Comune di Ausonia;";;;;;;False
atto_1;docling;markdown;atto_1.md;39;;list_item;list_item;"-la Deliberazione consiliare n. 1 del 20.01.2025, con la quale è stato approvato il DUP per l'esercizio 2025/2027;";;;;;;False
atto_1;docling;markdown;atto_1.md;40;;list_item;list_item;"-la Deliberazione consiliare n. 3 del 20.01.2025, con la quale è stato approvato Bilancio di Previsione per l'esercizio 2025/2027;";;;;;;False
atto_1;docling;markdown;atto_1.md;41;;list_item;list_item;"-la Deliberazione della Giunta Comunale n. 8 del 20.01.2025, di approvazione del PEG per l'esercizio 2025/2027;";;;;;;False
atto_1;docling;markdown;atto_1.md;42;;list_item;list_item;-la Deliberazione della Giunta Comunale n. 42 del 14.04.2025, con la quale è stato approvato il Piano Integrato di Attività ed Organizzazione (PIAO) 2025/2027, ai sensi dell'art. 6 del D.L. n. 80/2021, convertito con;;;;;;False
atto_1;docling;markdown;atto_1.md;44;;heading;heading;LA GIUNTA COMUNALE;;;;;;False
atto_1;docling;markdown;atto_1.md;46;;paragraph;text;"modificazioni dalla Legge 113/2021, contenente, tra l'altro, il piano triennale dei fabbisogni del personale 2025/2027, il relativo programma delle assunzioni e la Sottosezione 2.2 sulla Performance, contenente la programmazione degli obiettivi e degli indicatori di performance di efficienza e di efficacia i cui esiti dovranno essere rendicontati nella presente relazione;";;;;;;False
atto_1;docling;markdown;atto_1.md;48;;list_item;list_item;"-la Deliberazione consiliare n. 6 dell'11.04.2026, di approvazione del rendiconto dell'esercizio finanziario dell'anno 2025;";;;;;;False
atto_1;docling;markdown;atto_1.md;50;;paragraph;text;"VISTA l'allegata relazione sulla performance anno 2025, parte integrante e sostanziale del presente provvedimento;";;;;;VISTO;False
atto_1;docling;markdown;atto_1.md;52;;heading;heading;CONSIDERATO che:;;;;;CONSIDERATO;False
atto_1;docling;markdown;atto_1.md;54;;list_item;list_item;"-gli obiettivi che l'Amministrazione ha inteso perseguire nell'anno 2025 si ritengono sostanzialmente raggiunti e sono strettamente legati alla premialità, ossia alla distribuzione delle risorse derivanti dal Fondo delle risorse destinato alla produttività in base ai criteri di programmazione e valutazione sopra illustrati;";;;;;;False
atto_1;docling;markdown;atto_1.md;55;;list_item;list_item;"-con la relazione sulla performance si intende favorevolmente adempiuto anche al Controllo di Gestione, come previsto dall'art. 7 e segg. del regolamento comunale sul sistema dei controlli interni ex D.L. 10.10.2012, n. 174, convertito in L. 07.12.2012, n. 213;";;;;;;False
atto_1;docling;markdown;atto_1.md;56;;list_item;list_item;"-ai sensi dell'art. 14, comma 4, lettera c), e comma 6, del D. Lgs. n. 150/2009, la relazione dovrà essere validata dal Nucleo di Valutazione quale condizione inderogabile per l'accesso agli strumenti premiali di cui al Titolo III del decreto in oggetto;";;;;;;False
atto_1;docling;markdown;atto_1.md;57;;list_item;list_item;"-con decreto sindacale n. 2/2025 del 01/04/2025, ai sensi dell'art. 7 del vigente regolamento comunale sull'ordinamento degli uffici e dei servizi, per i compiti in esso contemplati e per le competenze previste da altre norme di legge, è stato nominato il Nucleo di Valutazione esterno dell'Ente, in forma monocratica, nella persona del Dott. Lucio Migliorelli;";;;;;;False
atto_1;docling;markdown;atto_1.md;59;;heading;heading;ATTESO che:;;;;;ATTESO;False
atto_1;docling;markdown;atto_1.md;61;;list_item;list_item;"-i responsabili di settore dell'ente titolari di incarichi di Elevata Qualificazione, ai sensi del vigente regolamento sul sistema di misurazione e valutazione della performance hanno redatto le schede di valutazione del personale dipendente, in atti;";;;;;;False
atto_1;docling;markdown;atto_1.md;62;;list_item;list_item;"-il Nucleo di Valutazione del Comune di Ausonia, con proprio verbale del 16/06/2026, acquisto al protocollo generale dell'ente al n. 3914 del 18/06/2026, ai sensi del vigente regolamento sul sistema di misurazione e valutazione della performance, ha trasmesso la proposta di graduatoria della valutazione della performance dei responsabili di settore dell'ente titolari di incarichi di Elevata Qualificazione relativa all'anno 2025;";;;;;;False
atto_1;docling;markdown;atto_1.md;63;;list_item;list_item;"-da dette schede di valutazione emerge un complessivo esito positivo di valutazione del personale dipendente, in particolare dei responsabili di settore titolari di incarichi di Elevata Qualificazione, in linea con gli obiettivi prefissati per l'anno 2025 ed i rispettivi risultati ATTESI e raggiunti;";;;;;;False
atto_1;docling;markdown;atto_1.md;64;;list_item;list_item;"-il Sindaco ha avallato le valutazioni dei responsabili di settore titolari di incarichi di Elevata Qualificazione e quelle rese da Nucleo di Valutazione per questi ultimi, in quanto si ritengono sostanzialmente raggiunti gli obiettivi che l'Amministrazione ha inteso perseguire nell'anno 2025;";;;;;;False
atto_1;docling;markdown;atto_1.md;66;;paragraph;text;"RITENUTO, pertanto, di dover provvedere ad approvare, ai sensi dell'art. 10 del D. Lgs. n. 150/2009, l'allegata relazione sulla performance relativa all'anno 2025, parte integrante e sostanziale del presente provvedimento, e di trasmetterla, ai sensi dell'art. 14, comma 4, lettera c), e comma 6, del D. Lgs. 150/2009, al Nucleo di Valutazione per la relativa validazione, quale condizione inderogabile per l'accesso agli strumenti premiali di cui al Titolo III del decreto in oggetto, oltre che all' ANAC ai sensi dell'art. 10 del D. Lgs. 150/2009;";;;;;RITENUTO;False
atto_1;docling;markdown;atto_1.md;68;;paragraph;text;"VISTI i pareri favorevoli di regolarità tecnica e contabile espressi, rispettivamente, dal responsabile del Settore amministrativo e dal Responsabile del servizio finanziario ai sensi dell'art. 49 del D. Lgs. 18.08.2000, n. 267;";;;;;VISTI_PARERI;False
atto_1;docling;markdown;atto_1.md;70;;paragraph;text;"Con votazione unanime e favorevole resa in forma palese;";;0.0;;;;False
atto_1;docling;markdown;atto_1.md;72;;heading;heading;DELIBERA;;;;DELIBERA;DELIBERA;False
atto_1;docling;markdown;atto_1.md;74;;paragraph;text;"1. Di considerare la PREMESSA narrativa parte integrante e sostanziale del presente provvedimento;";;;;;;False
atto_1;docling;markdown;atto_1.md;75;;paragraph;text;"2. Di approvare, ai sensi dell'art. 10 del D. Lgs. 150/2009, l'allegata relazione sulla performance relativa all'anno 2025, parte integrante e sostanziale del presente provvedimento;";;;;;;False
atto_1;docling;markdown;atto_1.md;76;;paragraph;text;"3. Di trasmettere, ai sensi dell'art. 14, comma 4, lettera c), e comma 6, del D. Lgs. n. 150/2009, la suddetta relazione al Nucleo di Valutazione, per la relativa validazione, quale condizione inderogabile per l'accesso agli strumenti premiali di cui al Titolo III del Decreto in oggetto, oltre che all' ANAC ai sensi dell'art. 10 del D. Lgs. n. 150/2009;";;;;;;False
atto_1;docling;markdown;atto_1.md;77;;paragraph;text;"4. Di dare ATTO che con la relazione sulla performance si intende favorevolmente adempiuto anche al Controllo di Gestione, come previsto dagli art. 7 e segg. del vigente regolamento comunale sul sistema dei controlli interni ex D.L. 10.10.2012, n. 174, conv. in L. 07.12.2012, n. 213;";;;;;;False
atto_1;docling;markdown;atto_1.md;78;;paragraph;text;5. Di pubblicare la presente deliberazione all'albo pretorio del Comune e sulla pagina dell'Amministrazione Trasparente - Sottosezione 'Performance'.;;;;;;False
atto_1;docling;markdown;atto_1.md;80;;paragraph;text;Con separata votazione, ad esito favorevole ed unanime, in considerazione della rivestita urgenza, la presente deliberazione viene resa immediatamente eseguibile ai sensi dell'art. 134, comma 4, del D. Lgs. n. 267/2000.;;;;;;False
atto_1;docling;markdown;atto_1.md;82;;paragraph;text;LETTO, confermato e sottoscritto.;;;;;LETTO;True
atto_1;docling;markdown;atto_1.md;84;;paragraph;text;IL Sindaco f.to Dott. Benedetto CARDILLO;;;;;;False
atto_1;docling;markdown;atto_1.md;86;;paragraph;text;IL Segretario Comunale f.to Dott. Erminio VERNILE;;;;;;False
atto_1;docling;markdown;atto_1.md;88;;paragraph;text;\_\_\_\_\_\_\_\_\_\_\_\_\_\_\_\_\_\_\_\_\_\_\_\_\_\_\_\_\_\_;;;;;;False
atto_1;docling;markdown;atto_1.md;90;;paragraph;text;\_\_\_\_\_\_\_\_\_\_\_\_\_\_\_\_\_\_\_\_\_\_\_\_\_\_\_\_\_\_;;;;;;False
atto_1;docling;markdown;atto_1.md;92;;paragraph;text;Il sottoscritto Segretario Comunale, VISTI gli atti di ufficio:;;;;;;False
atto_1;docling;markdown;atto_1.md;94;;heading;heading;ATTESTA;;;;ATTESTA;ATTESTA;False
atto_1;docling;markdown;atto_1.md;96;;paragraph;text;Che la presente deliberazione:;;;;;;False
atto_1;docling;markdown;atto_1.md;98;;list_item;list_item;[x]  viene dichiarata immediatamente eseguibile (art. 134, 4° comma del D. Lvo 267/2000);;;;;;False
atto_1;docling;markdown;atto_1.md;100;;list_item;list_item;[ ]  è divenuta esecutiva il 18-06-2026;;;;;;False
atto_1;docling;markdown;atto_1.md;102;;list_item;list_item;[x]  viene comunicata in elenco ai Capigruppo Consiliari (art. 125);;;;;;False
atto_1;docling;markdown;atto_1.md;104;;paragraph;text;IL Segretario Comunale f.to Dott. Erminio VERNILE;;;;;;False
atto_1;docling;markdown;atto_1.md;106;;paragraph;text;\_\_\_\_\_\_\_\_\_\_\_\_\_\_\_\_\_\_\_\_\_\_\_\_\_\_\_\_\_\_;;;;;;False
atto_1;docling;markdown;atto_1.md;108;;paragraph;text;Il sottoscritto responsabile del servizio delle pubblicazioni;;;;;;False
atto_1;docling;markdown;atto_1.md;110;;heading;heading;ATTESTA;;;;ATTESTA;ATTESTA;False
atto_1;docling;markdown;atto_1.md;112;;paragraph;text;Che la presente deliberazione è stata pubblicata, in DATA odierna, per 15 giorni consecutivi dal 18-06- 2026 al 03-07-2026 al numero 387 nel sito web istituzionale di questo Comune accessibile al pubblico al portale www.comunediausonia.it (art. 32, comma 1, della legge 18 giugno 2009, n. 69).;;;;;;False
atto_1;docling;markdown;atto_1.md;114;;paragraph;text;Dalla Residenza Municipale, lì 18-06-2026;;;;;;False
atto_1;docling;markdown;atto_1.md;116;;paragraph;text;IL Responsabile Procedimento Pubblicazione f.to Sig. Onofrio CORENO;;;;;;False
atto_1;docling;markdown;atto_1.md;118;;paragraph;text;\_\_\_\_\_\_\_\_\_\_\_\_\_\_\_\_\_\_\_\_\_\_\_\_\_\_\_\_\_\_;;;;;;False
atto_1;docling;markdown;atto_1.md;120;;paragraph;text;\_\_\_\_\_\_\_\_\_\_\_\_\_\_\_\_\_\_\_\_\_\_\_\_\_\_\_\_\_\_\_\_\_\_\_\_\_\_\_\_\_\_\_\_\_\_\_\_\_\_\_\_\_\_\_\_\_\_\_\_\_\_\_\_\_\_\_\_\_\_\_\_\_\_\_\_\_\_\_\_\_\_;;;;;;False
atto_1;docling;markdown;atto_1.md;122;;paragraph;text;Copia conforme all'originale, in carta libera per uso amministrativo.;;;;;;False
atto_1;docling;markdown;atto_1.md;124;;paragraph;text;Dalla Residenza Municipale, li 18-06-2026;;;;;;False
atto_1;docling;markdown;atto_1.md;126;;paragraph;text;IL Segretario Comunale;;;;;;False
atto_1;docling;markdown;atto_1.md;128;;paragraph;text;Dott. Erminio VERNILE;;;;;;False
atto_1;docling;markdown;atto_1.md;130;;paragraph;text;\_\_\_\_\_\_\_\_\_\_\_\_\_\_\_\_\_\_\_\_\_\_\_\_\_\_\_\_\_\_;;;;;;False
atto_10;docling;markdown;atto_10.md;1;;paragraph;text;;;;;;;True
atto_10;docling;markdown;atto_10.md;3;;paragraph;text; P.zza Asproni - 08021  0784 41 80 20 fax 0784 41 43 08;;;;;;False
atto_10;docling;markdown;atto_10.md;5;;heading;heading;DELIBERAZIONE DELLA GIUNTA COMUNALE;;;;;;False
atto_10;docling;markdown;atto_10.md;7;;table;table;| N. 50 del 04/06/2026 | OGGETTO: Concessione contributo Associazione Sinnos di Bitti per presentazione del libro Arvores - Chiarori di Marilena Rosu |;;;;;;True
atto_10;docling;markdown;atto_10.md;8;;table;table;|------------------------|--------------------------------------------------------------------------------------------------------------------------------|;;;;;;True
atto_10;docling;markdown;atto_10.md;10;;paragraph;text;L'anno duemilaventisei, addì 04 del mese di Giugno alle ore 20:00 nella sala delle adunanze del Comune suddetto, convocata regolarmente la Giunta Municipale, si è la medesima riunita nelle persone seguenti:;;;;;;False
atto_10;docling;markdown;atto_10.md;12;;table;table;| Giuseppe CICCOLINI, Sindaco | presente | Video | Partecipa con funzioni consultive referenti e di assistenza e ne cura la relativa verbalizzazione il Segretario Comunale Dott. Zanzarella Vincenzo |;;;;;;True
atto_10;docling;markdown;atto_10.md;13;;table;table;|---------------------------------------|------------|---------|------------------------------------------------------------------------------------------------------------------------------------------------------|;;;;;;True
atto_10;docling;markdown;atto_10.md;14;;table;table;| Giuseppe PALA, Assessore | presente | Video | Partecipa con funzioni consultive referenti e di assistenza e ne cura la relativa verbalizzazione il Segretario Comunale Dott. Zanzarella Vincenzo |;;;;;;True
atto_10;docling;markdown;atto_10.md;15;;table;table;| Christian FARINA, Assessore | presente | Video | Partecipa con funzioni consultive referenti e di assistenza e ne cura la relativa verbalizzazione il Segretario Comunale Dott. Zanzarella Vincenzo |;;;;;;True
atto_10;docling;markdown;atto_10.md;16;;table;table;| Giovanna Giuseppina MAMELI, Assessora | presente | Video | Partecipa con funzioni consultive referenti e di assistenza e ne cura la relativa verbalizzazione il Segretario Comunale Dott. Zanzarella Vincenzo |;;;;;;True
atto_10;docling;markdown;atto_10.md;17;;table;table;| Pietro SANNA, Assessore | presente | Video | Partecipa con funzioni consultive referenti e di assistenza e ne cura la relativa verbalizzazione il Segretario Comunale Dott. Zanzarella Vincenzo |;;;;;;True
atto_10;docling;markdown;atto_10.md;19;;paragraph;text;"La verifica della regolarità della seduta, svolta secondo le modalità STABILITE nel decreto n. 2 del 05/05/2020, in base alla previsione dell'art. 73, del D.L: 17 marzo 2020, n. 18, è stata operata dal Segretario Comunale Dott. Zanzarella Vincenzo Presiede il Sig. Giuseppe Ciccolini nella sua qualità di Sindaco;";;;;;;False
atto_10;docling;markdown;atto_10.md;21;;paragraph;text;Partecipa con funzioni consultive referenti e di assistenza e ne cura la relativa verbalizzazione il Segretario Comunale Dott. Zanzarella Vincenzo. Il Sindaco, constatato il numero legale degli intervenuti, dichiara aperta la riunione e li invita a DELIBERARE sull'oggetto sopraindicato.;;;;;;False
atto_10;docling;markdown;atto_10.md;23;;heading;heading;LA GIUNTA COMUNALE;;;;;;False
atto_10;docling;markdown;atto_10.md;25;;paragraph;text;ACQUISITI i pareri di cui all'articolo 49 del T.U. 267/00:;;;;;ACQUISITI_PARERI;False
atto_10;docling;markdown;atto_10.md;27;;table;table;| 1 | Si esprime parere favorevole sotto il profilo tecnico-amministrativo. |;;;;;;True
atto_10;docling;markdown;atto_10.md;28;;table;table;|-----|-------------------------------------------------------------------------|;;;;;;True
atto_10;docling;markdown;atto_10.md;29;;table;table;| | IL RESPONSABILE DEL SERVIZIO (Dott.ssa Lucia A. Palmas ) |;;;;;;True
atto_10;docling;markdown;atto_10.md;31;;table;table;| 2 | Si esprime parere favorevole sulla regolarità contabile attestante la copertura finanziaria. |;;;;;;True
atto_10;docling;markdown;atto_10.md;32;;table;table;|-----|------------------------------------------------------------------------------------------------|;;;;;;True
atto_10;docling;markdown;atto_10.md;33;;table;table;| | IL RESPONSABILE DEL SERVIZIO (Dott.ssa Debora Cosseddu) |;;;;;;True
atto_10;docling;markdown;atto_10.md;35;;paragraph;text;Il presente verbale viene approvato e sottoscritto come segue:;;;;;;False
atto_10;docling;markdown;atto_10.md;37;;paragraph;text;Il Sindaco (Sig. Giuseppe Ciccolini);;;;;;False
atto_10;docling;markdown;atto_10.md;39;;paragraph;text;Il Segretario Comunale (Dott. Zanzarella Vincenzo);;;;;;False
atto_10;docling;markdown;atto_10.md;41;;paragraph;text;Il sottoscritto Segretario comunale, VISTI gli atti d'ufficio,;;;;;;False
atto_10;docling;markdown;atto_10.md;43;;paragraph;text;ATTESTA;;;;ATTESTA;ATTESTA;False
atto_10;docling;markdown;atto_10.md;45;;paragraph;text;che la presente deliberazione:;;;;;;False
atto_10;docling;markdown;atto_10.md;47;;list_item;list_item; È stata affissa all'Albo Pretorio Comunale per quindici giorni consecutivi, dal 05/06/2026 al 20/06/2026 ai sensi dell'art.;;;;;;False
atto_10;docling;markdown;atto_10.md;49;;paragraph;text;"124, comma 1, D.Lgs. 267/2000 senza reclami;";;;;;;False
atto_10;docling;markdown;atto_10.md;51;;list_item;list_item;[x]  È diventata esecutiva il giorno 04/06/2026;;;;;;False
atto_10;docling;markdown;atto_10.md;53;;list_item;list_item;"[ ]  Perché dichiarata immediatamente eseguibile (art 134, comma 4, D.Lgs. 267/2000);";;;;;;False
atto_10;docling;markdown;atto_10.md;55;;list_item;list_item;"[ ]  Perché decorsi 10 giorni dalla pubblicazione (art. 134, comma 3, D. Lgs. 267/2000);";;;;;;False
atto_10;docling;markdown;atto_10.md;57;;paragraph;text;Dalla residenza comunale, lì 05/06/2026;;;;;;False
atto_10;docling;markdown;atto_10.md;59;;paragraph;text;Il Segretario Comunale (Dott. Dott. Zanzarella Vincenzo);;;;;;False
atto_10;docling;markdown;atto_10.md;61;;heading;heading;Oggetto. Concessione contributo Associazione Sinnos di Bitti per presentazione del libro Arvores -Chiarori di Marilena Rosu;;;;;;False
atto_10;docling;markdown;atto_10.md;63;;heading;heading;LA GIUNTA;;;;;;False
atto_10;docling;markdown;atto_10.md;65;;paragraph;text;"VISTA la Deliberazione CC n. 3 del 13/03/2026 di approvazione del documento unico di programmazione (DUP) -periodo 2026-2028 discussione e conseguente deliberazione (art. 170, comma 1, del d.lgs. n. 267/2000);";;;;;VISTO;False
atto_10;docling;markdown;atto_10.md;67;;paragraph;text;"VISTA la Deliberazione del Consiglio Comunale N. 4 DEL 13/03/2026 avente per oggetto APPROVAZIONE DEL BILANCIO DI PREVISIONE FINANZIARIO 2026-2028 (ART. 151 DEL D.LGS. N. 267/2000 E ART. 10, D.LGS. N. 118/2011);";;;;;VISTO;False
atto_10;docling;markdown;atto_10.md;69;;paragraph;text;"VISTO il decreto legislativo 23/6/2011 n. 118, emanato in attuazione degli art. 1 e 2 della legge 5 maggio 2009 n. 42 recante 'Disposizioni in materia di armonizzazione dei sistemi contabili e degli schemi di bilancio delle regioni, degli enti locali e dei loro organismi';";;;;;VISTO;False
atto_10;docling;markdown;atto_10.md;71;;paragraph;text;"VISTO il decreto legislativo 18 agosto 2000, n. 267, come modificato e integrato dal D.Lgs. 10 agosto 2014, n. 126, dalla L. 23 dicembre 2014, n. 190 e dal D.L. 19 giugno 2015, n. 78, convertito, con modificazioni, dalla L. 6 agosto 2015, n. 125 e in particolare gli artt. 107, 163, 183, 185 e 191;";;;;;VISTO;False
atto_10;docling;markdown;atto_10.md;73;;paragraph;text;"VISTA la Legge n. 241/1990, concernente ""Nuove norme in materia di procedimento amministrativo e di diritto di accesso ai documenti amministrativi"";";;;;;VISTO;False
atto_10;docling;markdown;atto_10.md;75;;paragraph;text;"VISTO il D.P.R. del 28 dicembre 2000 n. 445, concernente ""Testo unico delle disposizioni legislative e regolamentari in materia di documentazione amministrativa"";";;;;;VISTO;False
atto_10;docling;markdown;atto_10.md;77;;paragraph;text;"VISTA la richiesta presentata dall'Associazine Sinnos con sede a Bitti le cui generalità sono presenti in atti per la presentazione del libro di poesie Arvores -Chiarori di Mariateresa Rosu ;";;;;;VISTO;False
atto_10;docling;markdown;atto_10.md;79;;paragraph;text;"RILEVATO che la giurisprudenza contabile, ormai consolidata, che ha VISTO il pronunciamento della Sezione di controllo per la Liguria 6/2011, 7/2011 11/2011, della Sezione Regionale di controllo per la Lombardia con Parere Esito n.1075/2010 n. 6/2011/PAR, PAR. n.89/2013, e PAR. n. 379/2013 della Sezione di Controllo per il Piemonte secondo le quali 'sono tutt'ora ammesse le contribuzioni a soggetti terzi per iniziative culturali, artistiche, sociali e di promozione turistica che mirano a realizzare gli interessi, economici e non, della collettività amministrata, ossia le finalità istituzionali dell'Ente' e ancora viene chiarito che nel divieto di erogazione dei contributi ' risulta, invece, esclusa l'attività svolta in favore dei cittadini, ' id est' della comunità amministrata, seppure quale esercizio mediato di finalità istituzionali dell'Ente locale e dunque nell'interesse di quest'ultimo;";;;;;RILEVATO;False
atto_10;docling;markdown;atto_10.md;81;;paragraph;text;VISTO l'articolo 3 della legge 13 agosto 2010, n. 136 (pubblicata sulla G.U. 23 agosto 2010, n. 196), come modificato dalla legge n. 217/2010 di conversione del decreto legge n. 187/2010, nell'articolo 6 della stessa legge n. 136 in tema di sanzioni, nonché nell'articolo 6 del decreto legge n. 187/2010, come modificato dalla legge n. 217/2010 che contiene la disciplina transitoria e alcune norme interpretative e di attuazione del predetto articolo 3 riguardate norme relative al 'Piano straordinario contro le mafie' e riguardante le indicazioni 'Sulla tracciabilità dei flussi finanziari',;;;;;VISTO;False
atto_10;docling;markdown;atto_10.md;83;;paragraph;text;"DATO ATTO che viene indicato che le uniche forme di contribuzione consentite da parte di Enti Pubblici sono a favore di Associazioni, fondazioni, società sportive, altri Enti pubblici, Scuole ecc e devono riguardare spese correnti ( es. gestione, organizzazione di manifestazioni, eventi, promozioni, iniziative sociali, culturali, turistiche, ricreative, sportive, ecc. ) e che per le liquidazioni di detti contributi devono essere assolti gli obblighi della tracciabilità ma non deve essere indicato il CIG;";;;;;DATO_ATTO;False
atto_10;docling;markdown;atto_10.md;85;;paragraph;text;"RITENUTO necessario provvedere in merito, concedendo un contributo pari a € 500,00 a sostegno della richiesta presentata dall'Associazine Sinnos con sede a Bitti le cui generalità sono pre senti in atti per la presentazione del libro di poesie Arvores -Chiarori di Mariateresa Rosu;";;;;;RITENUTO;False
atto_10;docling;markdown;atto_10.md;87;;paragraph;text;"RITENUTO necessario demandare al responsabile del servizio Socio Culturale e al responsabile del servizio finanziario l'adozione degli atti consequenziali alla presente deliberazione, fra cui l'assunzione dell'impegno di spesa, negli interventi ove si trova la copertura per la realizzazione delle summenzionate iniziative cap. 1048/99;";;;;;RITENUTO;False
atto_10;docling;markdown;atto_10.md;89;;paragraph;text;"ACQUISITI i pareri di cui all'art. 49 del D.lgs. n.267/2000;";;;;;ACQUISITI_PARERI;False
atto_10;docling;markdown;atto_10.md;91;;paragraph;text;"Di approvare , per le motivazioni espresse in PREMESSA, la proposta presentata approvando e concedendo un contributo pari a € 500,00 all'Associazine Sinnos con sede a Bitti le cui generalità sono presenti in atti per la presentazione del libro di poesie Arvores -Chiarori di Mariateresa Rosu;";;;;;;False
atto_10;docling;markdown;atto_10.md;93;;paragraph;text;"Di demandare ai Responsabili del Servizi gli atti di natura gestionale conseguenti all'adozione della presente deliberazione;";;;;;;False
atto_10;docling;markdown;atto_10.md;95;;paragraph;text;Di dichiarare la presente deliberazione immediatamente eseguibile ai sensi della normativa;;;;;;False
atto_11;docling;markdown;atto_11.md;1;;heading;heading;COMUNE DI AUSONIA;;;;;;False
atto_11;docling;markdown;atto_11.md;3;;heading;heading;Provincia di Frosinone;;;;;;False
atto_11;docling;markdown;atto_11.md;5;;heading;heading;COPIA DI DELIBERAZIONE DELLA GIUNTA COMUNALE;;;;;;False
atto_11;docling;markdown;atto_11.md;7;;heading;heading;Verbale n. 40 del 08-06-2026;;;;;;False
atto_11;docling;markdown;atto_11.md;9;;paragraph;text;OGGETTO: Approvazione programma R...ESTATE AD AUSONIA 2026.;;;;;;False
atto_11;docling;markdown;atto_11.md;11;;paragraph;text;L'anno duemilaventisei, il giorno otto del mese di giugno alle ore 13:00 e seg. in Ausonia e nella residenza municipale, nella sala delle adunanze, previa l'osservanza di tutte le formalità prescritte dalle vigenti leggi, sono stati oggi convocati in seduta i componenti della Giunta Comunale.;;;;;;False
atto_11;docling;markdown;atto_11.md;13;;paragraph;text;Fatto normale appello nominale, risultano:;;;;;;False
atto_11;docling;markdown;atto_11.md;15;;paragraph;text;Presenti / Assenti;;;;;;False
atto_11;docling;markdown;atto_11.md;17;;paragraph;text;CARDILLO Benedetto;;;;;;False
atto_11;docling;markdown;atto_11.md;19;;paragraph;text;Sindaco;;;;;;False
atto_11;docling;markdown;atto_11.md;21;;paragraph;text;Presente;;;;;;False
atto_11;docling;markdown;atto_11.md;23;;paragraph;text;PINCHERA Stefania;;;;;;False
atto_11;docling;markdown;atto_11.md;25;;paragraph;text;Vice Sindaco;;;;;;False
atto_11;docling;markdown;atto_11.md;27;;paragraph;text;Presente;;;;;;False
atto_11;docling;markdown;atto_11.md;29;;paragraph;text;STAGNO Gaetano;;;;;;False
atto_11;docling;markdown;atto_11.md;31;;paragraph;text;Assessore;;;;;;False
atto_11;docling;markdown;atto_11.md;33;;paragraph;text;Presente;;;;;;False
atto_11;docling;markdown;atto_11.md;35;;paragraph;text;Totale;;;;;;False
atto_11;docling;markdown;atto_11.md;37;;paragraph;text;3;;;;;;False
atto_11;docling;markdown;atto_11.md;39;;paragraph;text;0;;;;;;False
atto_11;docling;markdown;atto_11.md;41;;paragraph;text;Assiste il Segretario Comunale Erminio VERNILE, il quale provvede alla redazione del presente verbale. Essendo legale il numero degli intervenuti, il Dott. Benedetto CARDILLO - Sindaco, assume la Presidenza e dichiara aperta la seduta per la trattazione dell'oggetto sopra indicato.;;;;;;False
atto_11;docling;markdown;atto_11.md;43;;paragraph;text;.;;;;;;False
atto_11;docling;markdown;atto_11.md;45;;heading;heading;LA GIUNTA COMUNALE;;;;;;False
atto_11;docling;markdown;atto_11.md;47;;paragraph;text;"PREMESSO che è intenzione dell'amministrazione comunale promuovere, come nelle annualità precedenti, un programma di iniziative ricreative e culturali da realizzare durante il periodo estivo;";;;;;PREMESSO;False
atto_11;docling;markdown;atto_11.md;49;;paragraph;text;"VISTO il programma delle suddette iniziative elaborato dall'amministrazione comunale da svolgersi dal 22 maggio al 29 settembre 2026, volto alla valorizzazione del territorio, alla conservazione dell'identità culturale della comunità locale ed al perpetuarsi di usi, costumi e tradizioni popolari anche tipicamente gastronomiche, in allegato alla presente deliberazione;";;;;;VISTO;False
atto_11;docling;markdown;atto_11.md;51;;paragraph;text;"CONSIDERATO che le attività previste rientrano nelle competenze dell'Ente Locale, svolte nell'interesse della collettività e finalizzate alla valorizzazione territoriale e culturale e allo sviluppo socio-economico locale;";;;;;CONSIDERATO;False
atto_11;docling;markdown;atto_11.md;53;;paragraph;text;"RITENUTO, pertanto, il suddetto programma meritevole di approvazione;";;;;;RITENUTO;False
atto_11;docling;markdown;atto_11.md;55;;paragraph;text;"RITENUTO necessario demandare al responsabile del settore amministrativo l'adozione degli atti gestionali necessari a dare esecuzione alla presente deliberazione, in particolare per l'affidamento delle forniture e dei servizi necessari alla realizzazione delle iniziative previste dal programma;";;;;;RITENUTO;False
atto_11;docling;markdown;atto_11.md;57;;paragraph;text;"VISTI i pareri favorevoli in ordine alla regolarità tecnica espressa dal Responsabile del Servizio interessato e contabile dal Responsabile di Ragioneria ai sensi dell'art. 49 del D. Lgs. 18/08/2000 n. 267;";;;;;VISTI_PARERI;False
atto_11;docling;markdown;atto_11.md;59;;paragraph;text;"VISTO il D. Lgs. n. 267/2000;";;;;;VISTO;False
atto_11;docling;markdown;atto_11.md;61;;paragraph;text;"All'unanimità dei voti resi in forma palese;";;;;;;False
atto_11;docling;markdown;atto_11.md;63;;heading;heading;DELIBERA;;;;DELIBERA;DELIBERA;False
atto_11;docling;markdown;atto_11.md;65;;paragraph;text;"1. Di approvare, per le motivazioni in PREMESSA, il programma delle iniziative previste dall'amministrazione comunale per l'estate denominato R...Estate ad Ausonia 2026, da svolgersi dal 22 maggio al 29 settembre 2026, come da programma in allegato alla presente deliberazione;";;;;;;False
atto_11;docling;markdown;atto_11.md;66;;paragraph;text;2. Di demandare al responsabile del settore amministrativo l'adozione degli atti gestionali necessari a dare esecuzione alla presente deliberazione, in particolare per l'affidamento delle forniture e dei servizi necessari alla realizzazione delle iniziative previste dal programma,;;;;;;False
atto_11;docling;markdown;atto_11.md;68;;paragraph;text;Con separata votazione, ad esito favorevole ed unanime, CONSIDERATA l'urgenza di dover provvedere in merito, la presente deliberazione viene dichiarata immediatamente eseguibile ai sensi dell'art. 134, comma 4, del D. Lgs. n. 267/2000.;;;;;;False
atto_11;docling;markdown;atto_11.md;70;;paragraph;text;LETTO, confermato e sottoscritto.;;;;;LETTO;True
atto_11;docling;markdown;atto_11.md;72;;paragraph;text;IL Sindaco;;;;;;False
atto_11;docling;markdown;atto_11.md;74;;paragraph;text;IL Segretario Comunale f.to Dott. Erminio VERNILE;;;;;;False
atto_11;docling;markdown;atto_11.md;76;;paragraph;text;f.to Dott. Benedetto CARDILLO;;;;;;False
atto_11;docling;markdown;atto_11.md;78;;paragraph;text;\_\_\_\_\_\_\_\_\_\_\_\_\_\_\_\_\_\_\_\_\_\_\_\_\_\_\_\_\_\_;;;;;;False
atto_11;docling;markdown;atto_11.md;80;;paragraph;text;\_\_\_\_\_\_\_\_\_\_\_\_\_\_\_\_\_\_\_\_\_\_\_\_\_\_\_\_\_\_;;;;;;False
atto_11;docling;markdown;atto_11.md;82;;paragraph;text;Il sottoscritto Segretario Comunale, VISTI gli atti di ufficio:;;;;;;False
atto_11;docling;markdown;atto_11.md;84;;heading;heading;ATTESTA;;;;ATTESTA;ATTESTA;False
atto_11;docling;markdown;atto_11.md;86;;paragraph;text;Che la presente deliberazione:;;;;;;False
atto_11;docling;markdown;atto_11.md;88;;list_item;list_item;[x]  viene dichiarata immediatamente eseguibile (art. 134, 4° comma del D. Lvo 267/2000);;;;;;False
atto_11;docling;markdown;atto_11.md;90;;list_item;list_item;[ ]  è divenuta esecutiva il 08-06-2026;;;;;;False
atto_11;docling;markdown;atto_11.md;92;;list_item;list_item;[x]  viene comunicata in elenco ai Capigruppo Consiliari (art. 125);;;;;;False
atto_11;docling;markdown;atto_11.md;94;;paragraph;text;IL Segretario Comunale f.to Dott. Erminio VERNILE;;;;;;False
atto_11;docling;markdown;atto_11.md;96;;paragraph;text;\_\_\_\_\_\_\_\_\_\_\_\_\_\_\_\_\_\_\_\_\_\_\_\_\_\_\_\_\_\_;;;;;;False
atto_11;docling;markdown;atto_11.md;98;;paragraph;text;Il sottoscritto responsabile del servizio delle pubblicazioni;;;;;;False
atto_11;docling;markdown;atto_11.md;100;;heading;heading;ATTESTA;;;;ATTESTA;ATTESTA;False
atto_11;docling;markdown;atto_11.md;102;;paragraph;text;Che la presente deliberazione è stata pubblicata, in DATA odierna, per 15 giorni consecutivi dal 09-06- 2026 al 24-06-2026 al numero 357 nel sito web istituzionale di questo Comune accessibile al pubblico al portale www.comunediausonia.it (art. 32, comma 1, della legge 18 giugno 2009, n. 69).;;;;;;False
atto_11;docling;markdown;atto_11.md;104;;paragraph;text;Dalla Residenza Municipale, lì 09-06-2026;;;;;;False
atto_11;docling;markdown;atto_11.md;106;;paragraph;text;IL Responsabile Procedimento Pubblicazione f.to Sig. Onofrio CORENO;;;;;;False
atto_11;docling;markdown;atto_11.md;108;;paragraph;text;\_\_\_\_\_\_\_\_\_\_\_\_\_\_\_\_\_\_\_\_\_\_\_\_\_\_\_\_\_\_;;;;;;False
atto_11;docling;markdown;atto_11.md;110;;paragraph;text;\_\_\_\_\_\_\_\_\_\_\_\_\_\_\_\_\_\_\_\_\_\_\_\_\_\_\_\_\_\_\_\_\_\_\_\_\_\_\_\_\_\_\_\_\_\_\_\_\_\_\_\_\_\_\_\_\_\_\_\_\_\_\_\_\_\_\_\_\_\_\_\_\_\_\_\_\_\_\_\_\_\_;;;;;;False
atto_11;docling;markdown;atto_11.md;112;;paragraph;text;Copia conforme all'originale, in carta libera per uso amministrativo.;;;;;;False
atto_11;docling;markdown;atto_11.md;114;;paragraph;text;Dalla Residenza Municipale, li 09-06-2026;;;;;;False
atto_11;docling;markdown;atto_11.md;116;;paragraph;text;IL Segretario Comunale Dott. Erminio VERNILE;;;;;;False
atto_11;docling;markdown;atto_11.md;118;;paragraph;text;\_\_\_\_\_\_\_\_\_\_\_\_\_\_\_\_\_\_\_\_\_\_\_\_\_\_\_\_\_\_;;;;;;False
atto_12;docling;markdown;atto_12.md;1;;paragraph;text;;;;;;;True
atto_12;docling;markdown;atto_12.md;3;;heading;heading;COMUNE DI CARINARO;;;;;;False
atto_12;docling;markdown;atto_12.md;5;;heading;heading;Provincia di Caserta;;;;;;False
atto_12;docling;markdown;atto_12.md;7;;heading;heading;Verbale di Deliberazione della Giunta Comunale;;;;;;False
atto_12;docling;markdown;atto_12.md;9;;paragraph;text;N. 53 DEL 18-06-2026;;;;;;False
atto_12;docling;markdown;atto_12.md;11;;paragraph;text;OGGETTO:;;;;;;False
atto_12;docling;markdown;atto_12.md;13;;paragraph;text;"CONCESSIONE PATROCINIO MORALE, CONTRIBUTO ECONOMICO E OCCUPAZIONE DI SUOLO PUBBLICO ALL'AS.D LIBUR PER LO SVOLGIMENTO DELLE MANIFESTAZIONI SPORTIVE-CULTURALI ""TORNEO AMA TORIALE DEI GIOVANI SCACCHISTI DEL CORSO DI SCACCHI"" E ""PRIMA DELLE VACANZED FACCIAMO UNA MOSSA INSIEME!""";;;;;;False
atto_12;docling;markdown;atto_12.md;15;;paragraph;text;"L'anno duemilaventisei addì diciotto del mese di alle ore 18.45 nella sala della Casa Comunale; si è riunita la Giunta Comunale convocata nelle forme di legge. Giugno,";;;;;;False
atto_12;docling;markdown;atto_12.md;17;;paragraph;text;Presiede /adunanza il Sindaco MARIANNA DELL'APROVITOLA e sono rispettivamente presenti e assenti i seguenti Sigg.;;;;;;False
atto_12;docling;markdown;atto_12.md;19;;table;table;| Componente | Presente | Assente |;;;;;;True
atto_12;docling;markdown;atto_12.md;20;;table;table;|--------------------------|------------|-----------|;;;;;;True
atto_12;docling;markdown;atto_12.md;21;;table;table;| DELL'APROVITOLA MARIANNA | X | |;;;;;;True
atto_12;docling;markdown;atto_12.md;22;;table;table;| SARDO GIUSEPPINA | X | |;;;;;;True
atto_12;docling;markdown;atto_12.md;23;;table;table;| SGLAVO NICOLA | X | |;;;;;;True
atto_12;docling;markdown;atto_12.md;24;;table;table;| ESPOSITO NICOLA | X | |;;;;;;True
atto_12;docling;markdown;atto_12.md;25;;table;table;| BARBATO RACHELE | X | |;;;;;;True
atto_12;docling;markdown;atto_12.md;27;;paragraph;text;Numero totale PRESENTI:;;;;;;False
atto_12;docling;markdown;atto_12.md;29;;paragraph;text;5 ASSENTI:;;;;;;False
atto_12;docling;markdown;atto_12.md;31;;paragraph;text;"Con la partecipazione del Segretario Generale SALVATORE CAPOLUONGO, il Presidente; constatato che gli intervenuti sono in numero legale; dichiara aperta la riunione ed invita i convocati a DELIBERARE sull'oggetto sopra indicato.";;;;;;False
atto_12;docling;markdown;atto_12.md;33;;heading;heading;PREMESSO CHE;;;;;PREMESSO;False
atto_12;docling;markdown;atto_12.md;35;;list_item;list_item;"con nota ACQUISITA al protocollo dell' Ente in DATA 11.06.2026 al n. 6620, il sig. Elio Picone, in qualità di Presidente e legale rappresentante dell' A.S.D. Libur, con sede in Carinaro alla Via Croce n. 12, ha richiesto la concessione del patrocinio morale ed economico; nonché Yoccupazione di suolo pubblico in Piazzetta Trieste per lo svolgimento delle manifestazioni sportive-culturali denominate ""Torneo Amatoriale dei Giovani Scacchisti del Corso di Scacchi"" e ""Prima delle vacanze. facciamo una mossa insieme!"" , previste per le giornate del 12 luglio 2026 e del 26 luglio 2026, dalle ore 19.00 alle ore 21:30;";;;;;;False
atto_12;docling;markdown;atto_12.md;36;;list_item;list_item;"con la medesima istanza è stato richiesto un contributo economico pari ad € 200,00 a copertura delle spese di premiazione; cancelleria e materiale necessario allo svolgimento delle iniziative;";;;;;;False
atto_12;docling;markdown;atto_12.md;38;;heading;heading;CONSIDERATO CHE;;;;;CONSIDERATO;False
atto_12;docling;markdown;atto_12.md;40;;list_item;list_item;"le finalità sportive culturali, educative e aggregative; favorendo la socializzazione, linclusione e la partecipazione della cittadinanza;";;;;;;False
atto_12;docling;markdown;atto_12.md;41;;list_item;list_item;"il gioco degli scacchi e della dama costituisce un importante strumento di crescita culturale e formativa, in di sviluppare capacità logiche; strategiche e relazionali; grado";;;;;;False
atto_12;docling;markdown;atto_12.md;42;;list_item;list_item;"le manifestazioni risultano coerenti con gli indirizzi e le finalità istituzionali dell' Amministrazione Comunale;";;;;;;False
atto_12;docling;markdown;atto_12.md;43;;list_item;list_item;"rientra tra gli obiettivi dell' Amministrazione comunale sostenere iniziative di interesse collettivo aventi finalità culturali, sociali e ricreative, promuovendo la partecipazione attiva della comunità locale;";;;;;;False
atto_12;docling;markdown;atto_12.md;45;;paragraph;text;"RITENUTO di accogliere favorevolmente la richiesta dell' A.S.D. Libur, concedendo il patrocinio morale, un contributo economico e lutilizzo del suolo pubblico per l0 svolgimento delle iniziative sopra descritte;";;;;;RITENUTO;False
atto_12;docling;markdown;atto_12.md;47;;heading;heading;VISTI;;;;;VISTO;False
atto_12;docling;markdown;atto_12.md;49;;list_item;list_item;"il 18 agosto 2000, n. 267 ed in particolare gli artt. 48, 49, 107 e 134, comma 4; D.Lgs.";;;;;;False
atto_12;docling;markdown;atto_12.md;50;;list_item;list_item;"lo Statuto Comunale;";;;;;;False
atto_12;docling;markdown;atto_12.md;51;;list_item;list_item;"il Regolamento comunale per la concessione di contributi in favore di associazioni per finalità di promozione di attività culturali; sportive e ricreative; approvato con deliberazione di Consiglio Comunale n. 27 del 30.06.2015;";;;;;;False
atto_12;docling;markdown;atto_12.md;52;;list_item;list_item;"il Bilancio di previsione vigente;";;;;;;False
atto_12;docling;markdown;atto_12.md;54;;heading;heading;SI PROPONE DI DELIBERARE;;;0.0;PROPONE_DELIBERARE;PROPONE_DELIBERARE;False
atto_12;docling;markdown;atto_12.md;56;;list_item;list_item;"1 . DI APPROVARE le PREMESSE parte integrante e sostanziale del presente provvedimento; quali";;;;;;False
atto_12;docling;markdown;atto_12.md;57;;list_item;list_item;"2 DI CONCEDERE all' A.S.D. Libur il patrocinio morale del Comune di Carinaro per lo svolgimento delle manifestazioni sportive-culturali denominate ""Torneo Amatoriale dei Giovani Scacchisti del Corso di Scacchi"" e ""Prima delle vacanze. facciamo una mossa previste per i giorni 12 e 26 luglio 2026;";;;;;;False
atto_12;docling;markdown;atto_12.md;58;;list_item;list_item;3 DI CONCEDERE all' A.S.D. Libur un contributo economico straordinario pari ad € 200,00 ai sensi dell' art. 7 del Regolamento comunale approvato con deliberazione di Consiglio;;;;;;False
atto_12;docling;markdown;atto_12.md;60;;heading;heading;"Comunale n. 27 del 30.06.2015;";;;;;;False
atto_12;docling;markdown;atto_12.md;62;;list_item;list_item;"4 DI DARE ATTO che la relativa spesa trova copertura sul capitolo 1880.1 del Bilancio di previsione vigente; denominato ""Spettacoli elo manifestazioni culturali contributi ad associazioni promotrici"" ;";;;;;;False
atto_12;docling;markdown;atto_12.md;63;;list_item;list_item;"5 . 1 CONCEDERE all' A.S.D. Libur F'occupazione gratuita del suolo pubblico in Piazzetta Trieste per le giornate del 12e 26 luglio 2026, dalle ore 19.00 alle ore 21.30, limitatamente allo svolgimento delle iniziative indicate in PREMESSA; demandando al competente ufficio il rilascio della relativa autorizzazione e l'espletamento degli adempimenti conseguenti.";;;;;;False
atto_12;docling;markdown;atto_12.md;64;;list_item;list_item;"6 DI PRECISARE che la idonea rendicontazione delle spese effettivamente sostenute dall' Associazione beneficiaria;";;;;;;False
atto_12;docling;markdown;atto_12.md;65;;list_item;list_item;"7 DI DARE ATTO che lorganizzazione e lo svolgimento delle manifestazioni avverranno sotto Yesclusiva responsabilità dell' Associazione organizzatrice la dovrà adottare tutte le misure necessarie a garantire il corretto svolgimento delle iniziative nel rispetto della normativa vigente; quale";;;;;;False
atto_12;docling;markdown;atto_12.md;66;;list_item;list_item;"DI DEMANDARE al Responsabile dell' Area Affari Generali e agli altri Responsabili dei servizi competenti; ciascuno per quanto di rispettiva competenza I'adozione degli atti e degli adempimenti conseguenti al presente provvedimento;;";;;;;;False
atto_12;docling;markdown;atto_12.md;67;;list_item;list_item;9 DIDICHIARARE la presente deliberazione immediatamente eseguibile ai sensi dell' art:. 134, comma 4, del n. 267/2000. D.Lgs.;;;;;;False
atto_12;docling;markdown;atto_12.md;69;;heading;heading;LA GIUNTA COMUNALE;;;;;;False
atto_12;docling;markdown;atto_12.md;71;;paragraph;text;"VISTA la proposta di deliberazione sopra riportata;";;;;;VISTO;False
atto_12;docling;markdown;atto_12.md;73;;paragraph;text;"ACQUISITI i pareri favorevoli di regolarità tecnica e contabile espressi ai sensi dell' art. 49 del n 267/2000; D.Lgs.";;;;;ACQUISITI_PARERI;False
atto_12;docling;markdown;atto_12.md;75;;paragraph;text;"RITENUTO di dover approvare integralmente la proposta medesima;";;;;;RITENUTO;False
atto_12;docling;markdown;atto_12.md;77;;paragraph;text;"Con votazione unanime favorevole resa nei modi e termini di legge;";;0.0;;;;False
atto_12;docling;markdown;atto_12.md;79;;heading;heading;DELIBERA;;;;DELIBERA;DELIBERA;False
atto_12;docling;markdown;atto_12.md;81;;list_item;list_item;"1 . DI APPROVARE integralmente la proposta di deliberazione sopra riportata; che si intende integralmente RICHIAMATA e trascritta; qui";;;;;;False
atto_12;docling;markdown;atto_12.md;82;;list_item;list_item;"2 DI CONCEDERE all' A.S.D. Libur il patrocinio morale del Comune di Carinaro per lo svolgimento delle manifestazioni sportive-culturali denominate ""Torneo Amatoriale dei Giovani Scacchisti del Corso di Scacchi"" e ""Prima delle vacanze. facciamo una mossa insiemel previste per i giorni 12 e 26 luglio 2026;";;;;;;False
atto_12;docling;markdown;atto_12.md;83;;list_item;list_item;"3 DI CONCEDERE all' A.S.D. Libur un contributo economico straordinario pari ad € 200,00 ai sensi dell art. 7 del Regolamento comunale approvato con deliberazione di Consiglio Comunale n. 27 del 30.06.2015;";;;;;;False
atto_12;docling;markdown;atto_12.md;84;;list_item;list_item;"4 DI DARE ATTO che la relativa spesa trova copertura sul capitolo 1880.1 del Bilancio di previsione vigente; denominato ""Spettacoli elo manifestazioni culturali contributi ad associazioni promotrici"" ;";;;;;;False
atto_12;docling;markdown;atto_12.md;85;;paragraph;text;"5. DI CONCEDERE all' A.S.D. Libur Yoccupazione del suolo pubblico in Piazzetta Trieste per le giornate del 12 e 26 luglio 2026, dalle ore 19.00 alle ore 21.30, limitatamente allo svolgimento delle iniziative indicate in PREMESSA, demandando al competente ufficio il rilascio della relativa autorizzazione ai sensi della normativa e dei regolamenti vigenti;";;;;;;False
atto_12;docling;markdown;atto_12.md;86;;list_item;list_item;"6 DI PRECISARE che la liquidazione del contributo concesso avverrà previa presentazione di idonea rendicontazione delle spese effettivamente sostenute dall' Associazione beneficiaria;";;;;;;False
atto_12;docling;markdown;atto_12.md;87;;list_item;list_item;"7 DI DARE ATTO che Yorganizzazione e lo svolgimento delle manifestazioni avverranno sotto lesclusiva responsabilità dell' Associazione organizzatrice; la quale dovrà adottare tutte le misure necessarie a garantire il corretto svolgimento delle iniziative nel rispetto della normativa vigente;";;;;;;False
atto_12;docling;markdown;atto_12.md;88;;paragraph;text;"8. DI DEMANDARE al Responsabile dell' Area Affari Generali e agli altri Responsabili dei servizi competenti; ciascuno per quanto di rispettiva competenza, l'adozione degli atti e degli adempimenti conseguenti al presente provvedimento;";;;;;;False
atto_12;docling;markdown;atto_12.md;89;;list_item;list_item;"9 DI DICHIARARE la presente deliberazione immediatamente eseguibile; con separata ed unanime votazione favorevole, ai sensi dell' art. 134, comma 4, del n. 267/2000. D.Lgs.";;;;;;False
atto_12;docling;markdown;atto_12.md;91;;paragraph;text;LETTO, confermato e sottoscritto.;;;;;LETTO;True
atto_12;docling;markdown;atto_12.md;93;;paragraph;text;Il Sindaco MARIANNA DELL'APROVITOLA;;;;;;False
atto_12;docling;markdown;atto_12.md;95;;paragraph;text;Il Segretario SALVATORE CAPOLUONGO;;;;;;False
atto_12;docling;markdown;atto_12.md;97;;heading;heading;CERTIFICATO DI PUBBLICAZIONE;;;;;;True
atto_12;docling;markdown;atto_12.md;99;;heading;heading;IL SEGRETARIO GENERALE;;;;;;False
atto_12;docling;markdown;atto_12.md;101;;heading;heading;ATTESTA;;;;ATTESTA;ATTESTA;False
atto_12;docling;markdown;atto_12.md;103;;paragraph;text;Che la presente deliberazione è stata affissa all' albo pretorio del sito web dell' ente http:l/www comune.carinaro.ce.it conforme alloriginale in DATA 00-00-OOOOe resterà affissa per n. 15 giorni;;;;;;False
atto_12;docling;markdown;atto_12.md;105;;paragraph;text;Il Segretario Generale SALVATORE CAPOLUONGO;;;;;;False
atto_12;docling;markdown;atto_12.md;107;;heading;heading;CERTIFICATO DI ESECUTIVITA';;;;;;False
atto_12;docling;markdown;atto_12.md;109;;list_item;list_item;[ X] Deliberazione dichiarata immediatamente eseguibile ai sensi dell art. 134, comma 4, del D.Lgs.;;;;;;False
atto_12;docling;markdown;atto_12.md;110;;list_item;list_item;"[ JDeliberazione esecutiva ad ogni effetto di legge decorso il decimo giorno di pubblicazione; ai sensi dellart. 134, comma 3, del D.Lgs n. 267/2000 e.ss.mm.ii.";;;;;;False
atto_12;docling;markdown;atto_12.md;112;;paragraph;text;Il Segretario SALVATORE CAPOLUONGO;;;;;;False
atto_12;docling;markdown;atto_12.md;114;;heading;heading;*;;;;;;False
atto_12;docling;markdown;atto_12.md;116;;heading;heading;*;;;;;;False
atto_12;docling;markdown;atto_12.md;118;;paragraph;text;;;;;;;True
atto_12;docling;markdown;atto_12.md;120;;heading;heading;COMUNE DI CARINARO;;;;;;False
atto_12;docling;markdown;atto_12.md;122;;heading;heading;Proposta di Giunta Comunale;;;;;;False
atto_12;docling;markdown;atto_12.md;124;;paragraph;text;"Affari Generali Proposta n"" 47/2026";;;;;;False
atto_12;docling;markdown;atto_12.md;126;;paragraph;text;"OGGETTO: CONCESSIONE PATROCINIO MORALE, CONTRIBUTO ECONOMICO E OCCUPAZIONE DI SUOLO PUBBLICO ALL'A.S.D. LIBUR PER LO SVOLGIMENTO DELLE MANIFESTAZIONI SPORTIVE-CULTURALI ""TORNEO AMATORIALE DEI GIOVANI SCACCHISTI DEL CORSO DI SCACCHI"" E ""PRIMA DELLE VACANZED FACCIAMO UNA MOSSA INSIEME!""\_";;;;;;False
atto_12;docling;markdown;atto_12.md;128;;heading;heading;PARERE DI REGOLARITA TECNICA;;;;;;False
atto_12;docling;markdown;atto_12.md;130;;paragraph;text;(Articolo 147 bis del decreto legislativo 18 agosto 2000, n. 267);;;;;;False
atto_12;docling;markdown;atto_12.md;132;;table;table;| [X] | |;;;;;;True
atto_12;docling;markdown;atto_12.md;133;;table;table;|------------|-----------|;;;;;;True
atto_12;docling;markdown;atto_12.md;134;;table;table;| Favorevole | Contrario |;;;;;;True
atto_12;docling;markdown;atto_12.md;136;;paragraph;text;PICONE VINCENZO;;;;;;False
atto_12;docling;markdown;atto_12.md;138;;paragraph;text;;;;;;;True
atto_12;docling;markdown;atto_12.md;140;;heading;heading;COMUNE DI CARINARO;;;;;;False
atto_12;docling;markdown;atto_12.md;142;;heading;heading;Proposta di Giunta Comunale;;;;;;False
atto_12;docling;markdown;atto_12.md;144;;paragraph;text;"Affari Generali Proposta n"" 47/2026";;;;;;False
atto_12;docling;markdown;atto_12.md;146;;paragraph;text;"OGGETTO: CONCESSIONE PATROCINIO MORALE, CONTRIBUTO ECONOMICO E OCCUPAZIONE DI SUOLO PUBBLICO ALL'A.S.D. LIBUR PER LO SVOLGIMENTO DELLE MANIFESTAZIONI SPORTIVE-CULTURALI ""TORNEO AMATORIALE DEI GIOVANI SCACCHISTI DEL CORSO DI SCACCHI"" E ""PRIMA DELLE VACANZED FACCIAMO UNA MOSSA INSIEME!""\_";;;;;;False
atto_12;docling;markdown;atto_12.md;148;;heading;heading;PARERE DI REGOLARITA CONTABILE;;;;;;False
atto_12;docling;markdown;atto_12.md;150;;paragraph;text;(Articolo 147 bis del decreto legislativo 18 agosto 2000, n. 267);;;;;;False
atto_12;docling;markdown;atto_12.md;152;;table;table;| [X] | | |;;;;;;True
atto_12;docling;markdown;atto_12.md;153;;table;table;|------------|-----------|----------------|;;;;;;True
atto_12;docling;markdown;atto_12.md;154;;table;table;| Favorevole | Contrario | Non Necessario |;;;;;;True
atto_12;docling;markdown;atto_12.md;156;;paragraph;text;FATTORE SALVATORE;;;;;;False
atto_12;docling;markdown;atto_12.md;158;;paragraph;text;;;;;;;True
atto_12;docling;markdown;atto_12.md;160;;heading;heading;COMUNE DI CARINARO;;;;;;False
atto_12;docling;markdown;atto_12.md;162;;paragraph;text;Provincia di Caserta;;;;;;False
atto_12;docling;markdown;atto_12.md;164;;heading;heading;DELIBERAZIONE DI GIUNTA COMUNALE N. 53 DEL 18-06-2026;;;;;;False
atto_12;docling;markdown;atto_12.md;166;;paragraph;text;"OGGETTO: CONCESSIONE PATROCINIO MORALE, CONTRIBUTO ECONOMICO E OCCUPAZIONE DI SUOLO PUBBLICO ALL'A.S.D. LIBUR PER LO SVOLGIMENTO DELLE MANIFESTAZIONI SPORTIVE-CULTURALI ""TORNEO AMA TORIALE DEI GIOVANI SCACCHISTI DEL CORSO DI SCACCHI"" E ""PRIMA DELLE VACANZED FACCIAMO UNA MOSSA INSIEME!""\_";;;;;;False
atto_12;docling;markdown;atto_12.md;168;;heading;heading;CE R TIFIC A T0 PU BBLIC A ZI0 NE;;;;;;False
atto_12;docling;markdown;atto_12.md;170;;paragraph;text;Il sottoscritto responsabile della pubblicazione OLIVA LORENZO certifica che copia della presente deliberazione viene pubblicata il giorno 19-06-2026al/' Albo Pretorio ove rimarrà affissa per 15 giorni consecutivi sino al 04-07-2026,;;;;;;False
atto_12;docling;markdown;atto_12.md;172;;paragraph;text;"Carinaro; 19-06-2026";;;;;;False
atto_12;docling;markdown;atto_12.md;174;;paragraph;text;Il Responsabile della pubblicazione OLIVA LORENZO;;;;;;False
atto_12;docling;markdown;atto_12.md;176;;paragraph;text;Documento informatico sottoscritto con firma digitale ai sensi dell'art.24 del D.Lgs. n.82/2005 e ss.mm.ii.;;;;;;False
atto_13;docling;markdown;atto_13.md;1;;paragraph;text;;;;;;;True
atto_13;docling;markdown;atto_13.md;3;;heading;heading;COMUNE DI CARINARO;;;;;;False
atto_13;docling;markdown;atto_13.md;5;;heading;heading;Provincia di Caserta;;;;;;False
atto_13;docling;markdown;atto_13.md;7;;heading;heading;Verbale di Deliberazione della Giunta Comunale;;;;;;False
atto_13;docling;markdown;atto_13.md;9;;paragraph;text;N. 52 DEL 18-06-2026;;;;;;False
atto_13;docling;markdown;atto_13.md;11;;heading;heading;OGGETTO: CONCESSIONE PATROCINIO ECONOMICO E MORALE ALL'ASSOCIAZIONE SPORTIVA BEAUTY FITNESS A.S.D;;;;;;False
atto_13;docling;markdown;atto_13.md;13;;paragraph;text;L'anno duemilaventisei addì diciotto del mese di Giugno, alle ore 18:45 nella sala della Casa;;;;;;False
atto_13;docling;markdown;atto_13.md;15;;paragraph;text;Comunale, si è riunita la Giunta Comunale convocata nelle forme di legge. Presiede l'adunanza il Sindaco MARIANNA DELL'APROVITOLA e sono rispettivamente presenti e assenti i seguenti Sigg.;;;;;;False
atto_13;docling;markdown;atto_13.md;17;;table;table;| Componente | Presente | Assente |;;;;;;True
atto_13;docling;markdown;atto_13.md;18;;table;table;|--------------------------|------------|-----------|;;;;;;True
atto_13;docling;markdown;atto_13.md;19;;table;table;| DELL'APROVITOLA MARIANNA | X | |;;;;;;True
atto_13;docling;markdown;atto_13.md;20;;table;table;| SARDO GIUSEPPINA | X | |;;;;;;True
atto_13;docling;markdown;atto_13.md;21;;table;table;| SGLAVO NICOLA | X | |;;;;;;True
atto_13;docling;markdown;atto_13.md;22;;table;table;| ESPOSITO NICOLA | X | |;;;;;;True
atto_13;docling;markdown;atto_13.md;23;;table;table;| BARBATO RACHELE | X | |;;;;;;True
atto_13;docling;markdown;atto_13.md;25;;heading;heading;Numero totale PRESENTI: 5- ASSENTI: 0;;;;;;True
atto_13;docling;markdown;atto_13.md;27;;paragraph;text;Con la partecipazione del Segretario Generale SALVATORE CAPOLUONGO, il Presidente, constatato che gli intervenuti sono in numero legale, dichiara aperta la riunione ed invita i convocati a DELIBERARE sull'oggetto sopra indicato.;;;;;;False
atto_13;docling;markdown;atto_13.md;29;;heading;heading;Il Sindaco, di concerto con la Delegata allo Sport Assunta Madonia;;;;;;False
atto_13;docling;markdown;atto_13.md;31;;heading;heading;PREMESSO CHE;;;;;PREMESSO;False
atto_13;docling;markdown;atto_13.md;33;;paragraph;text;con nota ACQUISITA al protocollo dell'Ente in DATA 16/06/2026 al n. 6783, il sig. Luigi Zampella, in qualità di legale rappresentante dell'Associazione Sportiva Beauty Fitness A.S.D., con sede in Aversa (CE), Viale della Libertà SNC, ha richiesto la concessione del patrocinio morale, di un contributo economico a sostegno delle spese organizzative, promozionali, assicurative e logistiche, nonché l'utilizzo gratuito di suolo pubblico in Via Trieste per lo svolgimento delle seguenti iniziative sportive:;;;;;;False
atto_13;docling;markdown;atto_13.md;35;;list_item;list_item;"Corso di Kick Boxing, previsto per il giorno 6 luglio 2026 dalle ore 19:00 alle ore 20:00;";;;;;;False
atto_13;docling;markdown;atto_13.md;36;;list_item;list_item;"Corso di Pilates, previsto per il giorno 8 luglio 2026 dalle ore 19:00 alle ore 20:00;";;;;;;False
atto_13;docling;markdown;atto_13.md;37;;list_item;list_item;"Corso di Functional Training, previsto per il giorno 13 luglio 2026 dalle ore 19:00 alle ore 20:00;";;;;;;False
atto_13;docling;markdown;atto_13.md;38;;list_item;list_item;"Dimostrazione e Allenamento MMA, previsto per il giorno 14 luglio 2026 dalle ore 20:00 alle ore 22:00;";;;;;;False
atto_13;docling;markdown;atto_13.md;40;;paragraph;text;"le iniziative proposte sono rivolte alla cittadinanza e sono finalizzate alla promozione della pratica sportiva, del benessere psicofisico, dell'inclusione sociale e dell'aggregazione comunitaria;";;;;;;False
atto_13;docling;markdown;atto_13.md;42;;heading;heading;CONSIDERATO CHE;;;;;CONSIDERATO;False
atto_13;docling;markdown;atto_13.md;44;;list_item;list_item;"le attività proposte perseguono finalità sportive, educative, sociali e aggregative, favorendo la partecipazione attiva della cittadinanza;";;;;;;False
atto_13;docling;markdown;atto_13.md;45;;list_item;list_item;"l'iniziativa mira a promuovere corretti stili di vita e la pratica sportiva quale strumento di inclusione sociale e di rafforzamento del senso di comunità;";;;;;;False
atto_13;docling;markdown;atto_13.md;46;;list_item;list_item;"le iniziative risultano coerenti con gli indirizzi e le finalità istituzionali dell'Amministrazione comunale;";;;;;;False
atto_13;docling;markdown;atto_13.md;48;;heading;heading;RITENUTO;;;;;RITENUTO;False
atto_13;docling;markdown;atto_13.md;50;;list_item;list_item;"di accogliere favorevolmente la richiesta dell'Associazione Sportiva Beauty Fitness A.S.D., concedendo il patrocinio morale del Comune di Carinaro;";;;;;;False
atto_13;docling;markdown;atto_13.md;51;;list_item;list_item;"di concedere un contributo economico straordinario nella misura massima di € 800,00 quale compartecipazione alle spese organizzative, promozionali, assicurative e logistiche necessarie allo svolgimento delle iniziative;";;;;;;False
atto_13;docling;markdown;atto_13.md;52;;list_item;list_item;"di concedere l'occupazione gratuita del suolo pubblico in Via Trieste nelle DATE e negli orari sopra indicati;";;;;;;False
atto_13;docling;markdown;atto_13.md;54;;heading;heading;VISTI;;;;;VISTO;False
atto_13;docling;markdown;atto_13.md;56;;list_item;list_item;"il D.Lgs. 18 agosto 2000, n. 267 e, in particolare, gli artt. 48, 49, 107 e 134, comma 4;";;;;;;False
atto_13;docling;markdown;atto_13.md;57;;list_item;list_item;"l'art. 12 della Legge 7 agosto 1990, n. 241;";;;;;;False
atto_13;docling;markdown;atto_13.md;58;;list_item;list_item;"lo Statuto comunale;";;;;;;False
atto_13;docling;markdown;atto_13.md;59;;list_item;list_item;"il Regolamento comunale per la concessione di contributi in favore di associazioni per finalità di promozione di attività culturali, sportive e ricreative, approvato con deliberazione di Consiglio Comunale n. 27 del 30.06.2015;";;;;;;False
atto_13;docling;markdown;atto_13.md;61;;heading;heading;SI PROPONE DI DELIBERARE;;;0.0;PROPONE_DELIBERARE;PROPONE_DELIBERARE;False
atto_13;docling;markdown;atto_13.md;63;;paragraph;text;DI APPROVARE le PREMESSE quali parte integrante e sostanziale del presente provvedimento.;;;;;;False
atto_13;docling;markdown;atto_13.md;65;;paragraph;text;DI CONCEDERE all'Associazione Sportiva Beauty Fitness A.S.D. il patrocinio morale del Comune di Carinaro per lo svolgimento delle iniziative sportive indicate in PREMESSA.;;;;;;False
atto_13;docling;markdown;atto_13.md;67;;paragraph;text;DI CONCEDERE all'Associazione Sportiva Beauty Fitness A.S.D., ai sensi dell'art. 7 del Regolamento comunale approvato con deliberazione di Consiglio Comunale n. 27 del 30.06.2015, un contributo economico straordinario nella misura massima di € 800,00.;;;;;;False
atto_13;docling;markdown;atto_13.md;69;;paragraph;text;"DI DARE ATTO che il contributo economico trova copertura sul capitolo 1880.1 del Bilancio di previsione vigente, denominato ""Spettacoli e/o manifestazioni culturali - contributi ad associazioni promotrici"".";;;;;;False
atto_13;docling;markdown;atto_13.md;71;;paragraph;text;DI DEMANDARE al Responsabile dell'Area Affari Generali l'adozione degli atti gestionali conseguenti relativi all'impegno e alla successiva liquidazione del contributo.;;;;;;False
atto_13;docling;markdown;atto_13.md;73;;paragraph;text;DI CONCEDERE l'occupazione gratuita del suolo pubblico in Via Trieste per le giornate del 6, 8 e 13 luglio 2026, dalle ore 19:00 alle ore 20:00, e del 14 luglio 2026, dalle ore 20:00 alle ore 22:00, limitatamente allo svolgimento delle iniziative indicate in PREMESSA.;;;;;;False
atto_13;docling;markdown;atto_13.md;75;;paragraph;text;DI DARE ATTO che il rilascio delle autorizzazioni inerenti all'occupazione del suolo pubblico, nonché l'eventuale adozione di provvedimenti relativi alla viabilità, alla sicurezza e all'utilizzo dell'area, restano demandati ai competenti uffici comunali, ciascuno per quanto di rispettiva competenza.;;;;;;False
atto_13;docling;markdown;atto_13.md;77;;paragraph;text;DI PRECISARE che la liquidazione del contributo concesso avverrà previa presentazione di idonea rendicontazione, corredata dalla documentazione giustificativa delle spese effettivamente sostenute dall'Associazione beneficiaria.;;;;;;False
atto_13;docling;markdown;atto_13.md;79;;paragraph;text;DI DARE ATTO che l'organizzazione e lo svolgimento delle iniziative avverranno sotto l'esclusiva responsabilità dell'Associazione organizzatrice, la quale dovrà adottare tutte le misure necessarie a garantire il corretto svolgimento delle attività nel rispetto della normativa vigente, assumendo ogni responsabilità civile, penale, amministrativa e patrimoniale connessa all'evento.;;;;;;False
atto_13;docling;markdown;atto_13.md;81;;paragraph;text;DI DARE ATTO che la concessione del patrocinio morale, del contributo economico e dell'occupazione gratuita del suolo pubblico non esonera l'Associazione dall'acquisizione di eventuali autorizzazioni, nulla osta, comunicazioni o titoli abilitativi previsti dalla normativa vigente.;;;;;;False
atto_13;docling;markdown;atto_13.md;83;;paragraph;text;DI DEMANDARE al Responsabile dell'Area Tecnica e al Comandante della Polizia Municipale, ciascuno per quanto di rispettiva competenza, l'adozione degli atti e degli adempimenti conseguenti al presente provvedimento.;;;;;;False
atto_13;docling;markdown;atto_13.md;85;;paragraph;text;DI DICHIARARE la presente deliberazione immediatamente eseguibile ai sensi dell'art. 134, comma 4, del D.Lgs. n. 267/2000.;;;;;;False
atto_13;docling;markdown;atto_13.md;87;;heading;heading;LA GIUNTA COMUNALE;;;;;;False
atto_13;docling;markdown;atto_13.md;89;;paragraph;text;"VISTA la proposta di deliberazione sopra riportata;";;;;;VISTO;False
atto_13;docling;markdown;atto_13.md;91;;paragraph;text;"ACQUISITI i pareri favorevoli di regolarità tecnica e contabile espressi ai sensi dell'art. 49 del D.Lgs. n. 267/2000;";;;;;ACQUISITI_PARERI;False
atto_13;docling;markdown;atto_13.md;93;;paragraph;text;"RITENUTO di approvare integralmente la proposta medesima;";;;;;RITENUTO;False
atto_13;docling;markdown;atto_13.md;95;;paragraph;text;"Con votazione unanime favorevole resa nei modi e termini di legge;";;0.0;;;;False
atto_13;docling;markdown;atto_13.md;97;;heading;heading;DELIBERA;;;;DELIBERA;DELIBERA;False
atto_13;docling;markdown;atto_13.md;99;;paragraph;text;Di approvare integralmente la proposta di deliberazione sopra riportata, che qui si intende integralmente RICHIAMATA e trascritta.;;;;;;False
atto_13;docling;markdown;atto_13.md;101;;paragraph;text;Di dichiarare la presente deliberazione immediatamente eseguibile, con separata ed unanime votazione favorevole, ai sensi dell'art. 134, comma 4, del D.Lgs. n. 267/2000.;;;;;;False
atto_13;docling;markdown;atto_13.md;103;;paragraph;text;LETTO, confermato e sottoscritto.;;;;;LETTO;True
atto_13;docling;markdown;atto_13.md;105;;paragraph;text;Il Sindaco MARIANNA DELL'APROVITOLA;;;;;;False
atto_13;docling;markdown;atto_13.md;107;;paragraph;text;Il Segretario SALVATORE CAPOLUONGO;;;;;;False
atto_13;docling;markdown;atto_13.md;109;;heading;heading;CERTIFICATO DI PUBBLICAZIONE;;;;;;True
atto_13;docling;markdown;atto_13.md;111;;heading;heading;IL SEGRETARIO GENERALE;;;;;;False
atto_13;docling;markdown;atto_13.md;113;;heading;heading;ATTESTA;;;;ATTESTA;ATTESTA;False
atto_13;docling;markdown;atto_13.md;115;;paragraph;text;Che la presente deliberazione è stata affissa all' albo pretorio del sito web dell' ente http://www.comune.carinaro.ce.it conforme all'originale in DATA 00-00-0000e resterà affissa per n. 15 giorni consecutivi ai sensi dell'art. 124, comma 1, del Dlgs 18 agosto 2000 n. 267;;;;;;False
atto_13;docling;markdown;atto_13.md;117;;paragraph;text;Il Segretario Generale SALVATORE CAPOLUONGO;;;;;;False
atto_13;docling;markdown;atto_13.md;119;;heading;heading;;;;;;;True
atto_13;docling;markdown;atto_13.md;121;;heading;heading;*;;;;;;False
atto_13;docling;markdown;atto_13.md;123;;heading;heading;CERTIFICATO DI ESECUTIVITA';;;;;;False
atto_13;docling;markdown;atto_13.md;125;;list_item;list_item;[ X ] Deliberazione dichiarata immediatamente eseguibile ai sensi dell' art. 134, comma 4, del D.Lgs. 267/2000 e.ss.mm.ii.;;;;;;False
atto_13;docling;markdown;atto_13.md;126;;list_item;list_item;[ ]Deliberazione esecutiva ad ogni effetto di legge decorso il decimo giorno di pubblicazione, ai sensi dell'art. 134, comma 3, del D.Lgs n. 267/2000 e.ss.mm.ii.;;;;;;False
atto_13;docling;markdown;atto_13.md;128;;paragraph;text;Il Segretario SALVATORE CAPOLUONGO;;;;;;False
atto_13;docling;markdown;atto_13.md;130;;paragraph;text;;;;;;;True
atto_13;docling;markdown;atto_13.md;132;;heading;heading;COMUNE DI CARINARO;;;;;;False
atto_13;docling;markdown;atto_13.md;134;;heading;heading;Proposta di Giunta Comunale;;;;;;False
atto_13;docling;markdown;atto_13.md;136;;paragraph;text;Affari Generali Proposta n° 52/2026;;;;;;False
atto_13;docling;markdown;atto_13.md;138;;heading;heading;OGGETTO: CONCESSIONE PATROCINIO ECONOMICO E MORALE ALL'ASSOCIAZIONE SPORTIVA BEAUTY FITNESS A.S.D;;;;;;False
atto_13;docling;markdown;atto_13.md;140;;paragraph;text;PARERE DI REGOLARITA' TECNICA (Articolo 147 bis del decreto legislativo 18 agosto 2000, n. 267);;;;;;False
atto_13;docling;markdown;atto_13.md;142;;table;table;| [X] | [] |;;;;;;True
atto_13;docling;markdown;atto_13.md;143;;table;table;|------------|-----------|;;;;;;True
atto_13;docling;markdown;atto_13.md;144;;table;table;| Favorevole | Contrario |;;;;;;True
atto_13;docling;markdown;atto_13.md;146;;paragraph;text;Carinaro, lì 18-06-2026;;;;;;False
atto_13;docling;markdown;atto_13.md;148;;paragraph;text;Il Responsabile;;;;;;False
atto_13;docling;markdown;atto_13.md;150;;paragraph;text;PICONE VINCENZO;;;;;;False
atto_13;docling;markdown;atto_13.md;152;;paragraph;text;;;;;;;True
atto_13;docling;markdown;atto_13.md;154;;heading;heading;COMUNE DI CARINARO;;;;;;False
atto_13;docling;markdown;atto_13.md;156;;heading;heading;Proposta di Giunta Comunale;;;;;;False
atto_13;docling;markdown;atto_13.md;158;;paragraph;text;Affari Generali Proposta n° 52/2026;;;;;;False
atto_13;docling;markdown;atto_13.md;160;;heading;heading;OGGETTO: CONCESSIONE PATROCINIO ECONOMICO E MORALE ALL'ASSOCIAZIONE SPORTIVA BEAUTY FITNESS A.S.D;;;;;;False
atto_13;docling;markdown;atto_13.md;162;;heading;heading;PARERE DI REGOLARITA' CONTABILE;;;;;;False
atto_13;docling;markdown;atto_13.md;164;;paragraph;text;(Articolo 147 bis del decreto legislativo 18 agosto 2000, n. 267);;;;;;False
atto_13;docling;markdown;atto_13.md;166;;table;table;| [X] | [] | [] |;;;;;;True
atto_13;docling;markdown;atto_13.md;167;;table;table;|------------|-----------|----------------|;;;;;;True
atto_13;docling;markdown;atto_13.md;168;;table;table;| Favorevole | Contrario | Non Necessario |;;;;;;True
atto_13;docling;markdown;atto_13.md;170;;paragraph;text;Carinaro, lì 18-06-2026;;;;;;False
atto_13;docling;markdown;atto_13.md;172;;paragraph;text;Il Responsabile;;;;;;False
atto_13;docling;markdown;atto_13.md;174;;paragraph;text;FATTORE SALVATORE;;;;;;False
atto_13;docling;markdown;atto_13.md;176;;paragraph;text;;;;;;;True
atto_13;docling;markdown;atto_13.md;178;;heading;heading;COMUNE DI CARINARO;;;;;;False
atto_13;docling;markdown;atto_13.md;180;;paragraph;text;Provincia di Caserta;;;;;;False
atto_13;docling;markdown;atto_13.md;182;;heading;heading;DELIBERAZIONE DI GIUNTA COMUNALE N. 52 DEL 18-06-2026;;;;;;False
atto_13;docling;markdown;atto_13.md;184;;heading;heading;OGGETTO: CONCESSIONE PATROCINIO ECONOMICO E MORALE ALL'ASSOCIAZIONE SPORTIVA BEAUTY FITNESS A.S.D;;;;;;False
atto_13;docling;markdown;atto_13.md;186;;heading;heading;C E R T I F I C A T O D I P U B B L I C A Z I O N E;;;;;;False
atto_13;docling;markdown;atto_13.md;188;;paragraph;text;Il sottoscritto responsabile della pubblicazione OLIVA LORENZO certifica che copia della presente deliberazione viene pubblicata il giorno 19-06-2026 all'Albo Pretorio ove rimarrà affissa per 15 giorni consecutivi sino al 04-07-2026 ,;;;;;;False
atto_13;docling;markdown;atto_13.md;190;;paragraph;text;Carinaro, 19-06-2026;;;;;;False
atto_13;docling;markdown;atto_13.md;192;;paragraph;text;Il Responsabile della pubblicazione OLIVA LORENZO;;;;;;False
atto_13;docling;markdown;atto_13.md;194;;paragraph;text;Documento informatico sottoscritto con firma digitale ai sensi dell'art.24 del D.Lgs. n.82/2005 e ss.mm.ii.;;;;;;False
atto_14;docling;markdown;atto_14.md;1;;paragraph;text;;;;;;;True
atto_14;docling;markdown;atto_14.md;3;;heading;heading;COMUNE DI CARINARO;;;;;;False
atto_14;docling;markdown;atto_14.md;5;;heading;heading;Provincia di Caserta;;;;;;False
atto_14;docling;markdown;atto_14.md;7;;heading;heading;Verbale di Deliberazione della Giunta Comunale;;;;;;False
atto_14;docling;markdown;atto_14.md;9;;paragraph;text;N. 51 DEL 18-06-2026;;;;;;False
atto_14;docling;markdown;atto_14.md;11;;heading;heading;OGGETTO: APPROVAZIONE RELAZIONE SULLA PERFORMANCE P. O - ANNO;;;;;;False
atto_14;docling;markdown;atto_14.md;13;;paragraph;text;2025;;;;;;False
atto_14;docling;markdown;atto_14.md;15;;paragraph;text;L'anno duemilaventisei addì diciotto del mese di Giugno, alle ore 18:45 nella sala della Casa Comunale, si è riunita la Giunta Comunale convocata nelle forme di legge. Presiede l'adunanza il Sindaco MARIANNA DELL'APROVITOLA e sono rispettivamente presenti;;;;;;False
atto_14;docling;markdown;atto_14.md;17;;paragraph;text;e assenti i seguenti Sigg.;;;;;;False
atto_14;docling;markdown;atto_14.md;19;;table;table;| Componente | Presente | Assente |;;;;;;True
atto_14;docling;markdown;atto_14.md;20;;table;table;|--------------------------|------------|-----------|;;;;;;True
atto_14;docling;markdown;atto_14.md;21;;table;table;| DELL'APROVITOLA MARIANNA | X | |;;;;;;True
atto_14;docling;markdown;atto_14.md;22;;table;table;| SARDO GIUSEPPINA | X | |;;;;;;True
atto_14;docling;markdown;atto_14.md;23;;table;table;| SGLAVO NICOLA | X | |;;;;;;True
atto_14;docling;markdown;atto_14.md;24;;table;table;| ESPOSITO NICOLA | X | |;;;;;;True
atto_14;docling;markdown;atto_14.md;25;;table;table;| BARBATO RACHELE | X | |;;;;;;True
atto_14;docling;markdown;atto_14.md;27;;paragraph;text;Numero totale PRESENTI: 5- ASSENTI: 0;;;;;;True
atto_14;docling;markdown;atto_14.md;29;;paragraph;text;Con la partecipazione del Segretario Generale SALVATORE CAPOLUONGO, il Presidente, constatato che gli intervenuti sono in numero legale, dichiara aperta la riunione ed invita i convocati a DELIBERARE sull'oggetto sopra indicato.;;;;;;False
atto_14;docling;markdown;atto_14.md;31;;paragraph;text;LETTO, confermato e sottoscritto.;;;;;LETTO;True
atto_14;docling;markdown;atto_14.md;33;;paragraph;text;Il Sindaco MARIANNA DELL'APROVITOLA;;;;;;False
atto_14;docling;markdown;atto_14.md;35;;paragraph;text;Il Segretario SALVATORE CAPOLUONGO;;;;;;False
atto_14;docling;markdown;atto_14.md;37;;heading;heading;CERTIFICATO DI PUBBLICAZIONE;;;;;;True
atto_14;docling;markdown;atto_14.md;39;;heading;heading;IL SEGRETARIO GENERALE;;;;;;False
atto_14;docling;markdown;atto_14.md;41;;heading;heading;ATTESTA;;;;ATTESTA;ATTESTA;False
atto_14;docling;markdown;atto_14.md;43;;paragraph;text;Che la presente deliberazione è stata affissa all' albo pretorio del sito web dell' ente http://www.comune.carinaro.ce.it conforme all'originale in DATA 00-00-0000e resterà affissa per n. 15 giorni consecutivi ai sensi dell'art. 124, comma 1, del Dlgs 18 agosto 2000 n. 267;;;;;;False
atto_14;docling;markdown;atto_14.md;45;;paragraph;text;Il Segretario Generale SALVATORE CAPOLUONGO;;;;;;False
atto_14;docling;markdown;atto_14.md;47;;heading;heading;;;;;;;True
atto_14;docling;markdown;atto_14.md;49;;heading;heading;*;;;;;;False
atto_14;docling;markdown;atto_14.md;51;;heading;heading;CERTIFICATO DI ESECUTIVITA';;;;;;False
atto_14;docling;markdown;atto_14.md;53;;paragraph;text;[ X ] Deliberazione dichiarata immediatamente eseguibile ai sensi dell' art. 134, comma 4, del D.Lgs. 267/2000 e.ss.mm.ii.;;;;;;False
atto_14;docling;markdown;atto_14.md;55;;paragraph;text;[ ]Deliberazione esecutiva ad ogni effetto di legge decorso il decimo giorno di pubblicazione, ai sensi dell'art. 134, comma 3, del D.Lgs n. 267/2000 e.ss.mm.ii.;;;;;;False
atto_14;docling;markdown;atto_14.md;57;;paragraph;text;Il Segretario SALVATORE CAPOLUONGO;;;;;;False
atto_14;docling;markdown;atto_14.md;59;;paragraph;text;;;;;;;True
atto_14;docling;markdown;atto_14.md;61;;heading;heading;COMUNE DI CARINARO;;;;;;False
atto_14;docling;markdown;atto_14.md;63;;heading;heading;Proposta di Giunta Comunale;;;;;;False
atto_14;docling;markdown;atto_14.md;65;;paragraph;text;Affari Generali Proposta n° 51/2026;;;;;;False
atto_14;docling;markdown;atto_14.md;67;;heading;heading;OGGETTO: APPROVAZIONE RELAZIONE SULLA PERFORMANCE P. O - ANNO 2025;;;;;;False
atto_14;docling;markdown;atto_14.md;69;;paragraph;text;PARERE DI REGOLARITA' TECNICA;;;;;;False
atto_14;docling;markdown;atto_14.md;71;;paragraph;text;(Articolo 147 bis del decreto legislativo 18 agosto 2000, n. 267);;;;;;False
atto_14;docling;markdown;atto_14.md;73;;table;table;| [X] | [] |;;;;;;True
atto_14;docling;markdown;atto_14.md;74;;table;table;|------------|-----------|;;;;;;True
atto_14;docling;markdown;atto_14.md;75;;table;table;| Favorevole | Contrario |;;;;;;True
atto_14;docling;markdown;atto_14.md;77;;paragraph;text;Carinaro, lì 17-06-2026;;;;;;False
atto_14;docling;markdown;atto_14.md;79;;paragraph;text;Il Responsabile;;;;;;False
atto_14;docling;markdown;atto_14.md;81;;paragraph;text;PICONE VINCENZO;;;;;;False
atto_14;docling;markdown;atto_14.md;83;;paragraph;text;;;;;;;True
atto_14;docling;markdown;atto_14.md;85;;heading;heading;COMUNE DI CARINARO;;;;;;False
atto_14;docling;markdown;atto_14.md;87;;heading;heading;Proposta di Giunta Comunale;;;;;;False
atto_14;docling;markdown;atto_14.md;89;;paragraph;text;Affari Generali Proposta n° 51/2026;;;;;;False
atto_14;docling;markdown;atto_14.md;91;;paragraph;text;OGGETTO: APPROVAZIONE RELAZIONE SULLA PERFORMANCE P. O - ANNO 2025;;;;;;False
atto_14;docling;markdown;atto_14.md;93;;paragraph;text;PARERE DI REGOLARITA' CONTABILE (Articolo 147 bis del decreto legislativo 18 agosto 2000, n. 267);;;;;;False
atto_14;docling;markdown;atto_14.md;95;;table;table;| [X] | [] | [] |;;;;;;True
atto_14;docling;markdown;atto_14.md;96;;table;table;|------------|-----------|----------------|;;;;;;True
atto_14;docling;markdown;atto_14.md;97;;table;table;| Favorevole | Contrario | Non Necessario |;;;;;;True
atto_14;docling;markdown;atto_14.md;99;;paragraph;text;Carinaro, lì 17-06-2026;;;;;;False
atto_14;docling;markdown;atto_14.md;101;;paragraph;text;Il Responsabile;;;;;;False
atto_14;docling;markdown;atto_14.md;103;;paragraph;text;FATTORE SALVATORE;;;;;;False
atto_14;docling;markdown;atto_14.md;105;;paragraph;text;;;;;;;True
atto_14;docling;markdown;atto_14.md;107;;heading;heading;COMUNE DI CARINARO;;;;;;False
atto_14;docling;markdown;atto_14.md;109;;paragraph;text;Provincia di Caserta;;;;;;False
atto_14;docling;markdown;atto_14.md;111;;heading;heading;DELIBERAZIONE DI GIUNTA COMUNALE N. 51 DEL 18-06-2026 OGGETTO: APPROVAZIONE RELAZIONE SULLA PERFORMANCE P. O - ANNO 2025;;;;;;False
atto_14;docling;markdown;atto_14.md;113;;heading;heading;C E R T I F I C A T O D I P U B B L I C A Z I O N E;;;;;;False
atto_14;docling;markdown;atto_14.md;115;;paragraph;text;Il sottoscritto responsabile della pubblicazione OLIVA LORENZO certifica che copia della presente deliberazione viene pubblicata il giorno 19-06-2026 all'Albo Pretorio ove rimarrà affissa per 15 giorni consecutivi sino al 04-07-2026 ,;;;;;;False
atto_14;docling;markdown;atto_14.md;117;;paragraph;text;Carinaro, 19-06-2026;;;;;;False
atto_14;docling;markdown;atto_14.md;119;;paragraph;text;Il Responsabile della pubblicazione;;;;;;False
atto_14;docling;markdown;atto_14.md;121;;paragraph;text;OLIVA LORENZO;;;;;;False
atto_14;docling;markdown;atto_14.md;123;;paragraph;text;Documento informatico sottoscritto con firma digitale ai sensi dell'art.24 del D.Lgs. n.82/2005 e ss.mm.ii.;;;;;;False
atto_15;docling;markdown;atto_15.md;1;;paragraph;text;;;;;;;True
atto_15;docling;markdown;atto_15.md;3;;heading;heading;COMUNE DI CARINARO;;;;;;False
atto_15;docling;markdown;atto_15.md;5;;heading;heading;Provincia di Caserta;;;;;;False
atto_15;docling;markdown;atto_15.md;7;;heading;heading;Verbale di Deliberazione della Giunta Comunale;;;;;;False
atto_15;docling;markdown;atto_15.md;9;;paragraph;text;N. 48 DEL 11-06-2026;;;;;;False
atto_15;docling;markdown;atto_15.md;11;;paragraph;text;OGGETTO:;;;;;;False
atto_15;docling;markdown;atto_15.md;13;;paragraph;text;APPROVAZIONE PIAO 2026-2028;;;;;;False
atto_15;docling;markdown;atto_15.md;15;;paragraph;text;L'anno duemilaventisei addì undici del mese di Giugno, alle ore 17:40 nella sala della Casa Comunale, si è riunita la Giunta Comunale convocata nelle forme di legge. Presiede l'adunanza il Sindaco MARIANNA DELL'APROVITOLA e sono rispettivamente presenti e assenti i seguenti Sigg.;;;;;;False
atto_15;docling;markdown;atto_15.md;17;;table;table;| Componente | Presente | Assente |;;;;;;True
atto_15;docling;markdown;atto_15.md;18;;table;table;|--------------------------|------------|-----------|;;;;;;True
atto_15;docling;markdown;atto_15.md;19;;table;table;| DELL'APROVITOLA MARIANNA | X | |;;;;;;True
atto_15;docling;markdown;atto_15.md;20;;table;table;| SARDO GIUSEPPINA | X | |;;;;;;True
atto_15;docling;markdown;atto_15.md;21;;table;table;| SGLAVO NICOLA | X | |;;;;;;True
atto_15;docling;markdown;atto_15.md;22;;table;table;| ESPOSITO NICOLA | X | |;;;;;;True
atto_15;docling;markdown;atto_15.md;23;;table;table;| BARBATO RACHELE | X | |;;;;;;True
atto_15;docling;markdown;atto_15.md;25;;paragraph;text;Numero totale PRESENTI: 5- ASSENTI: 0;;;;;;True
atto_15;docling;markdown;atto_15.md;27;;paragraph;text;Con la partecipazione del Segretario Generale SALVATORE CAPOLUONGO, il Presidente, constatato che gli intervenuti sono in numero legale, dichiara aperta la riunione ed invita i convocati a DELIBERARE sull'oggetto sopra indicato.;;;;;;False
atto_15;docling;markdown;atto_15.md;29;;heading;heading;LA GIUNTA COMUNALE;;;;;;False
atto_15;docling;markdown;atto_15.md;31;;paragraph;text;PRESO ATTO che l'art. 6, cc. 1-4, D.L. 9 giugno 2021, n. 80, dispone:;;;;;PRESO_ATTO;False
atto_15;docling;markdown;atto_15.md;33;;list_item;list_item;' 1. Per assicurare la qualità e la trasparenza dell'attività amministrativa e migliorare la qualità dei servizi ai cittadini e alle imprese e procedere alla costante e progressiva semplificazione e reingegnerizzazione dei processi anche in materia di diritto di accesso, le pubbliche amministrazioni, con esclusione delle scuole di ogni ordine e grado e delle istituzioni educative, di cui all'articolo 1, comma 2, del decreto legislativo 30 marzo 2001, n. 165, con più di cinquanta dipendenti, entro il 31 gennaio di ogni anno adottano il Piano integrato di attività e organizzazione, di seguito denominato Piano, nel rispetto delle vigenti discipline di settore e, in particolare, del decreto legislativo 27 ottobre 2009, n. 150 e della legge 6 novembre 2012, n. 190.;;;;;;False
atto_15;docling;markdown;atto_15.md;34;;paragraph;text;2. Il Piano ha durata triennale, viene aggiornato annualmente e definisce:;;;;;;False
atto_15;docling;markdown;atto_15.md;35;;list_item;list_item;"h) gli obiettivi programmatici e strategici della performance secondo i principi e criteri direttivi di cui all'articolo 10 del decreto legislativo 27 ottobre 2009, n. 150, stabilendo il necessario collegamento della performance individuale ai risultati della performance organizzativa;";;;;;;False
atto_15;docling;markdown;atto_15.md;36;;list_item;list_item;"i) la strategia di gestione del capitale umano e di sviluppo organizzativo, anche mediante il ricorso al lavoro agile, e gli obiettivi formativi annuali e pluriennali, finalizzati ai processi di pianificazione secondo le logiche del project management, al raggiungimento della completa alfabetizzazione digitale, allo sviluppo delle conoscenze tecniche e delle competenze trasversali e manageriali e all'accrescimento culturale e dei titoli di studio del personale, correlati all'ambito d'impiego e alla progressione di carriera del personale;";;;;;;False
atto_15;docling;markdown;atto_15.md;37;;list_item;list_item;"j) compatibilmente con le risorse finanziarie riconducibili al piano triennale dei fabbisogni di personale, di cui all'articolo 6 del decreto legislativo 30 marzo 2001, n. 165, gli strumenti e gli obiettivi del reclutamento di nuove risorse e della valorizzazione delle risorse interne, prevedendo, oltre alle forme di reclutamento ordinario, la percentuale di posizioni disponibili nei limiti STABILITI dalla legge destinata alle progressioni di carriera del personale, anche tra aree diverse, e le modalità di valorizzazione a tal fine dell'esperienza professionale maturata e dell'accrescimento culturale conseguito anche attraverso le attività poste in essere ai sensi della lettera b), assicurando adeguata informazione alle organizzazioni sindacali;";;;;;;False
atto_15;docling;markdown;atto_15.md;38;;list_item;list_item;"k) gli strumenti e le fasi per giungere alla piena trasparenza dei risultati dell'attività e dell'organizzazione amministrativa nonché' per raggiungere gli obiettivi in materia di contrasto alla corruzione, secondo quanto previsto dalla normativa vigente in materia e in conformità agli indirizzi adottati dall'Autorità nazionale anticorruzione (ANAC) con il Piano nazionale anticorruzione;";;;;;;False
atto_15;docling;markdown;atto_15.md;39;;list_item;list_item;"l) l'elenco delle procedure da semplificare e reingegnerizzare ogni anno, anche mediante il ricorso alla tecnologia e sulla base della consultazione degli utenti, nonché la pianificazione delle attività inclusa la graduale misurazione dei tempi effettivi di completamento delle procedure effettuata attraverso strumenti automatizzati;";;;;;;False
atto_15;docling;markdown;atto_15.md;40;;list_item;list_item;m) le modalità e le azioni finalizzate a realizzare la piena accessibilità alle amministrazioni, fisica e digitale, da parte dei cittadini ultrasessantacinquenni e dei cittadini con disabilità;;;;;;False
atto_15;docling;markdown;atto_15.md;41;;list_item;list_item;n) le modalità e le azioni finalizzate al pieno rispetto della parità di genere, anche con riguardo alla composizione delle commissioni esaminatrici dei concorsi.;;;;;;False
atto_15;docling;markdown;atto_15.md;42;;paragraph;text;3. Il Piano definisce le modalità di monitoraggio degli esiti, con cadenza periodica, inclusi gli impatti sugli utenti, anche attraverso rilevazioni della soddisfazione degli utenti stessi mediante gli strumenti di cui al decreto legislativo 27 ottobre 2009, n. 150, nonché' le modalità di monitoraggio dei procedimenti attivati ai sensi del decreto legislativo 20 dicembre 2009, n. 198.;;;;;;False
atto_15;docling;markdown;atto_15.md;43;;paragraph;text;"4. Le pubbliche amministrazioni di cui al comma 1 del presente articolo pubblicano il Piano e i relativi aggiornamenti entro il 31 gennaio di ogni anno nel proprio sito internet istituzionale e li inviano al Dipartimento della funzione pubblica della Presidenza del Consiglio dei ministri per la pubblicazione sul relativo portale. ';";;;;;;False
atto_15;docling;markdown;atto_15.md;45;;heading;heading;VISTI:;;;;;VISTO;False
atto_15;docling;markdown;atto_15.md;47;;paragraph;text;"l'art. 6, c. 5, D.L. 9 giugno 2021, n. 80, come modificato dall'art. 1, c. 12, D.L. 30 dicembre 2021, n. 228, il quale stabilisce che: ' 5. Entro il 31 marzo 2022, con uno o più decreti del Presidente della Repubblica, adottati ai sensi dell'articolo 17, comma 2, della legge 23 agosto 1988, n. 400, previa intesa in sede di Conferenza unificata, ai sensi dell'articolo 9, comma 2, del decreto legislativo 28 agosto 1997, n. 281, sono INDIVIDUATI e abrogati gli adempimenti relativi ai piani assorbiti da quello di cui al presente articolo ';";;;;;;False
atto_15;docling;markdown;atto_15.md;49;;paragraph;text;"l'art. 6, c. 6, D.L. 9 giugno 2021, n. 80, come modificato dall'art. 1, c. 12, D.L. 30 dicembre 2021, n. 228, il quale stabilisce che: ' 6. Entro il medesimo termine di cui al comma 5, con decreto del Ministro per la pubblica amministrazione, di concerto con il Ministro dell'economia e delle finanze, previa intesa in sede di Conferenza unificata, ai sensi dell'articolo 9, comma 2, del decreto legislativo 28 agosto 1997, n. 281, è adottato un Piano tipo, quale strumento di supporto alle amministrazioni di cui al comma 1. Nel Piano tipo sono definite modalità semplificate per l'adozione del Piano di cui al comma 1 da parte delle amministrazioni con meno di cinquanta dipendenti ';";;;;;;False
atto_15;docling;markdown;atto_15.md;51;;paragraph;text;"l'art. 6, c. 6-bis, D.L. 9 giugno 2021, n. 80, come introdotto dall'art. 1, c. 12, D.L. 30 dicembre 2021, n. 228, successivamente modificato dall'art. 7, c. 1, D.L. 30 aprile 2022, n. 36, il quale stabilisce che: ' 6-bis. In sede di prima applicazione il Piano è adottato entro il 30 giugno 2022 e fino al predetto termine non si applicano le sanzioni previste dalle seguenti disposizioni: a) articolo 10, comma 5, del decreto legislativo 27 ottobre 2009, n. 150; b) articolo 14, comma 1, della legge 7 agosto 2015, n. 124; c) articolo 6, comma 6, del decreto legislativo 30 marzo 2001, n. 165 ';";;;;;;False
atto_15;docling;markdown;atto_15.md;53;;paragraph;text;"l'art. 6, c. 7, D.L. 9 giugno 2021, n. 80, il quale stabilisce che: ' 7. In caso di mancata adozione del Piano trovano applicazione le sanzioni di cui all'articolo 10, comma 5, del decreto legislativo 27 ottobre 2009, n. 150, ferme restando quelle previste dall'articolo 19, comma 5, lettera b), del decretolegge 24 giugno 2014, n. 90, convertito, con modificazioni, dalla legge 11 agosto 2014, n. 114 ';";;;;;;False
atto_15;docling;markdown;atto_15.md;55;;paragraph;text;l'art. 6, c. 8, D.L. 9 giugno 2021, n. 80, il quale stabilisce che: ' 8. All'attuazione delle disposizioni di cui al presente articolo le amministrazioni interessate provvedono con le risorse umane, strumentali e finanziarie disponibili a legislazione vigente. Gli enti locali con meno di 15.000 abitanti provvedono al monitoraggio dell'attuazione del presente articolo e al monitoraggio delle performance organizzative anche attraverso l'individuazione di un ufficio associato tra quelli esistenti in ambito provinciale o metropolitano, secondo le indicazioni delle Assemblee dei sindaci o delle Conferenze metropolitane '.;;;;;;False
atto_15;docling;markdown;atto_15.md;57;;heading;heading;CONSIDERATO che:;;;;;CONSIDERATO;False
atto_15;docling;markdown;atto_15.md;59;;list_item;list_item;"il 30 giugno 2022, previa intesa in Conferenza Unificata, ai sensi dell'art. 9, c. 2, D.Lgs. 28 agosto 1997, n. 281, è stato pubblicato sulla Gazzetta Ufficiale Serie Generale n. 151, il Decreto del Presidente della Repubblica n. 81, recante ' Regolamento recante individuazione degli adempimenti relativi ai Piani assorbiti dal Piano integrato di attività e organizzazione ';";;;;;;False
atto_15;docling;markdown;atto_15.md;60;;list_item;list_item;"il 30 giugno 2022, previa intesa in Conferenza Unificata, ai sensi dell'art. 9, c. 2, D.Lgs. 28 agosto 1997, n. 281, è stato pubblicato il Decreto del Ministro per la Pubblica Amministrazione concernente la definizione del contenuto del Piano Integrato di Attività e Organizzazione;";;;;;;False
atto_15;docling;markdown;atto_15.md;62;;paragraph;text;"DATO ATTO che: il Comune di Carinaro, alla DATA del 31/12/2025 ha meno di 50 (cinquanta) dipendenti, computati secondo il metodo di calcolo utilizzato per compilare la tabella 12 del CONTO Annuale, e precisamente 42 (quarantadue);";;;;;DATO_ATTO;False
atto_15;docling;markdown;atto_15.md;64;;paragraph;text;RILEVATO che il D.P.R. 30 giugno 2022, n. 81 recante ' Regolamento recante individuazione degli adempimenti relativi ai Piani assorbiti dal Piano integrato di attività e organizzazione ', pubblicato sulla Gazzetta Ufficiale Serie Generale n. 151 del 30 giugno 2022, stabilisce:;;;;;RILEVATO;False
atto_15;docling;markdown;atto_15.md;66;;list_item;list_item;"all'art. 1, c. 3, che 'Le amministrazioni pubbliche di cui all'articolo 1, comma 2, del decreto legislativo 30 marzo 2001, n. 165, con non più di cinquanta dipendenti sono TENUTE al rispetto degli adempimenti STABILITI nel decreto del Ministro della pubblica amministrazione di cui all'articolo 6, comma 6, del decreto-legge n. 80 del 2021.';";;;;;;False
atto_15;docling;markdown;atto_15.md;68;;paragraph;text;"all'art. 1, c. 4, la soppressione del terzo periodo dell'art. 169, comma 3-bis del decreto legislativo 18 agosto 2000, n. 267, che recitava ' Il piano dettagliato degli obiettivi di cui all'art. 108, comma 1, del presente testo unico e il piano della performance di cui all'art. 10 del decreto legislativo 27 ottobre 2009, n. 150, sono unificati organicamente nel PEG. ', decretando pertanto la separazione fra ilPiano Esecutivo di Gestione, come definito nel citato art. 169, del decreto legislativo 18 agosto 2000, n. 267 e la definizione degli obiettivi di performance dell'Amministrazione;";;;;;;False
atto_15;docling;markdown;atto_15.md;70;;list_item;list_item;all'art. 2, c. 1, che per gli Enti Locali, di cui all'articolo 2, comma 1, del decreto legislativo 18 agosto 2000, n. 267, il piano dettagliato degli obiettivi di cui all'articolo 108, comma 1, del medesimo;;;;;;False
atto_15;docling;markdown;atto_15.md;72;;paragraph;text;"decreto legislativo e il piano della performance di cui all'articolo 10 del decreto legislativo 27 ottobre 2009, n. 150, sono assorbiti nel piano integrato di attività e organizzazione di cui all'articolo 6 del decreto-legge 9 giugno 2021, n. 80, convertito, con modificazioni, dalla legge 6 agosto 2021, n. 113. PRESO ATTO che il decreto del Ministro per la Pubblica Amministrazione concernente la definizione del contenuto del Piano Integrato di Attività e Organizzazione, nonché le modalità semplificate per l'adozione dello stesso per gli Enti con meno di 50 dipendenti, stabilisce all'art. 2, comma 1, in combinato disposto con l'art. 6 del Decreto medesimo, il quale reca le modalità semplificate per la redazione del PIAO per le amministrazioni con meno di cinquanta dipendenti, che il PIAO contiene la scheda anagrafica dell'Amministrazione ed è suddiviso nelle Sezioni di cui agli artt. 3, 4 e 5 del Decreto stesso e ciascuna Sezione è a sua volta ripartita in sottosezioni di programmazione, riferite a specifici ambiti di attività amministrativa e gestionale;";;;;;;False
atto_15;docling;markdown;atto_15.md;74;;paragraph;text;PRESO, inoltre, ATTO che il suddetto decreto dispone:;;;;;;False
atto_15;docling;markdown;atto_15.md;76;;paragraph;text;"all'art. 2, c. 2, che ' Sono esclusi dal Piano integrato di attività e organizzazione gli adempimenti di carattere finanziario non contenuti nell'elenco di cui all'articolo 6, comma 2, lettere da a) a g), del decreto-legge 9 giugno 2021, n. 80, convertito, con modificazioni, dalla legge 6 agosto 2021, n. 113. '; all'art. 6, le modalità semplificate per la redazione del PIAO per le amministrazioni con meno di cinquanta dipendenti, disponendo in particolare al comma 4, che ' Le amministrazioni con meno di 50 dipendenti procedono esclusivamente alle attività di cui al presente articolo, nonché a quanto previsto dal primo periodo dell'articolo 6, comma 1.'";;;;;;False
atto_15;docling;markdown;atto_15.md;78;;paragraph;text;all'art. 7, c. 1, che 'Ai sensi dell'articolo 6, commi 1 e 4, del decreto-legge 9 giugno 2021, n. 80, convertito, con modificazioni, dalla legge 6 agosto 2021, n. 113, il piano integrato di attività e organizzazione è adottato entro il 31 gennaio, secondo lo schema di Piano tipo cui all'articolo 1, comma 3, del presente decreto, ha durata triennale e viene aggiornato annualmente entro la predetta DATA. Il Piano è PREDISPOSTO esclusivamente in formato digitale ed è pubblicato sul sito istituzionale del Dipartimento della funzione pubblica della Presidenza del Consiglio dei Ministri e sul sito istituzionale di ciascuna amministrazione .';;;;;;False
atto_15;docling;markdown;atto_15.md;80;;paragraph;text;"all'art. 8, c. 2, che ' In ogni caso di differimento del termine previsto a legislazione vigente per l'approvazione dei bilanci di previsione, il termine di cui all'articolo 7, comma 1 del presente decreto, è differito di trenta giorni successivi a quello di approvazione dei bilanci ';";;;;;;False
atto_15;docling;markdown;atto_15.md;82;;paragraph;text;"all'art. 8, c. 3, che ' In sede di prima applicazione, il termine di cui all'articolo 7, comma 1, del presente decreto è differito di 120 giorni successivi a quello di approvazione del bilancio di previsione ';";;;;;;False
atto_15;docling;markdown;atto_15.md;84;;paragraph;text;all'art. 11, comma 1, che il Piano Integrato di Attività e Organizzazione, negli Enti Locali è approvato dalla Giunta Comunale.;;;;;;False
atto_15;docling;markdown;atto_15.md;86;;paragraph;text;"VISTA la proposta di Piano integrato di attività e organizzazione (PIAO) 2026-2028;";;;;;VISTO;False
atto_15;docling;markdown;atto_15.md;88;;paragraph;text;"CONSIDERATO quanto sopra, si propone di adottare il Piano integrato di attività e organizzazione (PIAO) 2026-2028, come allegato alla presente deliberazione;";;;;;CONSIDERATO;False
atto_15;docling;markdown;atto_15.md;90;;paragraph;text;VISTI:;;;;;VISTO;False
atto_15;docling;markdown;atto_15.md;92;;paragraph;text;"il Regolamento per il funzionamento degli Uffici e dei Servizi; lo Statuto comunale;";;;;;;False
atto_15;docling;markdown;atto_15.md;94;;paragraph;text;"RITENUTO di provvedere in merito;";;;;;RITENUTO;False
atto_15;docling;markdown;atto_15.md;96;;paragraph;text;"VISTO il decreto legislativo 18 agosto 2000, n. 267;";;;;;VISTO;False
atto_15;docling;markdown;atto_15.md;98;;paragraph;text;"VISTO il decreto legislativo 30 marzo 2001, n. 165;";;;;;VISTO;False
atto_15;docling;markdown;atto_15.md;100;;heading;heading;DELIBERA;;;;DELIBERA;DELIBERA;False
atto_15;docling;markdown;atto_15.md;102;;paragraph;text;"DI APPROVARE il Piano Integrato di Attività e Organizzazione (PIAO) 2026-2028, che allegato alla presente deliberazione ne costituisce parte integrante e sostanziale;";;;;;;False
atto_15;docling;markdown;atto_15.md;104;;paragraph;text;"DI ESCLUDERE dall'approvazione del Piano Integrato di Attività e Organizzazione gli adempimenti di carattere finanziario non contenuti nell'elenco di cui all'art. 6, c. 2, lett. da a) a g), D.L. 9 giugno 2021, n. 80;";;;;;;False
atto_15;docling;markdown;atto_15.md;106;;paragraph;text;DI DEMANDARE al dipendente Ing. Della Volpe Filippo:;;;;;;False
atto_15;docling;markdown;atto_15.md;108;;paragraph;text;"di provvedere alla pubblicazione della presente deliberazione unitamente all'allegato Piano Integrato di Attività e Organizzazione, all'interno della sezione 'Amministrazione trasparente', sotto sezione di primo livello 'Disposizioni generali', sotto sezione di secondo livello 'Atti generali', nella sezione 'Amministrazione trasparente', sotto sezione di primo livello 'Personale', sotto sezione di secondo livello 'Dotazione organica', nella sezione 'Amministrazione trasparente' sotto sezione di primo livello 'Performance', sotto sezione di secondo livello 'Piano della Performance' e nella sezione 'Amministrazione trasparente' sotto sezione di primo livello 'Altri contenuti', sotto sezione di secondo livello 'Prevenzione della corruzione', nella sezione 'Amministrazione trasparente', sotto sezione di primo livello 'Altri contenuti', sotto sezione di secondo livello 'Accessibilità e Catalogo dei DATI, metadati e banche DATI', ai sensi dell'art. 6, c. 4, D.L. 9 giugno 2021, n. 80;";;;;;;False
atto_15;docling;markdown;atto_15.md;110;;paragraph;text;DI DICHIARARE il presente provvedimento immediatamente eseguibile, ai sensi dell'art. 134, comma 4, del D.Lgs. 18.08.2000 n. 267.;;;;;;False
atto_15;docling;markdown;atto_15.md;112;;paragraph;text;LETTO, confermato e sottoscritto.;;;;;LETTO;True
atto_15;docling;markdown;atto_15.md;114;;paragraph;text;Il Sindaco MARIANNA DELL'APROVITOLA;;;;;;False
atto_15;docling;markdown;atto_15.md;116;;paragraph;text;Il Segretario SALVATORE CAPOLUONGO;;;;;;False
atto_15;docling;markdown;atto_15.md;118;;heading;heading;CERTIFICATO DI PUBBLICAZIONE;;;;;;True
atto_15;docling;markdown;atto_15.md;120;;heading;heading;IL SEGRETARIO GENERALE;;;;;;False
atto_15;docling;markdown;atto_15.md;122;;heading;heading;ATTESTA;;;;ATTESTA;ATTESTA;False
atto_15;docling;markdown;atto_15.md;124;;paragraph;text;Che la presente deliberazione è stata affissa all' albo pretorio del sito web dell' ente http://www.comune.carinaro.ce.it conforme all'originale in DATA 00-00-0000e resterà affissa per n. 15 giorni;;;;;;False
atto_15;docling;markdown;atto_15.md;126;;paragraph;text;consecutivi ai sensi dell'art. 124, comma 1, del Dlgs 18 agosto 2000 n. 267;;;;;;False
atto_15;docling;markdown;atto_15.md;128;;paragraph;text;Il Segretario Generale SALVATORE CAPOLUONGO;;;;;;False
atto_15;docling;markdown;atto_15.md;130;;heading;heading;;;;;;;True
atto_15;docling;markdown;atto_15.md;132;;heading;heading;*;;;;;;False
atto_15;docling;markdown;atto_15.md;134;;heading;heading;CERTIFICATO DI ESECUTIVITA';;;;;;False
atto_15;docling;markdown;atto_15.md;136;;list_item;list_item;[ X ] Deliberazione dichiarata immediatamente eseguibile ai sensi dell' art. 134, comma 4, del D.Lgs. 267/2000 e.ss.mm.ii.;;;;;;False
atto_15;docling;markdown;atto_15.md;137;;list_item;list_item;[ ]Deliberazione esecutiva ad ogni effetto di legge decorso il decimo giorno di pubblicazione, ai sensi dell'art. 134, comma 3, del D.Lgs n. 267/2000 e.ss.mm.ii.;;;;;;False
atto_15;docling;markdown;atto_15.md;139;;paragraph;text;Il Segretario SALVATORE CAPOLUONGO;;;;;;False
atto_15;docling;markdown;atto_15.md;141;;paragraph;text;;;;;;;True
atto_15;docling;markdown;atto_15.md;143;;heading;heading;COMUNE DI CARINARO;;;;;;False
atto_15;docling;markdown;atto_15.md;145;;heading;heading;Proposta di Giunta Comunale;;;;;;False
atto_15;docling;markdown;atto_15.md;147;;heading;heading;OGGETTO: APPROVAZIONE PIAO 2026-2028;;;;;;False
atto_15;docling;markdown;atto_15.md;149;;paragraph;text;PARERE DI REGOLARITA' TECNICA;;;;;;False
atto_15;docling;markdown;atto_15.md;151;;paragraph;text;(Articolo 147 bis del decreto legislativo 18 agosto 2000, n. 267);;;;;;False
atto_15;docling;markdown;atto_15.md;153;;table;table;| [X] | [] |;;;;;;True
atto_15;docling;markdown;atto_15.md;154;;table;table;|------------|-----------|;;;;;;True
atto_15;docling;markdown;atto_15.md;155;;table;table;| Favorevole | Contrario |;;;;;;True
atto_15;docling;markdown;atto_15.md;157;;paragraph;text;Carinaro, lì 11-06-2026;;;;;;False
atto_15;docling;markdown;atto_15.md;159;;paragraph;text;Area Contabile Proposta n° 46/2026;;;;;;False
atto_15;docling;markdown;atto_15.md;161;;paragraph;text;Il Responsabile;;;;;;False
atto_15;docling;markdown;atto_15.md;163;;paragraph;text;FATTORE SALVATORE;;;;;;False
atto_15;docling;markdown;atto_15.md;165;;paragraph;text;;;;;;;True
atto_15;docling;markdown;atto_15.md;167;;heading;heading;COMUNE DI CARINARO;;;;;;False
atto_15;docling;markdown;atto_15.md;169;;heading;heading;Proposta di Giunta Comunale;;;;;;False
atto_15;docling;markdown;atto_15.md;171;;paragraph;text;OGGETTO: APPROVAZIONE PIAO 2026-2028;;;;;;False
atto_15;docling;markdown;atto_15.md;173;;paragraph;text;PARERE DI REGOLARITA' CONTABILE (Articolo 147 bis del decreto legislativo 18 agosto 2000, n. 267);;;;;;False
atto_15;docling;markdown;atto_15.md;175;;table;table;| [X] | [] | [] |;;;;;;True
atto_15;docling;markdown;atto_15.md;176;;table;table;|------------|-----------|----------------|;;;;;;True
atto_15;docling;markdown;atto_15.md;177;;table;table;| Favorevole | Contrario | Non Necessario |;;;;;;True
atto_15;docling;markdown;atto_15.md;179;;paragraph;text;Carinaro, lì 11-06-2026;;;;;;False
atto_15;docling;markdown;atto_15.md;181;;paragraph;text;Area Contabile Proposta n° 46/2026;;;;;;False
atto_15;docling;markdown;atto_15.md;183;;paragraph;text;Il Responsabile;;;;;;False
atto_15;docling;markdown;atto_15.md;185;;paragraph;text;FATTORE SALVATORE;;;;;;False
atto_15;docling;markdown;atto_15.md;187;;paragraph;text;;;;;;;True
atto_15;docling;markdown;atto_15.md;189;;heading;heading;COMUNE DI CARINARO;;;;;;False
atto_15;docling;markdown;atto_15.md;191;;paragraph;text;Provincia di Caserta;;;;;;False
atto_15;docling;markdown;atto_15.md;193;;heading;heading;DELIBERAZIONE DI GIUNTA COMUNALE N. 48 DEL 11-06-2026 OGGETTO: APPROVAZIONE PIAO 2026-2028;;;;;;False
atto_15;docling;markdown;atto_15.md;195;;heading;heading;C E R T I F I C A T O D I P U B B L I C A Z I O N E;;;;;;False
atto_15;docling;markdown;atto_15.md;197;;paragraph;text;Il sottoscritto responsabile della pubblicazione OLIVA LORENZO certifica che copia della presente deliberazione viene pubblicata il giorno 11-06-2026 all'Albo Pretorio ove rimarrà affissa per 15 giorni consecutivi sino al 26-06-2026 ,;;;;;;False
atto_15;docling;markdown;atto_15.md;199;;paragraph;text;Carinaro, 11-06-2026;;;;;;False
atto_15;docling;markdown;atto_15.md;201;;paragraph;text;Il Responsabile della pubblicazione;;;;;;False
atto_15;docling;markdown;atto_15.md;203;;paragraph;text;OLIVA LORENZO;;;;;;False
atto_15;docling;markdown;atto_15.md;205;;paragraph;text;Documento informatico sottoscritto con firma digitale ai sensi dell'art.24 del D.Lgs. n.82/2005 e ss.mm.ii.;;;;;;False
atto_16;docling;markdown;atto_16.md;1;;paragraph;text;;;;;;;True
atto_16;docling;markdown;atto_16.md;3;;paragraph;text;ORIGINALE;;;;;;False
atto_16;docling;markdown;atto_16.md;5;;heading;heading;VERBALE DI DELIBERAZIONE DELLA GIUNTA COMUNALE;;;;;;False
atto_16;docling;markdown;atto_16.md;7;;paragraph;text;DELIBERA Numero 62 del 23/06/2026;;;;;DELIBERA;False
atto_16;docling;markdown;atto_16.md;9;;paragraph;text;Oggetto : ADESIONE AL PROGETTO LECCO CLASSICA 2026 SOSTENUTO DALLA FONDAZIONE COMUNITARIA DEL LECCHESE IN COLLABORAZIONE CON FESTIVAL DI BELLAGIO E DEL LAGO DI COMO XV EDIZIONE;;;;;;False
atto_16;docling;markdown;atto_16.md;11;;paragraph;text;L'anno DUEMILAVENTISEI , addì VENTITRE del mese di GIUGNO alle ore 10:43 , il Segretario Comunale, collegato in modalità telematica, dà ATTO che i componenti della Giunta Comunale partecipano alla seduta, mediante collegamento in videoconferenza, ai sensi del vigente regolamento approvato con deliberazione G.C. n. 43 del 28/04/2022.;;;;;;False
atto_16;docling;markdown;atto_16.md;13;;heading;heading;Risultano:;;;;;;False
atto_16;docling;markdown;atto_16.md;15;;table;table;| Cognome e Nome | Qualifica | Presente VideoConf. | Assente |;;;;;;True
atto_16;docling;markdown;atto_16.md;16;;table;table;|------------------|-------------|-----------------------|-----------------------|;;;;;;True
atto_16;docling;markdown;atto_16.md;17;;table;table;| SINDACO | | X | CASSINELLI STEFANO |;;;;;;True
atto_16;docling;markdown;atto_16.md;18;;table;table;| VICESINDACO | | X | MAINONI GIOVANNI LUCA |;;;;;;True
atto_16;docling;markdown;atto_16.md;19;;table;table;| ASSESSORE | | | CARIBONI SANDRO X |;;;;;;True
atto_16;docling;markdown;atto_16.md;21;;paragraph;text;PRESENTI: 2 ASSENTI: 1;;;;;;True
atto_16;docling;markdown;atto_16.md;23;;paragraph;text;Partecipa il Segretario Comunale, Ilaria Anna Cerqua .;;;;;;False
atto_16;docling;markdown;atto_16.md;25;;paragraph;text;Assume la presidenza il Sindaco Stefano Cassinelli che, constatata la legalità dell'adunanza, dichiara aperta la seduta e pone in discussione la seguente pratica segnata all'ordine del giorno:;;;;;;False
atto_16;docling;markdown;atto_16.md;27;;paragraph;text;OGGETTO: ADESIONE AL PROGETTO LECCO CLASSICA 2026 SOSTENUTO DALLA FONDAZIONE COMUNITARIA DEL LECCHESE IN COLLABORAZIONE CON FESTIVAL DI BELLAGIO E DEL LAGO DI COMO XV EDIZIONE;;;;;;False
atto_16;docling;markdown;atto_16.md;29;;heading;heading;LA GIUNTA COMUNALE;;;;;;False
atto_16;docling;markdown;atto_16.md;31;;paragraph;text;"PREMESSO che la Repubblica tutela e promuove lo sviluppo della cultura ai sensi dell'art. 9 della Costituzione; che il principio di sussidiarietà orizzontale di cui all'art. 118, comma 4, Cost. impone alle istituzioni pubbliche di favorire l'autonoma iniziativa dei cittadini e delle formazioni sociali per lo svolgimento di attività di interesse generale; che il Comune di Dervio, quale ente esponenziale della comunità locale, persegue tra le proprie finalità istituzionali - ai sensi dell'art. 9, lett. G) dello Statuto - la promozione di manifestazioni per il tempo libero al fine di favorire momenti di incontro e di crescita culturale;";;;;;PREMESSO;False
atto_16;docling;markdown;atto_16.md;33;;paragraph;text;"PREMESSO ALTRESÌ che la Giunta Comunale esercita, ai sensi dell'art. 48 del D.lgs. 267/2000, la funzione di indirizzo politico-amministrativo dell'Ente e adotta gli atti rientranti nella propria competenza residuale; che rientra tra le attribuzioni proprie della Giunta la decisione di sostenere, mediante partecipazione finanziaria, iniziative di interesse pubblico locale che per la loro natura, dimensione e ricaduta sulla collettività giustifichino il coinvolgimento diretto dell'Ente, in applicazione dei principi di cui agli artt. 3 e 118 Cost. e dell'art. 13 del D.lgs. 267/2000;";;;;;PREMESSO;False
atto_16;docling;markdown;atto_16.md;35;;paragraph;text;"RITENUTO che il Comune di Dervio è dotato del Regolamento Comunale per la Concessione di Benefici Economici ai sensi dell'art. 12 L. 241/1990, approvato con deliberazione CC n. 29 del 22.07.2013, il cui art. 2 annovera espressamente tra le finalità dell'Ente la «promozione della cultura e dello spettacolo» e la «promozione delle attività artistiche», e il cui art. 8, comma 4, riconosce espressamente alla Giunta Comunale la facoltà di destinare risorse di bilancio al finanziamento di « iniziative di particolare valore sociale, civile, morale o culturale rispetto alle quali la contribuzione del Comune può svolgere una funzione incentivante, di coinvolgimento della popolazione o di potenziamento delle iniziative »; che tale disposizione costituisce specifica attribuzione di indirizzo politico alla Giunta, autonoma rispetto alla procedura ordinaria a bando, applicabile allorché l'iniziativa presenti caratteri di eccezionale rilievo culturale tali da giustificarne il riconoscimento diretto; che, in tale contesto, la qualificazione soggettiva del beneficiario è VALUTATA dalla Giunta in funzione della coerenza dell'iniziativa con le finalità pubbliche perseguite, indipendentemente dall'iscrizione ai registri amministrativi interni dell'Ente;";;;;;RITENUTO;False
atto_16;docling;markdown;atto_16.md;37;;paragraph;text;"RILEVATO che l'Associazione Musicale TEMA, con sede legale in Lecco, via Cantù 1, C.F. 97302580150, P.IVA 04114100961, promuove il progetto Lecco Classica 2026, candidato al sostegno della Fondazione Comunitaria del Lecchese, all'interno del quale è prevista la realizzazione di un concerto nel territorio comunale, in programma il 29 giugno 2026 presso la Chiesa dei Santi Pietro e Paolo di Dervio, appuntamento che contribuirà ad arricchire l'offerta culturale locale e a valorizzare uno dei luoghi di maggiore interesse storico, artistico e religioso della comunità. L'evento rappresenterà un'importante occasione di incontro tra musica, patrimonio culturale e territorio, favorendo la partecipazione dei cittadini e l'attrattività del Comune nei confronti di visitatori e appassionati;";;;;;RILEVATO;False
atto_16;docling;markdown;atto_16.md;39;;paragraph;text;RILEVATO altresì che è intenzione dell'Amministrazione Comunale:;;;;;RILEVATO;False
atto_16;docling;markdown;atto_16.md;41;;list_item;list_item;"-collaborare alla realizzazione dell'iniziativa, supportandone la promozione e favorendo, per quanto di competenza, le condizioni organizzative necessarie al buon esito dell'evento previsto a Dervio;";;;;;;False
atto_16;docling;markdown;atto_16.md;42;;list_item;list_item;"-formalizzare la propria adesione al progetto Lecco Classica 2026, in collaborazione con il Festival di Bellagio e del lago di Como XV Edizione mediante il versamento alla Fondazione Comunitaria del Lecchese della somma di Euro 1500,00 (previa presentazione della documentazione di rendicontazione relativa all'evento di Dervio da parte di Associazione Musicale TEMA), a favore del Progetto 2026.0095 Lecco Classica 2026;";;;;;;False
atto_16;docling;markdown;atto_16.md;44;;paragraph;text;"RILEVATO che con istanza del 31 marzo 2026, l'Associazione Musicale TEMA, con sede legale in Lecco, via Cantù 1, C.F. 97302580150, P.IVA 04114100961, nella persona del Direttore Artistico M° Rossella Spinosa, ha richiesto la concessione del patrocinio del Comune di Dervio per la realizzazione del concerto programmato il 29 giugno 2026 presso la Chiesa dei Santi Pietro e Paolo in Dervio (LC) nell'ambito del progetto Lecco Classica 2026, in collaborazione con il Festival di Bellagio e del Lago di Como - XV Edizione;";;;;;RILEVATO;False
atto_16;docling;markdown;atto_16.md;46;;heading;heading;RILEVATO CHE L'Associazione musicale Tema ha dichiarato:;;;;;RILEVATO;False
atto_16;docling;markdown;atto_16.md;48;;list_item;list_item;"che l'iniziativa ha carattere ricorrente ed è inserita in un circuito culturale internazionale in collegamento con la rete dei Comuni del Festival; che sono previste attività di comunicazione (ufficio stampa, materiali editoriali, pubblicità, siti internet); che l'Associazione non persegue scopi di lucro né opera in regime d'impresa; che nella proposta sono inclusi gli oneri SIAE e le relative agibilità;";;;;;;False
atto_16;docling;markdown;atto_16.md;49;;list_item;list_item;"di essere soggetto senza scopo di lucro, operante da oltre quindici anni nel settore della promozione musicale e culturale sul territorio lariano, come risulta dal proprio Statuto associativo;";;;;;;False
atto_16;docling;markdown;atto_16.md;50;;list_item;list_item;"che il Festival di Bellagio e del Lago di Como è una rassegna musicale di respiro internazionale giunta alla XV edizione; il programma dell'edizione 2025 - VERIFICATO sul sito ufficiale www.bellagiofestival.com comprende oltre 20 concerti da giugno ad agosto, coinvolgendo almeno 13 Comuni delle Province di Como e Lecco (tra cui Bellagio, Como, Civate, Oliveto Lario, Dervio, Ello, Magreglio, Menaggio, Mandello del Lario, Lezzeno, Valmadrera, Lecco, Zelbio); la manifestazione si avvale dell'Orchestra di Bellagio e del Lago di Como quale ensemble stabile residente e ospita il Concorso Internazionale Cosima Wagner per strumentisti; i concerti nel territorio sono in larga parte ad ingresso libero, con diretta ricaduta in termini di accessibilità culturale per la cittadinanza e di attrattività turistica per i Comuni ospitanti;";;;;;;False
atto_16;docling;markdown;atto_16.md;52;;list_item;list_item;"che il concerto derviese dell'edizione 2025 (XIV Edizione, 29 giugno 2025, «Il violoncello di Dall'Abaco e Marais», con i giovani violoncellisti del progetto CELLOfest) ha riscosso apprezzamento della cittadinanza, confermando la funzione del Festival quale presidio culturale e vetrina turistica del territorio lacustre;";;;;;;False
atto_16;docling;markdown;atto_16.md;54;;heading;heading;CONSIDERATO in diritto che:;;;;;CONSIDERATO;False
atto_16;docling;markdown;atto_16.md;56;;list_item;list_item;"la presente partecipazione finanziaria dell'Ente all'iniziativa è qualificabile come ATTO di indirizzo politico della Giunta ex art. 48 TUEL, fondato sul perseguimento di un interesse pubblico locale direttamente identificabile: la promozione della cultura, del turismo e dell'immagine del territorio comunale, in applicazione dell'art. 9 Cost. e del principio di sussidiarietà orizzontale ex art. 118, comma 4, Cost.;";;;;;;False
atto_16;docling;markdown;atto_16.md;58;;list_item;list_item;"l'iniziativa integra i presupposti dell'art. 8, comma 4, del Regolamento per la sussistenza di un «particolare valore culturale», ATTESTATO dalla convergenza di elementi oggettivi verificabili: dimensione sovracomunale e internazionale (20+ concerti, 13+ Comuni, Concorso Wagner); comprovata qualità artistica (Orchestra residente, artisti di rilievo nazionale e internazionale); ingresso libero ai concerti, che massimizza la ricaduta collettiva; presenza fisica dell'evento a Dervio con piano di comunicazione che include esplicitamente il Comune; XV edizione, che ATTESTA continuità e affidabilità organizzativa;";;;;;;False
atto_16;docling;markdown;atto_16.md;60;;list_item;list_item;"la concessione è sorretta dai criteri che questa Giunta esplicita e che costituiscono l'indirizzo politico adottato per la presente fattispecie: (i) criterio teleologico: l'iniziativa è coerente con le finalità di promozione della cultura, dello spettacolo e delle attività artistiche di cui all'art. 2 del Regolamento e con l'art. 9 lett. G) dello Statuto; (ii) criterio della ricaduta territoriale: l'evento si svolge fisicamente nel territorio comunale e genera visibilità istituzionale e turistica per il Comune; (iii) criterio della proporzionalità: l'importo di € 1.500,00 è congruo rispetto alla valenza dell'iniziativa e contenuto entro le disponibilità di bilancio;";;;;;;False
atto_16;docling;markdown;atto_16.md;61;;list_item;list_item;"la concessione del patrocinio non comporta assunzione di responsabilità in ordine agli aspetti organizzativi, di sicurezza e normativi della manifestazione, né esonera il beneficiario dall'obbligo di ottenere le autorizzazioni di competenza pubblica;";;;;;;False
atto_16;docling;markdown;atto_16.md;63;;paragraph;text;"VISTI gli artt. 9 e 118, comma 4, della Costituzione;";;;;;VISTO;False
atto_16;docling;markdown;atto_16.md;65;;heading;heading;VISTO :;;;;;VISTO;False
atto_16;docling;markdown;atto_16.md;67;;list_item;list_item;"-l'art. 48 del D.Lgs. 18 agosto 2000, n. 267 (TUEL);";;;;;;False
atto_16;docling;markdown;atto_16.md;68;;list_item;list_item;"-l'art. 13 del D.Lgs. 267/2000, concernente le funzioni e i compiti dei Comuni;";;;;;;False
atto_16;docling;markdown;atto_16.md;69;;list_item;list_item;"-l'art. 9, lett. G) dello Statuto del Comune di Dervio;";;;;;;False
atto_16;docling;markdown;atto_16.md;70;;list_item;list_item;"-il Regolamento Comunale per la Concessione di Benefici Economici ai sensi dell'art. 12 L. 241/1990, approvato con deliberazione CC n. 29 del 22.07.2013, ed in particolare gli artt. 2 (finalità istituzionali) e 8, comma 4 (iniziative di particolare valore culturale - attribuzione alla Giunta);";;;;;;False
atto_16;docling;markdown;atto_16.md;71;;list_item;list_item;"-l'art. 12 della L. 7 agosto 1990, n. 241;";;;;;;False
atto_16;docling;markdown;atto_16.md;72;;list_item;list_item;"-l'art. 3 della L. 241/1990, sull'obbligo di motivazione dei provvedimenti amministrativi;";;;;;;False
atto_16;docling;markdown;atto_16.md;73;;list_item;list_item;"-gli artt. 26 e 27 del D.Lgs. 14 marzo 2013, n. 33 (obblighi di pubblicazione in Amministrazione Trasparente per contributi superiori a € 1.000,00);";;;;;;False
atto_16;docling;markdown;atto_16.md;75;;paragraph;text;DATO ATTO che sono stati ACQUISITI i pareri favorevoli ai sensi dell'art. 49, comma 1, D.Lgs. 267/2000:;;;;;DATO_ATTO;False
atto_16;docling;markdown;atto_16.md;77;;list_item;list_item;"parere di regolarità tecnica del Responsabile del Servizio competente;";;;;;;False
atto_16;docling;markdown;atto_16.md;78;;list_item;list_item;"parere di regolarità contabile del Responsabile del Servizio Finanziario, con attestazione di copertura finanziaria ai sensi dell'art. 151 TUEL;";;;;;;False
atto_16;docling;markdown;atto_16.md;80;;paragraph;text;"RICONOSCIUTA la propria competenza ai sensi dell'art. 48 del D.Lgs. n. 267/2000;";;;;;RICONOSCIUTO;False
atto_16;docling;markdown;atto_16.md;82;;paragraph;text;"Con voti unanimi resi e VERIFICATI nei modi e forme di legge;";;0.0;;;;False
atto_16;docling;markdown;atto_16.md;84;;heading;heading;DELIBERA;;;;DELIBERA;DELIBERA;False
atto_16;docling;markdown;atto_16.md;86;;paragraph;text;per le motivazioni espresse in PREMESSA che qui si intendono integralmente riportate:;;;;;;False
atto_16;docling;markdown;atto_16.md;88;;paragraph;text;"1. Di aderire al progetto Lecco Classica 2026, promosso da Associazione Musicale TEMA e candidato al sostegno della Fondazione Comunitaria del Lecchese mediante il versamento alla Fondazione Comunitaria del Lecchese della somma di Euro 1500,00 (previa presentazione della documentazione di rendicontazione relativa all'evento di Dervio da parte di Associazione Musicale TEMA), a favore del Progetto 2026.0095 Lecco Classica 2026;";;;;;;False
atto_16;docling;markdown;atto_16.md;89;;paragraph;text;"2. Di concedere il patrocinio del Comune di Dervio del Comune di Dervio per la realizzazione del concerto programmato il 29 giugno 2026 presso la Chiesa dei Santi Pietro e Paolo in Dervio (LC) nell'ambito del progetto Lecco Classica 2026, in collaborazione con il Festival di Bellagio e del Lago di Como - XV Edizione;";;;;;;False
atto_16;docling;markdown;atto_16.md;90;;paragraph;text;"3. Di dare mandato al Responsabile del Servizio Cultura sport e turismo tempo libero di assumere apposito impegno di spesa e tutte le determinazioni necessarie a dar seguito al presente ATTO;";;;;;;False
atto_16;docling;markdown;atto_16.md;91;;paragraph;text;4. Di comunicare la presente ai Capigruppo Consiliari ai sensi e per gli effetti di cui all'art. 125 del Decreto Legislativo 18 agosto 2000 n. 267.;;;;;;False
atto_16;docling;markdown;atto_16.md;92;;paragraph;text;5. Di disporre , ai sensi dell'art. 32 - comma 1 della legge 18 giugno 2009 n. 69, la pubblicazione della presente deliberazione all'Albo on line, per 15 giorni consecutivi, nell'apposita sezione del sito istituzionale del Comune e nella sezione Amministrazione Trasparente.;;;;;;False
atto_16;docling;markdown;atto_16.md;93;;paragraph;text;6. Di dichiarare , con separata votazione la presente deliberazione immediatamente eseguibile, ai sensi dell'art. 134, comma 4 del D.lgs. n. 267 del 18.08.2000 stante l'urgenza di provvedere a quanto deliberato.;;;;;;False
atto_16;docling;markdown;atto_16.md;95;;paragraph;text;Il presente verbale viene LETTO, approvato e sottoscritto.;;;;;;False
atto_16;docling;markdown;atto_16.md;97;;paragraph;text;il Sindaco Stefano Cassinelli il Segretario Comunale Ilaria Anna Cerqua;;;;;;False
atto_17;docling;markdown;atto_17.md;1;;paragraph;text;;;;;;;True
atto_17;docling;markdown;atto_17.md;3;;paragraph;text;COPIA;;;;;;False
atto_17;docling;markdown;atto_17.md;5;;heading;heading;COMUNE DI MOIMACCO;;;;;;False
atto_17;docling;markdown;atto_17.md;7;;paragraph;text;Provincia di Udine;;;;;;False
atto_17;docling;markdown;atto_17.md;9;;paragraph;text;\_\_\_\_\_\_\_\_\_\_;;;;;;False
atto_17;docling;markdown;atto_17.md;11;;heading;heading;VERBALE DI DELIBERAZIONE DELLA GIUNTA COMUNALE;;;;;;False
atto_17;docling;markdown;atto_17.md;13;;paragraph;text;\_\_\_\_\_\_\_\_\_\_;;;;;;False
atto_17;docling;markdown;atto_17.md;15;;paragraph;text;ANNO 2026 del Reg. Delibere;;;;;;False
atto_17;docling;markdown;atto_17.md;17;;paragraph;text;N. 9;;;;;;False
atto_17;docling;markdown;atto_17.md;19;;paragraph;text;OGGETTO: ART 19, COMMA 5 DEL D.LGS 175/20016 - DETERMINAZIONE OBIETTIVI PER IL CONTENIMENTO DELLE SPESE DI FUNZIONAMENTO, CON PARTICOLARE RIFERIMENTO AL PERSONALE;;;;;;False
atto_17;docling;markdown;atto_17.md;21;;paragraph;text;L'anno 2026 , il giorno 30 del mese di Gennaio alle ore 13:21 in modalità telematica, presso la sede comunale si è riunita la Giunta Comunale. La seduta si svolge in collegamento telematico, nel rispetto dei criteri di funzionamento approvati con DELIBERA di Consiglio Comunale n. 17 del 08/04/2022. Fatto l'appello nominale risultano:;;;;;;False
atto_17;docling;markdown;atto_17.md;23;;table;table;| | | Presente/Assente |;;;;;;True
atto_17;docling;markdown;atto_17.md;24;;table;table;|-------------------------|--------------|---------------------|;;;;;;True
atto_17;docling;markdown;atto_17.md;25;;table;table;| dott. Basaldella Enrico | Sindaco | Presente in sede |;;;;;;True
atto_17;docling;markdown;atto_17.md;26;;table;table;| Bassetti Franca | Vice Sindaco | Presente a distanza |;;;;;;True
atto_17;docling;markdown;atto_17.md;27;;table;table;| Lavarone Roberto | Assessore | Assente |;;;;;;True
atto_17;docling;markdown;atto_17.md;28;;table;table;| Rosati Alberto | Assessore | Presente a distanza |;;;;;;True
atto_17;docling;markdown;atto_17.md;29;;table;table;| Simoncig Davide | Assessore | Presente a distanza |;;;;;;True
atto_17;docling;markdown;atto_17.md;31;;paragraph;text;Assiste il Segretario Stanig dott.ssa Eva.;;;;;;False
atto_17;docling;markdown;atto_17.md;33;;paragraph;text;Constatato il numero degli intervenuti, assume la presidenza il sig. Basaldella dott. Enrico nella sua qualità di Sindaco, espone gli oggetti iscritti all'ordine del giorno e dichiara aperta la discussione per la trattazione dell'argomento indicato in oggetto.;;;;;;False
atto_17;docling;markdown;atto_17.md;35;;paragraph;text;OGGETTO: ART 19, COMMA 5 DEL D.LGS 175/20016 - DETERMINAZIONE OBIETTIVI PER IL CONTENIMENTO DELLE SPESE DI FUNZIONAMENTO, CON PARTICOLARE RIFERIMENTO AL PERSONALE;;;;;;False
atto_17;docling;markdown;atto_17.md;37;;heading;heading;Proposta di DELIBERA della Giunta Comunale;;;;;;False
atto_17;docling;markdown;atto_17.md;39;;paragraph;text;"DATO ATTO che CAFC S.p.A. è gestore unico in house providing (ex art.16 D.Lgs. 175/2016 ed ex artt. 5 e 192 D.Lgs. 50/2016) del servizio idrico integrato nell'Ambito Territoriale Ottimale Centrale Friuli ai sensi degli artt. 147, 149bis e 172 D.Lgs. 152/2006, come da deliberazione assembleare della competente CATO Consulta d'Ambito 07.10.2015, n.16;";;;;;DATO_ATTO;False
atto_17;docling;markdown;atto_17.md;41;;paragraph;text;"DATO ATTO altresì che il nostro Ente detiene una quota di partecipazione di CAFC S.p.A. pari al 1,59 (diretta) e 0,0947 (indiretta) del capitale sociale;";;;;;DATO_ATTO;False
atto_17;docling;markdown;atto_17.md;43;;paragraph;text;"RICHIAMATO l'art. 19, comma 5 del D.Lgs. 175/2016 che testualmente recita: 'Le amministrazioni pubbliche socie fissano, con propri provvedimenti, obiettivi specifici, annuali e pluriennali, sul complesso delle spese di funzionamento, ivi comprese quelle per il personale, delle società controllate, anche attraverso il contenimento degli oneri contrattuali e delle assunzioni di personale e TENUTO CONTO di quanto STABILITO all'articolo 25, ovvero delle eventuali disposizioni che stabiliscono, a loro carico, divieti o limitazioni alle assunzioni di personale, tenendo CONTO del settore in cui ciascun soggetto opera';";;;;;RICHIAMATO;False
atto_17;docling;markdown;atto_17.md;45;;paragraph;text;"VISTA la nota prot. n. 191 del 14.01.2026 con la quale CAFC spa trasmette la propria proposta di ATTO di indirizzo in materia di personale;";;;;;VISTO;False
atto_17;docling;markdown;atto_17.md;47;;paragraph;text;"CONSIDERATO che, ad oggi, in materia di personale delle società in house providing (modalità e limiti per le assunzioni in via transitoria ed a regime, modalità di reclutamento, limiti alle retribuzioni) il vigente quadro di riferimento è individuabile nel D.Lgs. 175/2016 (testo unico in materia di società a partecipazione pubblica), in particolare agli artt. 19 e 11 c.6;";;;;;CONSIDERATO;False
atto_17;docling;markdown;atto_17.md;49;;paragraph;text;"VISTI, in allegato al presente ATTO di cui è parte integrante e sostanziale, la relazione e l'ATTO di indirizzo PREDISPOSTI da CAFC S.p.A. relativamente all'oggetto;";;;;;VISTO;False
atto_17;docling;markdown;atto_17.md;51;;paragraph;text;"RITENUTO che l'ATTO di indirizzo suddetto in Allegato 1 possa essere di competenza degli organi esecutivi (Giunte Comunali/Provinciale, Ufficio Presidenza U.T.I.), in quanto si tratta di indicazioni operative e non di indirizzi istituzionali generali che rientrino nelle competenze esclusive dei Consigli ex art. 42, c. 2, lettera e) D.Lgs. 267/2000 (partecipazione a società di capitali, organizzazione di pubblici servizi, concessione di pubblici servizi);";;;;;RITENUTO;False
atto_17;docling;markdown;atto_17.md;53;;paragraph;text;"ACQUISITI favorevolmente i pareri resi ai sensi dell'art.49 del D. Lgs. 267/2000 e s.m.i.;";;;;;ACQUISITO;False
atto_17;docling;markdown;atto_17.md;55;;heading;heading;PROPONE;;;0.0;;;False
atto_17;docling;markdown;atto_17.md;57;;list_item;list_item;"Di approvare le PREMESSE, che costituiscono parte integrante della presente deliberazione;";;;;;;False
atto_17;docling;markdown;atto_17.md;58;;list_item;list_item;Di fissare quali obiettivi di contenimento delle spese di funzionamento ai sensi dell'art. 19, comma 5 del D.Lgs. 175/2016 quelli indicati nella relazione allegata.;;;;;;False
atto_17;docling;markdown;atto_17.md;59;;list_item;list_item;Di dichiarare la presente DELIBERA immediatamente eseguibile, ai sensi dell'art. 1, c. 19, della L.R. 21/2003, come sostituito dall'art. 17 della L.R. 17/2004.;;;;;;False
atto_17;docling;markdown;atto_17.md;61;;heading;heading;LA GIUNTA COMUNALE;;;;;;False
atto_17;docling;markdown;atto_17.md;63;;paragraph;text;"VISTA la suesposta proposta di deliberazione;";;;;;VISTO;False
atto_17;docling;markdown;atto_17.md;65;;paragraph;text;"VISTO che sulla stessa sono stati espressi i pareri di cui al D. Lgs. 267/2000;";;;;;VISTO;False
atto_17;docling;markdown;atto_17.md;67;;paragraph;text;"RIUNITO l'organo collegiale nelle forme sopra descritte con l'assistenza del segretario comunale in ossequio all'art. 97 TUEL;";;;;;;False
atto_17;docling;markdown;atto_17.md;69;;paragraph;text;"VISTO l'art. 1 comma 20 bis della L.R. n. 21 del 11.12.2003 in materia di pubblicazione delle deliberazioni degli enti locali;";;;;;VISTO;False
atto_17;docling;markdown;atto_17.md;71;;paragraph;text;"Con voti favorevoli unanimi espressi nei modi e nelle forme di Legge;";;0.0;;;;False
atto_17;docling;markdown;atto_17.md;73;;heading;heading;DELIBERA;;;;DELIBERA;DELIBERA;False
atto_17;docling;markdown;atto_17.md;75;;list_item;list_item;"di accogliere la superiore proposta ed in conseguenza di adottare il presente ATTO con la narrativa, la motivazione ed il dispositivo di cui alla proposta stessa, che qui si intende integralmente trascritta;";;;;;;False
atto_17;docling;markdown;atto_17.md;76;;list_item;list_item;di dichiarare, VISTA l'urgenza di procedere, con voti unanimi resi ed ACCERTATI con separata votazione, il presente ATTO immediatamente esecutivo ai sensi art. 1, c. 19, L.R. 21/2003, come sostituito dall'art. 17 della L.R. 17/2004.;;;;;;False
atto_17;docling;markdown;atto_17.md;78;;heading;heading;PARERE DI REGOLARITÁ TECNICA;;;;;;False
atto_17;docling;markdown;atto_17.md;80;;paragraph;text;Con riferimento all'art. 49, comma 1° del D.Lgs.n. 267/2000 del T.U.EE.LL., è stato espresso parere favorevole alla regolarità tecnica sulla proposta di deliberazione in oggetto da DOTT.SSA MARTINA NOBILE in DATA 26 gennaio 2026.;;;;;;False
atto_17;docling;markdown;atto_17.md;82;;heading;heading;PARERE DI REGOLARITÁ CONTABILE;;;;;;False
atto_17;docling;markdown;atto_17.md;84;;paragraph;text;Con riferimento all'art. 49, comma 1° del D.Lgs.n. 267/2000 del T.U.EE.LL., è stato espresso parere favorevole alla regolarità contabile sulla proposta di deliberazione in oggetto da DOTT.SSA MARIACRISTINA VIRGILIO in DATA 26 gennaio 2026.;;;;;;False
atto_17;docling;markdown;atto_17.md;86;;heading;heading;Il Presidente F.to Basaldella dott. Enrico;;;;;;False
atto_17;docling;markdown;atto_17.md;88;;paragraph;text;Il Segretario F.to Stanig dott.ssa Eva;;;;;;False
atto_17;docling;markdown;atto_17.md;90;;heading;heading;ATTESTAZIONE DI PUBBLICAZIONE;;;;;;False
atto_17;docling;markdown;atto_17.md;92;;paragraph;text;Si ATTESTA che la presente deliberazione viene pubblicata all'Albo pretorio on line dal 04/02/2026 al 19/02/2026 per quindici giorni consecutivi, ai sensi della L.R. n. 21/2003 e successive modificazioni.;;;;;ATTESTA;False
atto_17;docling;markdown;atto_17.md;94;;paragraph;text;Comune di Moimacco, lì 04/02/2026;;;;;;False
atto_17;docling;markdown;atto_17.md;96;;paragraph;text;Il Responsabile della Pubblicazione F.to dott.ssa Romina Cencig;;;;;;False
atto_17;docling;markdown;atto_17.md;98;;heading;heading;ATTESTATO DI ESECUTIVITA';;;;;ATTESTATO;False
atto_17;docling;markdown;atto_17.md;100;;paragraph;text;La presente deliberazione è divenuta esecutiva il giorno 30/01/2026, poiché dichiarata immediatamente esecutiva (art. 1, comma 19 della L.R. 11/12/2003 n. 21 come modificato dall'art. 17 della L.R. 24/05/2004 n. 17).;;;;;;False
atto_17;docling;markdown;atto_17.md;102;;paragraph;text;Comune di Moimacco, lì 04/02/2026;;;;;;False
atto_17;docling;markdown;atto_17.md;104;;paragraph;text;Il Responsabile dell'esecutività F.to dott.ssa Romina Cencig;;;;;;False
atto_17;docling;markdown;atto_17.md;106;;paragraph;text;Copia conforme all'originale, in carta libera ad uso amministrativo.;;;;;;False
atto_17;docling;markdown;atto_17.md;108;;paragraph;text;Lì, 04/02/2026;;;;;;False
atto_17;docling;markdown;atto_17.md;110;;paragraph;text;Il Responsabile del Procedimento dott.ssa Romina Cencig;;;;;;False
atto_18;docling;markdown;atto_18.md;1;;paragraph;text;;;;;;;True
atto_18;docling;markdown;atto_18.md;3;;paragraph;text;COPIA;;;;;;False
atto_18;docling;markdown;atto_18.md;5;;heading;heading;COMUNE DI MOIMACCO;;;;;;False
atto_18;docling;markdown;atto_18.md;7;;paragraph;text;Provincia di Udine;;;;;;False
atto_18;docling;markdown;atto_18.md;9;;paragraph;text;\_\_\_\_\_\_\_\_\_\_;;;;;;False
atto_18;docling;markdown;atto_18.md;11;;heading;heading;VERBALE DI DELIBERAZIONE DELLA GIUNTA COMUNALE;;;;;;False
atto_18;docling;markdown;atto_18.md;13;;paragraph;text;\_\_\_\_\_\_\_\_\_\_;;;;;;False
atto_18;docling;markdown;atto_18.md;15;;paragraph;text;ANNO 2026 del Reg. Delibere;;;;;;False
atto_18;docling;markdown;atto_18.md;17;;paragraph;text;N. 26;;;;;;False
atto_18;docling;markdown;atto_18.md;19;;paragraph;text;OGGETTO: OBIETTIVI SULLE SPESE DI FUNZIONAMENTO E DEL PERSONALE DELLA SOCIETA' IN HOUSE A&T 2000 S.P.A. AI SENSI DELL'ART. 19 DEL D.LGS. 175/2016 - ANNO 2026.;;;;;;False
atto_18;docling;markdown;atto_18.md;21;;paragraph;text;L'anno 2026 , il giorno 31 del mese di Marzo alle ore 13:37 in modalità telematica presso la sede comunale si è riunita la Giunta Comunale. La seduta si svolge in collegamento telematico, nel rispetto dei criteri di funzionamento approvati con DELIBERA di Consiglio Comunale n. 17 del 08/04/2022. Fatto l'appello nominale risultano:;;;;;;False
atto_18;docling;markdown;atto_18.md;23;;table;table;| | | Presente/Assente |;;;;;;True
atto_18;docling;markdown;atto_18.md;24;;table;table;|-------------------------|--------------|------------------------------------------|;;;;;;True
atto_18;docling;markdown;atto_18.md;25;;table;table;| dott. Basaldella Enrico | Sindaco | Presente a distanza |;;;;;;True
atto_18;docling;markdown;atto_18.md;26;;table;table;| Bassetti Franca | Vice Sindaco | Presente a distanza |;;;;;;True
atto_18;docling;markdown;atto_18.md;27;;table;table;| Lavarone Roberto | Assessore | Presente a distanza |;;;;;;True
atto_18;docling;markdown;atto_18.md;28;;table;table;| Rosati Alberto | Assessore | Presente a distanza entra alle ore 13:45 |;;;;;;True
atto_18;docling;markdown;atto_18.md;29;;table;table;| Simoncig Davide | Assessore | Presente a distanza |;;;;;;True
atto_18;docling;markdown;atto_18.md;31;;paragraph;text;Assiste il Segretario Stanig dott.ssa Eva.;;;;;;False
atto_18;docling;markdown;atto_18.md;33;;paragraph;text;Constatato il numero degli intervenuti, assume la presidenza il sig. Basaldella dott. Enrico nella sua qualità di Sindaco, espone gli oggetti iscritti all'ordine del giorno e dichiara aperta la discussione per la trattazione dell'argomento indicato in oggetto.;;;;;;False
atto_18;docling;markdown;atto_18.md;35;;paragraph;text;OGGETTO: OBIETTIVI SULLE SPESE DI FUNZIONAMENTO E DEL PERSONALE DELLA SOCIETA' IN HOUSE A&T 2000 S.p.A. AI SENSI DELL'ART. 19 DEL D.LGS. 175/2016 - ANNO 2026.;;;;;;False
atto_18;docling;markdown;atto_18.md;37;;heading;heading;Proposta di DELIBERA della Giunta Comunale;;;;;;False
atto_18;docling;markdown;atto_18.md;39;;paragraph;text;"PREMESSO che A&T 2000 S.p.A. è una società a controllo pubblico affidataria in house del servizio di gestione integrata dei rifiuti urbani nel territorio di 79 comuni del Friuli Venezia Giulia, tra cui il Comune di Moimacco, per effetto della Deliberazione n. 37/19 dd. 02.10.2019 dell'Assemblea Regionale D'Ambito di AUSIR;";;;;;PREMESSO;False
atto_18;docling;markdown;atto_18.md;41;;paragraph;text;"DATO ATTO che in A&T 2000 S.p.A. vige un sistema di controllo analogo congiunto regolato secondo specifiche disposizioni statutarie e apposita Convenzione stipulata fra gli Enti soci;";;;;;DATO_ATTO;False
atto_18;docling;markdown;atto_18.md;43;;paragraph;text;"VISTO il c. 5 dell'art. 19 del D. Lgs. n. 175/2016 in base al quale Le amministrazioni pubbliche socie fissano, con propri provvedimenti, obiettivi specifici, annuali e pluriennali, sul complesso delle spese di funzionamento, ivi comprese quelle per il personale, delle società controllate, anche attraverso il contenimento degli oneri contrattuali e delle assunzioni di personale e TENUTO CONTO di quanto STABILITO all'articolo 25, ovvero delle eventuali disposizioni che stabiliscono, a loro carico, divieti o limitazioni alle assunzioni di personale, tenendo CONTO del settore in cui ciascun soggetto opera;";;;;;VISTO;False
atto_18;docling;markdown;atto_18.md;45;;paragraph;text;"DATO ATTO che gli elementi relativi alle spese di funzionamento della società e del personale sono state inseriti nel budget per l'anno 2026, che è stato adottato dal Consiglio di Amministrazione di A&T 2000 S.p.A. ed approvato da parte del Coordinamento dei soci per il 'Controllo Analogo congiunto' e dell'Assemblea dei Soci di A&T 2000 S.p.A. nelle sedute del 10.03.2026;";;;;;DATO_ATTO;False
atto_18;docling;markdown;atto_18.md;47;;paragraph;text;"ATTESO che A&T 2000 S.p.A. è chiamata a perseguire il costante efficientamento organizzativo e l'ottimizzazione dei suoi costi di funzionamento per l'erogazione dei servizi affidati dall'AUSIR e regolati dalle disposizioni dell'ARERA;";;;;;ATTESO;False
atto_18;docling;markdown;atto_18.md;49;;paragraph;text;"DATO ATTO che la spesa sostenuta dalla società per le spese di funzionamento dell'organo amministrativo rispetta le disposizioni di cui all'art. 4, comma 4, del Decreto Legge 95/2012;";;;;;DATO_ATTO;False
atto_18;docling;markdown;atto_18.md;51;;paragraph;text;"VISTO il documento adottato dal C.d.A. di A&T 2000 S.p.A. denominato 'OBIETTIVI SULLE SPESE DI FUNZIONAMENTO E DEL PERSONALE DELLA SOCIETA' IN HOUSE A&T 2000 S.p.A. AI SENSI DELL'ART. 19 DEL D.LGS. 175/2016 - ANNO 2026 - ELEMENTI RELATIVI AI COSTI E ALLA POLITICA DEL PERSONALE', allegato parte integrante e contestuale del presente provvedimento, in cui sono contenuti gli elementi utili per la fissazione di tali obiettivi, relativi in particolare ai costi e alla politica del personale della Società;";;;;;VISTO;False
atto_18;docling;markdown;atto_18.md;53;;paragraph;text;"DATO ATTO che il documento in parola è stato approvato da parte del Coordinamento dei soci per il 'Controllo Analogo congiunto' e dell'Assemblea dei Soci di A&T 2000 S.p.A. nelle sedute del 10.03.2026, che hanno fissato e fatto propri gli obiettivi ed elementi di gestione ivi INDIVIDUATI relativamente al contenimento dei costi di funzionamento ed in particolare delle spese per il personale della società A&T 2000 S.p.A., dando ATTO che gli obiettivi in parola saranno recepiti da parte degli organi competenti degli Enti Soci mediante propri provvedimenti come previsto dall'art. 19, comma 5, del D.Lgs. 175/2016;";;;;;DATO_ATTO;False
atto_18;docling;markdown;atto_18.md;55;;paragraph;text;"RITENUTO che la politica del personale ivi descritta, accompagnata da un'oculata gestione del contratto integrativo aziendale, individui in maniera compiuta ed esauriente gli obiettivi e gli indicatori atti a perseguire le strategie aziendali nell'anno 2026, con il mantenimento da parte di A&T 2000 S.p.A. dell'obiettivo del contenimento dei costi del personale al netto delle dinamiche salariali indotte dal CCNL;";;;;;RITENUTO;False
atto_18;docling;markdown;atto_18.md;57;;paragraph;text;"CONSIDERATO che la dotazione organica del personale ivi indicata, dal punto di VISTA numerico, potrà subire variazioni dovute a cessazioni dal rapporto, sostituzioni temporanee per eventi quali maternità, malattia o infortunio, attivazione o ampliamento dei servizi affidati e conseguente rafforzamento delle strutture organizzative, incluse le attività d'ufficio, rese necessarie dall'incremento dei volumi operativi o dall'estensione delle funzioni aziendali, garantendo in ogni caso tutti i principi di contenimento dei costi previsti;";;;;;CONSIDERATO;False
atto_18;docling;markdown;atto_18.md;59;;paragraph;text;"ATTESO che il presente ATTO rientra tra i provvedimenti soggetti a pubblicazione sul sito internet istituzionale sia della società che delle pubbliche amministrazioni socie, ai sensi dell'art. 19, c. 7, del D. Lgs. n. 175/2016;";;;;;ATTESO;False
atto_18;docling;markdown;atto_18.md;61;;paragraph;text;"RITENUTO che l'ATTO di indirizzo suddetto in Allegato 1 possa essere di competenza degli organi esecutivi (Giunte Comunali/Provinciale, Ufficio Presidenza U.T.I.), in quanto si tratta di indicazioni operative e non di indirizzi istituzionali generali che rientrino nelle competenze esclusive dei Consigli ex art. 42, c. 2, lettera e) D.Lgs. 267/2000 (partecipazione a società di capitali, organizzazione di pubblici servizi, concessione di pubblici servizi);";;;;;RITENUTO;False
atto_18;docling;markdown;atto_18.md;63;;paragraph;text;"ACQUISITI favorevolmente i pareri resi ai sensi dell'art.49 del D. Lgs. 267/2000 e s.m.i.;";;;;;ACQUISITO;False
atto_18;docling;markdown;atto_18.md;65;;heading;heading;PROPONE;;;0.0;;;False
atto_18;docling;markdown;atto_18.md;67;;list_item;list_item;"Di approvare le PREMESSE, che costituiscono parte integrante della presente deliberazione;";;;;;;False
atto_18;docling;markdown;atto_18.md;68;;list_item;list_item;"Di approvare il documento denominato 'OBIETTIVI SULLE SPESE DI FUNZIONAMENTO E DEL PERSONALE DELLA SOCIETA' IN HOUSE A&T 2000 S.p.A. AI SENSI DELL'ART. 19 DEL D.LGS. 175/2016 - ANNO 2026 - ELEMENTI RELATIVI AI COSTI E ALLA POLITICA DEL PERSONALE', allegato parte integrante e contestuale del presente provvedimento;";;;;;;False
atto_18;docling;markdown;atto_18.md;69;;list_item;list_item;"Di fissare e fare propri gli obiettivi ed elementi di gestione INDIVIDUATI nel documento innanzi approvato relativamente al contenimento dei costi di funzionamento, ed in particolare delle spese per il personale della società A&T 2000 S.p.A., ai sensi del c. 5 dell'art. 19 del D. Lgs. n. 175/2016 per l'anno 2026;";;;;;;False
atto_18;docling;markdown;atto_18.md;70;;list_item;list_item;"Di disporre la pubblicazione del presente provvedimento sul sito istituzionale del Comune;";;;;;;False
atto_18;docling;markdown;atto_18.md;71;;list_item;list_item;"Di inviare il presente provvedimento ad A&T 2000 S.p.A. ai fini del relativo recepimento e dell'assolvimento degli obblighi di pubblicazione;";;;;;;False
atto_18;docling;markdown;atto_18.md;72;;list_item;list_item;Di dichiarare la presente DELIBERA immediatamente eseguibile, ai sensi dell'art. 1, c. 19, della L.R. 21/2003, come sostituito dall'art. 17 della L.R. 17/2004.;;;;;;False
atto_18;docling;markdown;atto_18.md;74;;heading;heading;LA GIUNTA COMUNALE;;;;;;False
atto_18;docling;markdown;atto_18.md;76;;paragraph;text;"VISTA la suesposta proposta di deliberazione;";;;;;VISTO;False
atto_18;docling;markdown;atto_18.md;78;;paragraph;text;"VISTO che sulla stessa sono stati espressi i pareri di cui al D. Lgs. 267/2000;";;;;;VISTO;False
atto_18;docling;markdown;atto_18.md;80;;paragraph;text;"RIUNITO l'organo collegiale nelle forme sopra descritte con l'assistenza del segretario comunale in ossequio all'art. 97 TUEL;";;;;;;False
atto_18;docling;markdown;atto_18.md;82;;paragraph;text;"VISTO l'art. 1 comma 20 bis della L.R. n. 21 del 11.12.2003 in materia di pubblicazione delle deliberazioni degli enti locali;";;;;;VISTO;False
atto_18;docling;markdown;atto_18.md;84;;paragraph;text;"Con voti favorevoli unanimi espressi nei modi e nelle forme di Legge;";;0.0;;;;False
atto_18;docling;markdown;atto_18.md;86;;heading;heading;DELIBERA;;;;DELIBERA;DELIBERA;False
atto_18;docling;markdown;atto_18.md;88;;list_item;list_item;"di accogliere la superiore proposta ed in conseguenza di adottare il presente ATTO con la narrativa, la motivazione ed il dispositivo di cui alla proposta stessa, che qui si intende integralmente trascritta;";;;;;;False
atto_18;docling;markdown;atto_18.md;89;;list_item;list_item;di dichiarare, VISTA l'urgenza di procedere, con voti unanimi resi ed ACCERTATI con separata votazione, il presente ATTO immediatamente esecutivo ai sensi art. 1, c. 19, L.R. 21/2003, come sostituito dall'art. 17 della L.R. 17/2004.;;;;;;False
atto_18;docling;markdown;atto_18.md;91;;heading;heading;PARERE DI REGOLARITÁ TECNICA;;;;;;False
atto_18;docling;markdown;atto_18.md;93;;paragraph;text;Con riferimento all'art. 49, comma 1° del D.Lgs.n. 267/2000 del T.U.EE.LL., è stato espresso parere favorevole alla regolarità tecnica sulla proposta di deliberazione in oggetto da DOTT.SSA MARTINA NOBILE in DATA 17 marzo 2026.;;;;;;False
atto_18;docling;markdown;atto_18.md;95;;heading;heading;PARERE DI REGOLARITÁ CONTABILE;;;;;;False
atto_18;docling;markdown;atto_18.md;97;;paragraph;text;Con riferimento all'art. 49, comma 1° del D.Lgs.n. 267/2000 del T.U.EE.LL., è stato espresso parere favorevole alla regolarità contabile sulla proposta di deliberazione in oggetto da DOTT.SSA MARIACRISTINA VIRGILIO in DATA 18 marzo 2026.;;;;;;False
atto_18;docling;markdown;atto_18.md;99;;paragraph;text;LETTO, confermato e sottoscritto,;;;;;LETTO;True
atto_18;docling;markdown;atto_18.md;101;;heading;heading;Il Presidente F.to Basaldella dott. Enrico;;;;;;False
atto_18;docling;markdown;atto_18.md;103;;paragraph;text;Il Segretario F.to Stanig dott.ssa Eva;;;;;;False
atto_18;docling;markdown;atto_18.md;105;;heading;heading;ATTESTAZIONE DI PUBBLICAZIONE;;;;;;False
atto_18;docling;markdown;atto_18.md;107;;paragraph;text;Si ATTESTA che la presente deliberazione viene pubblicata all'Albo pretorio on line dal 03/04/2026 al 18/04/2026 per quindici giorni consecutivi, ai sensi della L.R. n. 21/2003 e successive modificazioni.;;;;;ATTESTA;False
atto_18;docling;markdown;atto_18.md;109;;paragraph;text;Comune di Moimacco, lì 03/04/2026;;;;;;False
atto_18;docling;markdown;atto_18.md;111;;paragraph;text;Il Responsabile della Pubblicazione F.to dott.ssa Romina Cencig;;;;;;False
atto_18;docling;markdown;atto_18.md;113;;heading;heading;ATTESTATO DI ESECUTIVITA';;;;;ATTESTATO;False
atto_18;docling;markdown;atto_18.md;115;;paragraph;text;La presente deliberazione è divenuta esecutiva il giorno 31/03/2026, poiché dichiarata immediatamente esecutiva (art. 1, comma 19 della L.R. 11/12/2003 n. 21 come modificato dall'art. 17 della L.R. 24/05/2004 n. 17).;;;;;;False
atto_18;docling;markdown;atto_18.md;117;;paragraph;text;Comune di Moimacco, lì 03/04/2026;;;;;;False
atto_18;docling;markdown;atto_18.md;119;;paragraph;text;Il Responsabile dell'esecutività F.to dott.ssa Romina Cencig;;;;;;False
atto_18;docling;markdown;atto_18.md;121;;paragraph;text;Copia conforme all'originale, in carta libera ad uso amministrativo.;;;;;;False
atto_18;docling;markdown;atto_18.md;123;;paragraph;text;Lì 03/04/2026;;;;;;False
atto_18;docling;markdown;atto_18.md;125;;paragraph;text;Il Responsabile del Procedimento dott.ssa Romina Cencig;;;;;;False
atto_19;docling;markdown;atto_19.md;1;;paragraph;text;;;;;;;True
atto_19;docling;markdown;atto_19.md;3;;paragraph;text;COPIA;;;;;;False
atto_19;docling;markdown;atto_19.md;5;;heading;heading;COMUNE DI MOIMACCO;;;;;;False
atto_19;docling;markdown;atto_19.md;7;;paragraph;text;Provincia di Udine;;;;;;False
atto_19;docling;markdown;atto_19.md;9;;paragraph;text;\_\_\_\_\_\_\_\_\_\_;;;;;;False
atto_19;docling;markdown;atto_19.md;11;;heading;heading;VERBALE DI DELIBERAZIONE DEL CONSIGLIO COMUNALE;;;;;;False
atto_19;docling;markdown;atto_19.md;13;;paragraph;text;\_\_\_\_\_\_\_\_\_\_;;;;;;False
atto_19;docling;markdown;atto_19.md;15;;paragraph;text;ANNO 2025;;;;;;False
atto_19;docling;markdown;atto_19.md;17;;paragraph;text;N. 8 del Reg. Delibere;;;;;;False
atto_19;docling;markdown;atto_19.md;19;;paragraph;text;OGGETTO: OBIETTIVI SULLE SPESE DI FUNZIONAMENTO E DEL PERSONALE DELLA SOCIETA' IN HOUSE A&T 2000 S.P.A. AI SENSI DELL'ART. 19 DEL D.LGS. 175/2016 - ANNO 2025.;;;;;;False
atto_19;docling;markdown;atto_19.md;21;;paragraph;text;L'anno 2025, il giorno 23 del mese di Aprile alle ore 19:11 nella sala consigliare si è riunito il Consiglio Comunale. Fatto l'appello nominale risultano:;;;;;;False
atto_19;docling;markdown;atto_19.md;23;;table;table;| | | Presente/Assente |;;;;;;True
atto_19;docling;markdown;atto_19.md;24;;table;table;|-------------------------|-------------|--------------------|;;;;;;True
atto_19;docling;markdown;atto_19.md;25;;table;table;| dott. Basaldella Enrico | Sindaco | Presente |;;;;;;True
atto_19;docling;markdown;atto_19.md;26;;table;table;| Basaldella Rodolfo | Consigliere | Presente |;;;;;;True
atto_19;docling;markdown;atto_19.md;27;;table;table;| Bassetti Franca | Consigliere | Presente |;;;;;;True
atto_19;docling;markdown;atto_19.md;28;;table;table;| Bevilacqua Paolo | Consigliere | Presente |;;;;;;True
atto_19;docling;markdown;atto_19.md;29;;table;table;| Causero Tiziano | Consigliere | Presente |;;;;;;True
atto_19;docling;markdown;atto_19.md;30;;table;table;| Cotterli Ada | Consigliere | Presente |;;;;;;True
atto_19;docling;markdown;atto_19.md;31;;table;table;| De Puppi Caterina | Consigliere | Assente |;;;;;;True
atto_19;docling;markdown;atto_19.md;32;;table;table;| Fanna Marco | Consigliere | Presente |;;;;;;True
atto_19;docling;markdown;atto_19.md;33;;table;table;| Ferro Laura | Consigliere | Presente |;;;;;;True
atto_19;docling;markdown;atto_19.md;34;;table;table;| Grosso Gabriele | Consigliere | Presente |;;;;;;True
atto_19;docling;markdown;atto_19.md;35;;table;table;| Lavarone Roberto | Consigliere | Presente |;;;;;;True
atto_19;docling;markdown;atto_19.md;36;;table;table;| Rosati Alberto | Consigliere | Presente |;;;;;;True
atto_19;docling;markdown;atto_19.md;37;;table;table;| Simoncig Davide | Consigliere | Presente |;;;;;;True
atto_19;docling;markdown;atto_19.md;39;;paragraph;text;Assiste il Segretario Stanig dott.ssa Eva.;;;;;;False
atto_19;docling;markdown;atto_19.md;41;;paragraph;text;Constatato il numero degli intervenuti, assume la presidenza il Sig. Basaldella dott. Enrico nella sua qualità di Sindaco, espone gli oggetti iscritti all'ordine del giorno e dichiara aperta la discussione per la trattazione dell'argomento indicato in oggetto.;;;;;;False
atto_19;docling;markdown;atto_19.md;43;;paragraph;text;OGGETTO: OBIETTIVI SULLE SPESE DI FUNZIONAMENTO E DEL PERSONALE DELLA SOCIETA' IN HOUSE A&T 2000 S.p.A. AI SENSI DELL'ART. 19 DEL D.LGS. 175/2016 ANNO 2025.;;;;;;False
atto_19;docling;markdown;atto_19.md;45;;heading;heading;Proposta di DELIBERA del Consiglio Comunale;;;;;;False
atto_19;docling;markdown;atto_19.md;47;;paragraph;text;"PREMESSO che A&T 2000 S.p.A. è una società a controllo pubblico affidataria in house del servizio di gestione integrata dei rifiuti urbani nel territorio di 79 comuni del Friuli Venezia Giulia, tra cui il Comune di Moimacco per effetto della Deliberazione n. 37/19 dd. 02.10.2019 dell'Assemblea Regionale D'Ambito di AUSIR;";;;;;PREMESSO;False
atto_19;docling;markdown;atto_19.md;49;;paragraph;text;"DATO ATTO che in A&T 2000 S.p.A. vige un sistema di controllo analogo congiunto regolato secondo specifiche disposizioni statutarie e apposita Convenzione stipulata fra gli Enti soci;";;;;;DATO_ATTO;False
atto_19;docling;markdown;atto_19.md;51;;paragraph;text;"VISTO il c. 5 dell'art. 19 del D. Lgs. n. 175/2016 in base al quale Le amministrazioni pubbliche socie fissano, con propri provvedimenti, obiettivi specifici, annuali e pluriennali, sul complesso delle spese di funzionamento, ivi comprese quelle per il personale, delle società controllate, anche attraverso il contenimento degli oneri contrattuali e delle assunzioni di personale e TENUTO CONTO di quanto STABILITO all'articolo 25, ovvero delle eventuali disposizioni che stabiliscono, a loro carico, divieti o limitazioni alle assunzioni di personale, tenendo CONTO del settore in cui ciascun soggetto opera;";;;;;VISTO;False
atto_19;docling;markdown;atto_19.md;53;;paragraph;text;"DATO ATTO che gli elementi relativi alle spese di funzionamento della società e del personale sono state inseriti nel budget per l'anno 2025, che è stato adottato dal Consiglio di Amministrazione, sottoposto all'analisi della Commissione per il 'Controllo Analogo congiunto' e approvato da parte del Coordinamento dei soci per il 'Controllo Analogo congiunto' e dell'Assemblea dei Soci di A&T 2000 S.p.A. nelle sedute del 28.01.2025;";;;;;DATO_ATTO;False
atto_19;docling;markdown;atto_19.md;55;;paragraph;text;"ATTESO che A&T 2000 S.p.A. è chiamata a perseguire il costante efficientamento organizzativo e l'ottimizzazione dei suoi costi di funzionamento per l'erogazione dei servizi affidati dall'AUSIR e regolati dalle disposizioni dell'ARERA;";;;;;ATTESO;False
atto_19;docling;markdown;atto_19.md;57;;paragraph;text;"DATO ATTO che la spesa sostenuta dalla società per le spese di funzionamento dell'organo amministrativo rispetta le disposizioni di cui all'art. 4, comma 4, del Decreto Legge 95/2012;";;;;;DATO_ATTO;False
atto_19;docling;markdown;atto_19.md;59;;paragraph;text;"VISTO il documento denominato 'OBIETTIVI SULLE SPESE DI FUNZIONAMENTO E DEL PERSONALE DELLA SOCIETA' IN HOUSE A&T 2000 S.p.A. AI SENSI DELL'ART. 19 DEL D.LGS. 175/2016 - ANNO 2025 - ELEMENTI RELATIVI AI COSTI E ALLA POLITICA DEL PERSONALE', allegato parte integrante e contestuale del presente provvedimento, adottato dal C.d.A. di A&T 2000 S.p.A., in cui sono contenuti gli elementi utili per la fissazione di tali obiettivi, relativi in particolare ai costi e alla politica del personale della Società;";;;;;VISTO;False
atto_19;docling;markdown;atto_19.md;61;;paragraph;text;"RITENUTO che la politica del personale ivi descritta, accompagnata da un'oculata gestione del contratto integrativo aziendale, individui in maniera compiuta ed esauriente gli obiettivi e gli indicatori atti a perseguire le strategie aziendali nell'anno 2025, con il mantenimento da parte di A&T 2000 S.p.A. dell'obiettivo del contenimento dei costi del personale al netto delle dinamiche salariali indotte dal CCNL;";;;;;RITENUTO;False
atto_19;docling;markdown;atto_19.md;63;;paragraph;text;"CONSIDERATO che la dotazione organica del personale ivi indicata, dal punto di VISTA numerico, potrà subire variazioni dovute ad eventuali uscite dall'azienda per quiescenza o ad eventuali necessità di sostituzioni anche temporanee per eventi quali maternità, malattia o infortunio, garantendo in ogni caso tutti i principi di contenimento dei costi previsti;";;;;;CONSIDERATO;False
atto_19;docling;markdown;atto_19.md;65;;paragraph;text;"DATO ATTO che gli elementi ed obiettivi innanzi RICHIAMATI potrebbero richiedere eventuali modifiche ed integrazioni in presenza di significative azioni di riorganizzazione o modifica operativa dei servizi resi da A&T 2000 S.p.A. o di future variazioni aziendali e societarie;";;;;;DATO_ATTO;False
atto_19;docling;markdown;atto_19.md;67;;paragraph;text;"ATTESO che il presente ATTO rientra tra i provvedimenti soggetti a pubblicazione sul sito internet istituzionale sia della società che delle pubbliche amministrazioni socie, ai sensi dell'art. 19, c. 7, del D. Lgs. n. 175/2016;";;;;;ATTESO;False
atto_19;docling;markdown;atto_19.md;69;;heading;heading;PROPONE;;;0.0;;;False
atto_19;docling;markdown;atto_19.md;71;;paragraph;text;"1) di approvare le PREMESSE, che costituiscono parte integrante della presente deliberazione;";;;;;;False
atto_19;docling;markdown;atto_19.md;73;;paragraph;text;"2) di approvare il documento denominato 'OBIETTIVI SULLE SPESE DI FUNZIONAMENTO E DEL PERSONALE DELLA SOCIETA' IN HOUSE A&T 2000 S.p.A. AI SENSI DELL'ART. 19 DEL D.LGS. 175/2016 - ANNO 2025 - ELEMENTI RELATIVI AI COSTI E ALLA POLITICA DEL PERSONALE', allegato parte integrante e contestuale del presente provvedimento;";;;;;;False
atto_19;docling;markdown;atto_19.md;75;;paragraph;text;"3) di fissare e fare propri gli obiettivi ed elementi di gestione INDIVIDUATI nel documento innanzi approvato relativamente al contenimento dei costi di funzionamento, ed in particolare delle spese per il personale della società A&T 2000 S.p.A., ai sensi del c. 5 dell'art. 19 del D. Lgs. n. 175/2016 per l'anno 2025;";;;;;;False
atto_19;docling;markdown;atto_19.md;77;;paragraph;text;"4) di dare ATTO che i suddetti obiettivi ed elementi di gestione potranno essere oggetto di successiva revisione in presenza di significative azioni di riorganizzazione o modifica operativa dei servizi resi da A&T 2000 S.p.A. o di future variazioni aziendali e societarie;";;;;;;False
atto_19;docling;markdown;atto_19.md;79;;paragraph;text;"5) di disporre la pubblicazione del presente provvedimento sul sito istituzionale del Comune;";;;;;;False
atto_19;docling;markdown;atto_19.md;81;;paragraph;text;"6) di inviare il presente provvedimento ad A&T 2000 S.p.A. ai fini del relativo recepimento e dell'assolvimento degli obblighi di pubblicazione;";;;;;;False
atto_19;docling;markdown;atto_19.md;83;;paragraph;text;7) di dichiarare la presente DELIBERA immediatamente eseguibile, ai sensi art. 1, c. 19, L.R. 21/2003, come sostituito dall'art. 17 della L.R. 17/2004.;;;;;;False
atto_19;docling;markdown;atto_19.md;85;;heading;heading;IL CONSIGLIO COMUNALE;;;;;;False
atto_19;docling;markdown;atto_19.md;87;;paragraph;text;"VISTA la suesposta proposta di deliberazione;";;;;;VISTO;False
atto_19;docling;markdown;atto_19.md;89;;paragraph;text;"VISTO che sulla stessa sono stati espressi i pareri di cui al D. Lgs. 267/2000;";;;;;VISTO;False
atto_19;docling;markdown;atto_19.md;91;;paragraph;text;"RIUNITO l'organo collegiale nelle forme sopra descritte con l'assistenza del segretario comunale in ossequio all'art. 97 TUEL;";;;;;;False
atto_19;docling;markdown;atto_19.md;93;;paragraph;text;"VISTO l'art. 1 comma 20 bis della L.R. n. 21 del 11.12.2003 in materia di pubblicazione delle deliberazioni degli enti locali;";;;;;VISTO;False
atto_19;docling;markdown;atto_19.md;95;;paragraph;text;"Il Sindaco prende la parola: è un ATTO dovuto in base al Testo Unico sulle partecipate; anche le società partecipate sono TENUTE a contenere le spese di personale, redigendo annualmente il presente ATTO che va approvato dalle singole amministrazioni.";;;;;;False
atto_19;docling;markdown;atto_19.md;97;;paragraph;text;"DATO ATTO che gli interventi sono registrati su supporto informatico depositato presso la segreteria che costituisce, ex art. 22, L. n. 241/1990 e s.m.i., documentazione a comprova della discussione ai sensi dell'art. 44 del Regolamento del Consiglio Comunale;";;;;;DATO_ATTO;False
atto_19;docling;markdown;atto_19.md;99;;paragraph;text;UDITA quindi la proposta del Presidente, si procede a votazione sull'argomento in esame.;;0.0;;;;False
atto_19;docling;markdown;atto_19.md;101;;paragraph;text;Procedutosi a votazione nei modi e nelle forme previste dalla legge, si ottiene il seguente risultato: Voti favorevoli: 12 unanimità Voti contrari:Astenuti: -;;0.0;;;;False
atto_19;docling;markdown;atto_19.md;103;;paragraph;text;pertanto, in esito alla suddetta votazione;;;;;;False
atto_19;docling;markdown;atto_19.md;105;;paragraph;text;con voti resi ed ACCERTATI nelle forme di legge;;;;;;False
atto_19;docling;markdown;atto_19.md;107;;heading;heading;DELIBERA;;;;DELIBERA;DELIBERA;False
atto_19;docling;markdown;atto_19.md;109;;list_item;list_item;"di accogliere la superiore proposta ed in conseguenza di adottare il presente ATTO con la narrativa, la motivazione ed il dispositivo di cui alla proposta stessa, che qui si intende integralmente trascritta;";;;;;;False
atto_19;docling;markdown;atto_19.md;110;;list_item;list_item;di dichiarare, VISTA l'urgenza di procedere, con voti unanimi resi ed ACCERTATI con separata votazione (voti favorevoli 12, voti contrari -, astenuti - ), il presente ATTO immediatamente esecutivo ai sensi art. 1, c. 19, L.R. 21/2003, come sostituito dall'art. 17 della L.R. 17/2004.;;;;;;False
atto_19;docling;markdown;atto_19.md;112;;heading;heading;PARERE DI REGOLARITÁ TECNICA;;;;;;False
atto_19;docling;markdown;atto_19.md;114;;paragraph;text;Con riferimento all'art. 49, comma 1° del D.Lgs.n. 267/2000 del T.U.EE.LL., è stato espresso parere favorevole alla regolarità tecnica sulla proposta di deliberazione in oggetto da DOTT.SSA MARTINA NOBILE in DATA 24 febbraio 2025.;;;;;;False
atto_19;docling;markdown;atto_19.md;116;;heading;heading;PARERE DI REGOLARITÁ CONTABILE;;;;;;False
atto_19;docling;markdown;atto_19.md;118;;paragraph;text;Con riferimento all'art. 49, comma 1° del D.Lgs.n. 267/2000 del T.U.EE.LL., è stato espresso parere favorevole alla regolarità contabile sulla proposta di deliberazione in oggetto da DOTT.SSA MARIACRISTINA VIRGILIO in DATA 24 febbraio 2025.;;;;;;False
atto_19;docling;markdown;atto_19.md;120;;heading;heading;Il Presidente F.to Basaldella dott. Enrico;;;;;;False
atto_19;docling;markdown;atto_19.md;122;;heading;heading;Il Segretario F.to Stanig dott.ssa Eva;;;;;;False
atto_19;docling;markdown;atto_19.md;124;;heading;heading;ATTESTAZIONE DI PUBBLICAZIONE;;;;;;False
atto_19;docling;markdown;atto_19.md;126;;paragraph;text;Si ATTESTA che la presente deliberazione viene pubblicata all'Albo pretorio on line dal 28/04/2025 al 13/05/2025 per quindici giorni consecutivi, ai sensi della L.R. n. 21/2003 e successive modificazioni.;;;;;ATTESTA;False
atto_19;docling;markdown;atto_19.md;128;;paragraph;text;Comune di Moimacco, lì 28/04/2025;;;;;;False
atto_19;docling;markdown;atto_19.md;130;;paragraph;text;La Responsabile della Pubblicazione F.to dott.ssa Martina Nobile;;;;;;False
atto_19;docling;markdown;atto_19.md;132;;heading;heading;ATTESTATO DI ESECUTIVITA';;;;;ATTESTATO;False
atto_19;docling;markdown;atto_19.md;134;;paragraph;text;La presente deliberazione è divenuta esecutiva il giorno 23/04/2025, poiché dichiarata immediatamente esecutiva (art. 1, comma 19 della L.R. 11/12/2003 n. 21 come modificato dall'art. 17 della L.R. 24/05/2004 n. 17).;;;;;;False
atto_19;docling;markdown;atto_19.md;136;;paragraph;text;Lì 28/04/2025;;;;;;False
atto_19;docling;markdown;atto_19.md;138;;paragraph;text;La Responsabile dell'esecutività F.to dott.ssa Martina Nobile;;;;;;False
atto_19;docling;markdown;atto_19.md;140;;paragraph;text;Copia conforme all'originale, in carta libera ad uso amministrativo.;;;;;;False
atto_19;docling;markdown;atto_19.md;142;;paragraph;text;Lì;;;;;;False
atto_19;docling;markdown;atto_19.md;144;;paragraph;text;La Responsabile del Procedimento dott.ssa Martina Nobile;;;;;;False
atto_2;docling;markdown;atto_2.md;1;;heading;heading;COMUNE DI AUSONIA;;;;;;False
atto_2;docling;markdown;atto_2.md;3;;heading;heading;Provincia di Frosinone;;;;;;False
atto_2;docling;markdown;atto_2.md;5;;heading;heading;COPIA DI DELIBERAZIONE DELLA GIUNTA COMUNALE;;;;;;False
atto_2;docling;markdown;atto_2.md;7;;heading;heading;Verbale n. 43 del 11-06-2026;;;;;;False
atto_2;docling;markdown;atto_2.md;9;;paragraph;text;OGGETTO: Conferimento incarico a Legale di fiducia per recupero spese di lite liquidate in favore del Comune di Ausonia, nei confronti del Sig. A. Miele a seguito della Sentenza n.° 819/2017 del Tribunale di Cassino e 05014/2023 del Consiglio di Stato.;;;;;;False
atto_2;docling;markdown;atto_2.md;11;;paragraph;text;L'anno duemilaventisei, il giorno undici del mese di giugno alle ore 13:05 e seg. in Ausonia e nella residenza municipale, nella sala delle adunanze, previa l'osservanza di tutte le formalità prescritte dalle vigenti leggi, sono stati oggi convocati in seduta i componenti della Giunta Comunale.;;;;;;False
atto_2;docling;markdown;atto_2.md;13;;paragraph;text;Fatto normale appello nominale, risultano:;;;;;;False
atto_2;docling;markdown;atto_2.md;15;;table;table;| | | Presenti / Assenti | Presenti / Assenti |;;;;;;True
atto_2;docling;markdown;atto_2.md;16;;table;table;|--------------------|--------------|----------------------|----------------------|;;;;;;True
atto_2;docling;markdown;atto_2.md;17;;table;table;| CARDILLO Benedetto | Sindaco | Presente | Presente |;;;;;;True
atto_2;docling;markdown;atto_2.md;18;;table;table;| PINCHERA Stefania | Vice Sindaco | | Presente |;;;;;;True
atto_2;docling;markdown;atto_2.md;19;;table;table;| STAGNO Gaetano | Assessore | | Presente |;;;;;;True
atto_2;docling;markdown;atto_2.md;20;;table;table;| | | Totale | 0 |;;;;;;True
atto_2;docling;markdown;atto_2.md;22;;paragraph;text;Assiste il Segretario Comunale Erminio VERNILE, il quale provvede alla redazione del presente verbale. Essendo legale il numero degli intervenuti, il Dott. Benedetto CARDILLO - Sindaco, assume la Presidenza e dichiara aperta la seduta per la trattazione dell'oggetto sopra indicato.;;;;;;False
atto_2;docling;markdown;atto_2.md;24;;paragraph;text;.;;;;;;False
atto_2;docling;markdown;atto_2.md;26;;heading;heading;PREMESSO:;;;;;PREMESSO;False
atto_2;docling;markdown;atto_2.md;28;;list_item;list_item;"-che , a seguito di vertenza promossa dal Sig. Antonio Miele innanzi al Tribunale Civile di Cassino fu emessa Sentenza favorevole al Comune di Ausonia n.° 819/2017 con la quale il Miele veniva condannato al pagamento delle spese legali in favore del Comune di Ausonia per complessivi €. 7.232,96;";;;;;;False
atto_2;docling;markdown;atto_2.md;29;;list_item;list_item;"-che , a seguito di successivo Ricorso promosso dal medesimo Sig. Antonio Miele innanzi al Consiglio di Stato fu, parimenti, emessa Sentenza favorevole al Comune di Ausonia n.° 05014/2023 con la quale il ricorrente Miele veniva condannato al pagamento delle spese legali in favore di questo Comune per complessivi €. 5.836,48;";;;;;;False
atto_2;docling;markdown;atto_2.md;30;;list_item;list_item;"-che , pertanto, la parte soccombente è risultata condannata alla rifusione delle spese legali nei confronti dell'Ente, nei due giudizi, per complessivi €. 13.069,44, somma che questo Comune era TENUTO a liquidare all'Avv.to Ivan Caserta, con Studio in Pontecorvo (FR) in quanto incaricato della difesa degli interessi del Comune in ambedue i sopracitati procedimenti, giuste Deliberazioni della Giunta Comunale n.° 113 del 05.10.2015 e n.° 48 del 15.05.2017;";;;;;;False
atto_2;docling;markdown;atto_2.md;32;;paragraph;text;"CONSIDERATO che, a fronte della complessiva somma dovuta dalla parte soccombente pari ad €. 13.069,44, ad oggi il Sig. Antonio Miele, nonostante ripetuti solleciti, è ancora debitore nei confronti del Comune di Ausonia di un importo pari ad €. 10.569,44;";;;;;CONSIDERATO;False
atto_2;docling;markdown;atto_2.md;34;;paragraph;text;"RAVVISATA , pertanto, l'opportunità di agire stragiudizialmente, prima, ed eventualmente in giudizio, poi, al fine di ottenere il pagamento delle sopra quantificate spese legali conferendo incarico ad un Legale di fiducia a tutela degli interessi di questo Comune;";;;;;RAVVISATO;False
atto_2;docling;markdown;atto_2.md;36;;paragraph;text;VISTA la nota pervenuta in DATA 12.05.2026 (ACQUISITA al protocollo con il n.° 2965), con la quale l'Avv. Emiliano Simeone, con Studio in Spigno Saturnia (LT) - Piazza Dante n.° 1, previ informali contatti, ha manifestato la propria disponibilità ad accettare l'incarico professionale di cui trattasi a tutela del Comune verso il corrispettivo di seguito analiticamente riportato:;;;;;VISTO;False
atto_2;docling;markdown;atto_2.md;38;;list_item;list_item;"-€. 492,00 per ATTO di significazione e diffida;";;;;;;False
atto_2;docling;markdown;atto_2.md;39;;list_item;list_item;"-€. 808,88 per eventuale Ricorso per Decreto Ingiuntivo;";;;;;;False
atto_2;docling;markdown;atto_2.md;40;;list_item;list_item;"-€. 276,12 per eventuale ATTO di Precetto;";;;;;;False
atto_2;docling;markdown;atto_2.md;42;;paragraph;text;"il tutto per un ammontare massimo complessivo di €. 1.577,00 oltre spese per eventuale azione esecutiva mobiliare/immobiliare nei confronti del debitore;";;;;;;False
atto_2;docling;markdown;atto_2.md;44;;paragraph;text;"VALUTATA l'opportunità di procedere in merito;";;;;;VALUTATO;False
atto_2;docling;markdown;atto_2.md;46;;paragraph;text;"VALUTATA , altresì, la propria competenza ai sensi del D. Lgs. 267/2000;";;;;;VALUTATO;False
atto_2;docling;markdown;atto_2.md;48;;paragraph;text;"VISTO il D.Lgs. n.° 267 del 18.08.2000;";;;;;VISTO;False
atto_2;docling;markdown;atto_2.md;50;;paragraph;text;VISTO;;;;;VISTO;False
atto_2;docling;markdown;atto_2.md;52;;paragraph;text;"il vigente Statuto comunale;";;;;;;False
atto_2;docling;markdown;atto_2.md;54;;paragraph;text;"ACQUISITI i pareri di regolarità tecnica e contabile ai sensi dell'Art. 49 del TUEL 267/00 e ss. mm. e ii.;";;;;;ACQUISITI_PARERI;False
atto_2;docling;markdown;atto_2.md;56;;paragraph;text;"Con votazione unanime e favorevole resa in forma palese;";;0.0;;;;False
atto_2;docling;markdown;atto_2.md;58;;heading;heading;DELIBERA;;;;DELIBERA;DELIBERA;False
atto_2;docling;markdown;atto_2.md;60;;list_item;list_item;"1 )-Di considerare la PREMESSA narrativa parte integrante e sostanziale del presente provvedimento;";;;;;;False
atto_2;docling;markdown;atto_2.md;61;;list_item;list_item;2)- Di conferire incarico professionale in via stragiudiziale ed, eventualmente, giudiziale innanzi agli Organi di Giustizia competenti, nei confronti del Sig. Antonio Miele, nato a;;;;;;False
atto_2;docling;markdown;atto_2.md;63;;heading;heading;LA GIUNTA COMUNALE;;;;;;False
atto_2;docling;markdown;atto_2.md;65;;paragraph;text;"Formia (LT) il 22 luglio 1960 ed ivi residente, alla via Virgilio, n.° 15, al fine di recuperare la somma complessiva di €. 10.569,44 oltre ogni accessorio di legge, dovuta dal Sig. A. Miele medesimo a titolo di rifusione delle spese legali in favore del Comune di Ausonia a seguito della Sentenza emessa dal Tribunale Civile di Cassino n.° 819/2017 e della Sentenza emessa dal Consiglio di Stato n.° 05014/2023;";;;;;;False
atto_2;docling;markdown;atto_2.md;67;;paragraph;text;"3)- Di autorizzare il Sindaco, in qualità di Legale Rappresentante dell'Ente, a costituirsi in giudizio in nome e per CONTO del Comune di Ausonia con conseguente potere di sottoscrizione del mandato 'ad litem';";;;;;;False
atto_2;docling;markdown;atto_2.md;69;;paragraph;text;"4)-Di Nominare, per le finalità di cui al precedente punto n.° 2 del presente deliberato, l'Avv. Emiliano Simeone, con Studio in Spigno Saturnia (LT) - Piazza Dante n.° 1, per la difesa degli interessi del Comune con ampia facoltà di dire, eccepire, dedurre quanto riterrà necessario e conveniente per il Comune;";;;;;;False
atto_2;docling;markdown;atto_2.md;71;;paragraph;text;5)- Di dare ATTO che alla succitata Professionista sarà RICONOSCIUTO il compenso professionale di seguito analiticamente riportato:;;;;;;False
atto_2;docling;markdown;atto_2.md;73;;list_item;list_item;"-€. 492,00 per ATTO di significazione e diffida;";;;;;;False
atto_2;docling;markdown;atto_2.md;74;;list_item;list_item;"-€. 808,88 per eventuale Ricorso per Decreto Ingiuntivo;";;;;;;False
atto_2;docling;markdown;atto_2.md;75;;list_item;list_item;"-€. 276,12 per eventuale ATTO di Precetto;";;;;;;False
atto_2;docling;markdown;atto_2.md;77;;paragraph;text;"il tutto per un ammontare massimo complessivo di €. 1.577,00 oltre spese per eventuale azione esecutiva mobiliare/immobiliare nei confronti del debitore;";;;;;;False
atto_2;docling;markdown;atto_2.md;79;;paragraph;text;"6)- Di stanziare ed impegnare la suddetta somma a valere sul Bilancio di Previsione 2026, gestione competenza - Cap. 1058- Codice 01.11-1.10.05.04.001 'Spese per liti, arbitraggi e risarcimenti';";;;;;;False
atto_2;docling;markdown;atto_2.md;81;;paragraph;text;Di dichiarare con separata, favorevole e palese votazione, il presente provvedimento immediatamente eseguibile ai sensi e per gli effetti dell'articolo 134, comma 4, del D. Lgs. 18.08.2000 n. 267.;;;;;;False
atto_2;docling;markdown;atto_2.md;83;;paragraph;text;LETTO, confermato e sottoscritto.;;;;;LETTO;True
atto_2;docling;markdown;atto_2.md;85;;paragraph;text;IL Sindaco;;;;;;False
atto_2;docling;markdown;atto_2.md;87;;paragraph;text;IL Segretario Comunale f.to Dott. Erminio VERNILE;;;;;;False
atto_2;docling;markdown;atto_2.md;89;;paragraph;text;f.to Dott. Benedetto CARDILLO;;;;;;False
atto_2;docling;markdown;atto_2.md;91;;paragraph;text;\_\_\_\_\_\_\_\_\_\_\_\_\_\_\_\_\_\_\_\_\_\_\_\_\_\_\_\_\_\_;;;;;;False
atto_2;docling;markdown;atto_2.md;93;;paragraph;text;\_\_\_\_\_\_\_\_\_\_\_\_\_\_\_\_\_\_\_\_\_\_\_\_\_\_\_\_\_\_;;;;;;False
atto_2;docling;markdown;atto_2.md;95;;paragraph;text;Il sottoscritto Segretario Comunale, VISTI gli atti di ufficio:;;;;;;False
atto_2;docling;markdown;atto_2.md;97;;heading;heading;ATTESTA;;;;ATTESTA;ATTESTA;False
atto_2;docling;markdown;atto_2.md;99;;paragraph;text;Che la presente deliberazione:;;;;;;False
atto_2;docling;markdown;atto_2.md;101;;list_item;list_item;[x]  viene dichiarata immediatamente eseguibile (art. 134, 4° comma del D. Lvo 267/2000);;;;;;False
atto_2;docling;markdown;atto_2.md;103;;list_item;list_item;[ ]  è divenuta esecutiva il 11-06-2026;;;;;;False
atto_2;docling;markdown;atto_2.md;105;;list_item;list_item;[x]  viene comunicata in elenco ai Capigruppo Consiliari (art. 125);;;;;;False
atto_2;docling;markdown;atto_2.md;107;;paragraph;text;IL Segretario Comunale f.to Dott. Erminio VERNILE;;;;;;False
atto_2;docling;markdown;atto_2.md;109;;paragraph;text;\_\_\_\_\_\_\_\_\_\_\_\_\_\_\_\_\_\_\_\_\_\_\_\_\_\_\_\_\_\_;;;;;;False
atto_2;docling;markdown;atto_2.md;111;;paragraph;text;Il sottoscritto responsabile del servizio delle pubblicazioni;;;;;;False
atto_2;docling;markdown;atto_2.md;113;;heading;heading;ATTESTA;;;;ATTESTA;ATTESTA;False
atto_2;docling;markdown;atto_2.md;115;;paragraph;text;Che la presente deliberazione è stata pubblicata, in DATA odierna, per 15 giorni consecutivi dal 15-06- 2026 al 30-06-2026 al numero 366 nel sito web istituzionale di questo Comune accessibile al pubblico al portale www.comunediausonia.it (art. 32, comma 1, della legge 18 giugno 2009, n. 69).;;;;;;False
atto_2;docling;markdown;atto_2.md;117;;paragraph;text;Dalla Residenza Municipale, lì 15-06-2026;;;;;;False
atto_2;docling;markdown;atto_2.md;119;;paragraph;text;IL Responsabile Procedimento Pubblicazione f.to Sig. Onofrio CORENO;;;;;;False
atto_2;docling;markdown;atto_2.md;121;;paragraph;text;\_\_\_\_\_\_\_\_\_\_\_\_\_\_\_\_\_\_\_\_\_\_\_\_\_\_\_\_\_\_;;;;;;False
atto_2;docling;markdown;atto_2.md;123;;paragraph;text;\_\_\_\_\_\_\_\_\_\_\_\_\_\_\_\_\_\_\_\_\_\_\_\_\_\_\_\_\_\_\_\_\_\_\_\_\_\_\_\_\_\_\_\_\_\_\_\_\_\_\_\_\_\_\_\_\_\_\_\_\_\_\_\_\_\_\_\_\_\_\_\_\_\_\_\_\_\_\_\_\_\_;;;;;;False
atto_2;docling;markdown;atto_2.md;125;;paragraph;text;Copia conforme all'originale, in carta libera per uso amministrativo.;;;;;;False
atto_2;docling;markdown;atto_2.md;127;;paragraph;text;Dalla Residenza Municipale, li 15-06-2026;;;;;;False
atto_2;docling;markdown;atto_2.md;129;;paragraph;text;IL Segretario Comunale;;;;;;False
atto_2;docling;markdown;atto_2.md;131;;paragraph;text;Dott. Erminio VERNILE;;;;;;False
atto_2;docling;markdown;atto_2.md;133;;paragraph;text;\_\_\_\_\_\_\_\_\_\_\_\_\_\_\_\_\_\_\_\_\_\_\_\_\_\_\_\_\_\_;;;;;;False
atto_20;docling;markdown;atto_20.md;1;;paragraph;text;;;;;;;True
atto_20;docling;markdown;atto_20.md;3;;paragraph;text;COPIA;;;;;;False
atto_20;docling;markdown;atto_20.md;5;;heading;heading;COMUNE DI MOIMACCO;;;;;;False
atto_20;docling;markdown;atto_20.md;7;;paragraph;text;Provincia di Udine;;;;;;False
atto_20;docling;markdown;atto_20.md;9;;paragraph;text;\_\_\_\_\_\_\_\_\_\_;;;;;;False
atto_20;docling;markdown;atto_20.md;11;;heading;heading;VERBALE DI DELIBERAZIONE DEL CONSIGLIO COMUNALE;;;;;;False
atto_20;docling;markdown;atto_20.md;13;;paragraph;text;\_\_\_\_\_\_\_\_\_\_;;;;;;False
atto_20;docling;markdown;atto_20.md;15;;paragraph;text;ANNO 2024;;;;;;False
atto_20;docling;markdown;atto_20.md;17;;paragraph;text;N. 9 del Reg. Delibere;;;;;;False
atto_20;docling;markdown;atto_20.md;19;;paragraph;text;OGGETTO: OBIETTIVI SULLE SPESE DI FUNZIONAMENTO E DEL PERSONALE DELLA SOCIETA' IN HOUSE A&T 2000 S.P.A. AI SENSI DELL'ART. 19 DEL D.LGS. 175/2016 - ANNO 2024.;;;;;;False
atto_20;docling;markdown;atto_20.md;21;;paragraph;text;L'anno 2024 , il giorno 02 del mese di Maggio alle ore 19:10 nella sala consigliare si è riunito il Consiglio Comunale. Fatto l'appello nominale risultano:;;;;;;False
atto_20;docling;markdown;atto_20.md;23;;table;table;| | | Presente/Assente |;;;;;;True
atto_20;docling;markdown;atto_20.md;24;;table;table;|-------------------------|-------------|--------------------|;;;;;;True
atto_20;docling;markdown;atto_20.md;25;;table;table;| dott. Basaldella Enrico | Sindaco | Presente |;;;;;;True
atto_20;docling;markdown;atto_20.md;26;;table;table;| Basaldella Rodolfo | Consigliere | Presente |;;;;;;True
atto_20;docling;markdown;atto_20.md;27;;table;table;| Bassetti Franca | Consigliere | Presente |;;;;;;True
atto_20;docling;markdown;atto_20.md;28;;table;table;| Bevilacqua Paolo | Consigliere | Presente |;;;;;;True
atto_20;docling;markdown;atto_20.md;29;;table;table;| Causero Tiziano | Consigliere | Presente |;;;;;;True
atto_20;docling;markdown;atto_20.md;30;;table;table;| Cotterli Ada | Consigliere | Assente |;;;;;;True
atto_20;docling;markdown;atto_20.md;31;;table;table;| De Puppi Caterina | Consigliere | Assente |;;;;;;True
atto_20;docling;markdown;atto_20.md;32;;table;table;| Fanna Marco | Consigliere | Presente |;;;;;;True
atto_20;docling;markdown;atto_20.md;33;;table;table;| Ferro Laura | Consigliere | Presente |;;;;;;True
atto_20;docling;markdown;atto_20.md;34;;table;table;| Grosso Gabriele | Consigliere | Presente |;;;;;;True
atto_20;docling;markdown;atto_20.md;35;;table;table;| Lavarone Roberto | Consigliere | Presente |;;;;;;True
atto_20;docling;markdown;atto_20.md;36;;table;table;| Rosati Alberto | Consigliere | Presente |;;;;;;True
atto_20;docling;markdown;atto_20.md;37;;table;table;| Simoncig Davide | Consigliere | Presente |;;;;;;True
atto_20;docling;markdown;atto_20.md;39;;paragraph;text;Assiste il Segretario Stanig dott.ssa Eva.;;;;;;False
atto_20;docling;markdown;atto_20.md;41;;paragraph;text;Constatato il numero degli intervenuti, assume la presidenza il Sig. Basaldella dott. Enrico nella sua qualità di Sindaco , espone gli oggetti iscritti all'ordine del giorno e dichiara aperta la discussione per la trattazione dell'argomento indicato in oggetto.;;;;;;False
atto_20;docling;markdown;atto_20.md;43;;paragraph;text;OGGETTO: OBIETTIVI SULLE SPESE DI FUNZIONAMENTO E DEL PERSONALE DELLA SOCIETA' IN HOUSE A&T 2000 S.p.A. AI SENSI DELL'ART. 19 DEL D.LGS. 175/2016 - ANNO 2024.;;;;;;False
atto_20;docling;markdown;atto_20.md;45;;heading;heading;Proposta di DELIBERA del Consiglio Comunale;;;;;;False
atto_20;docling;markdown;atto_20.md;47;;paragraph;text;"PREMESSO che A&T 2000 S.p.A. è una società a controllo pubblico affidataria in house del servizio di gestione integrata dei rifiuti urbani nel territorio di 79 comuni del Friuli Venezia Giulia, tra cui il Comune di Moimacco per effetto della Deliberazione n. 37/19 dd. 02.10.2019 dell'Assemblea Regionale D'Ambito di AUSIR;";;;;;PREMESSO;False
atto_20;docling;markdown;atto_20.md;49;;paragraph;text;"DATO ATTO che in A&T 2000 S.p.A. vige un sistema di controllo analogo congiunto regolato secondo specifiche disposizioni statutarie e apposita Convenzione stipulata fra gli Enti soci;";;;;;DATO_ATTO;False
atto_20;docling;markdown;atto_20.md;51;;paragraph;text;"VISTO il c. 5 dell'art. 19 del D. Lgs. n. 175/2016 in base al quale Le amministrazioni pubbliche socie fissano, con propri provvedimenti, obiettivi specifici, annuali e pluriennali, sul complesso delle spese di funzionamento, ivi comprese quelle per il personale, delle società controllate, anche attraverso il contenimento degli oneri contrattuali e delle assunzioni di personale e TENUTO CONTO di quanto STABILITO all'articolo 25, ovvero delle eventuali disposizioni che stabiliscono, a loro carico, divieti o limitazioni alle assunzioni di personale, tenendo CONTO del settore in cui ciascun soggetto opera;";;;;;VISTO;False
atto_20;docling;markdown;atto_20.md;53;;paragraph;text;"CONSIDERATO che gli obiettivi sul complesso delle spese di funzionamento della società così fissati vengono recepiti nel budget adottato dal Consiglio di Amministrazione e sottoposto al parere della Commissione per il 'Controllo Analogo congiunto' e all'approvazione da parte del Coordinamento dei soci per il 'Controllo Analogo congiunto';";;;;;CONSIDERATO;False
atto_20;docling;markdown;atto_20.md;55;;paragraph;text;"ATTESO che A&T 2000 S.p.A. è chiamata a perseguire il costante efficientamento organizzativo e l'ottimizzazione dei suoi costi di funzionamento per l'erogazione dei servizi affidati dall'AUSIR e regolati dalle disposizioni dell'ARERA;";;;;;ATTESO;False
atto_20;docling;markdown;atto_20.md;57;;paragraph;text;"DATO ATTO che la spesa sostenuta dalla società per le spese di funzionamento dell'organo amministrativo rispetta le disposizioni di cui all'art. 4, comma 4, del Decreto Legge 95/2012;";;;;;DATO_ATTO;False
atto_20;docling;markdown;atto_20.md;59;;paragraph;text;"VISTO il documento denominato 'OBIETTIVI SULLE SPESE DI FUNZIONAMENTO E DEL PERSONALE DELLA SOCIETA' IN HOUSE A&T 2000 S.p.A. AI SENSI DELL'ART. 19 DEL D.LGS. 175/2016 ANNO 2024', allegato parte integrante e contestuale del presente provvedimento, adottato dal C.d.A. di A&T 2000 S.p.A. e sottoposto all'esame della Commissione 'per il controllo analogo congiunto' della Società, in cui sono contenuti gli elementi utili per la fissazione di tali obiettivi, relativi in particolare ai costi e alla politica del personale della Società;";;;;;VISTO;False
atto_20;docling;markdown;atto_20.md;61;;paragraph;text;"RITENUTO che la politica del personale ivi descritta, accompagnata da un'oculata gestione del contratto integrativo aziendale, individui in maniera compiuta ed esauriente gli obiettivi e gli indicatori atti a perseguire le strategie aziendali nell'anno 2024, con il mantenimento da parte di A&T 2000 S.p.A. dell'obiettivo del contenimento dei costi del personale al netto delle dinamiche salariali indotte dal CCNL;";;;;;RITENUTO;False
atto_20;docling;markdown;atto_20.md;63;;paragraph;text;"CONSIDERATO che la dotazione organica del personale ivi indicata, dal punto di VISTA numerico, potrà subire variazioni dovute ad eventuali uscite dall'azienda per quiescenza o ad eventuali necessità di sostituzioni anche temporanee per eventi quali maternità, malattia o infortunio, garantendo in ogni caso tutti i principi di contenimento dei costi previsti;";;;;;CONSIDERATO;False
atto_20;docling;markdown;atto_20.md;65;;paragraph;text;"DATO ATTO che gli elementi ed obiettivi innanzi RICHIAMATI potrebbero richiedere eventuali modifiche ed integrazioni in presenza di significative azioni di riorganizzazione o modifica operativa dei servizi resi da A&T 2000 S.p.A. o di future variazioni aziendali e societarie;";;;;;DATO_ATTO;False
atto_20;docling;markdown;atto_20.md;67;;paragraph;text;"ATTESO che il presente ATTO rientra tra i provvedimenti soggetti a pubblicazione sul sito internet istituzionale sia della società che delle pubbliche amministrazioni socie, ai sensi dell'art. 19, c. 7, del D. Lgs. n. 175/2016;";;;;;ATTESO;False
atto_20;docling;markdown;atto_20.md;69;;heading;heading;PROPONE;;;0.0;;;False
atto_20;docling;markdown;atto_20.md;71;;list_item;list_item;"DI APPROVARE le PREMESSE, che costituiscono parte integrante della presente deliberazione;";;;;;;False
atto_20;docling;markdown;atto_20.md;72;;list_item;list_item;"DI APPROVARE il documento denominato 'OBIETTIVI SULLE SPESE DI FUNZIONAMENTO E DEL PERSONALE DELLA SOCIETA' IN HOUSE A&T 2000 S.p.A. AI SENSI DELL'ART. 19 DEL D.LGS. 175/2016 ANNO 2024', allegato parte integrante e contestuale del presente provvedimento;";;;;;;False
atto_20;docling;markdown;atto_20.md;73;;list_item;list_item;"DI FISSARE e fare propri gli obiettivi ed elementi di gestione INDIVIDUATI nel documento innanzi approvato relativamente al contenimento dei costi di funzionamento, ed in particolare delle spese per il personale della società A&T 2000 S.p.A., ai sensi del c. 5 dell'art. 19 del D. Lgs. n. 175/2016 per l'anno 2024;";;;;;;False
atto_20;docling;markdown;atto_20.md;74;;list_item;list_item;"DI DARE ATTO che i suddetti obiettivi ed elementi di gestione potranno essere oggetto di successiva revisione in presenza di significative azioni di riorganizzazione o modifica operativa dei servizi resi da A&T 2000 S.p.A. o di future variazioni aziendali e societarie;";;;;;;False
atto_20;docling;markdown;atto_20.md;75;;list_item;list_item;"DI DISPORRE la pubblicazione del presente provvedimento sul sito istituzionale del Comune;";;;;;;False
atto_20;docling;markdown;atto_20.md;76;;list_item;list_item;"DI INVIARE il presente provvedimento ad A&T 2000 S.p.A. ai fini del relativo recepimento e dell'assolvimento degli obblighi di pubblicazione;";;;;;;False
atto_20;docling;markdown;atto_20.md;77;;list_item;list_item;DI DICHIARARE la presente DELIBERA immediatamente eseguibile, ai sensi art. 1, c. 19, L.R. 21/2003, come sostituito dall'art. 17 della L.R. 17/2004.;;;;;;False
atto_20;docling;markdown;atto_20.md;79;;heading;heading;IL CONSIGLIO COMUNALE;;;;;;False
atto_20;docling;markdown;atto_20.md;81;;paragraph;text;"VISTA la suesposta proposta di deliberazione;";;;;;VISTO;False
atto_20;docling;markdown;atto_20.md;83;;paragraph;text;"VISTO che sulla stessa sono stati espressi i pareri di cui al D. Lgs. 267/2000;";;;;;VISTO;False
atto_20;docling;markdown;atto_20.md;85;;paragraph;text;"RIUNITO l'organo collegiale nelle forme sopra descritte con l'assistenza del segretario comunale in ossequio all'art. 97 TUEL;";;;;;;False
atto_20;docling;markdown;atto_20.md;87;;paragraph;text;"VISTO l'art. 1 comma 20 bis della L.R. n. 21 del 11.12.2003 in materia di pubblicazione delle deliberazioni degli enti locali;";;;;;VISTO;False
atto_20;docling;markdown;atto_20.md;89;;paragraph;text;Il Sindaco prende la parola e comunica che come è noto la società in oggetto gestisce il ciclo integrato dei rifiuti per il Comune. Il comune è TENUTO a fissare, in virtù del decreto Madia, obiettivi circa le spese di funzionamento e del personale al fine del loro contenimento.;;;;;;False
atto_20;docling;markdown;atto_20.md;91;;paragraph;text;"DATO ATTO che gli interventi sono registrati su supporto informatico depositato presso la segreteria che costituisce, ex art. 22, L. n. 241/1990 e s.m.i., documentazione a comprova della discussione ai sensi dell'art. 44 del Regolamento del Consiglio Comunale;";;;;;DATO_ATTO;False
atto_20;docling;markdown;atto_20.md;93;;paragraph;text;UDITA quindi la proposta del Presidente, si procede a votazione sull'argomento in esame.;;0.0;;;;False
atto_20;docling;markdown;atto_20.md;95;;paragraph;text;Procedutosi a votazione nei modi e nelle forme previste dalla legge, si ottiene il seguente risultato:;;0.0;;;;False
atto_20;docling;markdown;atto_20.md;97;;paragraph;text;Voti favorevoli: 11;;;;;;False
atto_20;docling;markdown;atto_20.md;99;;paragraph;text;Voti contrari: -;;;;;;False
atto_20;docling;markdown;atto_20.md;101;;paragraph;text;Astenuti: -;;;;;;False
atto_20;docling;markdown;atto_20.md;103;;paragraph;text;pertanto, in esito alla suddetta votazione;;;;;;False
atto_20;docling;markdown;atto_20.md;105;;paragraph;text;con voti resi ed ACCERTATI nelle forme di legge;;;;;;False
atto_20;docling;markdown;atto_20.md;107;;heading;heading;DELIBERA;;;;DELIBERA;DELIBERA;False
atto_20;docling;markdown;atto_20.md;109;;list_item;list_item;"di accogliere la superiore proposta ed in conseguenza di adottare il presente ATTO con la narrativa, la motivazione ed il dispositivo di cui alla proposta stessa, che qui si intende integralmente trascritta;";;;;;;False
atto_20;docling;markdown;atto_20.md;110;;list_item;list_item;di dichiarare, VISTA l'urgenza di procedere, con voti unanimi resi ed ACCERTATI con separata votazione (voti favorevoli 11, voti contrari -, astenuti - ), il presente ATTO immediatamente esecutivo ai sensi art. 1, c. 19, L.R. 21/2003, come sostituito dall'art. 17 della L.R. 17/2004.;;;;;;False
atto_20;docling;markdown;atto_20.md;112;;heading;heading;PARERE DI REGOLARITÁ TECNICA;;;;;;False
atto_20;docling;markdown;atto_20.md;114;;paragraph;text;Con riferimento all'art. 49, comma 1° del D.Lgs.n. 267/2000 del T.U.EE.LL., è stato espresso parere favorevole alla regolarità tecnica sulla proposta di deliberazione in oggetto da DOTT.SSA MARTINA NOBILE in DATA 20 marzo 2024.;;;;;;False
atto_20;docling;markdown;atto_20.md;116;;heading;heading;PARERE DI REGOLARITÁ CONTABILE;;;;;;False
atto_20;docling;markdown;atto_20.md;118;;paragraph;text;Con riferimento all'art. 49, comma 1° del D.Lgs.n. 267/2000 del T.U.EE.LL., è stato espresso parere favorevole alla regolarità contabile sulla proposta di deliberazione in oggetto da DOTT.SSA MARIACRISTINA VIRGILIO in DATA 20 marzo 2024.;;;;;;False
atto_20;docling;markdown;atto_20.md;120;;heading;heading;Il Presidente F.to Basaldella dott. Enrico;;;;;;False
atto_20;docling;markdown;atto_20.md;122;;heading;heading;Il Segretario F.to Stanig dott.ssa Eva;;;;;;False
atto_20;docling;markdown;atto_20.md;124;;heading;heading;ATTESTAZIONE DI PUBBLICAZIONE;;;;;;False
atto_20;docling;markdown;atto_20.md;126;;paragraph;text;Si ATTESTA che la presente deliberazione viene pubblicata all'Albo pretorio on line dal 07/05/2024 al 22/05/2024 per quindici giorni consecutivi, ai sensi della L.R. n. 21/2003 e successive modificazioni.;;;;;ATTESTA;False
atto_20;docling;markdown;atto_20.md;128;;paragraph;text;Comune di Moimacco, lì 07/05/2024;;;;;;False
atto_20;docling;markdown;atto_20.md;130;;paragraph;text;Il Responsabile della Pubblicazione F.to rag. Maria Domenicone;;;;;;False
atto_20;docling;markdown;atto_20.md;132;;heading;heading;ATTESTATO DI ESECUTIVITA';;;;;ATTESTATO;False
atto_20;docling;markdown;atto_20.md;134;;paragraph;text;La presente deliberazione è divenuta esecutiva il giorno 02/05/2024, poiché dichiarata immediatamente esecutiva (art. 1, comma 19 della L.R. 11/12/2003 n. 21 come modificato dall'art. 17 della L.R. 24/05/2004 n. 17).;;;;;;False
atto_20;docling;markdown;atto_20.md;136;;paragraph;text;Lì 07/05/2024;;;;;;False
atto_20;docling;markdown;atto_20.md;138;;paragraph;text;Il Responsabile dell'esecutività F.to rag. Maria Domenicone;;;;;;False
atto_20;docling;markdown;atto_20.md;140;;paragraph;text;Copia conforme all'originale, in carta libera ad uso amministrativo.;;;;;;False
atto_20;docling;markdown;atto_20.md;142;;paragraph;text;Lì 07/05/2024;;;;;;False
atto_20;docling;markdown;atto_20.md;144;;paragraph;text;Il Responsabile del Procedimento Rag. Maria Domenicone;;;;;;False
atto_21;docling;markdown;atto_21.md;1;;paragraph;text;;;;;;;True
atto_21;docling;markdown;atto_21.md;3;;heading;heading;Comune di Mombello Monferrato;;;;;;False
atto_21;docling;markdown;atto_21.md;5;;paragraph;text;Provincia di Alessandria;;;;;;False
atto_21;docling;markdown;atto_21.md;7;;paragraph;text;Verbale di deliberazione della GIUNTA COMUNALE;;;;;;False
atto_21;docling;markdown;atto_21.md;9;;paragraph;text;;;;;;;True
atto_21;docling;markdown;atto_21.md;11;;paragraph;text;Verbale n.61;;;;;;False
atto_21;docling;markdown;atto_21.md;13;;paragraph;text;OGGETTO : PROGRAMMAZIONE DELLA RETE SCOLASTICA E DELL'OFFERTA FORMATIVA DELLA PROVINCIA DI ALESSANDRIA A.S. 2027/2028 RICHIESTA MANTENIMENTO IN DEROGA;;;;;;False
atto_21;docling;markdown;atto_21.md;15;;paragraph;text;Il giorno 24/06/2026 alle ore 10:15 nella sala delle adunanze del Comune, previa l'osservanza delle formalità prescritte dalla vigente normativa, a seguito di convocazione dei componenti della Giunta Comunale, risultanti all'appello:;;;;;;False
atto_21;docling;markdown;atto_21.md;17;;table;table;| N. | COGNOME E NOME | PRESENTI |;;;;;;True
atto_21;docling;markdown;atto_21.md;18;;table;table;|------|------------------------------|----------------|;;;;;;True
atto_21;docling;markdown;atto_21.md;19;;table;table;| 1 | CARETTI DANIELE - Sindaco | Sì |;;;;;;True
atto_21;docling;markdown;atto_21.md;20;;table;table;| 2 | GALLINA MARIO - Vice Sindaco | Giust. |;;;;;;True
atto_21;docling;markdown;atto_21.md;21;;table;table;| 3 | SOPEGNO CARLA - Assessore | Sì (da remoto) |;;;;;;True
atto_21;docling;markdown;atto_21.md;22;;table;table;| 4 | | |;;;;;;True
atto_21;docling;markdown;atto_21.md;23;;table;table;| | TOTALE PRESENTI | 2 |;;;;;;True
atto_21;docling;markdown;atto_21.md;24;;table;table;| | TOTALE ASSENTI | 1 |;;;;;;True
atto_21;docling;markdown;atto_21.md;26;;paragraph;text;con l'intervento e l'opera della dott.ssa TRICCO Dott.ssa Chiara -vice Segretario reggente, con funzioni consultive, referenti e di assistenza e quale verbalizzatore (art. 97 comma 4 lett. a T.U. 267/2000),;;;;;;False
atto_21;docling;markdown;atto_21.md;28;;paragraph;text;RICONOSCIUTO legale il numero degli intervenuti,;;;;;RICONOSCIUTO;False
atto_21;docling;markdown;atto_21.md;30;;heading;heading;CARETTI DANIELE - Sindaco;;;;;;False
atto_21;docling;markdown;atto_21.md;32;;paragraph;text;assume la presidenza e dichiara aperta la seduta per la trattazione dell'oggetto indicato, invitando i presenti a DELIBERARE in merito.;;;;;;False
atto_21;docling;markdown;atto_21.md;34;;paragraph;text;"UDITA la relazione del Presidente;";;;;;;False
atto_21;docling;markdown;atto_21.md;36;;heading;heading;RICHIAMATI:;;;;;RICHIAMATO;False
atto_21;docling;markdown;atto_21.md;38;;list_item;list_item;"L'art. 21 della Legge 15 marzo 1997, n. 59, in materia di autonomia scolastica;";;;;;;False
atto_21;docling;markdown;atto_21.md;39;;list_item;list_item;"Il D.P.R. 18 giugno 1998, n. 233, recante norme per il dimensionamento ottimale delle istituzioni scolastiche;";;;;;;False
atto_21;docling;markdown;atto_21.md;40;;list_item;list_item;"La deliberazione del Consiglio Regionale del Piemonte n. 157-13692 del 9 giugno 2026, concernente i criteri per la programmazione della rete scolastica e dell'offerta formativa per il triennio 2027-2030;";;;;;;False
atto_21;docling;markdown;atto_21.md;41;;list_item;list_item;"La D.G.R. della Regione Piemonte n. 5-2676 del 15 giugno 2026, attuativa dei suddetti criteri regionali;";;;;;;False
atto_21;docling;markdown;atto_21.md;43;;paragraph;text;DATO ATTO altresì che la Provincia di Alessandria dovrà approvare il Piano di dimensionamento scolastico e dell'offerta formativa per l'a.s. 2027-2028 e trasmetterlo alla Regione entro il 31 luglio, avendo precedentemente ACQUISITO eventuali proposte e/o richieste che dovranno poi essere presentate in sede di Conferenza provinciale della scuola che costituisce il momento conclusivo di confronto a livello territoriale;;;;;DATO_ATTO;False
atto_21;docling;markdown;atto_21.md;45;;paragraph;text;"VISTA la nota prot. n. 0025339 del 05/06/2026 della Provincia di Alessandria - con la quale nelle more dell'approvazione da parte della Regione Piemonte dei i criteri per la programmazione della rete scolastica e dell'offerta formativa per il triennio 2027-2030, si richiedeva al Comune di Mombello Monferrato di avviare le procedure per la eventuale richiesta del Mantenimento del Plesso in deroga;";;;;;VISTO;False
atto_21;docling;markdown;atto_21.md;47;;paragraph;text;CONSIDERATO che al fine di preservare il servizio scolastico nelle piccole comunità, che per prime risentono del trend demografico negativo ormai in ATTO da alcuni anni, in cui la scuola riveste un importante ruolo di coesione sociale, anche per contrastare lo spopolamento, possono essere mantenuti attivi, in deroga ai parametri indicati al paragrafo 3.1 dei suddetti Criteri, i Punti di erogazione del servizio (PES) di scuola statale, RICONOSCIUTI con codice meccanografico ministeriale purché funzionanti nell'a.s. 2027-2028, siti in comuni montani e/o in comuni in situazione di marginalità di cui alla deliberazione della Giunta Regionale 21 novembre 2008, n. 1-10104:;;;;;CONSIDERATO;False
atto_21;docling;markdown;atto_21.md;49;;list_item;list_item;"di scuola dell'infanzia costituiti con monosezione inferiore ai parametri del D.P.R. n. 81/2009 e con almeno 10 bambini;";;;;;;False
atto_21;docling;markdown;atto_21.md;50;;list_item;list_item;"di scuola primaria costituiti con almeno una classe di 10 bambini o una pluriclasse con minimo di 8 e massimo di 18 alunni;";;;;;;False
atto_21;docling;markdown;atto_21.md;51;;list_item;list_item;le sezioni staccate di scuola secondaria di I grado costituite con almeno 20 alunni.;;;;;;False
atto_21;docling;markdown;atto_21.md;53;;paragraph;text;DATO ATTO CHE l'ente ha effettuato un'analisi volta a valutare l'opportunità del mantenimento del PES, tenendo CONTO:;;;;;DATO_ATTO;False
atto_21;docling;markdown;atto_21.md;55;;list_item;list_item;"della consistenza numerica dell'utenza ATTESA per l'a.s. 2027-2028, sulla base delle nascite del bacino d'utenza del PES e sull'andamento della frequenza nell'ultimo triennio, anche ai fini dell'indicazione del rispetto dei parametri minimi sopra indicati;";;;;;;False
atto_21;docling;markdown;atto_21.md;56;;list_item;list_item;"delle condizioni di sicurezza e delle caratteristiche dell'edificio scolastico presso cui è ubicato il servizio scolastico;";;;;;;False
atto_21;docling;markdown;atto_21.md;57;;list_item;list_item;-della presenza di eventuali PES, ubicati nel comune e/o in altro comune, che permettano un facile accesso al servizio statale da parte degli alunni, secondo le condizioni di accesso relative alle distanze indicate:;;;;;;False
atto_21;docling;markdown;atto_21.md;58;;list_item;list_item;"- per le scuole dell'infanzia non più di km 5 da percorrere in non più di 15 minuti;";;;;;;False
atto_21;docling;markdown;atto_21.md;59;;list_item;list_item;"- per le scuole primarie da km 5 a km 9 da percorrere in non più di 20 minuti;";;;;;;False
atto_21;docling;markdown;atto_21.md;60;;list_item;list_item;- per le scuole secondarie di I grado non più di km 10 da percorrere in non più di 30 minuti.;;;;;;False
atto_21;docling;markdown;atto_21.md;62;;paragraph;text;"CHE il Comune di Mombello Monferrato risulta essere marginale ai sensi della D.G.R. n. 1-10104 del 21.11.2008;";;;;;;False
atto_21;docling;markdown;atto_21.md;64;;heading;heading;LA GIUNTA COMUNALE;;;;;;False
atto_21;docling;markdown;atto_21.md;66;;paragraph;text;CONSIDERATO che la rete scolastica del Comune di Mombello Monferrato è costituita dal seguente punto di erogazione del servizio di scuola statale, afferente all'Istituto Comprensivo di Cerrina e che gli iscritti all' a.s. 2025-2026, come comunicati dallo stesso Istituto Comprensivo, risultano essere:;;;;;CONSIDERATO;False
atto_21;docling;markdown;atto_21.md;68;;list_item;list_item;Scuola Primaria - n. alunni 18.;;;;;;False
atto_21;docling;markdown;atto_21.md;70;;paragraph;text;CHE con nota in DATA 23/06/2024 prot 2710 l'istituto Comprensivo di Cerrina a firma della Dirigente scolastica Prof.ssa Scotti Barbara si è detto favorevole al mantenimento in deroga del plesso sottodimensionato di Mombello Monferrato;;;;;;False
atto_21;docling;markdown;atto_21.md;72;;paragraph;text;"VISTA la l'analisi di contesto con riferimento all'andamento demografico e all'utenza ATTESA per l'a.s,. 20272028 nonche' alla situazione dell'immobile e alla presenza di altri PES disponibili, allegata alla presente e parte integrante e sostanziale del provvedimento;";;;;;VISTO;False
atto_21;docling;markdown;atto_21.md;74;;paragraph;text;"RILEVATO che il mantenimento del servizio scolastico per l'a.s. 2027/2028 nel Comune di Mombello Monferrato risulta essere assolutamente necessario, anche in considerazione degli investimenti fatti da questa amministrazione comunale nell'edificio scolastico negli ultimi anni, garantendo altresì un servizio alla popolazione; l'eventuale soppressione provocherebbe infatti un enorme disagio per i residenti nel comune di Mombello Monferrato che si vedrebbero costretti a portare altrove e più lontano i loro bambini;";;;;;RILEVATO;False
atto_21;docling;markdown;atto_21.md;76;;heading;heading;RITENUTO, pertanto, di:;;;;;RITENUTO;False
atto_21;docling;markdown;atto_21.md;78;;list_item;list_item;-individuare, con il presente ATTO, i seguenti punti di erogazione di scuola statale per cui risulta opportuno mantenere attivo il servizio scolastico per l'a.s. 2027-2028, in base ai Criteri approvati dalla Regione Piemonte deliberazione del Consiglio Regionale del Piemonte n. 157-13692 del 9 giugno 2026, concernente i criteri per la programmazione della rete scolastica e dell'offerta formativa per il triennio 2027-2030;;;;;;False
atto_21;docling;markdown;atto_21.md;79;;list_item;list_item;-Scuola Primaria - n. alunni 19.;;;;;;False
atto_21;docling;markdown;atto_21.md;80;;list_item;list_item;trasmettere la presente Deliberazione alla Provincia di Alessandria, richiedendo l'inserimento dei punti di erogazione del servizio da mantenere in deroga, sopra indicati, nel proprio Piano di revisione e dimensionamento della rete scolastica per l'a.s. 2027-2028.;;;;;;False
atto_21;docling;markdown;atto_21.md;82;;paragraph;text;"DATO ATTO che contestualmente è stato ACQUISITO il parere favorevole di regolarità amministrativa reso dal vice Segretario Comunale in qualità di Responsabile del Servizio Amministrativo sulla proposta di deliberazione, ai sensi dell'art. 49, 1°comma, del D. Lgs. 18.08.2000 n. 267 e riportato in calce;";;;;;DATO_ATTO;False
atto_21;docling;markdown;atto_21.md;84;;paragraph;text;Con voti favorevoli ed unanimi espressi nei modi di legge;;0.0;;;;False
atto_21;docling;markdown;atto_21.md;86;;heading;heading;DELIBERA;;;;DELIBERA;DELIBERA;False
atto_21;docling;markdown;atto_21.md;88;;list_item;list_item;-di individuare, con il presente ATTO, i seguenti punti di erogazione di scuola statale per cui risulta opportuno mantenere attivo il servizio scolastico per l'a.s. 2027-2028, in base ai Criteri approvati dalla Regione Piemonte deliberazione del Consiglio Regionale del Piemonte n. 157-13692 del 9 giugno 2026, concernente i criteri per la programmazione della rete scolastica e dell'offerta formativa per il triennio 2027-2030 ' :;;;;;;False
atto_21;docling;markdown;atto_21.md;89;;list_item;list_item;-Scuola Primaria - n. alunni 18;;;;;;False
atto_21;docling;markdown;atto_21.md;90;;list_item;list_item;"-di dare ATTO che l'Istituto Comprensivo con nota in DATA 23/06/2024 prot 2710, ha confermato il funzionamento del plesso su indicato nell'a.s. 2026-2027;";;;;;;False
atto_21;docling;markdown;atto_21.md;91;;list_item;list_item;"di approvare l'acclusa relazione allegato sub A) e parte integrante del presente provvedimento;";;;;;;False
atto_21;docling;markdown;atto_21.md;92;;list_item;list_item;di trasmettere la presente Deliberazione alla Provincia di Alessandria, richiedendo l'inserimento dei punti di erogazione del servizio da mantenere in deroga, sopra indicati, nel proprio Piano di revisione e dimensionamento della rete scolastica per l'a.s. 2027-2028.;;;;;;False
atto_21;docling;markdown;atto_21.md;94;;heading;heading;successivamente;;;;;;False
atto_21;docling;markdown;atto_21.md;96;;paragraph;text;Di dichiarare, stante l'urgenza di provvedere in merito, a voti unanimi e favorevoli, il presente provvedimento, immediatamente eseguibile, ai sensi dell'art.134, 4° comma del D.Lgs. 267/2000.;;;;;;False
atto_21;docling;markdown;atto_21.md;98;;paragraph;text;IL PRESIDENTE F.to : CARETTI DANIELE;;;;;;False
atto_21;docling;markdown;atto_21.md;100;;paragraph;text;IL VICE SEGRETARIO REGGENTE F.to : TRICCO Dott.ssa Chiara;;;;;;False
atto_21;docling;markdown;atto_21.md;102;;paragraph;text;;;;;;;True
atto_21;docling;markdown;atto_21.md;104;;paragraph;text;Si ATTESTA che la presente deliberazione è stata pubblicata, in DATA odierna per rimanervi 15 giorni consecutivi nel sito web istituzionale di questo Comune accessibile al pubblico (art. 32, comma 1 della Legge 18 giugno 2009, n. 69).;;;;;ATTESTA;False
atto_21;docling;markdown;atto_21.md;106;;paragraph;text;Mombello Monferrato, lì 29/06/2026;;;;;;False
atto_21;docling;markdown;atto_21.md;108;;paragraph;text;con prot. n.;;;;;;False
atto_21;docling;markdown;atto_21.md;110;;paragraph;text;MOMBELLO MONF., lì 29/06/2026;;;;;;False
atto_21;docling;markdown;atto_21.md;112;;paragraph;text;Il viceSegretario Comunale TRICCO Dott. Chiara;;;;;;False
atto_21;docling;markdown;atto_21.md;114;;paragraph;text;\_\_\_\_\_\_\_\_\_\_\_\_\_\_\_\_\_\_\_\_\_\_\_\_\_\_\_\_\_\_\_\_\_\_\_\_\_\_\_\_;;;;;;False
atto_21;docling;markdown;atto_21.md;116;;paragraph;text;MEZZANO Davide;;;;;;False
atto_21;docling;markdown;atto_21.md;118;;paragraph;text;;;;;;;True
atto_21;docling;markdown;atto_21.md;120;;paragraph;text;;;;;;;True
atto_22;docling;markdown;atto_22.md;1;;paragraph;text;;;;;;;True
atto_22;docling;markdown;atto_22.md;3;;heading;heading;Comune di Mombello Monferrato;;;;;;False
atto_22;docling;markdown;atto_22.md;5;;paragraph;text;Provincia di Alessandria;;;;;;False
atto_22;docling;markdown;atto_22.md;7;;paragraph;text;Verbale di deliberazione della GIUNTA COMUNALE;;;;;;False
atto_22;docling;markdown;atto_22.md;9;;paragraph;text;;;;;;;True
atto_22;docling;markdown;atto_22.md;11;;heading;heading;OGGETTO : APPROVAZIONE RELAZIONE SULLA PERFORMANCE 2025;;;;;;False
atto_22;docling;markdown;atto_22.md;13;;paragraph;text;Il giorno 12/06/2026 alle ore 10:30 nella sala delle adunanze del Comune, previa l'osservanza delle formalità prescritte dalla vigente normativa, a seguito di convocazione dei componenti della Giunta Comunale, risultanti all'appello:;;;;;;False
atto_22;docling;markdown;atto_22.md;15;;table;table;| N. | COGNOME E NOME | PRESENTI |;;;;;;True
atto_22;docling;markdown;atto_22.md;16;;table;table;|------|------------------------------|----------------|;;;;;;True
atto_22;docling;markdown;atto_22.md;17;;table;table;| 1 | CARETTI DANIELE - Sindaco | Sì |;;;;;;True
atto_22;docling;markdown;atto_22.md;18;;table;table;| 2 | GALLINA MARIO - Vice Sindaco | Sì (da remoto) |;;;;;;True
atto_22;docling;markdown;atto_22.md;19;;table;table;| 3 | SOPEGNO CARLA - Assessore | Sì (da remoto) |;;;;;;True
atto_22;docling;markdown;atto_22.md;20;;table;table;| 4 | | |;;;;;;True
atto_22;docling;markdown;atto_22.md;21;;table;table;| | TOTALE PRESENTI | 3 |;;;;;;True
atto_22;docling;markdown;atto_22.md;22;;table;table;| | TOTALE ASSENTI | 0 |;;;;;;True
atto_22;docling;markdown;atto_22.md;24;;paragraph;text;con l'intervento e l'opera della dott.ssa TRICCO Dott.ssa Chiara -vice Segretario reggente, con funzioni consultive, referenti e di assistenza e quale verbalizzatore (art. 97 comma 4 lett. a T.U. 267/2000),;;;;;;False
atto_22;docling;markdown;atto_22.md;26;;paragraph;text;RICONOSCIUTO legale il numero degli intervenuti,;;;;;RICONOSCIUTO;False
atto_22;docling;markdown;atto_22.md;28;;heading;heading;CARETTI DANIELE - Sindaco;;;;;;False
atto_22;docling;markdown;atto_22.md;30;;paragraph;text;assume la presidenza e dichiara aperta la seduta per la trattazione dell'oggetto indicato, invitando i presenti a DELIBERARE in merito.;;;;;;False
atto_22;docling;markdown;atto_22.md;32;;paragraph;text;Verbale n.60;;;;;;False
atto_22;docling;markdown;atto_22.md;34;;heading;heading;LA GIUNTA COMUNALE;;;;;;False
atto_22;docling;markdown;atto_22.md;36;;paragraph;text;PREMESSO che con deliberazione di Giunta Comunale n. 2 del 17/01/2025 è stato approvato il piano esecutivo di gestione per il periodo 2025-2027, comprensivo del piano dettagliato degli obiettivi;;;;;PREMESSO;False
atto_22;docling;markdown;atto_22.md;38;;paragraph;text;VISTO l'art. 10, comma 1, lettera b) del D. Lgs. 27 ottobre 2009, n. 150, che impone, a conclusione del ciclo annuale di gestione della performance, la redazione di un documento, denominato 'Relazione sulla performance', evidenziante a consuntivo i risultati raggiunti nell'anno precedente rispetto agli obiettivi contenuti nel piano della performance.;;;;;VISTO;False
atto_22;docling;markdown;atto_22.md;40;;paragraph;text;VISTO in particolare l'art. 4, comma 2 lettera f) del RICHIAMATO D. Lgs. 150/2009 che prevede, quale ultima fase del ciclo della performance, la rendicontazione dei risultati agli organi di indirizzo politico-amministrativo, nonché ai cittadini, agli utenti e ai destinatari dei servizi.;;;;;VISTO;False
atto_22;docling;markdown;atto_22.md;42;;paragraph;text;"VISTO il regolamento per la misurazione e la valutazione della performance e per l'applicazione del sistema premiale / il Regolamento sull'Ordinamento degli Uffici e dei Servizi che, tra l'altro, ha disciplinato il Ciclo della Performance;";;;;;VISTO;False
atto_22;docling;markdown;atto_22.md;44;;paragraph;text;"DATO ATTO che l'iter di approvazione della Relazione sulla Performance si perfezionerà, ai sensi dell'art. 14 comma 4 lettera c) del D. Lgs. 150/2009, con la validazione della stessa da parte del Nucleo di Valutazione;";;;;;DATO_ATTO;False
atto_22;docling;markdown;atto_22.md;46;;paragraph;text;"VISTI i pareri favorevoli espressi ai sensi dell'art. 49 del D. Lgs n. 267/2000;";;;;;VISTI_PARERI;False
atto_22;docling;markdown;atto_22.md;48;;paragraph;text;"Con voti favorevoli, unanimi e palesi;";;0.0;;;;False
atto_22;docling;markdown;atto_22.md;50;;heading;heading;DELIBERA;;;;DELIBERA;DELIBERA;False
atto_22;docling;markdown;atto_22.md;52;;paragraph;text;"1. di approvare la Relazione sulla Performance anno 2025 depositata agli atti del Comune;";;;;;;False
atto_22;docling;markdown;atto_22.md;53;;paragraph;text;2. di disporre la pubblicazione entro e non oltre il 30/06/2026 della suddetta Relazione sulla Performance anno 2025 sul sito del Comune voce 'Relazione sulla Performance' , contenuta nella pagina ' Performance ' della sezione 'Amministrazione Trasparente ' previa acquisizione della validazione del Nucleo di Valutazione .;;;;;;False
atto_22;docling;markdown;atto_22.md;55;;paragraph;text;IL PRESIDENTE F.to : CARETTI DANIELE;;;;;;False
atto_22;docling;markdown;atto_22.md;57;;paragraph;text;IL VICE SEGRETARIO REGGENTE F.to : TRICCO Dott.ssa Chiara;;;;;;False
atto_22;docling;markdown;atto_22.md;59;;paragraph;text;;;;;;;True
atto_22;docling;markdown;atto_22.md;61;;paragraph;text;Si ATTESTA che la presente deliberazione è stata pubblicata, in DATA odierna per rimanervi 15 giorni consecutivi nel sito web istituzionale di questo Comune accessibile al pubblico (art. 32, comma 1 della Legge 18 giugno 2009, n. 69).;;;;;ATTESTA;False
atto_22;docling;markdown;atto_22.md;63;;paragraph;text;Mombello Monferrato, lì 23/06/2026;;;;;;False
atto_22;docling;markdown;atto_22.md;65;;paragraph;text;con prot. n.;;;;;;False
atto_22;docling;markdown;atto_22.md;67;;paragraph;text;MOMBELLO MONF., lì 23/06/2026;;;;;;False
atto_22;docling;markdown;atto_22.md;69;;paragraph;text;Il viceSegretario Comunale TRICCO Dott. Chiara;;;;;;False
atto_22;docling;markdown;atto_22.md;71;;paragraph;text;\_\_\_\_\_\_\_\_\_\_\_\_\_\_\_\_\_\_\_\_\_\_\_\_\_\_\_\_\_\_\_\_\_\_\_\_\_\_\_\_;;;;;;False
atto_22;docling;markdown;atto_22.md;73;;paragraph;text;MEZZANO Davide;;;;;;False
atto_22;docling;markdown;atto_22.md;75;;paragraph;text;;;;;;;True
atto_22;docling;markdown;atto_22.md;77;;paragraph;text;;;;;;;True
atto_23;docling;markdown;atto_23.md;1;;paragraph;text;;;;;;;True
atto_23;docling;markdown;atto_23.md;3;;heading;heading;Comune di Mombello Monferrato;;;;;;False
atto_23;docling;markdown;atto_23.md;5;;paragraph;text;Provincia di Alessandria;;;;;;False
atto_23;docling;markdown;atto_23.md;7;;paragraph;text;Verbale di deliberazione della GIUNTA COMUNALE;;;;;;False
atto_23;docling;markdown;atto_23.md;9;;paragraph;text;;;;;;;True
atto_23;docling;markdown;atto_23.md;11;;paragraph;text;Verbale n.55;;;;;;False
atto_23;docling;markdown;atto_23.md;13;;paragraph;text;OGGETTO : ATTO di indirizzo politico-amministrativo in materia di contrasto all'abusivismo edilizio. Mandato al Responsabile del procedimento dell'Area Tecnica per l'emissione di ordinanza di demolizione ex art. 31 D.P.R. 380/2001 e quantificazione delle sanzioni pecuniarie per inottemperanza.;;;;;;False
atto_23;docling;markdown;atto_23.md;15;;paragraph;text;Il giorno 22/05/2026 alle ore 11:30 nella sala delle adunanze del Comune, previa l'osservanza delle formalità prescritte dalla vigente normativa, a seguito di convocazione dei componenti della Giunta Comunale, risultanti all'appello:;;;;;;False
atto_23;docling;markdown;atto_23.md;17;;table;table;| N. | COGNOME E NOME | PRESENTI |;;;;;;True
atto_23;docling;markdown;atto_23.md;18;;table;table;|------|------------------------------|------------|;;;;;;True
atto_23;docling;markdown;atto_23.md;19;;table;table;| 1 | CARETTI DANIELE - Sindaco | Sì |;;;;;;True
atto_23;docling;markdown;atto_23.md;20;;table;table;| 2 | GALLINA MARIO - Vice Sindaco | Sì |;;;;;;True
atto_23;docling;markdown;atto_23.md;21;;table;table;| 3 | SOPEGNO CARLA - Assessore | Sì |;;;;;;True
atto_23;docling;markdown;atto_23.md;22;;table;table;| 4 | | |;;;;;;True
atto_23;docling;markdown;atto_23.md;23;;table;table;| | TOTALE PRESENTI | 3 |;;;;;;True
atto_23;docling;markdown;atto_23.md;24;;table;table;| | TOTALE ASSENTI | 0 |;;;;;;True
atto_23;docling;markdown;atto_23.md;26;;paragraph;text;con l'intervento e l'opera della dott.ssa TRICCO Dott.ssa Chiara -vice Segretario reggente, con funzioni consultive, referenti e di assistenza e quale verbalizzatore (art. 97 comma 4 lett. a T.U. 267/2000),;;;;;;False
atto_23;docling;markdown;atto_23.md;28;;paragraph;text;RICONOSCIUTO legale il numero degli intervenuti,;;;;;RICONOSCIUTO;False
atto_23;docling;markdown;atto_23.md;30;;heading;heading;CARETTI DANIELE - Sindaco;;;;;;False
atto_23;docling;markdown;atto_23.md;32;;paragraph;text;assume la presidenza e dichiara aperta la seduta per la trattazione dell'oggetto indicato, invitando i presenti a DELIBERARE in merito.;;;;;;False
atto_23;docling;markdown;atto_23.md;34;;paragraph;text;"UDITA la relazione del Presidente;";;;;;;False
atto_23;docling;markdown;atto_23.md;36;;paragraph;text;"VISTA la precedente Ordinanza di Demolizione e Ripristino dello stato dei luoghi n. 634 del 28/10/2025, regolarmente notificata al Sig. S.L. con la quale si ingiungeva la demolizione delle opere abusive realizzate senza tuttavia esplicitare la sanzione per mancata ottemperanza;";;;;;VISTO;False
atto_23;docling;markdown;atto_23.md;38;;paragraph;text;"CONSTATATO che sono ampiamente decorsi i 90 giorni assegnati dalla legge e dalla citata ordinanza per l'esecuzione spontanea delle opere di abbattimento, senza che il soggetto obbligato abbia provveduto al ripristino dello stato dei luoghi;";;;;;;False
atto_23;docling;markdown;atto_23.md;40;;paragraph;text;PRESO ATTO: che, da una verifica formale degli atti, la suddetta Ordinanza di Demolizione n. 634 non riportava espressamente nel proprio testo l'indicazione della sanzione amministrativa pecuniaria prevista in caso di inottemperanza dall'art. 31, comma 4-bis del D.P.R. 380/2001 di importo compreso tra 2.000 euro e 20.000 euro,;;;;;PRESO_ATTO;False
atto_23;docling;markdown;atto_23.md;42;;paragraph;text;RICHIAMATO altresì l'art. 31, comma 3, del D.P.R. n. 380/2001, il quale dispone testualmente che:;;;;;RICHIAMATO;False
atto_23;docling;markdown;atto_23.md;44;;paragraph;text;"«Se il responsabile dell'abuso non provvede alla demolizione e al ripristino dello stato dei luoghi nel termine di novanta giorni dall'ingiunzione, il bene e l'area di sedime [...] sono ACQUISITI di diritto gratuitamente al patrimonio del comune» ;";;;;;;False
atto_23;docling;markdown;atto_23.md;46;;paragraph;text;"CONSIDERATO che l'effetto acquisitivo della proprietà a favore del Comune opera come sanzione patrimoniale automatica di diritto alla scadenza del termine di 90 giorni, ma che richiede la redazione di un verbale di inottemperanza e la successiva notifica e trascrizione nei registri immobiliari;";;;;;CONSIDERATO;False
atto_23;docling;markdown;atto_23.md;48;;paragraph;text;RITENUTO doveroso, nel rispetto dei principi di trasparenza, buona fede e corretta informazione al cittadino, procedere a una formale e definitiva diffida integrativa che espliciti chiaramente al trasgressore sia le conseguenze economiche (multa) sia la perdita imminente della proprietà dell'immobile abusivo e della relativa area;;;;;RITENUTO;False
atto_23;docling;markdown;atto_23.md;50;;paragraph;text;"VISTI i pareri favorevoli espressi sulla proposta della presente deliberazione, sotto il profilo della regolarità tecnica, dal Responsabile dell'Area Tecnica, ai sensi dell'art. 49 del D.Lgs. n. 267/2000 (TUEL);";;;;;VISTI_PARERI;False
atto_23;docling;markdown;atto_23.md;52;;paragraph;text;"A voti unanimi, espressi nelle forme di legge;";;;;;;False
atto_23;docling;markdown;atto_23.md;54;;heading;heading;LA GIUNTA COMUNALE;;;;;;False
atto_23;docling;markdown;atto_23.md;56;;heading;heading;DELIBERA;;;;DELIBERA;DELIBERA;False
atto_23;docling;markdown;atto_23.md;58;;list_item;list_item;1) DI APPROVARE le PREMESSE quali parti integranti e sostanziali del presente ATTO.;;;;;;False
atto_23;docling;markdown;atto_23.md;59;;list_item;list_item;2) DI ATTESTARE l'avvenuta inottemperanza alla precedente Ordinanza di Demolizione n 634 del 28/10/2025 e la mancata indicazione originaria della sanzione pecuniaria ex art. 31, comma 4-bis del D.P.R. 380/2001 nonche' della sanzione di cui all'art. 31, comma 3, del D.P.R. n. 380/2001 dell'esproprio del manufatto e del sedime.;;;;;;False
atto_23;docling;markdown;atto_23.md;60;;list_item;list_item;3) DI DARE MANDATO al Responsabile del Procedimento dell'Area Tecnica - Servizio Edilizia Privata di notificare al trasgressore e al proprietario un ATTO formale di integrazione e diffida , volto a:;;;;;;False
atto_23;docling;markdown;atto_23.md;61;;paragraph;text;4. - Comunicare l'avvio del procedimento per l'irrogazione della sanzione amministrativa pecuniaria di legge;;;;;;False
atto_23;docling;markdown;atto_23.md;62;;paragraph;text;5. - Avvisare espressamente che il perdurare dell'inottemperanza comporterà la formalizzazione dell' acquisizione gratuita e di diritto dell'opera abusiva e dell'area di sedime (fino a un massimo di dieci volte la superficie dell'abuso) al patrimonio indisponibile del Comune.;;;;;;False
atto_23;docling;markdown;atto_23.md;63;;paragraph;text;6. - Concedere un termine ultimo e definitivo di 90 giorni per l'abbattimento spontaneo prima dell'esecuzione materiale dei provvedimenti.;;;;;;False
atto_23;docling;markdown;atto_23.md;64;;list_item;list_item;4) DI DISPORRE che, decorso inutilmente il suddetto termine supplementare, il Responsabile dell'Area Tecnica proceda alla redazione del Verbale di Inottemperanza , che costituisce titolo per l'immediata immissione in possesso e per la trascrizione gratuita del bene nei registri immobiliari a favore del Comune, oltre alla materiale emissione della sanzione pecuniaria.;;;;;;False
atto_23;docling;markdown;atto_23.md;65;;list_item;list_item;5) DI TRASMETTERE copia della presente deliberazione al Responsabile dell'Area Tecnica per il seguito di rispettiva competenza.;;;;;;False
atto_23;docling;markdown;atto_23.md;66;;list_item;list_item;6) DI DICHIARARE , con separata e unanime votazione, il presente ATTO immediatamente eseguibile ai sensi dell'art. 134, comma 4, del D.Lgs. 267/2000.;;;;;;False
atto_23;docling;markdown;atto_23.md;68;;paragraph;text;IL PRESIDENTE F.to : CARETTI DANIELE;;;;;;False
atto_23;docling;markdown;atto_23.md;70;;paragraph;text;IL VICE SEGRETARIO REGGENTE F.to : TRICCO Dott.ssa Chiara;;;;;;False
atto_23;docling;markdown;atto_23.md;72;;paragraph;text;;;;;;;True
atto_23;docling;markdown;atto_23.md;74;;paragraph;text;Si ATTESTA che la presente deliberazione è stata pubblicata, in DATA odierna per rimanervi 15 giorni consecutivi nel sito web istituzionale di questo Comune accessibile al pubblico (art. 32, comma 1 della Legge 18 giugno 2009, n. 69).;;;;;ATTESTA;False
atto_23;docling;markdown;atto_23.md;76;;paragraph;text;Mombello Monferrato, lì 23/06/2026;;;;;;False
atto_23;docling;markdown;atto_23.md;78;;paragraph;text;con prot. n.;;;;;;False
atto_23;docling;markdown;atto_23.md;80;;paragraph;text;MOMBELLO MONF., lì 23/06/2026;;;;;;False
atto_23;docling;markdown;atto_23.md;82;;paragraph;text;Il viceSegretario Comunale TRICCO Dott. Chiara;;;;;;False
atto_23;docling;markdown;atto_23.md;84;;paragraph;text;\_\_\_\_\_\_\_\_\_\_\_\_\_\_\_\_\_\_\_\_\_\_\_\_\_\_\_\_\_\_\_\_\_\_\_\_\_\_\_\_;;;;;;False
atto_23;docling;markdown;atto_23.md;86;;paragraph;text;MEZZANO Davide;;;;;;False
atto_23;docling;markdown;atto_23.md;88;;paragraph;text;;;;;;;True
atto_23;docling;markdown;atto_23.md;90;;paragraph;text;;;;;;;True
atto_24;docling;markdown;atto_24.md;1;;paragraph;text;;;;;;;True
atto_24;docling;markdown;atto_24.md;3;;heading;heading;COMUNE DI MOMPANTERO;;;;;;False
atto_24;docling;markdown;atto_24.md;5;;paragraph;text;CITTA' METROPOLITANA DI TORINO;;;;;;False
atto_24;docling;markdown;atto_24.md;7;;paragraph;text;\_\_\_\_\_\_\_\_\_\_\_\_\_\_\_;;;;;;False
atto_24;docling;markdown;atto_24.md;9;;heading;heading;VERBALE DI DELIBERAZIONE DELLA GIUNTA COMUNALE;;;;;;False
atto_24;docling;markdown;atto_24.md;11;;paragraph;text;N. 45;;;;;;False
atto_24;docling;markdown;atto_24.md;13;;heading;heading;"OGGETTO : CONCESSIONE PATROCINIO PER LA MANIFESTAZIONE SPORTIVA ""VERTICAL DEL ROCCIAMELONE"" DEL 12 LUGLIO 2026";;;;;;False
atto_24;docling;markdown;atto_24.md;15;;paragraph;text;L'anno duemilaventisei, addì ventinove, del mese di giugno, alle ore quindici e minuti zero, regolarmente convocata, si è riunita la Giunta Comunale.;;;;;;False
atto_24;docling;markdown;atto_24.md;17;;paragraph;text;Presso la sala comunale è presente il Sindaco, Davide Gastaldo, che interviene con gli assessori della quale sono membri i Signori:;;;;;;False
atto_24;docling;markdown;atto_24.md;19;;table;table;| Cognome e Nome | Cognome e Nome | Presente |;;;;;;True
atto_24;docling;markdown;atto_24.md;20;;table;table;|---------------------------------------|----------------------------------|------------|;;;;;;True
atto_24;docling;markdown;atto_24.md;21;;table;table;| 1. GASTALDO DAVIDE - Sindaco | | Sì |;;;;;;True
atto_24;docling;markdown;atto_24.md;22;;table;table;| 2. PESANDO MARIA LAURA - Vice Sindaco | | Sì |;;;;;;True
atto_24;docling;markdown;atto_24.md;23;;table;table;| 3. CHIOLERO LINO - Assessore | | Sì |;;;;;;True
atto_24;docling;markdown;atto_24.md;24;;table;table;| | Totale Presenti: Totale Assenti: | 3 |;;;;;;True
atto_24;docling;markdown;atto_24.md;25;;table;table;| | | 0 |;;;;;;True
atto_24;docling;markdown;atto_24.md;27;;paragraph;text;Presiede la seduta il SINDACO - DAVIDE GASTALDO.;;;;;;False
atto_24;docling;markdown;atto_24.md;29;;paragraph;text;Il Presidente, RILEVATA la partecipazione di tutti gli Assessori, dichiara validamente costituita l'adunanza con la partecipazione del Segretario dott.ssa Marietta CARCIONE in videoconferenza.;;;;;;False
atto_24;docling;markdown;atto_24.md;31;;paragraph;text;Si dà ATTO che l'Assessore CHIOLERO Lino partecipa alla seduta in videoconferenza ai sensi del vigente regolamento.;;;;;;False
atto_24;docling;markdown;atto_24.md;33;;heading;heading;Su proposta del Sindaco;;;;;;False
atto_24;docling;markdown;atto_24.md;35;;heading;heading;LA GIUNTA COMUNALE;;;;;;False
atto_24;docling;markdown;atto_24.md;37;;paragraph;text;"VISTA la lettera dell'Associazione sportiva dilettantistica PIOSSASCO TRAIL RUNNERS ASD, con sede legale a Piossasco (TO) in Via Magenta n.1, acclarata al prot.n.0002249 del 29.06.2026, in cui si richiede: di poter svolgere una competizione 'Vertical del Rocciamelone' nella giornata di sabato 12 luglio 2026 o in caso di mal tempo domenica 13 luglio 2026, con partenza davanti al Rifugio La Riposa, di avere il patrocinio del Comune, di accordare autorizzazione all'accesso di strade interpoderali per approntare il percorso e garantirne la sicurezza;";;;;;VISTO;False
atto_24;docling;markdown;atto_24.md;39;;paragraph;text;ATTESO che la succitata associazione sportiva ha richiesto nulla osta per lo svolgimento della manifestazione all'Ente di Gestione Parchi Alpi Cozie e per quanto concerne responsabilità, sicurezza e gestione dell'evento dichiarando quanto segue:;;;;;ATTESO;False
atto_24;docling;markdown;atto_24.md;41;;list_item;list_item;"La società sportiva è affiliata alla FISKY Federazione Italiana Skyrunning, ed ha iscritta nel calendario nazionale del Coni per il 2026 la competizione sportiva in oggetto;";;;;;;False
atto_24;docling;markdown;atto_24.md;42;;list_item;list_item;"Il numero presunto dei partecipanti alla competizione sportiva è di 200 atleti;";;;;;;False
atto_24;docling;markdown;atto_24.md;43;;list_item;list_item;"La competizione sportiva in oggetto ha carattere competitivo;";;;;;;False
atto_24;docling;markdown;atto_24.md;44;;list_item;list_item;"Alla partenza, durante tutto il percorso e al traguardo, sarà assicurato il regolare svolgimento della competizione con proprio personale appositamente incaricato;";;;;;;False
atto_24;docling;markdown;atto_24.md;45;;list_item;list_item;"Sarà assicurata una costante assistenza sanitaria con presenza di almeno un'ambulanza e di personale medico in grado di intervenire in caso di necessità;";;;;;;False
atto_24;docling;markdown;atto_24.md;46;;list_item;list_item;"La sicurezza degli attraversamenti stradali, sarà garantita da volontari;";;;;;;False
atto_24;docling;markdown;atto_24.md;47;;list_item;list_item;"La sicurezza lungo il tracciato sarà garantita dai volontari del Soccorso Alpino;";;;;;;False
atto_24;docling;markdown;atto_24.md;48;;list_item;list_item;"L'Ente Organizzatore ha provveduto alla verifica dell'intero percorso di gara, con sopralluogo effettuato da proprio personale, e dalla guida alpina responsabile rilevando che le attuali condizioni delle strade interessate sono idonee allo svolgimento della competizione sportiva in oggetto, mantenendo sollevata ed indenne l'Amministrazione Comunale da qualsiasi responsabilità conseguente a sinistri, danni o altro, verificatesi durante o in conseguenza della competizione;";;;;;;False
atto_24;docling;markdown;atto_24.md;49;;list_item;list_item;"La competizione in oggetto è regolarmente assicurata per la responsabilità civile verso terzi, nonché per eventuali danni a cose, comprese le strade e le relative attrezzature, con polizza della Federazione Italiana Skyrunning;";;;;;;False
atto_24;docling;markdown;atto_24.md;50;;list_item;list_item;"La polizza assicurativa verrà attivata 5 giorni prima della DATA della manifestazione e verrà mandata copia via mail;";;;;;;False
atto_24;docling;markdown;atto_24.md;52;;paragraph;text;"RILEVATO che le linee di governo di questo Comune per il quinquennio 2021/2026 fanno emergere l'indirizzo di convogliare l'impiego delle risorse verso obiettivi tesi allo sviluppo del Paese e al miglioramento della vita dei suoi abitanti. Un reale sviluppo del Paese implica la rivalutazione del senso di comunità e lo sforzo congiunto di privati e istituzioni, con riconoscimento delle fondamenta delle identità storiche e culturali. La responsabilizzazione dei cittadini e delle associazioni è presupposto di servizio al Paese e lo rende compatto e collaborativo, creando solida trama sociale per garantire il futuro;";;;;;RILEVATO;False
atto_24;docling;markdown;atto_24.md;54;;paragraph;text;"DATO ATTO che l'iniziativa sopra menzionata riveste carattere di interesse pubblico generale;";;;;;DATO_ATTO;False
atto_24;docling;markdown;atto_24.md;56;;paragraph;text;RITENUTO di dover contribuire alla realizzazione della iniziativa attraverso la concessione del proprio patrocinio e consentendo:;;;;;RITENUTO;False
atto_24;docling;markdown;atto_24.md;58;;list_item;list_item;l'uso del logo del Comune;;;;;;False
atto_24;docling;markdown;atto_24.md;59;;list_item;list_item;l'esenzione del pagamento dell'imposta sulle pubbliche affissioni per pubblicizzare l'evento;;;;;;False
atto_24;docling;markdown;atto_24.md;60;;list_item;list_item;"il permesso ad accedere a strade interpoderali, strade bianche nel Comune di Mompantero, con vari mezzi per poter preparare e mettere in sicurezza il tracciato di gara, con vari interventi di manutenzione dal 01/07/2026 al 27/07/2026;";;;;;;False
atto_24;docling;markdown;atto_24.md;62;;paragraph;text;"DATO ATTO che la realizzazione dell'evento non comporta alcuna altra spesa diretta a carico del bilancio comunale;";;;;;DATO_ATTO;False
atto_24;docling;markdown;atto_24.md;64;;paragraph;text;"DATO ATTO altresì che la concessione del patrocinio non comporta il sorgere in capo all'Amministrazione di obblighi o responsabilità di qualsiasi genere in ordine all'evento patrocinato;";;;;;DATO_ATTO;False
atto_24;docling;markdown;atto_24.md;66;;paragraph;text;"CONSIDERATO che la proposta operativa ha ottenuto il parere favorevole espresso ai sensi dell'art. 49 del D.Lgs. 18.8.2000 n. 267, così come modificato dal D.L. n. 174/2012, in merito alla regolarità tecnica-contabile da parte del Responsabile dell'area amministrativacontabile;";;;;;CONSIDERATO;False
atto_24;docling;markdown;atto_24.md;68;;paragraph;text;"VISTO l'art. 48 D.Lgs. 18.8.2000 n. 267 che demanda alla G.C. l'ordinaria amministrazione di funzioni e servizi;";;;;;VISTO;False
atto_24;docling;markdown;atto_24.md;70;;paragraph;text;"Con votazione unanime e favorevole espressa in forma palese mediante assenso verbale;";;0.0;;;;False
atto_24;docling;markdown;atto_24.md;72;;heading;heading;DELIBERA;;;;DELIBERA;DELIBERA;False
atto_24;docling;markdown;atto_24.md;74;;paragraph;text;Per le motivazioni riportate nella PREMESSA narrativa al presente dispositivo e RICHIAMATE a farne parte integrante e sostanziale.;;;;;;False
atto_24;docling;markdown;atto_24.md;76;;paragraph;text;1. Di contribuire alla realizzazione della iniziativa sportiva 'Vertical del Rocciamelone' attraverso la concessione del proprio patrocinio e consentendo:;;;;;;False
atto_24;docling;markdown;atto_24.md;77;;list_item;list_item;l'uso del logo del Comune;;;;;;False
atto_24;docling;markdown;atto_24.md;78;;list_item;list_item;l'esenzione del pagamento dell'imposta sulle pubbliche affissioni per pubblicizzare l'evento;;;;;;False
atto_24;docling;markdown;atto_24.md;79;;list_item;list_item;il permesso ad accedere a strade interpoderali, strade bianche nel Comune di Mompantero, con vari mezzi per poter preparare e mettere in sicurezza il tracciato di gara, con vari interventi di manutenzione dal 01/07/2026 al 27/07/2026.;;;;;;False
atto_24;docling;markdown;atto_24.md;80;;paragraph;text;2. Di dare ATTO che la concessione del patrocinio non comporta il sorgere in capo al Comune di Mompantero di obblighi o responsabilità di qualsiasi genere in ordine alla manifestazione patrocinata intendendosi lo stesso comune manlevato da ogni coinvolgimento in merito.;;;;;;False
atto_24;docling;markdown;atto_24.md;81;;paragraph;text;3. Di dare ATTO che, ai fini della realizzazione della manifestazione sportiva 'Vertical del Rocciamelone' che si terrà sabato 12 luglio 2026 o in caso di avverse condizioni meteorologiche domenica 13 luglio 2026, l'Associazione sportiva dilettantistica PIOSSASCO TRAIL RUNNERS ASD, con sede legale a Piossasco (TO) in Via Magenta n.1, deve aver ottenuto il nulla osta da parte dell'Ente di Gestione Parchi Alpi Cozie.;;;;;;False
atto_24;docling;markdown;atto_24.md;83;;paragraph;text;4. Di inviare copia della presente deliberazione dell'Associazione sportiva dilettantistica PIOSSASCO TRAIL RUNNERS ASD, con sede legale a Piossasco (TO) in Via Magenta n. 1.;;;;;;False
atto_24;docling;markdown;atto_24.md;84;;paragraph;text;5. Di dichiarare la presente deliberazione, con separata e successiva votazione favorevole unanime, palesemente espressa per alzata di mano, immediatamente eseguibile, art. 134 comma 4)del D.Lgs. 267/2000.;;;;;;False
atto_24;docling;markdown;atto_24.md;86;;paragraph;text;LETTO, confermato e sottoscritto.;;;;;LETTO;True
atto_24;docling;markdown;atto_24.md;88;;paragraph;text;IL PRESIDENTE;;;;;;False
atto_24;docling;markdown;atto_24.md;90;;paragraph;text;Firmato digitalmente;;;;;;False
atto_24;docling;markdown;atto_24.md;92;;paragraph;text;F.to : GASTALDO DAVIDE;;;;;;False
atto_24;docling;markdown;atto_24.md;94;;paragraph;text;IL SEGRETARIO COMUNALE;;;;;;False
atto_24;docling;markdown;atto_24.md;96;;paragraph;text;Firmato digitalmente;;;;;;False
atto_24;docling;markdown;atto_24.md;98;;paragraph;text;F.to : Dr.ssa Marietta CARCIONE;;;;;;False
atto_24;docling;markdown;atto_24.md;100;;paragraph;text;Copia conforme all'originale firmato digitalmente, per gli usi consentiti dalla Legge. lì, 30/06/2026;;;;;;False
atto_24;docling;markdown;atto_24.md;102;;paragraph;text;IL SEGRETARIO COMUNALEDr.ssa Marietta CARCIONE;;;;;;False
atto_25;docling;markdown;atto_25.md;1;;paragraph;text;;;;;;;True
atto_25;docling;markdown;atto_25.md;3;;heading;heading;COMUNE DI MOMPANTERO;;;;;;False
atto_25;docling;markdown;atto_25.md;5;;paragraph;text;CITTA' METROPOLITANA DI TORINO;;;;;;False
atto_25;docling;markdown;atto_25.md;7;;paragraph;text;\_\_\_\_\_\_\_\_\_\_\_\_\_\_\_;;;;;;False
atto_25;docling;markdown;atto_25.md;9;;heading;heading;VERBALE DI DELIBERAZIONE DELLA GIUNTA COMUNALE;;;;;;False
atto_25;docling;markdown;atto_25.md;11;;paragraph;text;N. 44;;;;;;False
atto_25;docling;markdown;atto_25.md;13;;heading;heading;OGGETTO : MANTENIMENTO SERVIZI DI ATTIVITA' DEI PLESSI DI SCUOLA STATALE IN DEROGA A.S. 2027/2028;;;;;;False
atto_25;docling;markdown;atto_25.md;15;;paragraph;text;L'anno duemilaventisei, addì ventinove, del mese di giugno, alle ore quindici e minuti zero, regolarmente convocata, si è riunita la Giunta Comunale.;;;;;;False
atto_25;docling;markdown;atto_25.md;17;;paragraph;text;Presso la sala comunale è presente il Sindaco, Davide Gastaldo, che interviene con gli assessori della quale sono membri i Signori:;;;;;;False
atto_25;docling;markdown;atto_25.md;19;;table;table;| Cognome e Nome | Cognome e Nome | Presente |;;;;;;True
atto_25;docling;markdown;atto_25.md;20;;table;table;|---------------------------------------|---------------------------------------|------------|;;;;;;True
atto_25;docling;markdown;atto_25.md;21;;table;table;| 1. GASTALDO DAVIDE - Sindaco | 1. GASTALDO DAVIDE - Sindaco | Sì |;;;;;;True
atto_25;docling;markdown;atto_25.md;22;;table;table;| 2. PESANDO MARIA LAURA - Vice Sindaco | 2. PESANDO MARIA LAURA - Vice Sindaco | Sì |;;;;;;True
atto_25;docling;markdown;atto_25.md;23;;table;table;| 3. CHIOLERO LINO - Assessore | 3. CHIOLERO LINO - Assessore | Sì |;;;;;;True
atto_25;docling;markdown;atto_25.md;24;;table;table;| | Totale Presenti: | 3 |;;;;;;True
atto_25;docling;markdown;atto_25.md;25;;table;table;| | Totale Assenti: | 0 |;;;;;;True
atto_25;docling;markdown;atto_25.md;27;;paragraph;text;Presiede la seduta il SINDACO - DAVIDE GASTALDO.;;;;;;False
atto_25;docling;markdown;atto_25.md;29;;paragraph;text;Il Presidente, RILEVATA la partecipazione di tutti gli Assessori, dichiara validamente costituita l'adunanza con la partecipazione del Segretario dott.ssa Marietta CARCIONE in videoconferenza.;;;;;;False
atto_25;docling;markdown;atto_25.md;31;;paragraph;text;Si dà ATTO che l'Assessore CHIOLERO Lino partecipa alla seduta in videoconferenza ai sensi del vigente regolamento.;;;;;;False
atto_25;docling;markdown;atto_25.md;33;;heading;heading;LA GIUNTA COMUNALE;;;;;;False
atto_25;docling;markdown;atto_25.md;35;;paragraph;text;"VISTA la comunicazione acclarata al prot.n. 2112 del 17/06/2026 della Città Metropolitana di Torino Direzione Istruzione e Sviluppo Sociale relativa a 'Programmazione e dimensionamento della rete scolastica e punti di erogazione in deroga per l'a.s. 2027/2028';";;;;;VISTO;False
atto_25;docling;markdown;atto_25.md;37;;paragraph;text;"DATO ATTO che la Regione Piemonte ha trasmesso l'ATTO di indirizzo regionale per il triennio aa.ss. 2027/2028-2028/2029-2029/2030 (D.C.R. n. 157-13692 del 09.06.2026), l'Allegato A alla D.G.R. n.2677 del 15.06.2026 recante i criteri e le modalità per la Programmazione della rete scolastica 2027/2028;";;;;;DATO_ATTO;False
atto_25;docling;markdown;atto_25.md;39;;paragraph;text;VISTE le soglie numeriche minime prescritte dalla D.G.R. n. 157-13692 del 09.06.2026 necessarie per mantenere aperti i punti di erogazione servizio (p.e.s.) nei Comuni montani o marginali:;;;;;VISTO;False
atto_25;docling;markdown;atto_25.md;41;;list_item;list_item;"Scuola dell'infanzia costituiti con almeno 10 bambini;";;;;;;False
atto_25;docling;markdown;atto_25.md;43;;paragraph;text;RICHIAMATI i criteri adottati ai sensi della D.C.R. n. 157-13692 del 09.06.2026 e CONSIDERATO che nel documento si specifica che:;;;;;RICHIAMATO;False
atto_25;docling;markdown;atto_25.md;45;;list_item;list_item;2.3. INTERVENTI DI REVISIONE DELLA RETE SCOLASTICA SU SINGOLI PUNTI DI EROGAZIONE DEL SERVIZIO;;;;;;False
atto_25;docling;markdown;atto_25.md;46;;list_item;list_item;I Comuni, le Province e la Città metropolitana di Torino possono presentare le seguenti proposte di revisione della rete scolastica riguardanti i singoli PES:;;;;;;False
atto_25;docling;markdown;atto_25.md;48;;paragraph;text;Mantenimento in deroga: Mantenimento del funzionamento di PES del I ciclo di istruzione RICONOSCIUTI con codice meccanografico ministeriale, funzionanti nell'a.s. 2026/27 e siti in comuni montani e/o in comuni in situazione di marginalità di cui alla deliberazione della Giunta regionale del 21 novembre 2008, n. 1-10104;;;;;;False
atto_25;docling;markdown;atto_25.md;50;;list_item;list_item;PES scuola dell'infanzia con meno di 20 alunni e con una monosezione, purché di almeno 10 bambini.;;;;;;False
atto_25;docling;markdown;atto_25.md;51;;list_item;list_item;PES scuola primaria con meno di 35 alunni: con almeno una classe intera di non meno di 10 alunni o, in caso di unica pluriclasse, con minimo di 8 e massimo di 18 alunni.;;;;;;False
atto_25;docling;markdown;atto_25.md;52;;list_item;list_item;PES secondaria di I grado con meno di 40 alunni, e almeno 20 alunni.;;;;;;False
atto_25;docling;markdown;atto_25.md;53;;list_item;list_item;2.3.2.e. Mantenimento in deroga PES Il Comune montano e/o marginale:;;;;;;False
atto_25;docling;markdown;atto_25.md;54;;list_item;list_item;"effettua un'analisi volta a valutare l'opportunità del mantenimento del PES, anche TENUTO CONTO delle condizioni di sicurezza e delle caratteristiche dell'edificio scolastico presso cui è ubicato il servizio scolastico;";;;;;;False
atto_25;docling;markdown;atto_25.md;55;;list_item;list_item;"sente l'istituzione scolastica di riferimento, che esprime il proprio parere preferibilmente tramite Deliberazione del Consiglio di istituto;";;;;;;False
atto_25;docling;markdown;atto_25.md;56;;list_item;list_item;con propria deliberazione di richiesta di mantenimento in deroga del PES, indica:;;;;;;False
atto_25;docling;markdown;atto_25.md;57;;list_item;list_item;"la consistenza numerica dell'utenza ATTESA per l'a.s. 2027/28 sulla base delle nascite del bacino d'utenza del PES e sull'andamento della frequenza nell'ultimo triennio ai fini dell'indicazione del rispetto dei parametri minimi per il mantenimento indicati al precedente paragrafo 2.3 Interventi di revisione della rete scolastica su singoli punti di erogazione del servizio;";;;;;;False
atto_25;docling;markdown;atto_25.md;58;;list_item;list_item;le condizioni presenti per il mantenimento in deroga sulla base delle seguenti distanze e dei tempi di percorrenza relativi al PES più vicino:;;;;;;False
atto_25;docling;markdown;atto_25.md;59;;list_item;list_item;"per le scuole dell'infanzia: entro km 5 di distanza con un tempo di percorrenza medio in auto di 15 minuti; ◦";;;;;;False
atto_25;docling;markdown;atto_25.md;60;;list_item;list_item;"per le scuole primarie: da km 5 a km 9 con un tempo di percorrenza medio in auto di 20 minuti; ◦";;;;;;False
atto_25;docling;markdown;atto_25.md;61;;list_item;list_item;per le scuole secondarie di I grado: entro km 10 con un tempo di percorrenza medio di 30 minuti.;;;;;;False
atto_25;docling;markdown;atto_25.md;63;;paragraph;text;La richiesta di mantenimento in deroga non è valida, e non può essere inserita né nel Piano provinciale né nel Piano regionale, qualora:;;;;;;False
atto_25;docling;markdown;atto_25.md;65;;list_item;list_item;"il Comune non indichi il numero di alunni ATTESI per l'a.s. 2027/28 nel PES per il quale si richiede il mantenimento in deroga;";;;;;;False
atto_25;docling;markdown;atto_25.md;66;;list_item;list_item;"il numero di alunni ATTESI risulti superiore a 20 alunni per la scuola dell'infanzia, a 35 alunni per la scuola primaria, a 40 alunni per la scuola secondaria di I grado14;";;;;;;False
atto_25;docling;markdown;atto_25.md;67;;list_item;list_item;"la richiesta di mantenimento in deroga riguardi un PES non funzionante nell'a.s. 2026/27;";;;;;;False
atto_25;docling;markdown;atto_25.md;68;;list_item;list_item;la richiesta di mantenimento in deroga non riguardi la sede del PES ma una succursale o aule staccate.;;;;;;False
atto_25;docling;markdown;atto_25.md;70;;paragraph;text;"DATO ATTO che sul territorio del Comune di Mompantero è attiva e funzionante per l'a.s. 2025/2026 la Scuola dell'infanzia composta da 1 sezione per un totale di n. 22 alunni;";;;;;DATO_ATTO;False
atto_25;docling;markdown;atto_25.md;72;;paragraph;text;CONSIDERATA l'analisi volta a valutare l'opportunità del mantenimento del PES e qui riportata:;;;;;CONSIDERATO;False
atto_25;docling;markdown;atto_25.md;74;;paragraph;text;"ANALISI in base ai criteri della DCR volta a valutare l'opportunità del mantenimento del PES In generale si ritiene opportuna la deroga per il mantenimento del suddetto plesso anche per l'a.s. 2027/2028, per la primaria esigenza di mantenere il servizio scolastico come punto di riferimento culturale e di aggregazione della comunità locale;";;;;;;False
atto_25;docling;markdown;atto_25.md;76;;paragraph;text;Utenza ATTESA per l'a.s. 2027/2028 - andamento ultimo quinquennio Scuola dell'Infanzia:;;;;;;False
atto_25;docling;markdown;atto_25.md;78;;list_item;list_item;Iscritti nell'a.s. 2022/2023 n.21;;;;;;False
atto_25;docling;markdown;atto_25.md;79;;list_item;list_item;Iscritti nell'a.s. 2023/2024 n.19;;;;;;False
atto_25;docling;markdown;atto_25.md;80;;list_item;list_item;Iscritti nell'a.s. 2024/2025 n.20;;;;;;False
atto_25;docling;markdown;atto_25.md;81;;list_item;list_item;Iscritti nell'a.s. 2025/2026 n.22;;;;;;False
atto_25;docling;markdown;atto_25.md;82;;list_item;list_item;Iscritti nell'a.s. 2026/2027 n.17;;;;;;False
atto_25;docling;markdown;atto_25.md;83;;list_item;list_item;ATTESA nell'a.s. 2027/2028 n. 19 bambini residenti più altre eventuali iscrizioni di bambini non residenti provenienti dal limitrofo Comune di Susa (numero consolidato nel tempo);;;;;ATTESO;False
atto_25;docling;markdown;atto_25.md;85;;paragraph;text;"Condizioni di sicurezza e delle caratteristiche dell'edificio scolastico presso cui è ubicato il servizio scolastico;";;;;;;False
atto_25;docling;markdown;atto_25.md;87;;paragraph;text;L'edificio scolastico è in buone condizioni ed è stato sottoposto a verifica degli standard di sicurezza e salubrità con DELIBERA di G.C. n. 35 del 31.07.2014 con l'approvazione degli elaborati redatti dall' arch. Luca Braida Bruno.;;;;;;False
atto_25;docling;markdown;atto_25.md;89;;paragraph;text;"L'edificio è facilmente raggiungibile essendo situato sulla strada provinciale 209; vi è un parcheggio nelle vicinanze e non vi sono barriere architettoniche.";;;;;;False
atto_25;docling;markdown;atto_25.md;91;;paragraph;text;PES, ubicati nel comune e/o in altro comune che permettano un facile accesso da parte degli alunni, secondo le condizioni di accesso relative alle distanze indicate:;;;;;;False
atto_25;docling;markdown;atto_25.md;93;;paragraph;text;Per le scuole dell'infanzia non più di Km 5 da percorrere in non più di 15 minuti;;;;;;False
atto_25;docling;markdown;atto_25.md;95;;paragraph;text;Sul territorio comunale non vi sono altri punti di erogazione scolastica.;;;;;;False
atto_25;docling;markdown;atto_25.md;97;;paragraph;text;E' presente sul territorio del Comune di Susa e di Venaus la scuola dell'infanzia, entrambi distanti non più di Km. 5 percorribili in non più di 15 minuti;;;;;;False
atto_25;docling;markdown;atto_25.md;99;;paragraph;text;"DATO ATTO che il Comune di Mompantero è un comune montano ed ha il diritto della scuola statale in deroga;";;;;;DATO_ATTO;False
atto_25;docling;markdown;atto_25.md;101;;paragraph;text;"DATO ATTO che con nota prot. n. 0002118 del 18.06.2026 è stato richiesto il parere all'Istituto Comprensivo Statale di Susa sul mantenimento in deroga della sezione della scuola dell'infanzia di Mompantero, non potendo disporre di un DATO certo sugli iscritti per l'a.s. 2027/2028, CONSIDERATO tuttavia che il numero degli iscritti è sempre stato di 19/20 in quanto frequentano la scuola di Mompantero alunni provenienti da altri Comuni;";;;;;DATO_ATTO;False
atto_25;docling;markdown;atto_25.md;103;;paragraph;text;"VISTA la comunicazione acclarata al prot. n. 0002237 del 29/06/2026 dell'Istituto Comprensivo di Susa a firma del Dirigente Scolastico, con la quale si comunica che per l'a.s. 2027/2028 non sono previsti accorpamenti di classi o spostamento fisici di classi (allegata al presente ATTO per farne parte integrante);";;;;;VISTO;False
atto_25;docling;markdown;atto_25.md;105;;paragraph;text;"RITENUTO di fondamentale importanza il mantenimento della scuola dell'infanzia, in deroga ai criteri previsti per le scuole site in comuni montani e/o in situazioni di marginalità di cui alla D.G.R. 21/11/2008, n. 1 - 10104, per evitare che il territorio venga depauperato dei servizi scolastici con conseguente spopolamento dei comuni montani, il mantenimento delle attività economiche della montagna è strettamente correlato al mantenimento della residenzialità delle famiglie, con i loro valori, con la cura del territorio, elemento indispensabile per l'economia globale delle nostre valli;";;;;;RITENUTO;False
atto_25;docling;markdown;atto_25.md;107;;paragraph;text;"VISTO il d.lgs. 18 agosto 2000, n. 267 e ss. mm. e ii.;";;;;;VISTO;False
atto_25;docling;markdown;atto_25.md;109;;paragraph;text;"PRESO ATTO che sulla proposta di deliberazione di cui al presente verbale, ex art. 49 del d.lgs. 267/2000, ha espresso parere favorevole il responsabile dell'Area Amministrativa - Contabile, per quanto di propria competenza in ordine alla regolarità tecnica;";;;;;PRESO_ATTO;False
atto_25;docling;markdown;atto_25.md;111;;paragraph;text;Con votazione favorevole unanime, palesemente espressa per alzata di mano;;0.0;;;;False
atto_25;docling;markdown;atto_25.md;113;;heading;heading;DELIBERA;;;;DELIBERA;DELIBERA;False
atto_25;docling;markdown;atto_25.md;115;;paragraph;text;"1. Di dare ATTO che la PREMESSA narrativa costituisce parte integrante e sostanziale del presente dispositivo;";;;;;;False
atto_25;docling;markdown;atto_25.md;116;;paragraph;text;2. Di richiedere l'applicazione delle disposizioni di cui in PREMESSA per mantenere i SERVIZI DEI PLESSI DI SCUOLA STATALE IN DEROGA A.S. 2027/2028 relativi al plesso scolastico presente nel comune di Mompantero: n.1 scuola infanzia (1 sezione);;;;;;False
atto_25;docling;markdown;atto_25.md;117;;paragraph;text;3. Di trasmettere la presente deliberazione alla Direzione Area Istruzione e Sviluppo Sociale della Città Metropolitana di Torino tramite piattaforma MOOn.;;;;;;False
atto_25;docling;markdown;atto_25.md;118;;paragraph;text;4. Di dichiarare la presente deliberazione, con separata e successiva votazione favorevole unanime, palesemente espressa per alzata di mano, immediatamente eseguibile, art. 134 comma 4)del D.Lgs. 267/2000.;;;;;;False
atto_25;docling;markdown;atto_25.md;120;;paragraph;text;LETTO, confermato e sottoscritto.;;;;;LETTO;True
atto_25;docling;markdown;atto_25.md;122;;paragraph;text;IL PRESIDENTE;;;;;;False
atto_25;docling;markdown;atto_25.md;124;;paragraph;text;Firmato digitalmente;;;;;;False
atto_25;docling;markdown;atto_25.md;126;;paragraph;text;F.to : GASTALDO DAVIDE;;;;;;False
atto_25;docling;markdown;atto_25.md;128;;paragraph;text;IL SEGRETARIO COMUNALE;;;;;;False
atto_25;docling;markdown;atto_25.md;130;;paragraph;text;Firmato digitalmente;;;;;;False
atto_25;docling;markdown;atto_25.md;132;;paragraph;text;F.to : Dr.ssa Marietta CARCIONE;;;;;;False
atto_25;docling;markdown;atto_25.md;134;;paragraph;text;Copia conforme all'originale firmato digitalmente, per gli usi consentiti dalla Legge. lì, 30/06/2026;;;;;;False
atto_25;docling;markdown;atto_25.md;136;;paragraph;text;IL SEGRETARIO COMUNALEDr.ssa Marietta CARCIONE;;;;;;False
atto_26;docling;markdown;atto_26.md;1;;paragraph;text;;;;;;;True
atto_26;docling;markdown;atto_26.md;3;;heading;heading;COMUNE DI MOMPANTERO;;;;;;False
atto_26;docling;markdown;atto_26.md;5;;paragraph;text;CITTA' METROPOLITANA DI TORINO;;;;;;False
atto_26;docling;markdown;atto_26.md;7;;paragraph;text;\_\_\_\_\_\_\_\_\_\_\_\_\_\_\_;;;;;;False
atto_26;docling;markdown;atto_26.md;9;;heading;heading;VERBALE DI DELIBERAZIONE DELLA GIUNTA COMUNALE;;;;;;False
atto_26;docling;markdown;atto_26.md;11;;paragraph;text;N. 43;;;;;;False
atto_26;docling;markdown;atto_26.md;13;;heading;heading;OGGETTO : RELAZIONE SULLA PERFORMANCE ESERCIZIO 2025 APPROVAZIONE;;;;;;False
atto_26;docling;markdown;atto_26.md;15;;paragraph;text;L'anno duemilaventisei, addì venticinque, del mese di giugno, alle ore dieci e minuti quindici, regolarmente convocata, si è riunita la Giunta Comunale.;;;;;;False
atto_26;docling;markdown;atto_26.md;17;;paragraph;text;E' presente il Sindaco, Davide Gastaldo, che interviene in videoconferenza con gli assessori della quale sono membri i Signori:;;;;;;False
atto_26;docling;markdown;atto_26.md;19;;table;table;| Cognome e Nome | Cognome e Nome | Presente |;;;;;;True
atto_26;docling;markdown;atto_26.md;20;;table;table;|---------------------------------------|---------------------------------------|------------|;;;;;;True
atto_26;docling;markdown;atto_26.md;21;;table;table;| 1. GASTALDO DAVIDE - Sindaco | 1. GASTALDO DAVIDE - Sindaco | Sì |;;;;;;True
atto_26;docling;markdown;atto_26.md;22;;table;table;| 2. PESANDO MARIA LAURA - Vice Sindaco | 2. PESANDO MARIA LAURA - Vice Sindaco | Sì |;;;;;;True
atto_26;docling;markdown;atto_26.md;23;;table;table;| 3. CHIOLERO LINO - Assessore | 3. CHIOLERO LINO - Assessore | Sì |;;;;;;True
atto_26;docling;markdown;atto_26.md;24;;table;table;| | Totale Presenti: | 3 |;;;;;;True
atto_26;docling;markdown;atto_26.md;25;;table;table;| | Totale Assenti: | 0 |;;;;;;True
atto_26;docling;markdown;atto_26.md;27;;paragraph;text;Presiede la seduta il SINDACO - DAVIDE GASTALDO in videoconferenza.;;;;;;False
atto_26;docling;markdown;atto_26.md;29;;paragraph;text;Il Presidente, RILEVATA la partecipazione di tutti gli Assessori, dichiara validamente costituita l'adunanza con la partecipazione del Segretario dott.ssa Marietta CARCIONE in videoconferenza.;;;;;;False
atto_26;docling;markdown;atto_26.md;31;;paragraph;text;Si dà ATTO che il Vicesindaco PESANDO Maria Laura e l'Assessore CHIOLEOR Lino partecipano alla seduta in videoconferenza ai sensi del vigente regolamento.;;;;;;False
atto_26;docling;markdown;atto_26.md;33;;heading;heading;LA GIUNTA COMUNALE;;;;;;False
atto_26;docling;markdown;atto_26.md;35;;paragraph;text;"PREMESSO che l'art. 10, comma 1, lettera b), del D. Lgs. n. 150/2009 e s.m.i. stabilisce che ogni Ente adotta annualmente un documento denominato ''Relazione sulla Performance', approvato dall'Organo di indirizzo politico-amministrativo e validato dall'Organismo di valutazione, che evidenzia, a consuntivo, con riferimento all'anno precedente, i risultati organizzativi e individuali raggiunti rispetto ai singoli obiettivi programmati, con rilevazione degli eventuali scostamenti;";;;;;PREMESSO;False
atto_26;docling;markdown;atto_26.md;37;;paragraph;text;"DATO ATTO che la suddetta Relazione costituisce, altresì, lo strumento mediante il quale l'Amministrazione illustra ai cittadini e agli stakeholder, interni ed esterni, i risultati ottenuti nel corso dell'anno precedente, concludendo in tal modo il ciclo di gestione della performance;";;;;;DATO_ATTO;False
atto_26;docling;markdown;atto_26.md;39;;paragraph;text;"RICHIAMATE le deliberazioni del Consiglio Comunale n.16 del 12.12.2024, con cui è stato approvato il Documento Unico di Programmazione (DUP) 2025-2027, e n.17 del 12.12.2024 con cui è stato approvato il Bilancio di Previsione Finanziario 2025-2027 e relativi allegati' e s.m.i.;";;;;;RICHIAMATO;False
atto_26;docling;markdown;atto_26.md;41;;paragraph;text;"RICHIAMATA pertanto la deliberazione n. 28 del 25.03.2025, con cui la Giunta comunale ha approvato il PIAO 2025-2027 del Comune di Mompantero, nel cui contesto è altresì contemplata la sottosezione di 'Programmazione Performance' (Sezione Valore Pubblico, Performance e Anticorruzione), con riferimento al Piano della Performance 2025-2027 approvato con la succitata deliberazione della Giunta comunale;";;;;;RICHIAMATO;False
atto_26;docling;markdown;atto_26.md;43;;paragraph;text;"ATTESO che, in DATA 10.06.2026, l'Organismo Comunale di Valutazione ha concluso il processo di valutazione degli obiettivi attinenti alle performance delle posizioni organizzative, riferito allo scorso esercizio;";;;;;ATTESO;False
atto_26;docling;markdown;atto_26.md;45;;paragraph;text;VISTA la 'Relazione sulla performance anno 2025' redatta dal Segretario Comunale in conformità a quanto disposto dal D. Lgs 150/2009 e s.m.i. sopra citato, allegata al presente ATTO;;;;;VISTO;False
atto_26;docling;markdown;atto_26.md;47;;paragraph;text;"RAVVISATA l'opportunità di approvare detta relazione, dando ATTO che dalla stessa emerge che gli obiettivi organizzativi ed individuali, INDIVIDUATI ed assegnati con il Piano delle Performance 2025 alle varie Aree dell'Ente, sono stati raggiunti;";;;;;RAVVISATO;False
atto_26;docling;markdown;atto_26.md;49;;paragraph;text;"CONSIDERATO inoltre che la suddetta Relazione, adottata dalla Giunta Comunale, sarà trasmessa all'Organismo Comunale di Valutazione per la validazione finale;";;;;;CONSIDERATO;False
atto_26;docling;markdown;atto_26.md;51;;paragraph;text;ACQUISITI i pareri favorevoli sulla proposta della presente deliberazione, RILASCIATI ai sensi dell'art. 49, comma 1, del D.lgs n. 267/2000 e s.m.i e precisamente:;;;;;ACQUISITI_PARERI;False
atto_26;docling;markdown;atto_26.md;53;;list_item;list_item;"in ordine alla regolarità tecnica dal Segretario Comunale;";;;;;;False
atto_26;docling;markdown;atto_26.md;54;;list_item;list_item;"in ordine alla regolarità contabile dal responsabile del servizio finanziario;";;;;;;False
atto_26;docling;markdown;atto_26.md;56;;heading;heading;VISTI:;;;;;VISTO;False
atto_26;docling;markdown;atto_26.md;58;;list_item;list_item;"la circolare F.P. del 29.03.2018;";;;;;;False
atto_26;docling;markdown;atto_26.md;59;;list_item;list_item;"il D.Lgs del 18.08.2000 n. 267 e s.m.i.;";;;;;;False
atto_26;docling;markdown;atto_26.md;61;;paragraph;text;Con votazione unanime favorevole espressa in forma palese mediante assenso verbale;;0.0;;;;False
atto_26;docling;markdown;atto_26.md;63;;heading;heading;DELIBERA;;;;DELIBERA;DELIBERA;False
atto_26;docling;markdown;atto_26.md;65;;paragraph;text;1. Di richiamare la PREMESSA narrativa a far parte integrante e sostanziale del presente dispositivo.;;;;;;False
atto_26;docling;markdown;atto_26.md;66;;paragraph;text;2. Di approvare, per le motivazioni in narrativa esposte che qui si intendono integralmente RICHIAMATE, la 'Relazione sulla Performance 2025' redatta ai sensi del D.lgs. 150/2009 e s.m.i., che in allegato costituisce parte integrante e sostanziale della presente deliberazione.;;;;;;False
atto_26;docling;markdown;atto_26.md;67;;paragraph;text;3. Di trasmettere copia del presente ATTO e relativo allegato all'Organismo Comunale di Valutazione ai fini dell'emissione del provvedimento di validazione.;;;;;;False
atto_26;docling;markdown;atto_26.md;68;;paragraph;text;4. Di dare ATTO che, ad avvenuta validazione, si provvederà alla pubblicazione del documento di validazione e della Relazione sulla Performance Esercizio 2025 nella sezione 'Amministrazione Trasparente' del sito istituzionale.;;;;;;False
atto_26;docling;markdown;atto_26.md;69;;paragraph;text;5. Di dichiarare la presente deliberazione immediatamente eseguibile ai sensi di legge con una seconda distinta votazione unanime favorevole espressa in forma palese mediante assenso verbale.;;;;;;False
atto_26;docling;markdown;atto_26.md;71;;paragraph;text;LETTO, confermato e sottoscritto.;;;;;LETTO;True
atto_26;docling;markdown;atto_26.md;73;;paragraph;text;IL PRESIDENTE;;;;;;False
atto_26;docling;markdown;atto_26.md;75;;paragraph;text;Firmato digitalmente;;;;;;False
atto_26;docling;markdown;atto_26.md;77;;paragraph;text;F.to : GASTALDO DAVIDE;;;;;;False
atto_26;docling;markdown;atto_26.md;79;;paragraph;text;IL SEGRETARIO COMUNALE Firmato digitalmente;;;;;;False
atto_26;docling;markdown;atto_26.md;81;;paragraph;text;F.to : Dr.ssa Marietta CARCIONE;;;;;;False
atto_26;docling;markdown;atto_26.md;83;;paragraph;text;Copia conforme all'originale firmato digitalmente, per gli usi consentiti dalla Legge. lì, 29/06/2026 IL SEGRETARIO COMUNALEDr.ssa Marietta;;;;;;False
atto_26;docling;markdown;atto_26.md;85;;paragraph;text;CARCIONE;;;;;;False
atto_27;docling;markdown;atto_27.md;1;;paragraph;text;;;;;;;True
atto_27;docling;markdown;atto_27.md;3;;heading;heading;COMUNE DI MOLISE PROVINCIA DI CAMPOBASSO;;;;;;False
atto_27;docling;markdown;atto_27.md;5;;paragraph;text;\_\_\_\_\_\_\_\_\_\_\_\_\_\_\_\_\_\_\_\_\_\_\_\_\_\_\_\_\_\_\_\_\_\_\_\_;;;;;;False
atto_27;docling;markdown;atto_27.md;7;;heading;heading;CONSIGLIO COMUNALE;;;;;;False
atto_27;docling;markdown;atto_27.md;9;;heading;heading;COPIA DI DELIBERAZIONE;;;;;;False
atto_27;docling;markdown;atto_27.md;11;;paragraph;text;N° 8 del 28-05-2026;;;;;;False
atto_27;docling;markdown;atto_27.md;13;;paragraph;text;OGGETTO:;;;;;;False
atto_27;docling;markdown;atto_27.md;15;;paragraph;text;APPROVAZIONE VERBALI SEDUTA PRECEDENTE;;;;;;False
atto_27;docling;markdown;atto_27.md;17;;heading;heading;ADUNANZA PUBBLICA ORDINARIA DI PRIMA CONVOCAZIONE;;;;;;False
atto_27;docling;markdown;atto_27.md;19;;paragraph;text;L'anno duemilaventisei , addì ventotto del mese di maggio alle ore 09:00 nella sala delle adunanze della sede municipale con apposito avviso scritto, contenente gli argomenti da trattarsi, diramato dal Sindaco a tutti i Consiglieri, è stato convocato nelle forme prescritte dalla legge il Consiglio Comunale.;;;;;;False
atto_27;docling;markdown;atto_27.md;21;;paragraph;text;All'appello risultano rispettivamente presenti ed assenti i Sigg.:;;;;;;False
atto_27;docling;markdown;atto_27.md;23;;table;table;| CIRELLI Domenico | Presente |;;;;;;True
atto_27;docling;markdown;atto_27.md;24;;table;table;|----------------------------|------------|;;;;;;True
atto_27;docling;markdown;atto_27.md;25;;table;table;| D'ALESSANDRO Dmytro | Presente |;;;;;;True
atto_27;docling;markdown;atto_27.md;26;;table;table;| DI IORIO Tiziana | Presente |;;;;;;True
atto_27;docling;markdown;atto_27.md;27;;table;table;| LIBERANOME Giuseppe | Presente |;;;;;;True
atto_27;docling;markdown;atto_27.md;28;;table;table;| COLANTUONO Ilaria | Presente |;;;;;;True
atto_27;docling;markdown;atto_27.md;29;;table;table;| DI IORIO Gabriele | Presente |;;;;;;True
atto_27;docling;markdown;atto_27.md;30;;table;table;| FRATANTUONO Maria Cristina | Presente |;;;;;;True
atto_27;docling;markdown;atto_27.md;31;;table;table;| SILVESTRI Antonio | Assente |;;;;;;True
atto_27;docling;markdown;atto_27.md;32;;table;table;| LIBERANOME Nicolino | Presente |;;;;;;True
atto_27;docling;markdown;atto_27.md;33;;table;table;| CIRELLI Davide | Presente |;;;;;;True
atto_27;docling;markdown;atto_27.md;34;;table;table;| CIRELLI Antonio | Presente |;;;;;;True
atto_27;docling;markdown;atto_27.md;36;;heading;heading;Totale: Presenti n. 10 - Assenti n. 1;;;;;;False
atto_27;docling;markdown;atto_27.md;38;;paragraph;text;.;;;;;;False
atto_27;docling;markdown;atto_27.md;40;;paragraph;text;Partecipa con funzioni consultive, referenti, di assistenza e verbalizzazione (art.97, comma 4, lett. a), del D. Lgs. 267/2000) il Vice Segretario Carmine Arricale.;;;;;;False
atto_27;docling;markdown;atto_27.md;42;;paragraph;text;Essendo legale il numero degli intervenuti, Domenico Cirelli nella sua qualità di sindaco assume la presidenza e dichiara aperta la seduta per la trattazione dell'argomento indicato in oggetto .;;;;;;False
atto_27;docling;markdown;atto_27.md;44;;heading;heading;IL CONSIGLIO COMUNALE;;;;;;False
atto_27;docling;markdown;atto_27.md;46;;paragraph;text;VISTI i verbali relativi alla seduta consiliare tenutasi in DATA 02-03-2026, di seguito elencate:;;;;;VISTO;False
atto_27;docling;markdown;atto_27.md;48;;table;table;| 1 | APPROVAZIONE VERBALI SEDUTA PRECEDENTE (29/12/2025) |;;;;;;True
atto_27;docling;markdown;atto_27.md;49;;table;table;|-----|-------------------------------------------------------------------------------------------------------------------------------------------------------------------------------------------------------------------------------------------------------------------------------------------------------|;;;;;;True
atto_27;docling;markdown;atto_27.md;50;;table;table;| 2 | NOMINA REVISORE DEI CONTABILE DELL'ENTE PER IL TRIENNIO 2026/2028. |;;;;;;True
atto_27;docling;markdown;atto_27.md;51;;table;table;| 3 | SCHEMA DI CONVENZIONE AI SENSI DELL'ART. 30 DEL DECRETO LEGISLATIVO N. 267/2000 TRA I COMUNI DELL'AMBITO TERRITORIALE SOCIALE MEDIO MOLISE PER L'ESERCIZIO E LA GESTIONE IN FORMA ASSOCIATA DEL SISTEMA INTEGRATO DEGLI INTERVENTI E DEI SERVIZI SOCIALI E SOCIO-SANITARI TERRITORIALI. APPROVAZIONE. |;;;;;;True
atto_27;docling;markdown;atto_27.md;52;;table;table;| 4 | PROPOSTA PIANO SOCIALE DI ZONA 2026-2028 ATS MEDIO MOLISE. APPROVAZIONE |;;;;;;True
atto_27;docling;markdown;atto_27.md;53;;table;table;| 5 | PROGRAMMA TRIENNALE E ANNUALE DELLE OPERE PUBBLICHE E PROGRAMMA BIENNALE E ANNUALE DI FORNITURE E SERVIZI AI SENSI DEL DECRETO LEGISLATIVO 31 MARZO 2023 N. 36. APPROVAZIONE |;;;;;;True
atto_27;docling;markdown;atto_27.md;54;;table;table;| 6 | DOCUMENTO UNICO DI PROGRAMMAZIONE SEMPLIFICATO (DUPS) -PERIODO 2026/2028 (ART. 170 COMMA1D. LGS. N. 267/2000) APPROVAZIONE |;;;;;;True
atto_27;docling;markdown;atto_27.md;55;;table;table;| 7 | APPROVAZIONE DELLO SCHEMA DI BILANCIO DI PREVISIONE FINANZIARIO 2026- 2028 (ART. 11 D.LGS. 118/2011) E NOTA INTEGRATIVA. |;;;;;;True
atto_27;docling;markdown;atto_27.md;57;;paragraph;text;"RITENUTO di approvare i suddetti verbali;";;;;;RITENUTO;False
atto_27;docling;markdown;atto_27.md;59;;paragraph;text;"ACQUISITO il parere favorevole in ordine alla regolarità tecnica della presente deliberazione reso dal responsabile del servizio interessato ai sensi dell'art. 49 del D. Lgs. 18.08.2000, n. 267;";;;;;ACQUISITI_PARERI;False
atto_27;docling;markdown;atto_27.md;61;;paragraph;text;"SENTITO l'intervento del Sindaco che dà lettura degli oggetti dei verbali della seduta consiliare del 29/12/2025;";;;;;;False
atto_27;docling;markdown;atto_27.md;63;;paragraph;text;"DATO ATTO che i verbali coincidono interamente con le deliberazioni citate assunte nelle sedute di Consiglio Comunale del 28.07.2025;";;;;;DATO_ATTO;False
atto_27;docling;markdown;atto_27.md;65;;paragraph;text;Con votazione espressa per alzata di mano con il seguente esito proclamato dal Presidente:;;;;;;False
atto_27;docling;markdown;atto_27.md;67;;paragraph;text;Favorevoli: n. 9 - Astenuti: n. 1 (Liberanome Nicolino);;;;;;False
atto_27;docling;markdown;atto_27.md;69;;heading;heading;DELIBERA;;;;DELIBERA;DELIBERA;False
atto_27;docling;markdown;atto_27.md;71;;paragraph;text;"DI APPROVARE i verbali della seduta Consiliare tenutasi in DATA 02/03/2026, elencati in narrativa della presente deliberazione, nell'ambito della quale sono state adottate le deliberazioni n. 1-2-3-4-5-6-7;";;;;;;False
atto_27;docling;markdown;atto_27.md;73;;heading;heading;OGGETTO:;;;;;;False
atto_27;docling;markdown;atto_27.md;75;;heading;heading;PARERE DI REGOLARITA' TECNICA ESPRESSO DAL RESPONSABILE DEL SERVIZIO (Art. 49 e 147 bis del D.Lgs. 267/2000);;;;;;False
atto_27;docling;markdown;atto_27.md;77;;paragraph;text;Il Responsabile del Servizio interessato esprime, ai sensi dell'articolo 49 e 147bis del D.Lgs. n. 267/2000, parere Favorevole in merito alla regolarità tecnica della deliberazione di Consiglio N. 8 del 28-05-2026 .;;;;;;False
atto_27;docling;markdown;atto_27.md;79;;paragraph;text;Lì, 14-05-2026;;;;;;False
atto_27;docling;markdown;atto_27.md;81;;paragraph;text;Il Responsabile del Servizio F.to Domenico Cirelli;;;;;;False
atto_27;docling;markdown;atto_27.md;83;;paragraph;text;IL SINDACO F.to Domenico CIRELLI;;;;;;False
atto_27;docling;markdown;atto_27.md;85;;paragraph;text;IL VICE SEGRETARIO F.to Carmine ARRICALE;;;;;;False
atto_27;docling;markdown;atto_27.md;87;;paragraph;text;\_\_\_\_\_\_\_\_\_\_\_\_\_\_\_\_\_\_\_\_\_\_;;;;;;False
atto_27;docling;markdown;atto_27.md;89;;paragraph;text;Il sottoscritto, VISTI gli atti di ufficio,;;;;;;False
atto_27;docling;markdown;atto_27.md;91;;paragraph;text;ATTESTA;;;;ATTESTA;ATTESTA;False
atto_27;docling;markdown;atto_27.md;93;;paragraph;text;che la presente deliberazione;;;;;;False
atto_27;docling;markdown;atto_27.md;95;;list_item;list_item;"è stata affissa all'Albo pretorio comunale il giorno 04-06-2026 per rimanervi 15 giorni consecutivi (art. 124, comma 1 del T.U. 267/2000) al N. 241 del Registro Pubblicazioni;";;;;;;False
atto_27;docling;markdown;atto_27.md;97;;list_item;list_item;è stata trasmessa con nota N. \_\_\_\_\_\_ in DATA \_\_\_\_\_\_\_\_ al Prefetto (Art. 135, comma 2, del D. Lgs. n° 267/2000).;;;;;;False
atto_27;docling;markdown;atto_27.md;99;;paragraph;text;Dalla residenza comunale, lì 04-06-2026;;;;;;False
atto_27;docling;markdown;atto_27.md;101;;paragraph;text;IL VICE SEGRETARIO F.to Carmine ARRICALE;;;;;;False
atto_27;docling;markdown;atto_27.md;103;;paragraph;text;E' copia conforme all'originale da servire per uso amministrativo.;;;;;;False
atto_27;docling;markdown;atto_27.md;105;;paragraph;text;Dalla residenza comunale, lì 04-06-2026;;;;;;False
atto_27;docling;markdown;atto_27.md;107;;paragraph;text;IL VICE SEGRETARIO Carmine ARRICALE;;;;;;False
atto_27;docling;markdown;atto_27.md;109;;paragraph;text;\_\_\_\_\_\_\_\_\_\_\_\_\_\_\_\_\_\_\_\_\_\_;;;;;;False
atto_27;docling;markdown;atto_27.md;111;;heading;heading;DICHIARAZIONE DI ESECUTIVITA';;;;;;False
atto_27;docling;markdown;atto_27.md;113;;paragraph;text;Il sottoscritto, VISTI gli atti di ufficio, ATTESTA che la presente deliberazione è divenuta esecutiva:;;;;;;False
atto_27;docling;markdown;atto_27.md;115;;list_item;list_item;perché dichiarata immediatamente eseguibile (art. 134, c. 4, del T.U. n. 267/2000) .;;;;;;False
atto_27;docling;markdown;atto_27.md;117;;paragraph;text;Dalla residenza comunale, lì 28-05-2026;;;;;;False
atto_27;docling;markdown;atto_27.md;119;;paragraph;text;IL VICE SEGRETARIO F.to Carmine Arricale;;;;;;False
atto_27;docling;markdown;atto_27.md;121;;paragraph;text;Pubbl. N. 241;;;;;;False
atto_27;docling;markdown;atto_27.md;123;;heading;heading;ATTESTAZIONE DI PUBBLICAZIONE;;;;;;False
atto_27;docling;markdown;atto_27.md;125;;paragraph;text;Il sottoscritto, VISTI gli atti di ufficio,;;;;;;False
atto_27;docling;markdown;atto_27.md;127;;heading;heading;ATTESTA;;;;ATTESTA;ATTESTA;False
atto_27;docling;markdown;atto_27.md;129;;paragraph;text;che la presente deliberazione è stata affissa all'Albo pretorio comunale il giorno 04-06-2026 per rimanervi 15 giorni consecutivi.;;;;;;False
atto_27;docling;markdown;atto_27.md;131;;paragraph;text;Dalla residenza comunale, 04-06-2026;;;;;;False
atto_27;docling;markdown;atto_27.md;133;;paragraph;text;IL MESSO COMUNALE F.to Angela Colantoni;;;;;;False
atto_28;docling;markdown;atto_28.md;1;;paragraph;text;;;;;;;True
atto_28;docling;markdown;atto_28.md;3;;heading;heading;COMUNE DI MOLISE;;;;;;False
atto_28;docling;markdown;atto_28.md;5;;heading;heading;PROVINCIA DI CAMPOBASSO;;;;;;False
atto_28;docling;markdown;atto_28.md;7;;paragraph;text;\_\_\_\_\_\_\_\_\_\_\_\_\_\_\_\_\_\_\_\_\_\_\_\_\_\_\_\_\_\_\_\_\_\_\_\_;;;;;;False
atto_28;docling;markdown;atto_28.md;9;;heading;heading;GIUNTA COMUNALE;;;;;;False
atto_28;docling;markdown;atto_28.md;11;;heading;heading;COPIA DI DELIBERAZIONE;;;;;;False
atto_28;docling;markdown;atto_28.md;13;;paragraph;text;N° 23 del 30-04-2026;;;;;;False
atto_28;docling;markdown;atto_28.md;15;;paragraph;text;OGGETTO:;;;;;;False
atto_28;docling;markdown;atto_28.md;17;;paragraph;text;APPROVAZIONE DELLA RELAZIONE SULLA GESTIONE (ART. 151, COMMA 6 E ART. 231, COMMA 1, D.LGS. N. 267/2000 E ART. 11, COMMA. 6, D.LGS. N. 118/2011) DELLO SCHEMA DI RENDICONTO DELL'ESERCIZIO 2025;;;;;;False
atto_28;docling;markdown;atto_28.md;19;;paragraph;text;L'anno duemilaventisei , addì trenta del mese di aprile alle ore 10:00 . Nella sala delle adunanze della sede municipale del Comune di Molise si è riunita la Giunta Comunale.;;;;;;False
atto_28;docling;markdown;atto_28.md;21;;paragraph;text;Presiede l'adunanza Domenico Cirelli nella qualità di Sindaco e sono rispettivamente presenti ed assenti i Sigg.:;;;;;;False
atto_28;docling;markdown;atto_28.md;23;;table;table;| | | Presenza |;;;;;;True
atto_28;docling;markdown;atto_28.md;24;;table;table;|----------------------------|-----------|------------|;;;;;;True
atto_28;docling;markdown;atto_28.md;25;;table;table;| Domenico CIRELLI | Sindaco | Presente |;;;;;;True
atto_28;docling;markdown;atto_28.md;26;;table;table;| Dmytro D'ALESSANDRO | Assessore | Presente |;;;;;;True
atto_28;docling;markdown;atto_28.md;27;;table;table;| Maria Cristina FRATANTUONO | Assessore | Presente |;;;;;;True
atto_28;docling;markdown;atto_28.md;29;;paragraph;text;Totale: Presenti n. 3 - Assenti n. 0.;;;;;;False
atto_28;docling;markdown;atto_28.md;31;;paragraph;text;Partecipa con funzioni consultive, referenti, di assistenza e verbalizzazione (art.97, comma 4, lett. a), del D. Lgs. 267/2000) il Vice Segretario Carmine Arricale.;;;;;;False
atto_28;docling;markdown;atto_28.md;33;;paragraph;text;Essendo legale il numero degli intervenuti, Domenico Cirelli nella sua qualità di Sindaco assume la presidenza e dichiara aperta la seduta per la trattazione dell'argomento indicato in oggetto .;;;;;;False
atto_28;docling;markdown;atto_28.md;35;;list_item;list_item;"con deliberazione di Consiglio comunale n. 5 in DATA 07.03.2025, è stato approvato il Documento unico di programmazione per il periodo 2025-2027 ;";;;;;;False
atto_28;docling;markdown;atto_28.md;36;;list_item;list_item;"con deliberazione di Consiglio comunale n. 6 in DATA 07.03.2025 è stato approvato il bilancio di previsione finanziario 2025-2027 redatto secondo lo schema di cui all'all. 9 al D.Lgs. n. 118/2011;";;;;;;False
atto_28;docling;markdown;atto_28.md;37;;list_item;list_item;"con deliberazione di Consiglio comunale n. 9 in DATA 30.04.2025 è stato approvato il Rendiconto della gestione per l'esercizio 2024 ai sensi dell'art. 227, d.lgs. n. 267/2000;";;;;;;False
atto_28;docling;markdown;atto_28.md;38;;list_item;list_item;con le seguenti deliberazioni:;;;;;;False
atto_28;docling;markdown;atto_28.md;39;;list_item;list_item;-Consiglio comunale n. 12 in DATA 28.07.2025 ad oggetto: ASSESTAMENTO GENERALE DI BILANCIO E SALVAGUARDIA DEGLI EQUILIBRI PER L'ESERCIZIO 2025 AI SENSI DEGLI ARTT. 175, COMMA 8 E 193 DEL D.LGS. N. 267/2000;;;;;;False
atto_28;docling;markdown;atto_28.md;40;;list_item;list_item;"-Giunta comunale n. 25 in DATA 09.05.2025 ad oggetto: Variazione al bilancio di cassa 2025 riallineamento stanziamenti di cassa a seguito del riaccertamento ordinario dei residui;";;;;;;False
atto_28;docling;markdown;atto_28.md;41;;list_item;list_item;"-Giunta comunale n. 30 in DATA 05.06.2025 ad oggetto: ART.175 DEL D.LGS. 267/2000 E S.M.I. VARIAZIONE D'URGENZA AL BILANCIO DI PREVISIONE 2025/2027;";;;;;;False
atto_28;docling;markdown;atto_28.md;42;;list_item;list_item;"-Giunta comunale n. 55 in DATA 28.11.2025 ad oggetto: Art.175 del d.lgs. 267/2000 e s.m.i - Variazione di bilancio d'urgenza e aggiornamento del Documento Unico di Programmazione (DUPS) 2025/2027;";;;;;;False
atto_28;docling;markdown;atto_28.md;44;;paragraph;text;"sono state apportate variazioni al bilancio di previsione finanziario 2025-2027;";;;;;;False
atto_28;docling;markdown;atto_28.md;46;;paragraph;text;"PREMESSO , altresì, che l'art. 227, c. 2, D. Lgs. 18/08/2000, n. 267 e l'art. 18, c. 1, lett. b), D. Lgs. 23/6/2011, n. 118, prevedono che gli enti locali deliberano entro il 30 aprile dell'anno successivo il rendiconto della gestione composto dal CONTO del bilancio, dal CONTO economico e dallo stato patrimoniale;";;;;;PREMESSO;False
atto_28;docling;markdown;atto_28.md;48;;heading;heading;RILEVATO che :;;;;;RILEVATO;False
atto_28;docling;markdown;atto_28.md;50;;paragraph;text;"1. con deliberazione della Giunta comunale n. 22 in DATA 09.04.2021, questo Comune ha optato per la facoltà di non tenere la contabilità economico-patrimoniale, come consentito dall'art. 232, c. 2, D. Lgs. 18 agosto 2000, n. 267 pertanto allega al rendiconto una situazione patrimoniale al 31 dicembre 2021 redatta con modalità semplificate 1 ;";;;;;;False
atto_28;docling;markdown;atto_28.md;51;;paragraph;text;"2. con la stessa deliberazione questo Comune ha optato per la facoltà di non redigere il bilancio consolidato, come consentito dall'art. 233-bis, c. 3, D.Lgs. 18 agosto 2000, n. 267;";;;;;;False
atto_28;docling;markdown;atto_28.md;53;;paragraph;text;PRESO ATTO , inoltre, di quanto indicato dalla commissione Arconet nella riunione del 20 gennaio 2021:;;;;;PRESO_ATTO;False
atto_28;docling;markdown;atto_28.md;55;;paragraph;text;'A decorrere dal rendiconto 2020, la validità della DELIBERA inviata alla BDAP concernente la facoltà di cui all'art. 232, comma 2 del TUEL si estende fino all'esercizio in cui l'ente DELIBERA di voler iniziare a tenere la contabilità economico-patrimoniale o in caso di perdita dei presupposti della popolazione per poter esercitare tale facoltà'.;;;;;;False
atto_28;docling;markdown;atto_28.md;57;;paragraph;text;"RICHIAMATI gli artt. 151, c. 6 e 231, c. 1, del D.Lgs. 18/08/2000, n. 267 i quali prevedono che al rendiconto dell'esercizio sia allegata una relazione sulla gestione da predisporre secondo quanto previsto dall'art. 11, c. 6, del d.Lgs. n. 118/2011;";;;;;RICHIAMATO;False
atto_28;docling;markdown;atto_28.md;59;;paragraph;text;RICHIAMATO , altresì l'articolo 11, comma 6, del d.Lgs. n. 118/2011, il quale così dispone:;;;;;RICHIAMATO;False
atto_28;docling;markdown;atto_28.md;61;;paragraph;text;6. La relazione sulla gestione allegata al rendiconto è un documento illustrativo della gestione dell'ente, nonché dei fatti di rilievo verificatisi dopo la chiusura dell'esercizio e di ogni eventuale informazione utile ad una migliore comprensione dei DATI contabili. In particolare, la relazione illustra:;;;;;;False
atto_28;docling;markdown;atto_28.md;63;;paragraph;text;1 Si veda il D.M. 12 ottobre 2021 concernente le modalità semplificate di elaborazione della Situazione patrimoniale da allegare al rendiconto degli enti locali con popolazione inferiore a 5.000 abitanti che non tengono la contabilità economico patrimoniale.;;;;;;False
atto_28;docling;markdown;atto_28.md;65;;paragraph;text;"a) i criteri di valutazione utilizzati;";;;;;;False
atto_28;docling;markdown;atto_28.md;67;;paragraph;text;"b) le principali voci del CONTO del bilancio;";;;;;;False
atto_28;docling;markdown;atto_28.md;69;;paragraph;text;"c) le principali variazioni alle previsioni finanziarie intervenute in corso d'anno, comprendendo l'utilizzazione dei fondi di riserva e gli utilizzi delle quote vincolate e accantonate del risultato di amministrazione al 1° gennaio dell'esercizio precedente, distinguendo i vincoli derivanti dalla legge e dai principi contabili, dai trasferimenti, da mutui e altri finanziamenti, vincoli formalmente attribuiti dall'ente;";;;;;;False
atto_28;docling;markdown;atto_28.md;71;;paragraph;text;"d) l'elenco analitico delle quote vincolate e accantonate del risultato di amministrazione al 31 dicembre dell'esercizio precedente, distinguendo i vincoli derivanti dalla legge e dai principi contabili, dai trasferimenti, da mutui e altri finanziamenti, vincoli formalmente attribuiti dall'ente;";;;;;;False
atto_28;docling;markdown;atto_28.md;73;;paragraph;text;"d-bis) (...);";;;;;;False
atto_28;docling;markdown;atto_28.md;75;;paragraph;text;"d-ter) (...);";;;;;;False
atto_28;docling;markdown;atto_28.md;77;;paragraph;text;"e) le ragioni della persistenza dei residui con anzianità superiore ai cinque anni e di maggiore consistenza, nonché sulla fondatezza degli stessi, compresi i crediti di cui al comma 4, lettera n);";;;;;;False
atto_28;docling;markdown;atto_28.md;79;;paragraph;text;"f) l'elenco delle movimentazioni effettuate nel corso dell'esercizio sui capitoli di entrata e di spesa riguardanti l'anticipazione, evidenziando l'utilizzo medio e l'utilizzo massimo dell'anticipazione nel corso dell'anno, nel caso in cui il CONTO del bilancio, in deroga al principio generale dell'integrità, espone il saldo al 31 dicembre dell'anticipazione attivata al netto dei relativi rimborsi;";;;;;;False
atto_28;docling;markdown;atto_28.md;81;;paragraph;text;"g) l'elencazione dei diritti reali di godimento e la loro illustrazione;";;;;;;False
atto_28;docling;markdown;atto_28.md;83;;paragraph;text;"h) l'elenco dei propri enti e organismi strumentali, con la precisazione che i relativi rendiconti o bilanci di esercizio sono consultabili nel proprio sito internet;";;;;;;False
atto_28;docling;markdown;atto_28.md;85;;paragraph;text;"i) l'elenco delle partecipazioni dirette possedute con l'indicazione della relativa quota percentuale;";;;;;;False
atto_28;docling;markdown;atto_28.md;87;;paragraph;text;"j) gli esiti della verifica dei crediti e debiti reciproci con i propri enti strumentali e le società controllate e partecipate. La predetta informativa, asseverata dai rispettivi organi di revisione, evidenzia analiticamente eventuali discordanze e ne fornisce la motivazione; in tal caso l'ente assume senza indugio, e comunque non oltre il termine dell'esercizio finanziario in corso, i provvedimenti necessari ai fini della riconciliazione delle partite debitorie e creditorie;";;;;;;False
atto_28;docling;markdown;atto_28.md;89;;paragraph;text;"k) gli oneri e gli impegni sostenuti, derivanti da contratti relativi a strumenti finanziari derivati o da contratti di finanziamento che includono una componente derivata;";;;;;;False
atto_28;docling;markdown;atto_28.md;91;;paragraph;text;"l) l'elenco delle garanzie principali o sussidiarie prestate dall'ente a favore di enti e di altri soggetti ai sensi delle leggi vigenti, con l'indicazione delle eventuali richieste di escussione nei confronti dell'ente e del rischio di applicazione dell'art. 3, comma 17 della legge 24 dicembre 2003, n. 350;";;;;;;False
atto_28;docling;markdown;atto_28.md;93;;paragraph;text;"m) l'elenco descrittivo dei beni appartenenti al patrimonio immobiliare dell'ente alla DATA di chiusura dell'esercizio cui il CONTO si riferisce, con l'indicazione delle rispettive destinazioni e degli eventuali proventi da essi prodotti;";;;;;;False
atto_28;docling;markdown;atto_28.md;95;;paragraph;text;"n) gli elementi richiesti dall'art. 2427 e dagli altri articoli del codice civile, nonché da altre norme di legge e dai documenti sui principi contabili applicabili;";;;;;;False
atto_28;docling;markdown;atto_28.md;97;;paragraph;text;o) altre informazioni riguardanti i risultati della gestione, richieste dalla legge o necessarie per l'interpretazione del rendiconto.;;;;;;False
atto_28;docling;markdown;atto_28.md;99;;paragraph;text;"VISTO il D.M. 12 ottobre 2021 che ha approvato le modalità semplificate di elaborazione della situazione patrimoniale al 31 dicembre 2025 da parte degli enti locali con popolazione inferiore a 5.000 abitanti che rinviano la contabilità economicopatrimoniale;";;;;;VISTO;False
atto_28;docling;markdown;atto_28.md;101;;paragraph;text;"VISTO il D.M. 7 settembre 2020;";;;;;VISTO;False
atto_28;docling;markdown;atto_28.md;103;;heading;heading;PRESO ATTO che :;;;;;PRESO_ATTO;False
atto_28;docling;markdown;atto_28.md;105;;paragraph;text;"3. la gestione finanziaria si è svolta in conformità ai principi e alle regole previste in materia di finanza locale e di contabilità pubblica;";;;;;;False
atto_28;docling;markdown;atto_28.md;106;;paragraph;text;"4. il Tesoriere comunale ha reso il CONTO della gestione, ai sensi dell'art. 226, D. Lgs. n. 267/2000, debitamente sottoscritto e corredato di tutta la documentazione contabile prevista (reversali di incasso, mandati di pagamento e relativi allegati di svolgimento, ecc.);";;;;;;False
atto_28;docling;markdown;atto_28.md;107;;paragraph;text;"5. il responsabile del servizio finanziario ha effettuato la parificazione del CONTO del tesoriere e degli agenti contabili interni, verificando la corrispondenza delle riscossioni e dei pagamenti effettuati durante l'esercizio finanziario 2025 con le risultanze del CONTO del bilancio;";;;;;;False
atto_28;docling;markdown;atto_28.md;108;;paragraph;text;"6. con propria deliberazione n. 22 in DATA 16/04/2026, è stato approvato il riaccertamento ordinario dei residui ai sensi dell'art. 3, comma 4, del d.Lgs. n. 118/2011;";;;;;;False
atto_28;docling;markdown;atto_28.md;110;;paragraph;text;"VISTO lo schema del rendiconto della gestione dell'esercizio 2025 redatto secondo lo schema di cui all'allegato 10 al D. Lgs. n. 118/2011 che si allega al presente provvedimento quale parte integrante e sostanziale;";;;;;VISTO;False
atto_28;docling;markdown;atto_28.md;112;;paragraph;text;"VISTA la relazione sulla gestione dell'esercizio 2025, redatta ai sensi dell'art. 11, comma 6, del d.Lgs. n. 118/2011, allegata al presente provvedimento quale parte integrante e sostanziale;";;;;;VISTO;False
atto_28;docling;markdown;atto_28.md;114;;paragraph;text;"RITENUTO di provvedere in merito;";;;;;RITENUTO;False
atto_28;docling;markdown;atto_28.md;116;;paragraph;text;"VISTO il D.Lgs. 18/08/2000, n. 267;";;;;;VISTO;False
atto_28;docling;markdown;atto_28.md;118;;paragraph;text;"VISTO il d.Lgs. n. 118/2011;";;;;;VISTO;False
atto_28;docling;markdown;atto_28.md;120;;paragraph;text;"VISTO il D.M. 12 ottobre 2021;";;;;;VISTO;False
atto_28;docling;markdown;atto_28.md;122;;paragraph;text;"VISTO lo Statuto Comunale;";;;;;VISTO;False
atto_28;docling;markdown;atto_28.md;124;;paragraph;text;"VISTO il vigente Regolamento comunale di contabilità;";;;;;VISTO;False
atto_28;docling;markdown;atto_28.md;126;;paragraph;text;Ad unanimità di voti espressi nelle forme di legge,;;;;;;False
atto_28;docling;markdown;atto_28.md;128;;heading;heading;DELIBERA;;;;DELIBERA;DELIBERA;False
atto_28;docling;markdown;atto_28.md;130;;paragraph;text;"1. di approvare lo schema del rendiconto della gestione relativo all'esercizio finanziario 2025 redatto secondo lo schema di cui all'allegato 10 al D. Lgs. n. 118/2011, il quale è allegato al presente provvedimento quale parte integrante e sostanziale;";;;;;;False
atto_28;docling;markdown;atto_28.md;131;;paragraph;text;2. di dare ATTO che il CONTO del bilancio dell'esercizio 2025 si chiude con un risultato di amministrazione di € 121.875,14 così come risulta dal seguente prospetto riassuntivo della gestione finanziaria:;;;;;;False
atto_28;docling;markdown;atto_28.md;132;;paragraph;text;"3. di approvare la Relazione sulla gestione dell'esercizio 2025, redatta ai sensi dell'art. 11, comma 6, del d.Lgs. n. 118/2011 nonché la nota integrativa che si allegano al presente provvedimento quale parte integrante e sostanziale;";;;;;;False
atto_28;docling;markdown;atto_28.md;133;;paragraph;text;"4. di trasmettere lo schema di rendiconto e la relazione sulla gestione all'organo di revisione, ai fini della resa del prescritto parere;";;;;;;False
atto_28;docling;markdown;atto_28.md;134;;paragraph;text;5. di trasmettere altresì al Consiglio comunale, una volta ACQUISITO il parere dell'organo di revisione, lo schema di rendiconto della gestione dell'esercizio 2025, corredato di tutti i documenti previsti dalla normativa, ai fini della sua approvazione.;;;;;;False
atto_28;docling;markdown;atto_28.md;135;;paragraph;text;6. di dichiarare , previa unanime votazione favorevole esperita nelle forme di legge, il presente ATTO immediatamente eseguibile, ai sensi dell'art. n. 134 - 4° comma - del Decreto Lgs.n.267/2000 (T.U.E.L.).;;;;;;False
atto_28;docling;markdown;atto_28.md;137;;table;table;| | | GESTIONE | GESTIONE | GESTIONE |;;;;;;True
atto_28;docling;markdown;atto_28.md;138;;table;table;|------------------------------------------------------------------------------------------------------------------------------------------------------------|-----|------------|--------------|-----------------|;;;;;;True
atto_28;docling;markdown;atto_28.md;139;;table;table;| | | RESIDUI | COMPETENZA | TOTALE |;;;;;;True
atto_28;docling;markdown;atto_28.md;140;;table;table;| Fondo di cassa al 1° gennaio | | | | 336.356,49 |;;;;;;True
atto_28;docling;markdown;atto_28.md;141;;table;table;| RISCOSSIONI | (+) | 272.902,94 | 1.057.415,07 | 1.330.318,01 |;;;;;;True
atto_28;docling;markdown;atto_28.md;142;;table;table;| PAGAMENTI | (-) | 426.583,51 | 859.541,21 | 1.286.124,72 |;;;;;;True
atto_28;docling;markdown;atto_28.md;143;;table;table;| SALDO DI CASSA AL 31 DICEMBRE | (=) | | | 380.549,78 |;;;;;;True
atto_28;docling;markdown;atto_28.md;144;;table;table;| PAGAMENTI per azioni esecutive non regolarizzate al 31 dicembre | (-) | | | 0,00 |;;;;;;True
atto_28;docling;markdown;atto_28.md;145;;table;table;| FONDO DI CASSA AL 31 DICEMBRE | (=) | | | 380.549,78 |;;;;;;True
atto_28;docling;markdown;atto_28.md;146;;table;table;| RESIDUI ATTIVI di cui residui attivi incassati alla DATA del 31/12 in conti postali e bancari in ATTESA del riversamento nel CONTO di tesoreria principale | (+) | 336.502,97 | 657.160,78 | 993.663,75 0,00 |;;;;;;True
atto_28;docling;markdown;atto_28.md;147;;table;table;| di cui derivanti da accertamenti di tributi effettuati sulla base della stima del dipartimento delle finanze RESIDUI PASSIVI | (-) | 294.976,69 | | 0,00 865.366,40 |;;;;;;True
atto_28;docling;markdown;atto_28.md;148;;table;table;| FONDO PLURIENNALE VINCOLATO PER SPESE CORRENTI (1) FONDO PLURIENNALE VINCOLATO PER SPESE IN C.TO CAPITALE (1) | (-) | | 570.389,71 | 0,00 |;;;;;;True
atto_28;docling;markdown;atto_28.md;149;;table;table;| FONDO PLURIENNALE VINCOLATO PER INCREMENTO DI ATTIVITÀ | | | | |;;;;;;True
atto_28;docling;markdown;atto_28.md;150;;table;table;| | (-) | | | 386.971,99 |;;;;;;True
atto_28;docling;markdown;atto_28.md;151;;table;table;| (1) | | | | |;;;;;;True
atto_28;docling;markdown;atto_28.md;152;;table;table;| FINANZIARIE | (-) | | | 0,00 |;;;;;;True
atto_28;docling;markdown;atto_28.md;153;;table;table;| Composizione del risultato di amministrazione al 31 dicembre 2025 | | | | |;;;;;;True
atto_28;docling;markdown;atto_28.md;154;;table;table;| Parte accantonata (3) | | | | 55.403,90 |;;;;;;True
atto_28;docling;markdown;atto_28.md;155;;table;table;| Fondo crediti di dubbia esazione al 31/12/2025 (4) | | | | |;;;;;;True
atto_28;docling;markdown;atto_28.md;156;;table;table;| Accantonamento residui perenti al 31/12/2025 (solo per le regioni) (5) | | | | 0,00 |;;;;;;True
atto_28;docling;markdown;atto_28.md;158;;paragraph;text;;;;;;;True
atto_28;docling;markdown;atto_28.md;160;;table;table;| Fondo anticipazioni liquidità | 0,00 |;;;;;;True
atto_28;docling;markdown;atto_28.md;161;;table;table;|------------------------------------------------------------------------------------------------------------------|-----------|;;;;;;True
atto_28;docling;markdown;atto_28.md;162;;table;table;| Fondo perdite società partecipate | 500,00 |;;;;;;True
atto_28;docling;markdown;atto_28.md;163;;table;table;| Fondo contenzioso | 4.900,00 |;;;;;;True
atto_28;docling;markdown;atto_28.md;164;;table;table;| Fondo di garanzia debiti commerciali | 11.840,83 |;;;;;;True
atto_28;docling;markdown;atto_28.md;165;;table;table;| Fondo obiettivi di finanza pubblica | 975,00 |;;;;;;True
atto_28;docling;markdown;atto_28.md;166;;table;table;| Altri accantonamenti | 14.090,00 |;;;;;;True
atto_28;docling;markdown;atto_28.md;167;;table;table;| Totale parte accantonata (B) | 87.709,73 |;;;;;;True
atto_28;docling;markdown;atto_28.md;168;;table;table;| Parte vincolata | |;;;;;;True
atto_28;docling;markdown;atto_28.md;169;;table;table;| Vincoli derivanti da leggi e dai principi contabili | 15,49 |;;;;;;True
atto_28;docling;markdown;atto_28.md;170;;table;table;| Vincoli derivanti da trasferimenti | 32.835,30 |;;;;;;True
atto_28;docling;markdown;atto_28.md;171;;table;table;| Vincoli derivanti da contrazione di mutui | 0,00 |;;;;;;True
atto_28;docling;markdown;atto_28.md;172;;table;table;| Vincoli formalmente attribuiti dall'ente | 500,00 |;;;;;;True
atto_28;docling;markdown;atto_28.md;173;;table;table;| Altri vincoli da specificare | 0,00 |;;;;;;True
atto_28;docling;markdown;atto_28.md;174;;table;table;| Totale parte vincolata (C) | 33.350,79 |;;;;;;True
atto_28;docling;markdown;atto_28.md;175;;table;table;| Totale parte destinata agli investimenti (D) | 0,00 |;;;;;;True
atto_28;docling;markdown;atto_28.md;176;;table;table;| Totale parte disponibile (E)=(A)-(B)-(C)-(D) | 814,62 |;;;;;;True
atto_28;docling;markdown;atto_28.md;177;;table;table;| F) di cui Disavanzo da debito autorizzato e non contratto (6) | 0,00 |;;;;;;True
atto_28;docling;markdown;atto_28.md;178;;table;table;| Se E è negativo, tale importo è iscritto tra le spese del bilancio di previsione come disavanzo da ripianare (6) | |;;;;;;True
atto_28;docling;markdown;atto_28.md;180;;table;table;| OGGETTO: | : APPROVAZIONE DELLA RELAZIONE SULLA GESTIONE (ART. 151, COMMA 6 E ART. 231, COMMA 1, D.LGS. N. 267/2000 E ART. 11, COMMA. 6, D.LGS. N. 118/2011) DELLO SCHEMA DI RENDICONTO DELL'ESERCIZIO 2025 |;;;;;;True
atto_28;docling;markdown;atto_28.md;181;;table;table;|------------|----------------------------------------------------------------------------------------------------------------------------------------------------------------------------------------------------|;;;;;;True
atto_28;docling;markdown;atto_28.md;183;;heading;heading;PARERE DI REGOLARITA' TECNICA ESPRESSO DAL RESPONSABILE DEL SERVIZIO (Art. 49 e 147 bis del D.Lgs. 267/2000);;;;;;False
atto_28;docling;markdown;atto_28.md;185;;paragraph;text;Il Responsabile del Servizio interessato esprime, ai sensi dell'articolo 49 e 147bis del D.Lgs. n. 267/2000, parere Favorevole in merito alla regolarità tecnica della deliberazione di Giunta Comunale N. 23 del 30-04-2026 .;;;;;;False
atto_28;docling;markdown;atto_28.md;187;;paragraph;text;Lì, 30-04-2026;;;;;;False
atto_28;docling;markdown;atto_28.md;189;;paragraph;text;Il Responsabile del Servizio F.to Domenico Cirelli;;;;;;False
atto_28;docling;markdown;atto_28.md;191;;heading;heading;PARERE DI REGOLARITA' CONTABILE ESPRESSO DAL RESPONSABILE DEL SERVIZIO (Art. 49 e 147 bis del D.Lgs. 267/2000);;;;;;False
atto_28;docling;markdown;atto_28.md;193;;paragraph;text;Il Responsabile del Servizio Economico - Finanziario esprime, ai sensi dell'articolo 49 e 147bis del D.Lgs. n. 267/2000, parere Favorevole in merito alla regolarità contabile della deliberazione di Giunta Comunale N. 23 del 3004-2026 .;;;;;;False
atto_28;docling;markdown;atto_28.md;195;;paragraph;text;Lì, 30-04-2026;;;;;;False
atto_28;docling;markdown;atto_28.md;197;;paragraph;text;Il Responsabile del Servizio Economico - Finanziario F.to Domenico Cirelli Il presente ATTO viene LETTO, approvato e sottoscritto come segue:;;;;;;False
atto_28;docling;markdown;atto_28.md;199;;paragraph;text;IL SINDACO F.to Domenico CIRELLI;;;;;;False
atto_28;docling;markdown;atto_28.md;201;;paragraph;text;IL VICE SEGRETARIO;;;;;;False
atto_28;docling;markdown;atto_28.md;203;;paragraph;text;F.to Carmine ARRICALE;;;;;;False
atto_28;docling;markdown;atto_28.md;205;;paragraph;text;\_\_\_\_\_\_\_\_\_\_\_\_\_\_\_\_\_\_\_\_\_\_;;;;;;False
atto_28;docling;markdown;atto_28.md;207;;paragraph;text;Il sottoscritto, VISTI gli atti di ufficio,;;;;;;False
atto_28;docling;markdown;atto_28.md;209;;paragraph;text;ATTESTA;;;;ATTESTA;ATTESTA;False
atto_28;docling;markdown;atto_28.md;211;;paragraph;text;che la presente deliberazione;;;;;;False
atto_28;docling;markdown;atto_28.md;213;;list_item;list_item;"è stata affissa all'Albo pretorio comunale il giorno 07-05-2026 per rimanervi 15 giorni consecutivi (art. 124, comma 1 del T.U. 267/2000) al N. 198 del Registro Pubblicazioni;";;;;;;False
atto_28;docling;markdown;atto_28.md;215;;list_item;list_item;è stata trasmessa in pari DATA ai Capigruppo consiliari (art. 1254, comma 2 del T.U. 267/2000) .;;;;;;False
atto_28;docling;markdown;atto_28.md;217;;paragraph;text;Dalla residenza comunale, lì 07-05-2026;;;;;;False
atto_28;docling;markdown;atto_28.md;219;;paragraph;text;IL VICE SEGRETARIO;;;;;;False
atto_28;docling;markdown;atto_28.md;221;;paragraph;text;F.to Carmine ARRICALE;;;;;;False
atto_28;docling;markdown;atto_28.md;223;;paragraph;text;E' copia conforme all'originale da servire per uso amministrativo.;;;;;;False
atto_28;docling;markdown;atto_28.md;225;;paragraph;text;Dalla residenza comunale, lì 07-05-2026;;;;;;False
atto_28;docling;markdown;atto_28.md;227;;paragraph;text;IL VICE SEGRETARIO Carmine ARRICALE;;;;;;False
atto_28;docling;markdown;atto_28.md;229;;paragraph;text;\_\_\_\_\_\_\_\_\_\_\_\_\_\_\_\_\_\_\_\_\_\_;;;;;;False
atto_28;docling;markdown;atto_28.md;231;;heading;heading;DICHIARAZIONE DI ESECUTIVITA';;;;;;False
atto_28;docling;markdown;atto_28.md;233;;paragraph;text;Il sottoscritto, VISTI gli atti di ufficio, ATTESTA che la presente deliberazione è divenuta esecutiva:;;;;;;False
atto_28;docling;markdown;atto_28.md;235;;list_item;list_item;perché dichiarata immediatamente eseguibile (art. 134, c. 4, del T.U. n. 267/2000) .;;;;;;False
atto_28;docling;markdown;atto_28.md;237;;paragraph;text;Dalla residenza comunale, lì 30-04-2026;;;;;;False
atto_28;docling;markdown;atto_28.md;239;;paragraph;text;IL VICE SEGRETARIO;;;;;;False
atto_28;docling;markdown;atto_28.md;241;;paragraph;text;F.to Carmine Arricale;;;;;;False
atto_28;docling;markdown;atto_28.md;243;;paragraph;text;Pubbl. N. 198;;;;;;False
atto_28;docling;markdown;atto_28.md;245;;heading;heading;ATTESTAZIONE DI PUBBLICAZIONE;;;;;;False
atto_28;docling;markdown;atto_28.md;247;;paragraph;text;Il sottoscritto, VISTI gli atti di ufficio,;;;;;;False
atto_28;docling;markdown;atto_28.md;249;;paragraph;text;ATTESTA;;;;ATTESTA;ATTESTA;False
atto_28;docling;markdown;atto_28.md;251;;paragraph;text;che la presente deliberazione è stata affissa all'Albo pretorio comunale il giorno 07-05-2026 per rimanervi 15 giorni consecutivi.;;;;;;False
atto_28;docling;markdown;atto_28.md;253;;paragraph;text;Dalla residenza comunale, 07-05-2026;;;;;;False
atto_28;docling;markdown;atto_28.md;255;;paragraph;text;IL MESSO COMUNALE F.to Angela Colantoni;;;;;;False
atto_29;docling;markdown;atto_29.md;1;;paragraph;text;;;;;;;True
atto_29;docling;markdown;atto_29.md;3;;heading;heading;COMUNE DI MOMPANTERO;;;;;;False
atto_29;docling;markdown;atto_29.md;5;;paragraph;text;CITTA' METROPOLITANA DI TORINO;;;;;;False
atto_29;docling;markdown;atto_29.md;7;;paragraph;text;\_\_\_\_\_\_\_\_\_\_\_\_\_\_\_;;;;;;False
atto_29;docling;markdown;atto_29.md;9;;heading;heading;VERBALE DI DELIBERAZIONE DELLA GIUNTA COMUNALE;;;;;;False
atto_29;docling;markdown;atto_29.md;11;;paragraph;text;N. 41;;;;;;False
atto_29;docling;markdown;atto_29.md;13;;paragraph;text;"OGGETTO : AGGIORNAMENTO DELLA SOTTOSEZIONE 2.2."" PERFORMANCE"" DEL PIANO INTEGRATO DI ATTIVITÀ E DI ORGANIZZAZIONE (P.I.A.O.) 2026-2028, APPROVATO CON DELIBERA DELLA G.C. N.26 DEL 25.03.2026";;;;;;False
atto_29;docling;markdown;atto_29.md;15;;paragraph;text;L'anno duemilaventisei, addì venticinque, del mese di giugno, alle ore dieci e minuti quindici, regolarmente convocata, si è riunita la Giunta Comunale.;;;;;;False
atto_29;docling;markdown;atto_29.md;17;;paragraph;text;E' presente il Sindaco, Davide Gastaldo, che interviene in videoconferenza con gli assessori della quale sono membri i Signori:;;;;;;False
atto_29;docling;markdown;atto_29.md;19;;table;table;| Cognome e Nome | Cognome e Nome | Presente |;;;;;;True
atto_29;docling;markdown;atto_29.md;20;;table;table;|---------------------------------------|---------------------------------------|------------|;;;;;;True
atto_29;docling;markdown;atto_29.md;21;;table;table;| 1. GASTALDO DAVIDE - Sindaco | 1. GASTALDO DAVIDE - Sindaco | Sì |;;;;;;True
atto_29;docling;markdown;atto_29.md;22;;table;table;| 2. PESANDO MARIA LAURA - Vice Sindaco | 2. PESANDO MARIA LAURA - Vice Sindaco | Sì |;;;;;;True
atto_29;docling;markdown;atto_29.md;23;;table;table;| 3. CHIOLERO LINO - Assessore | 3. CHIOLERO LINO - Assessore | Sì |;;;;;;True
atto_29;docling;markdown;atto_29.md;24;;table;table;| | Totale Presenti: | 3 |;;;;;;True
atto_29;docling;markdown;atto_29.md;25;;table;table;| | Totale Assenti: | 0 |;;;;;;True
atto_29;docling;markdown;atto_29.md;27;;paragraph;text;Presiede la seduta il SINDACO - DAVIDE GASTALDO in videoconferenza.;;;;;;False
atto_29;docling;markdown;atto_29.md;29;;paragraph;text;Il Presidente, RILEVATA la partecipazione di tutti gli Assessori, dichiara validamente costituita l'adunanza con la partecipazione del Segretario dott.ssa Marietta CARCIONE in videoconferenza.;;;;;;False
atto_29;docling;markdown;atto_29.md;31;;paragraph;text;Si dà ATTO che il Vicesindaco PESANDO Maria Laura e l'Assessore CHIOLERO Lino partecipano alla seduta in videoconferenza ai sensi del vigente regolamento.;;;;;;False
atto_29;docling;markdown;atto_29.md;33;;heading;heading;LA GIUNTA COMUNALE;;;;;;False
atto_29;docling;markdown;atto_29.md;35;;paragraph;text;"VISTO il D.L. 9 giugno 2021, n. 80, conv. dalla legge 6 agosto 2021, n. 113, il cui art. 6, primo comma, stabilisce che ' Per assicurare la qualità e la trasparenza dell'attività amministrativa e migliorare la qualità dei servizi ai cittadini e alle imprese e procedere alla costante e progressiva semplificazione e reingegnerizzazione dei processi anche in materia di diritto di accesso, le pubbliche amministrazioni, con esclusione delle scuole di ogni ordine e grado e delle istituzioni educative, di cui all'articolo 1, comma 2, del decreto legislativo 30 marzo 2001, n. 165, con più di cinquanta dipendenti, entro il 31 gennaio di ogni anno adottano il Piano integrato di attività e organizzazione, di seguito denominato Piano, nel rispetto delle vigenti discipline di settore e, in particolare, del decreto legislativo 27 ottobre 2009, n. 150 e della legge 6 novembre 2012, n.190 ';";;;;;VISTO;False
atto_29;docling;markdown;atto_29.md;37;;paragraph;text;"CONSIDERATO che il settimo comma del RICHIAMATO art. 6, stabilisce che ' In caso di mancata adozione del Piano trovano applicazione le sanzioni di cui all'articolo 10, comma 5, del decreto legislativo 27 ottobre 2009, n. 150, ferme restando quelle previste dall'articolo 19, comma 5, lettera b), del decreto-legge 24 giugno 2014, n. 90, convertito, con modificazioni, dalla legge 11 agosto 2014, n. 114 ';";;;;;CONSIDERATO;False
atto_29;docling;markdown;atto_29.md;39;;heading;heading;TENUTO CONTO di quanto STABILITO:;;;;;TENUTO_CONTO;False
atto_29;docling;markdown;atto_29.md;41;;list_item;list_item;a) dal D.P.R. 24 giugno 2022 n.81, con il quale è stato approvato il Regolamento recante individuazione degli adempimenti relativi ai Piani assorbiti dal Piano integrato di attività e organizzazione, il cui art.1, c.1, prevede, per i comuni con più di 50 dipendenti, la soppressione dei seguenti adempimenti, in quanto assorbiti nelle apposite sezioni del Piano integrato di attività e organizzazione (PIAO):;;;;;;False
atto_29;docling;markdown;atto_29.md;42;;list_item;list_item;"1) Piano dei fabbisogni di personale, di cui all'art. 6, commi 1, 4, 6, e art. 6-ter, D.Lgs. 30 marzo 2001, n. 165;";;;;;;False
atto_29;docling;markdown;atto_29.md;43;;list_item;list_item;"2) Piano delle azioni concrete, di cui all'art. 60 bis, c. 2, D.Lgs. 30 marzo 2001, n.165;";;;;;;False
atto_29;docling;markdown;atto_29.md;44;;list_item;list_item;"3) Piano della performance, di cui all'art. 10, c. 1, lett. a) e c. 1-ter, D.Lgs. 27 ottobre 2009, n. 150;";;;;;;False
atto_29;docling;markdown;atto_29.md;45;;list_item;list_item;"4) Piano Triennale per la Prevenzione della Corruzione e della Trasparenza di cui all'art. 1, commi 5, lett. a) e 60, lett. a), legge 6 novembre 2012, n. 190;";;;;;;False
atto_29;docling;markdown;atto_29.md;46;;list_item;list_item;"5) Piano organizzativo del lavoro agile, di cui all'art. 14, c. 1, legge 7 agosto 2015, n. 124;";;;;;;False
atto_29;docling;markdown;atto_29.md;47;;list_item;list_item;"6) Piano di azioni positive, di cui all'art. 48, c. 1, D.Lgs. 11 aprile 2006, n. 198; mentre per le amministrazioni con non più di 50 dipendenti il terzo comma dello stesso articolo, stabilisce che sono TENUTE al rispetto degli adempimenti semplificati come STABILITI da apposito D.M., poi emanato in DATA 30 giugno 2022, di cui alla successiva lett. b), disponendo che per le Amministrazioni TENUTE alla redazione del PIAO, tutti i richiami ai piani sopra elencati - ed ai connessi adempimenti - sono da intendersi riferiti alla corrispondente sezione del PIAO e quindi alla sua approvazione;";;;;;;False
atto_29;docling;markdown;atto_29.md;48;;list_item;list_item;"b) dal D.M. 30 giugno 2022 n.132, con il quale è stato approvato il Regolamento la definizione del contenuto del Piano Integrato di Attività e Organizzazione, nonché le modalità semplificate per l'adozione dello stesso per gli Enti con meno di 50 dipendenti di cui agli artt. 1, c.2, e 6;";;;;;;False
atto_29;docling;markdown;atto_29.md;50;;heading;heading;RILEVATO che:;;;;;RILEVATO;False
atto_29;docling;markdown;atto_29.md;52;;list_item;list_item;"-con deliberazione del 04.12.2025 n.15, il Consiglio Comunale ha approvato il Documento Unico di Programmazione per il triennio 2026-2028;";;;;;;False
atto_29;docling;markdown;atto_29.md;53;;list_item;list_item;"-con deliberazione del 04.12.2025 n.16, il Consiglio Comunale ha approvato il Bilancio di previsione per il triennio 2026-2028;";;;;;;False
atto_29;docling;markdown;atto_29.md;55;;paragraph;text;"RICHIAMATA la deliberazione della G.C. n.26 del 25.03.2026 con la quale è stato approvato il Piano Integrato di Attività e di Organizzazione (PIAO) per triennio 2026-2028;";;;;;RICHIAMATO;False
atto_29;docling;markdown;atto_29.md;57;;paragraph;text;"DATO ATTO che , con decorrenza dal 18.05.2026, è stata INDIVIDUATA una nuova Responsabile dell'Area Tecnica/Manutentiva, titolare di incarico di Elevata Qualificazione, alla quale sono state attribuite le relative funzioni e responsabilità organizzative;";;;;;DATO_ATTO;False
atto_29;docling;markdown;atto_29.md;59;;paragraph;text;PRESO ATTO che sono stati INDIVIDUATI gli obiettivi gestionali da conseguire per l'anno 2026, si rende necessario procedere all'aggiornamento della Sottosezione 2.2 - 'Piano della Performance' del PIAO mediante l'integrazione della scheda di cui all'Allegato A), che costituisce parte integrante e sostanziale del presente provvedimento.;;;;;PRESO_ATTO;False
atto_29;docling;markdown;atto_29.md;61;;paragraph;text;ACQUISITI i pareri favorevoli resi ai sensi ai sensi dell'art. 49, comma 1, del D. Lgs. del 18 agosto 2000 n. 267 e s.m.i. e precisamente:;;;;;ACQUISITI_PARERI;False
atto_29;docling;markdown;atto_29.md;63;;list_item;list_item;"-in ordine alla regolarità tecnica dal responsabile dal Segretario Comunale;";;;;;;False
atto_29;docling;markdown;atto_29.md;64;;list_item;list_item;-in ordine alla regolarità contabile dal responsabile del servizio finanziario;;;;;;False
atto_29;docling;markdown;atto_29.md;66;;heading;heading;VISTO:;;;;;VISTO;False
atto_29;docling;markdown;atto_29.md;68;;list_item;list_item;"-il decreto legislativo 18 agosto 2000, n. 267, recante 'Testo unico delle leggi sull'ordinamento degli enti locali', ed in particolare gli artt. 6, 7 e 38;";;;;;;False
atto_29;docling;markdown;atto_29.md;69;;list_item;list_item;"-Il vigente Regolamento sull'ordinamento generale degli uffici e dei servizi;";;;;;;False
atto_29;docling;markdown;atto_29.md;71;;paragraph;text;Con votazione unanime favorevole espressa in forma palese mediante assenso verbale;;0.0;;;;False
atto_29;docling;markdown;atto_29.md;73;;heading;heading;DELIBERA;;;;DELIBERA;DELIBERA;False
atto_29;docling;markdown;atto_29.md;75;;paragraph;text;1. Di richiamare la PREMESSA narrativa a far parte integrante e sostanziale del presente dispositivo.;;;;;;False
atto_29;docling;markdown;atto_29.md;76;;paragraph;text;2. Di approvare l'aggiornamento al Piano Integrato di Attività e Organizzazione 2026-2028, come da l'allegata scheda A) alla presente deliberazione per farne parte integrante e sostanziale, con cui sono stati INDIVIDUATI gli obiettivi gestionali 2026 assegnati al Funzionario con incarico di posizione di Elevata Qualificazione per l'Area Tecnica/Manutentiva.;;;;;;False
atto_29;docling;markdown;atto_29.md;77;;paragraph;text;3. Di dichiarare la presente deliberazione immediatamente eseguibile ai sensi di legge con una seconda distinta votazione unanime favorevole espressa in forma palese mediante assenso verbale.;;;;;;False
atto_29;docling;markdown;atto_29.md;79;;paragraph;text;LETTO, confermato e sottoscritto.;;;;;LETTO;True
atto_29;docling;markdown;atto_29.md;81;;paragraph;text;IL PRESIDENTE;;;;;;False
atto_29;docling;markdown;atto_29.md;83;;paragraph;text;Firmato digitalmente;;;;;;False
atto_29;docling;markdown;atto_29.md;85;;paragraph;text;F.to : GASTALDO DAVIDE;;;;;;False
atto_29;docling;markdown;atto_29.md;87;;paragraph;text;IL SEGRETARIO COMUNALE Firmato digitalmente;;;;;;False
atto_29;docling;markdown;atto_29.md;89;;paragraph;text;F.to : Dr.ssa Marietta CARCIONE;;;;;;False
atto_29;docling;markdown;atto_29.md;91;;paragraph;text;Copia conforme all'originale firmato digitalmente, per gli usi consentiti dalla Legge. lì, 29/06/2026 IL SEGRETARIO COMUNALEDr.ssa Marietta;;;;;;False
atto_29;docling;markdown;atto_29.md;93;;paragraph;text;CARCIONE;;;;;;False
atto_3;docling;markdown;atto_3.md;1;;paragraph;text;;;;;;;True
atto_3;docling;markdown;atto_3.md;3;;heading;heading;DELIBERAZIONE DELLA GIUNTA COMUNALE;;;;;;False
atto_3;docling;markdown;atto_3.md;5;;table;table;| N. 51 | OGGETTO: Centro estivo Comune di Bitti. Anno 2026. ATTO di indirizzo per l'attivazione. |;;;;;;True
atto_3;docling;markdown;atto_3.md;6;;table;table;|---------|-------------------------------------------------------------------------------------------|;;;;;;True
atto_3;docling;markdown;atto_3.md;8;;paragraph;text;L'anno duemilaventisei, addì 04 del mese di Giugno alle ore 20:00 nella sala delle adunanze del Comune suddetto, convocata regolarmente la Giunta Municipale, si è la medesima riunita nelle persone seguenti:;;;;;;False
atto_3;docling;markdown;atto_3.md;10;;table;table;| Giuseppe CICCOLINI, Sindaco | presente | Video | Partecipa con funzioni consultive referenti e di assistenza e ne cura la relativa verbalizzazione il Segretario Comunale Dott. Zanzarella Vincenzo |;;;;;;True
atto_3;docling;markdown;atto_3.md;11;;table;table;|---------------------------------------|------------|---------|------------------------------------------------------------------------------------------------------------------------------------------------------|;;;;;;True
atto_3;docling;markdown;atto_3.md;12;;table;table;| Giuseppe PALA, Assessore | presente | Video | Partecipa con funzioni consultive referenti e di assistenza e ne cura la relativa verbalizzazione il Segretario Comunale Dott. Zanzarella Vincenzo |;;;;;;True
atto_3;docling;markdown;atto_3.md;13;;table;table;| Christian FARINA, Assessore | presente | Video | Partecipa con funzioni consultive referenti e di assistenza e ne cura la relativa verbalizzazione il Segretario Comunale Dott. Zanzarella Vincenzo |;;;;;;True
atto_3;docling;markdown;atto_3.md;14;;table;table;| Giovanna Giuseppina MAMELI, Assessora | presente | Video | Partecipa con funzioni consultive referenti e di assistenza e ne cura la relativa verbalizzazione il Segretario Comunale Dott. Zanzarella Vincenzo |;;;;;;True
atto_3;docling;markdown;atto_3.md;15;;table;table;| Pietro SANNA, Assessore | presente | Video | Partecipa con funzioni consultive referenti e di assistenza e ne cura la relativa verbalizzazione il Segretario Comunale Dott. Zanzarella Vincenzo |;;;;;;True
atto_3;docling;markdown;atto_3.md;17;;paragraph;text;"La verifica della regolarità della seduta, svolta secondo le modalità STABILITE nel decreto n. 2 del 05/05/2020, in base alla previsione dell'art. 73, del D.L: 17 marzo 2020, n. 18, è stata operata dal Segretario Comunale Dott. Zanzarella Vincenzo Presiede il Sig. Giuseppe Ciccolini nella sua qualità di Sindaco;";;;;;;False
atto_3;docling;markdown;atto_3.md;19;;paragraph;text;Partecipa con funzioni consultive referenti e di assistenza e ne cura la relativa verbalizzazione il Segretario Comunale Dott. Zanzarella Vincenzo. Il Sindaco, constatato il numero legale degli intervenuti, dichiara aperta la riunione e li invita a DELIBERARE sull'oggetto sopraindicato.;;;;;;False
atto_3;docling;markdown;atto_3.md;21;;heading;heading;LA GIUNTA COMUNALE;;;;;;False
atto_3;docling;markdown;atto_3.md;23;;paragraph;text;ACQUISITI i pareri di cui all'articolo 49 del T.U. 267/00:;;;;;ACQUISITI_PARERI;False
atto_3;docling;markdown;atto_3.md;25;;table;table;| 1 | Si esprime parere favorevole sotto il profilo tecnico-amministrativo. |;;;;;;True
atto_3;docling;markdown;atto_3.md;26;;table;table;|-----|-------------------------------------------------------------------------|;;;;;;True
atto_3;docling;markdown;atto_3.md;27;;table;table;| | IL RESPONSABILE DEL SERVIZIO (Dott.ssa Lucia A. Palmas ) |;;;;;;True
atto_3;docling;markdown;atto_3.md;29;;paragraph;text;(Dott.ssa Lucia A. Palmas );;;;;;False
atto_3;docling;markdown;atto_3.md;31;;table;table;| 2 | Si esprime parere favorevole sulla regolarità contabile attestante la copertura finanziaria. |;;;;;;True
atto_3;docling;markdown;atto_3.md;32;;table;table;|-----|------------------------------------------------------------------------------------------------|;;;;;;True
atto_3;docling;markdown;atto_3.md;33;;table;table;| | IL RESPONSABILE DEL SERVIZIO (Dott.ssa Debora Cosseddu) |;;;;;;True
atto_3;docling;markdown;atto_3.md;35;;paragraph;text;Il presente verbale viene approvato e sottoscritto come segue:;;;;;;False
atto_3;docling;markdown;atto_3.md;37;;paragraph;text;Il Sindaco (Sig. Giuseppe Ciccolini);;;;;;False
atto_3;docling;markdown;atto_3.md;39;;paragraph;text;Il Segretario Comunale (Dott. Zanzarella Vincenzo);;;;;;False
atto_3;docling;markdown;atto_3.md;41;;paragraph;text;Il sottoscritto Segretario comunale, VISTI gli atti d'ufficio,;;;;;;False
atto_3;docling;markdown;atto_3.md;43;;paragraph;text;ATTESTA;;;;ATTESTA;ATTESTA;False
atto_3;docling;markdown;atto_3.md;45;;paragraph;text;che la presente deliberazione:;;;;;;False
atto_3;docling;markdown;atto_3.md;47;;list_item;list_item; È stata affissa all'Albo Pretorio Comunale per quindici giorni consecutivi, dal 05/06/2026 al 20/06/2026 ai sensi dell'art.;;;;;;False
atto_3;docling;markdown;atto_3.md;49;;paragraph;text;"124, comma 1, D.Lgs. 267/2000 senza reclami;";;;;;;False
atto_3;docling;markdown;atto_3.md;51;;list_item;list_item;[x]  È diventata esecutiva il giorno 04/06/2026;;;;;;False
atto_3;docling;markdown;atto_3.md;53;;list_item;list_item;"[ ]  Perché dichiarata immediatamente eseguibile (art 134, comma 4, D.Lgs. 267/2000);";;;;;;False
atto_3;docling;markdown;atto_3.md;55;;list_item;list_item;"[ ]  Perché decorsi 10 giorni dalla pubblicazione (art. 134, comma 3, D. Lgs. 267/2000);";;;;;;False
atto_3;docling;markdown;atto_3.md;57;;paragraph;text;Dalla residenza comunale, lì 05/06/2026;;;;;;False
atto_3;docling;markdown;atto_3.md;59;;paragraph;text;Il Segretario Comunale (Dott. Dott. Zanzarella Vincenzo);;;;;;False
atto_3;docling;markdown;atto_3.md;61;;paragraph;text;Oggetto: Centro estivo Comune di Bitti. Anno 2026. ATTO di indirizzo per l'attivazione.;;;;;;False
atto_3;docling;markdown;atto_3.md;63;;heading;heading;LA GIUNTA MUNICIPALE;;;;;;False
atto_3;docling;markdown;atto_3.md;65;;paragraph;text;"VISTA la Deliberazione CC n. 3 del 13/03/2026 di approvazione del documento unico di programmazione (DUP) -periodo 2026-2028 discussione e conseguente deliberazione (art. 170, comma 1, del d.lgs. n. 267/2000);";;;;;VISTO;False
atto_3;docling;markdown;atto_3.md;67;;paragraph;text;"VISTA la Deliberazione del Consiglio Comunale N. 4 DEL 13/03/2026 avente per oggetto APPROVAZIONE DEL BILANCIO DI PREVISIONE FINANZIARIO 2026-2028 (ART. 151 DEL D.LGS. N. 267/2000 E ART. 10, D.LGS. N. 118/2011);";;;;;VISTO;False
atto_3;docling;markdown;atto_3.md;69;;paragraph;text;"VISTO il decreto legislativo 23/6/2011 n. 118, emanato in attuazione degli art. 1 e 2 della legge 5 maggio 2009 n. 42 recante 'Disposizioni in materia di armonizzazione dei sistemi contabili e degli schemi di bilancio delle regioni, degli enti locali e dei loro organismi';";;;;;VISTO;False
atto_3;docling;markdown;atto_3.md;71;;paragraph;text;"VISTO il decreto legislativo 18 agosto 2000, n. 267, come modificato e integrato dal D.Lgs. 10 agosto 2014, n. 126, dalla L. 23 dicembre 2014, n. 190 e dal D.L. 19 giugno 2015, n. 78, convertito, con modificazioni, dalla L. 6 agosto 2015, n. 125 e in particolare gli artt. 107, 163, 183, 185 e 191;";;;;;VISTO;False
atto_3;docling;markdown;atto_3.md;73;;paragraph;text;"PREMESSO che per l' Amministrazione Comunale riveste fondamentale importanza la promozione e valorizzazione della socialità, nelle sue varie manifestazioni, anche quali momenti di arricchimento e svago rivolti sia agli adulti che ai minori;";;;;;PREMESSO;False
atto_3;docling;markdown;atto_3.md;75;;paragraph;text;"DATO ATTO che le attività estive per bambini e ragazzi rappresentano una soluzione sempre più utilizzata dalle famiglie e nei centri estivi i bambini si ritrovano a spendersi in contesti diversi di gioco, di movimento, di relazione e scambio tra il gruppo dei pari;";;;;;DATO_ATTO;False
atto_3;docling;markdown;atto_3.md;77;;paragraph;text;VISTA la legge 30 dicembre 2025, n. 199, che prevede, all'articolo 1, comma 222, che, al fine di sostenere le famiglie e facilitare la conciliazione fra vita privata e lavoro, nello stato di previsione del Ministero dell'economia e delle finanze, per il successivo trasferimento al bilancio autonomo della Presidenza del Consiglio dei ministri -Dipartimento per le Politiche della famiglia, è istituito un Fondo per le attività socio-educative a favore dei minori, con una dotazione pari a 60 milioni di euro annui a decorrere dall'anno 2026, destinato al finanziamento di iniziative dei comuni, da attuare anche in collaborazione con enti pubblici e privati, finalizzate al potenziamento dei centri estivi, dei servizi socioeducativi territoriali e dei centri con funzione educativa e ricreativa che svolgono attività a favore dei minori.;;;;;VISTO;False
atto_3;docling;markdown;atto_3.md;79;;paragraph;text;CHE il Comune di Bitti entro la DATA di scadenza ha trasmesso la propria manifestazione di interesse per usufruire del Fondo per le attività socioeducative a favore dei minori per l'anno 2026, come risultante l'elenco provvisorio dei comuni che hanno manifestato l'interesse al finanziamento per le attività socioeducative per l'anno 2026;;;;;;False
atto_3;docling;markdown;atto_3.md;81;;paragraph;text;"VISTA la Legge Regionale 12 marzo 2026, n. 7, che reca disposizioni per il sostegno alla fruizione dei centri estivi, ne riconosce il valore educativo, sociale e di supporto alla conciliazione dei tempi di vita e di lavoro, promuovendo e sostenendo la partecipazione dei minori residenti in Sardegna, nel periodo di sospensione delle attività scolastiche, alle attività svolte in tali contesti e qualifica 'centri estivi' le strutture nelle quali si organizzano attività diurne di natur a ludico-ricreativa ed educativa rivolte a minori di età compresa tra i 3 e i 17 anni;";;;;;VISTO;False
atto_3;docling;markdown;atto_3.md;83;;paragraph;text;"RICHIAMATA la determinazione n. 288 del 13.05.2026 avente per oggetto : 'Legge regionale 12 marzo 2026, n. 7 (Disposizioni per il sostegno alla fruizione dei centri estivi), articoli 2 e 4 e Deliberazione della Giunta Regionale n. 18/39 del 22.04.2026: Primo programma sperimentale di finanziamento'. Approvazione avviso e modulistica annualità 2026.' . Approvazione Avviso pubblico e relativa modulistica. Apertura Termini presentazione domande;";;;;;RICHIAMATO;False
atto_3;docling;markdown;atto_3.md;85;;paragraph;text;"CHE entro la DATA del 20 maggio 2026 n. 22 famiglie hanno manifestato il proprio interessate alla frequenza di centri estivi da parte dei propri figli;";;;;;;False
atto_3;docling;markdown;atto_3.md;87;;paragraph;text;"CHE si intende attivare questo importante servizio a favore di minori di età compresa tra i 4 (nati anno 2022) e i 9 anni (nati anno 2017) a partire dal 15 giugno e fino alla DATA del 8 agosto 2026 dando la possibilità di partecipazione anche ai minori che nel periodo estivo trascorrono le proprie vacanze nel nostro paese;";;;;;;False
atto_3;docling;markdown;atto_3.md;89;;paragraph;text;"CHE si rende necessario inoltre stabilire la quota di partecipazione al centro estivo fissato per tutto il periodo in € 150,00 quale contribuzione utenza e rimborsabile sottoforma di voucher in base alle disponibilità delle somme che la Regione Sardegna garantirà per il sostegno e concesse ai sensi della Legge Regionale 12 marzo 2026, n. 7 e secondo i criteri STABILITI dalla stessa;";;;;;;False
atto_3;docling;markdown;atto_3.md;91;;paragraph;text;"RITENUTO di demandare agli Uffici la gestione dell'iter amministrativo correlato;";;;;;RITENUTO;False
atto_3;docling;markdown;atto_3.md;93;;paragraph;text;"Tutto ciò PREMESSO e CONSIDERATO;";;;;;;False
atto_3;docling;markdown;atto_3.md;95;;paragraph;text;Con votazione unanime espressa nelle forme di legge;;0.0;;;;False
atto_3;docling;markdown;atto_3.md;97;;heading;heading;DELIBERA;;;;DELIBERA;DELIBERA;False
atto_3;docling;markdown;atto_3.md;99;;paragraph;text;"DI ATTIVARE il centro estivo a favore di minori di età compresa tra i 4 (nati anno 2022) e i 9 anni (nati anno 2017) a partire dal 15 giugno e fino alla DATA del 8 agosto 2026 dando la possibilità di partecipazione anche ai minori che nel periodo estivo trascorrono le proprie vacanze nel nostro paese;";;;;;;False
atto_3;docling;markdown;atto_3.md;101;;paragraph;text;"DI STABILIRE la quota di partecipazione al centro estivo è fissata per tutto i l periodo in € 150,00 quale contribuzione utenza e rimborsabile sottoforma di voucher in base alle disponibilità delle somme che la Regione Sardegna garantirà per il sostegno per questa misura e concesse ai sensi della Legge Regionale 12 marzo 2026, n. 7 e secondo i criteri STABILITI dalla stessa;";;;;;;False
atto_3;docling;markdown;atto_3.md;103;;paragraph;text;"DI DARE ATTO che eventuali attività aggiuntive o extra possono richiedere una contribuzione aggiuntiva a carico degli utenti;";;;;;;False
atto_3;docling;markdown;atto_3.md;105;;paragraph;text;"DI DARE MANDATO agli Uffici per l'iter istruttorio;";;;;;;False
atto_3;docling;markdown;atto_3.md;107;;paragraph;text;DI DICHIARARE la presente deliberazione, con separata ed unanime votazione, immediatamente esecutiva, ai sensi dell'art. 134, comma 4, del d.lgs.267/2000.;;;;;;False
atto_31;docling;markdown;atto_31.md;1;;paragraph;text;;;;;;;True
atto_31;docling;markdown;atto_31.md;3;;heading;heading;Città di Trani;;;;;;False
atto_31;docling;markdown;atto_31.md;5;;paragraph;text;Medaglia d'Argento al Merito Civile Provincia Barletta Andria Trani;;;;;;False
atto_31;docling;markdown;atto_31.md;7;;heading;heading;Originale Deliberazione di Giunta Comunale;;;;;;False
atto_31;docling;markdown;atto_31.md;9;;table;table;| N. 57 DEL REG. | Oggetto: MODIFICA DEI VALORI MINIMI DI STIMA UNITARI DELLE AREE EDIFICABILI AI FINI DELL'IMPOSTA IMU ANNO DI IMPOSTA 2021. |;;;;;;True
atto_31;docling;markdown;atto_31.md;10;;table;table;|------------------|------------------------------------------------------------------------------------------------------------------------------|;;;;;;True
atto_31;docling;markdown;atto_31.md;11;;table;table;| DATA 20/05/2021 | |;;;;;;True
atto_31;docling;markdown;atto_31.md;13;;paragraph;text;L'anno duemilaventuno il giorno venti del mese di Maggio alle ore 16.30 nella sala delle adunanze del Comune di Trani, appositamente convocata, la Giunta Comunale si è riunita nelle persone dei Signori:;;;;;;False
atto_31;docling;markdown;atto_31.md;15;;table;table;| | Presente | Assente |;;;;;;True
atto_31;docling;markdown;atto_31.md;16;;table;table;|----------------------------|------------|-----------|;;;;;;True
atto_31;docling;markdown;atto_31.md;17;;table;table;| Avv. Amedeo Bottaro | X | |;;;;;;True
atto_31;docling;markdown;atto_31.md;18;;table;table;| FERRANTE Fabrizio | X | |;;;;;;True
atto_31;docling;markdown;atto_31.md;19;;table;table;| LAURORA Carlo | X | |;;;;;;True
atto_31;docling;markdown;atto_31.md;20;;table;table;| CERVINO Alessandro | X | |;;;;;;True
atto_31;docling;markdown;atto_31.md;21;;table;table;| NENNA Marina | X | |;;;;;;True
atto_31;docling;markdown;atto_31.md;22;;table;table;| RONDINONE Alessandra | X | |;;;;;;True
atto_31;docling;markdown;atto_31.md;23;;table;table;| MERRARaffaella | X | |;;;;;;True
atto_31;docling;markdown;atto_31.md;24;;table;table;| MARTELLO Eugenio Benedetto | X | |;;;;;;True
atto_31;docling;markdown;atto_31.md;25;;table;table;| ZITOLI Francesca | | X |;;;;;;True
atto_31;docling;markdown;atto_31.md;26;;table;table;| LIGNOLA Luca | X | |;;;;;;True
atto_31;docling;markdown;atto_31.md;28;;heading;heading;Con l'assistenza del Segretario Generale Dott. Francesco Angelo Lazzaro;;;;;;False
atto_31;docling;markdown;atto_31.md;30;;paragraph;text;Il Presidente, constatato che gli intervenuti sono in numero legale, essendo presenti n. 9 Assessori, ed assenti n. 1 convocati a DELIBERARE sull'oggetto sopraindicato.;;;;;;False
atto_31;docling;markdown;atto_31.md;32;;heading;heading;LA GIUNTA COMUNALE;;;;;;False
atto_31;docling;markdown;atto_31.md;34;;paragraph;text;ACQUISITA la proposta di deliberazione PREDISPOSTA dal Dirigente proponente, all'esito dell'istruttoria dallo stesso condotta, con il supporto delle articolazioni amministrative di riferimento e previa verifica della regolarità tecnico-amministrativa, ai sensi dell'art.147 bis, comma1, t.u. 267/00 come da parere reso ai sensi dell'art.49, t.u. 267/00 e PRESO ATTO dei fatti e delle circostanze, nonché dei contenuti dei riferimenti documentali, come dal Dirigente stesso rappresentati.;;;;;ACQUISITO;False
atto_31;docling;markdown;atto_31.md;36;;paragraph;text;VISTA la Legge 27 dicembre 2019, n. 160 (Legge di Bilancio 2020) art. 1 commi da 738 a 783.;;;;;VISTO;False
atto_31;docling;markdown;atto_31.md;38;;paragraph;text;VISTE , altresì, tutte le disposizioni del D.Lgs. n. 504/1992, dell'art. 1, commi 161-169, della L. n. 296/2006, direttamente o indirettamente RICHIAMATE dalla L. n. 160/2019.;;;;;VISTO;False
atto_31;docling;markdown;atto_31.md;40;;paragraph;text;VISTA la Deliberazione di Giunta Comunale n. 88 dell'08/06/2010 avente il seguente oggetto 'Approvazione valori di stima delle aree edificabili ai fini del versamento dell'imposta comunale sugli immobili per l'anno 2010' nonché la Deliberazione di Giunta Comunale n. 98 del 24.06.2010, avente per oggetto 'Modifica parziale della deliberazione di G.M. n. 88/2010 Riapprovazione relazione, con i relativi allegati, nonché Tabella Valori aree edificabili del Comune di Trani ai fini dell'imposta ICI anno 2010' .;;;;;VISTO;False
atto_31;docling;markdown;atto_31.md;42;;paragraph;text;VISTE le Deliberazioni di conferma dei valori di cui alla 'Tabella Valori aree edificabili del Comune di Trani ai fini dell'imposta ICI anno 2010' approvate dalla Giunta Comunale per ogni anno di imposta ICI/ IMU a partire dal 2011 al 2020.;;;;;VISTO;False
atto_31;docling;markdown;atto_31.md;44;;paragraph;text;VISTA la Deliberazione di Consiglio Comunale n. 55 del 26.04.2019 avente il seguente oggetto: 'Mozione ai sensi dell'art. 25 comma 6° e 7° del Regolamento Consiglio Comunale indirizzo per modifica e revisione valori di stima unitari delle aree fabbricabili siti nel Comune di Trani ai fini dell'imposta IMU'.;;;;;VISTO;False
atto_31;docling;markdown;atto_31.md;46;;paragraph;text;VISTA la Deliberazione di Giunta Comunale n. 98 del 20.06.2019 avente il seguente oggetto: 'ATTO di indirizzo per modifica valori minimi di stima unitari delle aree edificabili ai fini dell'imposta IMU' con la quale veniva DATO incarico al Dirigente dell'Area Urbanistica di predisporre una relazione di stima dei valori unitari minimi delle aree edificabili, adeguati agli attuali valori di mercato, anche attraverso la costituzione di un tavolo tecnico con la partecipazione del Dirigente dell'Area Finanziaria e dei rappresentanti degli Ordini Professionali, per eventuali valutazioni e proposte in quanto operanti sul territorio e, quindi, a conoscenza delle problematiche economiche e sociali nonché della attuale situazione del mercato immobiliare e del lavoro.;;;;;VISTO;False
atto_31;docling;markdown;atto_31.md;48;;paragraph;text;PRESO ATTO che in DATA 29.05.2019 l'arch. Francesco Gianferrini Dirigente dell'Area IV Urbanistica Demanio Ambiente ha inviato agli Ordini Professionali un invito per la partecipazione al Tavolo tecnico per affrontare le problematiche relative all'IMU aree edificabili.;;;;;PRESO_ATTO;False
atto_31;docling;markdown;atto_31.md;50;;heading;heading;CONSIDERATO che:;;;;;CONSIDERATO;False
atto_31;docling;markdown;atto_31.md;52;;list_item;list_item;-in DATA 03.06.2019, l'Assessore al Bilancio del Comune di Trani dott. Luca Lignola ricevute le comunicazioni dagli Ordini Professionali interpellate ha avviato i lavori del Tavolo Tecnico composto da:;;;;;;False
atto_31;docling;markdown;atto_31.md;53;;list_item;list_item;o arch. Francesco Gianferrini, Dirigente Area IV Urbanistica, Demanio e Ambiente del Comune di Trani,;;;;;;False
atto_31;docling;markdown;atto_31.md;54;;list_item;list_item;"o ing. Giorgio Gramegna delegato dell'Ordine degli Ingegneri della Provincia BAT;";;;;;;False
atto_31;docling;markdown;atto_31.md;55;;list_item;list_item;"o ing. Alessandro Cervino delegato dell'Ordine degli Ingegneri della Provincia BAT;";;;;;;False
atto_31;docling;markdown;atto_31.md;56;;list_item;list_item;"o arch. Giovanni Forlano delegato dell'Ordine degli Architetti PPC della Provincia BAT;";;;;;;False
atto_31;docling;markdown;atto_31.md;57;;list_item;list_item;"o geom. Domenico Ferrante, delegato dell'Ordine dei Geometri della Provincia BAT;";;;;;;False
atto_31;docling;markdown;atto_31.md;58;;list_item;list_item;"o dott. Emanuele Cozzoli, delegato dell'Ordine dei Commercialisti della Provincia BAT;";;;;;;False
atto_31;docling;markdown;atto_31.md;59;;list_item;list_item;-il Tavolo Tecnico in DATA 29.06.2020, al termine di una fase di studio e confronto, ha redatto una relazione 'per la determinazione di aliquote di riduzione dei valori unitari imponibili per la determinazione dell'imposta sugli immobili IMU' che è parte integrante e sostanziale del presente provvedimento (All. A ), sottoscritta in DATA in DATA 8 gennaio 2021 e trasmessa con pec in pari DATA al Dirigente della 2 a Area Economica Finanziaria e all'Assessore al ramo.;;;;;;False
atto_31;docling;markdown;atto_31.md;61;;paragraph;text;CONSIDERATO altresì che i valori delle aree edificabili dal 2010 ad oggi non sono stati oggetto di revisione e non hanno subito alcuna variazione e/o modificazione.;;;;;CONSIDERATO;False
atto_31;docling;markdown;atto_31.md;63;;paragraph;text;ANALIZZATA , pertanto, la relazione illustrativa redatta dai membri del Tavolo Tecnico sottoscritta in DATA 08.01.2021 e riportata in allegato A alla presente, che dopo un'analisi del territorio urbano e dello strumento urbanistico vigente (PUG 2009) ha proposto alcuni criteri di determinazione dei valori delle aree edificabili, aggiuntivi a quelli attualmente in vigore, al fine di ricondurre i valori delle stesse ad una maggiore aderenza alla reale capacità edificatoria.;;;;;ANALIZZATO;False
atto_31;docling;markdown;atto_31.md;65;;paragraph;text;I suddetti criteri, elencati in allegato 1 alla Relazione, sono di seguito riportati:;;;;;;False
atto_31;docling;markdown;atto_31.md;67;;heading;heading;<<Criterio 1 - Minore dotazione di standard e urbanizzazioni primarie;;;;;;False
atto_31;docling;markdown;atto_31.md;69;;paragraph;text;Si sono INDIVIDUATE quattro fasce di territorio parallele alla costa ciascuna con una aliquota di riduzione crescente man mano che ci si allontana dalla stessa. I confini delle suddette fasce territoriali sono INDIVIDUATI dalla rete ferroviaria, la SS.16 bis, Via Duchessa d'Andria - Via I Capirro e le SP 13 e 168 applicando una aliquota di riduzione da 0 al 25%, in funzione della fascia di appartenenza (si veda allegato 1).;;;;;;False
atto_31;docling;markdown;atto_31.md;71;;paragraph;text;Inoltre, si è inviduata una quinta porzione di territorio denominata 'Periferie del PUG' che ricomprende al suo interno le microzone C2a, C2b, C4, C11, D3b e l'area ovest del Carcere;;;;;;False
atto_31;docling;markdown;atto_31.md;73;;paragraph;text;(Maglie D1e -5 -6- 7-8, Ds.ad/9-10-11-14-15, D1/20). Per questa porzione di territorio si propone una aliquota di riduzione del 30%.;;;;;;False
atto_31;docling;markdown;atto_31.md;75;;paragraph;text;Infine, si propone una riduzione specifica pari al 35% per le zone ZRT e AS.;;;;;;False
atto_31;docling;markdown;atto_31.md;77;;heading;heading;Criterio 2 - Dimensioni del comparto con obbligo di PUE;;;;;;False
atto_31;docling;markdown;atto_31.md;79;;paragraph;text;Si propone una aliquota di riduzione variabile dallo 0% al 35% in funzione della superficie del comparto.;;;0.0;;;False
atto_31;docling;markdown;atto_31.md;81;;paragraph;text;"... da XXS a XXL ; si applica la riduzione in relazione all'ampiezza della maglia (vedi allegato I relazione).";;;;;;False
atto_31;docling;markdown;atto_31.md;83;;heading;heading;Criterio 3 - Presenza di Vincolo Idrogeologico PAI - ADB;;;;;;False
atto_31;docling;markdown;atto_31.md;85;;paragraph;text;Sono stati INDIVIDUATI i Comparti su cui grava la presenza di un vincolo idrogeologico PAI (Cp/2, Cp/4, Cp/6, Cp7, Cp11 e Cp/43) e per ciascuno di essi è stata calcolata l'incidenza della superficie interessata dal vincolo rispetto a quella complessiva del comparto. In funzione di tale incidenza (con un coefficiente moltiplicativo pari a 0,5 e arrotondando il valore all'intero) si sono attribuite le relative aliquote di riduzione che variano dal 10% al 29% per i suoli facenti parte di comparti interessati da detti vincoli.;;;;;;False
atto_31;docling;markdown;atto_31.md;87;;paragraph;text;Per i suoli ad intervento diretto e quindi non ricompresi all'interno dei Comparti di cui sopra, l'aliquota di riduzione sarà calcolata in funzione dell'incidenza della superficie interessata dal vincolo rispetto a quella complessiva del suolo in questione. In funzione di tale incidenza (con un coefficiente moltiplicativo 0,5 e arrotondando il valore all'intero) il contribuente potrà calcolare la relativa aliquota di riduzione spettante.;;;;;;False
atto_31;docling;markdown;atto_31.md;89;;heading;heading;Criterio 4 - Presenza di ulteriori vincoli diversi da quello idrogeologico;;;;;;False
atto_31;docling;markdown;atto_31.md;91;;paragraph;text;Analogamente a quanto esposto al criterio precedente per tutti i suoli compresi all'interno di Comparti edificatori sui quali Comparti grava un qualsivoglia vincolo di inedificabilità parziale o assoluta (ad esempio Art. 142 Codice dei Beni Culturali e del Paesaggio - Territori Costieri entro i 300 m, fasce di rispetto da vincoli puntuali, fasce di rispetto stradale e ferroviarie, fascia di rispetto cimiteriale, cave con profondità maggiore o uguale a 5m dalla viabilità più vicina...) si propone una aliquota di riduzione calcolata in funzione dell'incidenza della superficie interessata dal vincolo rispetto a quella complessiva del comparto. In funzione di tale incidenza (con un coefficiente moltiplicativo 0,5 e arrotondando il valore all'intero) il contribuente potrà calcolare la relativa aliquota di riduzione spettante.;;;;;;False
atto_31;docling;markdown;atto_31.md;93;;paragraph;text;Si propone, infine, che tale riduzione venga applicata anche per i suoli non ricompresi all'interno di Comparti edificatori, con la differenza che in tal caso l'aliquota di riduzione sia calcolata in funzione dell'incidenza della superficie interessata dal vincolo rispetto a quella complessiva del suolo in questione. In funzione di tale incidenza (con un coefficiente moltiplicativo 0,5 e arrotondando il valore all'intero) il contribuente potrà calcolare la relativa aliquota di riduzione spettante.;;;0.0;;;False
atto_31;docling;markdown;atto_31.md;95;;paragraph;text;Tali riduzioni si intendono come aggiuntive rispetto a quelle già previste dall'Ing. dell'Oglio, che sono attualmente in uso. Per non gravare oltremodo sugli equilibri del bilancio comunale, il Tavolo Tecnico ha convenuto sull'opportunità di prevedere comunque una aliquota massima di riduzione pari al 50%, da applicarsi in presenza di una sommatoria più elevata delle singole aliquote godibili. L'applicabilità della riduzione dovrà essere certificata da tecnico abilitato che asseveri la rispondenza ai criteri di cui sopra.>>;;;;;;False
atto_31;docling;markdown;atto_31.md;97;;paragraph;text;PRESO ATTO della persistente crisi economica, amplificata dalla pandemia iniziata nei primi mesi del 2020 a causa del virus Covid 19, attualmente ancora in ATTO, che ha pesantemente influito sulla situazione economica e occupazionale del territorio, con la perdita di numerosi posti di lavoro e chiusura di diverse attività imprenditoriali.;;;;;PRESO_ATTO;False
atto_31;docling;markdown;atto_31.md;99;;paragraph;text;CONSIDERATO che ai sensi dell'art. 8, comma 2, del vigente Regolamento di disciplina dell'IMU, approvato con Deliberazione di Consiglio Comunale nr. 68 del 10.9.2020, al solo fine di semplificare gli adempimenti a carico del contribuente e per orientare l'attività di controllo degli uffici, la Giunta Comunale approva, periodicamente e per zone omogenee, i valori di riferimento delle aree edificabili site nel territorio comunale.;;;;;CONSIDERATO;False
atto_31;docling;markdown;atto_31.md;101;;paragraph;text;ESAMINATA la relazione PREDISPOSTA dal Tavolo Tecnico, si ritengono applicabili le riduzioni previste dal:;;;;;ESAMINATO;False
atto_31;docling;markdown;atto_31.md;103;;list_item;list_item;Criterio n. 1 - Minore dotazione di standard e urbanizzazione primaria , in base al quale sono state INDIVIDUATE quattro fasce così come determinate nell'allegato II alla Relazione, ma nella FASCIA 4 è stata ricompresa anche l'area ricadente nel PUG in zona AL - microzona C/10 del foglio 75, con aliquota di riduzione che varia da 0% a 25%.;;;;;;False
atto_31;docling;markdown;atto_31.md;105;;paragraph;text;Si propone inoltre di applicare la riduzione del 25%, non solo per l'area ovest del Carcere (Maglie D1e -5 -6- 7-8, Ds.ad/9-10-11-14-15, D1/20), ma per tutte le aree ricadenti nel vigente PUG in zona D - Produttiva, definendola 'Zona Produttiva', a prescindere dalla fascia di appartenenza e precisando che, le riduzioni all'interno dello stesso criterio non sono cumulabili tra loro.;;;0.0;;;False
atto_31;docling;markdown;atto_31.md;107;;paragraph;text;La zona definita 'Periferie del PUG' sarà costituita dalle aree ricadenti nelle microzone C2a, C2b e C4, a cui potrà essere applicata una riduzione del 30%.;;;;;;False
atto_31;docling;markdown;atto_31.md;109;;paragraph;text;Le aree ricadenti in zona AS e ZRT ricadendo nelle FASCE 3 e 4, alle quali spetta una riduzione che varia dal 20% al 25%, considerando che nella 'Tabella Unica dei valori delle aree fabbricabili al 01/01/2010' dette aree scontano già una riduzione del 35%, in quanto soggette a PUE, sommando le due riduzioni si raggiunge la riduzione massima applicabile del 50%.;;;;;;False
atto_31;docling;markdown;atto_31.md;111;;paragraph;text;Si evidenzia in merito che, rispetto alla proposta ricevuta dal Tavolo Tecnico, sono state ampliate le fasce di riduzione, attuando un criterio uniforme per i terreni ricadenti in area D produttiva, evitando una sperequazione di riduzione per aree aventi la stessa destinazione urbanistica.;;;;;;False
atto_31;docling;markdown;atto_31.md;113;;paragraph;text;Le singole riduzioni previste all'interno del Criterio n. 1 non sono cumulabili tra loro, resta salva la cumulabilità con le riduzioni già vigenti e quelle del Criterio n. 2, sempre nel limite massimo complessivo del 50%.;;;;;;False
atto_31;docling;markdown;atto_31.md;115;;list_item;list_item;Criterio n. 2 - Dimensioni Comparto con obbligo di PUE -, si applicano le riduzioni così come specificato nell'Allegato I alla Relazione Tecnica.;;;;;;False
atto_31;docling;markdown;atto_31.md;116;;list_item;list_item;Criteri n. 3 e 4.;;;;;;False
atto_31;docling;markdown;atto_31.md;118;;paragraph;text;Diversamente, non si ritengono applicabili i criteri indicati ai punti 3 e 4 della Relazione Tecnica, in quanto il meccanismo di riduzione, non solo rende complessa la fase di verifica, ma soprattutto, gli effetti dei vincoli avrebbero una incidenza sulla capacità edificatoria dei terreni diversa a seconda delle particolarità urbanistiche del terreno e della sua localizzazione, ciò creerebbe una oggettiva difficoltà nell'adottare un criterio univoco di valutazione.;;;;;;False
atto_31;docling;markdown;atto_31.md;120;;paragraph;text;"Ad esempio: le aree interessate dal vincolo idrogeologico PAI e/o da altri vincoli, che ricadono in comparti soggetti a PUE, possono perequare la volumetria espressa all'interno dell'area dell'intero comparto, senza perdere la propria capacità edificatoria a causa del vincolo; in tali particolari situazioni, il contribuente potrà comunque avvalersi degli istituiti deflattivi del contenzioso (autotutela, accertamento con adesione, ecc.), definendo in contradditorio con l'Ufficio l'eventuale incidenza del vincolo.";;;;;;False
atto_31;docling;markdown;atto_31.md;122;;paragraph;text;RITENUTO che le predette riduzioni sono cumulabili con quelle già STABILITE dalla 'Tabella Unica dei valori delle aree fabbricabili al 01/01/2010', nel limite massimo complessivo del 50% di riduzione applicabile alle singole fattispecie.;;;;;RITENUTO;False
atto_31;docling;markdown;atto_31.md;124;;paragraph;text;PRESO ATTO che ai sensi dell'art.49 del D.Lgs n.267/2000, come da allegato prospetto, sono stati espressi i pareri attestanti la regolarità tecnica e contabile.;;;;;PRESO_ATTO;False
atto_31;docling;markdown;atto_31.md;126;;paragraph;text;Con voti unanimi e favorevoli, resi ai sensi di legge dagli aventi diritto;;0.0;;;;False
atto_31;docling;markdown;atto_31.md;128;;heading;heading;DELIBERA;;;;DELIBERA;DELIBERA;False
atto_31;docling;markdown;atto_31.md;130;;paragraph;text;Le PREMESSE costituiscono parte integrante e sostanziale del presente dispositivo.;;;;;;False
atto_31;docling;markdown;atto_31.md;132;;paragraph;text;1. Di confermare i valori base di riferimento delle aree edificabili come da Tabella Unica dei valori (Allegato B) adottati con DELIBERA di Giunta Comunale n. 98 del 24.06.2010, comprese le riduzioni ivi previste.;;;;;;False
atto_31;docling;markdown;atto_31.md;133;;paragraph;text;2. Di approvare le ulteriori riduzioni sui valori delle aree edificabili come di seguito specificate:;;;;;;False
atto_31;docling;markdown;atto_31.md;135;;paragraph;text;Criterio 1 - Minore dotazione di standard e urbanizzazioni primarie;;;;;;False
atto_31;docling;markdown;atto_31.md;137;;paragraph;text;Riduzione %;;;;;;False
atto_31;docling;markdown;atto_31.md;139;;table;table;| FASCIA 1 | COSTA - FERROVIA | 0% |;;;;;;True
atto_31;docling;markdown;atto_31.md;140;;table;table;|-------------------------------------------------------------------------------------------|-------------------------------------------------------------------------------------------|-------------------------------------------------------------------------------------------|;;;;;;True
atto_31;docling;markdown;atto_31.md;141;;table;table;| FASCIA 2 | FERROVIA - STATALE 16 BIS | 15% |;;;;;;True
atto_31;docling;markdown;atto_31.md;142;;table;table;| FASCIA 3 | STATALE 16 BIS - VIA DUCHESSA D'ANDRIA - VIA | 20% |;;;;;;True
atto_31;docling;markdown;atto_31.md;143;;table;table;| FASCIA 4 | CAPIRRO I° | 25% |;;;;;;True
atto_31;docling;markdown;atto_31.md;144;;table;table;| Zona | VIA DUCHESSA D'ANDRIA- SP. 13 - SP 168 (*) | 25% |;;;;;;True
atto_31;docling;markdown;atto_31.md;145;;table;table;| Produttiva | AREE RICADENTI IN ZONA D - Produttiva | 30% |;;;;;;True
atto_31;docling;markdown;atto_31.md;146;;table;table;| Periferie del PUG | PERIFERIE DEL PUG (C2a, C2b, C4) | |;;;;;;True
atto_31;docling;markdown;atto_31.md;147;;table;table;| *(comprendendo anche la zona ricadente nel PUG in zona AL - microzona C/10 del foglio 75) | *(comprendendo anche la zona ricadente nel PUG in zona AL - microzona C/10 del foglio 75) | *(comprendendo anche la zona ricadente nel PUG in zona AL - microzona C/10 del foglio 75) |;;;;;;True
atto_31;docling;markdown;atto_31.md;149;;paragraph;text;specificando che le singole riduzioni previste all'interno del criterio sono alternative tra loro.;;;;;;False
atto_31;docling;markdown;atto_31.md;151;;paragraph;text;Criterio 2 - Dimensioni comparto con obbligo di PUE;;;;;;False
atto_31;docling;markdown;atto_31.md;153;;paragraph;text;Riduzione %;;;;;;False
atto_31;docling;markdown;atto_31.md;155;;table;table;| XXS XS S M L XL XXL | COMPARTI CON SUPERFICIE MINORE DI 30.000MQ COMPARTI CON SUPERFICIE COMPRESA TRA 30.000 E 50.000MQ COMPARTI CON SUPERFICIE COMPRESA TRA 50.000 E 100.000MQ COMPARTI CON SUPERFICIE COMPRESA TRA 100.000 E 150.000MQ COMPARTI CON SUPERFICIE COMPRESA TRA 150.000 E 200.000MQ COMPARTI CON SUPERFICIE COMPRESA TRA 200.000 E 250.000MQ COMPARTI CON SUPERFICIE MAGGIORE DI 250.000 MQ | 0% 10% 15% 20% 25% 30% 35% |;;;;;;True
atto_31;docling;markdown;atto_31.md;156;;table;table;|-----------------------|---------------------------------------------------------------------------------------------------------------------------------------------------------------------------------------------------------------------------------------------------------------------------------------------------------------------------------------------------------------------------------------|------------------------------|;;;;;;True
atto_31;docling;markdown;atto_31.md;158;;paragraph;text;3. Di precisare che le riduzioni di cui sopra sono cumulabili a quelle STABILITE dalla Tabella Unica Valori, di cui all'allegato B, fermo restando il limite complessivo del 50% (Riduzioni Tabella Unica Valori + Riduzioni tavolo tecnico Criteri 1 e 2).;;;;;;False
atto_31;docling;markdown;atto_31.md;159;;paragraph;text;4. Di confermare quanto riportato nella 'Tabella Unica dei valori delle Aree Fabbricabili al 01/01/2010' (allegato B), sicché i fattori correttivi di riduzione decadranno al momento del rilascio del Permesso di Costruire e/o dell'approvazione del PUE, così come saranno applicati i coefficienti correttivi di incremento dei valori base, come di seguito specificati, giusta Tabella Unica Valori (Allegato B):;;;;;;False
atto_31;docling;markdown;atto_31.md;161;;table;table;| - Suoli non soggetti a PUE ed in possesso del Permesso di Costruire o equivalente | + 20% |;;;;;;True
atto_31;docling;markdown;atto_31.md;162;;table;table;|-------------------------------------------------------------------------------------|---------|;;;;;;True
atto_31;docling;markdown;atto_31.md;163;;table;table;| - Suoli soggetti a PUE ed in possesso di Piano Urbanistico esecutivo approvato | + 20% |;;;;;;True
atto_31;docling;markdown;atto_31.md;164;;table;table;| - Suoli soggetti a PUE ed in possesso del Permesso di Costruire o equivalente | + 40%. |;;;;;;True
atto_31;docling;markdown;atto_31.md;166;;paragraph;text;5. Che le riduzioni dei valori delle aree edificatorie, introdotti con il presente provvedimento, sono da considerarsi applicabili per l'anno di imposta 2021 e successivi, sino a seguenti deliberazioni in merito e non sono da considerarsi retroattive.;;;;;;False
atto_31;docling;markdown;atto_31.md;167;;paragraph;text;6. Di dare indirizzo al Dirigente dell'Area Urbanistica affinché proceda, entro il termine previsto per il pagamento del saldo IMU 2021 (16/12/2021), alla revisione ed aggiornamento della Tabella Unica Valori, alla luce delle disposizioni di cui alla presente deliberazione.;;;;;;False
atto_31;docling;markdown;atto_31.md;168;;paragraph;text;7. Di tramettere la presente deliberazione al Dirigente Area IV Urbanistica, Demanio e Ambiente del Comune di Trani.;;;;;;False
atto_31;docling;markdown;atto_31.md;169;;paragraph;text;8. Di dichiarare il presente provvedimento immediatamente eseguibile ai sensi dell'ex art. 134 comma 4 del D.Lgs N°267/2000.;;;;;;False
atto_31;docling;markdown;atto_31.md;171;;paragraph;text;;;;;;;True
atto_31;docling;markdown;atto_31.md;173;;paragraph;text;104 /;;;;;;False
atto_31;docling;markdown;atto_31.md;175;;paragraph;text;MODIFICA DEI VALORI MINIMI DI STIMA UNITARI DELLE AREE EDIFICABILI AI FINI DELL'IMPOSTA IMU ANNO DI IMPOSTA 2021.;;;;;;False
atto_31;docling;markdown;atto_31.md;177;;paragraph;text;2021;;;;;;False
atto_31;docling;markdown;atto_31.md;179;;paragraph;text;Ufficio Tributi;;;;;;False
atto_31;docling;markdown;atto_31.md;181;;paragraph;text;Proposta Nr.;;;;;;False
atto_31;docling;markdown;atto_31.md;183;;paragraph;text;Oggetto:;;;;;;False
atto_31;docling;markdown;atto_31.md;185;;paragraph;text;Ufficio Proponente:;;;;;;False
atto_31;docling;markdown;atto_31.md;187;;paragraph;text;Estremi della Proposta;;;;;;False
atto_31;docling;markdown;atto_31.md;189;;paragraph;text;Parere Tecnico;;;;;;False
atto_31;docling;markdown;atto_31.md;191;;paragraph;text;20/05/2021;;;;;;False
atto_31;docling;markdown;atto_31.md;193;;paragraph;text;Ufficio Proponente (Ufficio Tributi);;;;;;False
atto_31;docling;markdown;atto_31.md;195;;paragraph;text;DATA;;;;;;False
atto_31;docling;markdown;atto_31.md;197;;paragraph;text;Parere Favorevole;;;;;;False
atto_31;docling;markdown;atto_31.md;199;;paragraph;text;DOTT. VINCENZO COLUCCI;;;;;;False
atto_31;docling;markdown;atto_31.md;201;;paragraph;text;In ordine alla regolarità tecnica della presente proposta, ai sensi dell'art. 49, comma 1, TUEL - D.Lgs. n. 267 del 18.08.2000, si esprime parere FAVOREVOLE.;;;;;;False
atto_31;docling;markdown;atto_31.md;203;;paragraph;text;Il Responsabile di Settore;;;;;;False
atto_31;docling;markdown;atto_31.md;205;;paragraph;text;Sintesi parere:;;;;;;False
atto_31;docling;markdown;atto_31.md;207;;paragraph;text;20/05/2021 DATA;;;;;;False
atto_31;docling;markdown;atto_31.md;209;;paragraph;text;Parere Favorevole;;;;;;False
atto_31;docling;markdown;atto_31.md;211;;paragraph;text;DOTT. VINCENZO COLUCCI;;;;;;False
atto_31;docling;markdown;atto_31.md;213;;paragraph;text;Parere Contabile;;;;;;False
atto_31;docling;markdown;atto_31.md;215;;paragraph;text;In ordine alla regolarità contabile della presente proposta, ai sensi dell'art. 49, comma 1, TUEL - D.Lgs. n. 267 del 18.08.2000, si esprime parere FAVOREVOLE.;;;;;;False
atto_31;docling;markdown;atto_31.md;217;;paragraph;text;Responsabile del Servizio Finanziario;;;;;;False
atto_31;docling;markdown;atto_31.md;219;;paragraph;text;Sintesi parere:;;;;;;False
atto_31;docling;markdown;atto_31.md;221;;heading;heading;DELIBERA N. 57 DEL 20/05/2021;;;;;DELIBERA;False
atto_31;docling;markdown;atto_31.md;223;;paragraph;text;Il presente verbale è stato approvato e sottoscritto nei modi di legge.;;;;;;False
atto_31;docling;markdown;atto_31.md;225;;paragraph;text;IL SEGRETARIO GENERALE Dott. Francesco Angelo Lazzaro;;;;;;False
atto_31;docling;markdown;atto_31.md;227;;paragraph;text;Il Segretario, VISTI gli atti d'ufficio, IL SINDACO Avv. Amedeo Bottaro;;;;;;False
atto_31;docling;markdown;atto_31.md;229;;heading;heading;ATTESTA;;;;ATTESTA;ATTESTA;False
atto_31;docling;markdown;atto_31.md;231;;paragraph;text;che la presente deliberazione è stata dichiarata con esecutività Immediata;;;;;;False
atto_31;docling;markdown;atto_31.md;233;;paragraph;text;Trani, 20/05/2021;;;;;;False
atto_31;docling;markdown;atto_31.md;235;;paragraph;text;IL SEGRETARIO GENERALE Dott. Francesco Angelo Lazzaro;;;;;;False
atto_31;docling;markdown;atto_31.md;237;;heading;heading;DELIBERA N. 57 DEL 20/05/2021;;;;;DELIBERA;False
atto_31;docling;markdown;atto_31.md;239;;heading;heading;IL SEGRETARIO GENERALE;;;;;;False
atto_31;docling;markdown;atto_31.md;241;;heading;heading;ATTESTA;;;;ATTESTA;ATTESTA;False
atto_31;docling;markdown;atto_31.md;243;;paragraph;text;che la presente deliberazione è affissa all'Albo Pretorio dal 26/05/2021 al 10/06/2021 per 15 giorni consecutivi come prescritto dall'art. 124, I° comma, del T.U.E.L. approvato col D.Lgs. 18.08.2000, n. 267.;;;;;;False
atto_31;docling;markdown;atto_31.md;245;;paragraph;text;Trani, 26/05/2021;;;;;;False
atto_31;docling;markdown;atto_31.md;247;;paragraph;text;IL RESPONSABILE DELLA PUBBLICAZIONE Delcuratolo Debora;;;;;;False
atto_32;docling;markdown;atto_32.md;1;;paragraph;text;;;;;;;True
atto_32;docling;markdown;atto_32.md;3;;heading;heading;DELIBERAZIONE DELLA GIUNTA COMUNALE;;;;;;False
atto_32;docling;markdown;atto_32.md;5;;heading;heading;DELIBERAZIONE N. 84;;;;;;False
atto_32;docling;markdown;atto_32.md;7;;heading;heading;"OGGETTO: TERZA EDIZIONE DEL ""MUSICA ITALIA GRAND PRIZE"". CONCESSIONE CONTRIBUTO.";;;;;;False
atto_32;docling;markdown;atto_32.md;9;;paragraph;text;L'anno duemilaventisei il giorno dieci del mese di aprile alle ore 9:12 in Campobasso, nella Sede Comunale. A seguito della convocazione disposta dalla Sindaca Marialuisa Forte si è riunita la Giunta Comunale nelle persone dei Signori:;;;;;;False
atto_32;docling;markdown;atto_32.md;11;;paragraph;text;Forte Marialuisa;;;;;;False
atto_32;docling;markdown;atto_32.md;13;;paragraph;text;Sindaca;;;;;;False
atto_32;docling;markdown;atto_32.md;15;;paragraph;text;Presente;;;;;;False
atto_32;docling;markdown;atto_32.md;17;;paragraph;text;Chierchia Bibiana;;;;;;False
atto_32;docling;markdown;atto_32.md;19;;paragraph;text;Assessore;;;;;;False
atto_32;docling;markdown;atto_32.md;21;;paragraph;text;Presente in videoconferenza;;;;;;False
atto_32;docling;markdown;atto_32.md;23;;paragraph;text;Cretella Simone;;;;;;False
atto_32;docling;markdown;atto_32.md;25;;paragraph;text;Assessore;;;;;;False
atto_32;docling;markdown;atto_32.md;27;;paragraph;text;Presente;;;;;;False
atto_32;docling;markdown;atto_32.md;29;;paragraph;text;Maio Mimmo;;;;;;False
atto_32;docling;markdown;atto_32.md;31;;paragraph;text;Assessore;;;;;;False
atto_32;docling;markdown;atto_32.md;33;;paragraph;text;Presente in videoconferenza;;;;;;False
atto_32;docling;markdown;atto_32.md;35;;paragraph;text;Trivisonno Giuseppe;;;;;;False
atto_32;docling;markdown;atto_32.md;37;;paragraph;text;Vice Sindaco;;;;;;False
atto_32;docling;markdown;atto_32.md;39;;paragraph;text;Presente;;;;;;False
atto_32;docling;markdown;atto_32.md;41;;paragraph;text;Fraracci Adele;;;;;;False
atto_32;docling;markdown;atto_32.md;43;;paragraph;text;Assessore;;;;;;False
atto_32;docling;markdown;atto_32.md;45;;paragraph;text;Presente in videoconferenza;;;;;;False
atto_32;docling;markdown;atto_32.md;47;;paragraph;text;Marcheggiani Angelo;;;;;;False
atto_32;docling;markdown;atto_32.md;49;;paragraph;text;Assessore;;;;;;False
atto_32;docling;markdown;atto_32.md;51;;paragraph;text;Presente in videoconferenza;;;;;;False
atto_32;docling;markdown;atto_32.md;53;;paragraph;text;Panichella Giuseppina;;;;;;False
atto_32;docling;markdown;atto_32.md;55;;paragraph;text;Assessore;;;;;;False
atto_32;docling;markdown;atto_32.md;57;;paragraph;text;Presente;;;;;;False
atto_32;docling;markdown;atto_32.md;59;;paragraph;text;Bucci Raffaele;;;;;;False
atto_32;docling;markdown;atto_32.md;61;;paragraph;text;Assessore;;;;;;False
atto_32;docling;markdown;atto_32.md;63;;paragraph;text;Presente;;;;;;False
atto_32;docling;markdown;atto_32.md;65;;paragraph;text;presenti num. 9 e assenti num. 0.;;;;;;False
atto_32;docling;markdown;atto_32.md;67;;paragraph;text;Con la partecipazione del Segretario Generale del Comune Dirigente Anna Maria Guglielmi;;;;;;False
atto_32;docling;markdown;atto_32.md;69;;paragraph;text;Il Presidente, constatata la legalità dell'adunanza, invita la giunta alla trattazione dell'argomento in oggetto;;;;;;False
atto_32;docling;markdown;atto_32.md;71;;heading;heading;Deliberazione Numero 84 del 10-04-2026;;;;;;False
atto_32;docling;markdown;atto_32.md;73;;paragraph;text;"OGGETTO: TERZA EDIZIONE DEL ""MUSICA ITALIA GRAND PRIZE"". CONCESSIONE CONTRIBUTO.";;;;;;False
atto_32;docling;markdown;atto_32.md;75;;heading;heading;LA GIUNTA COMUNALE;;;;;;False
atto_32;docling;markdown;atto_32.md;77;;paragraph;text;"Su proposta dell'Assessore alla Cultura, prof.ssa Adele Fraracci, in base all'istruttoria del Dirigente dell'Area Servizi Culturali e Servizi Demografici - Settore Politiche Culturali, del Turismo e della Pubblica Istruzione, avv. Annamaria Macchiarola, ai sensi del decreto sindacale n. 7 del 31/03/2026 Registro Generale Decreti n. 7 del 31/03/2026;";;;;;;False
atto_32;docling;markdown;atto_32.md;79;;paragraph;text;"PREMESSO che tra gli obiettivi strategici dell'Amministrazione Comunale vi è quello di incentivare ogni iniziativa/attività tesa alla promozione e alla valorizzazione del territorio, favorendo la crescita sociale e culturale della comunità locale, nella convinzione che le attività artistiche, culturali e musicali abbiano, oltre che una marcata valenza di attrazione turistico-culturale, anche una forte valenza sul piano dello sviluppo socio-economico;";;;;;PREMESSO;False
atto_32;docling;markdown;atto_32.md;81;;paragraph;text;"CONSIDERATO che con nota ACQUISITA al protocollo generale dell'Ente in DATA 01/04/2026 prot. n. 24080 l'Associazione Culturale Musica Cultura e Territorio ha chiesto a questa Amministrazione un contributo economico di Euro 2.000,00 a parziale copertura delle spese occorrenti per la realizzazione della terza edizione del 'Musica Italia Grand Prize', in programma a Campobasso dal 13 al 19 Aprile 2026, da destinare a n. 2 borse di studio da assegnare nella sezione 'Grand Prize';";;;;;CONSIDERATO;False
atto_32;docling;markdown;atto_32.md;83;;paragraph;text;"VISTO il preventivo spese relativo alla realizzazione della predetta iniziativa, pari all'importo di euro 50.000,00, di cui alla suindicata nota prot. n. 24080;";;;;;VISTO;False
atto_32;docling;markdown;atto_32.md;85;;paragraph;text;"DATO ATTO che il 'Musica Italia Grand Prize' è un concorso internazionale di esecuzione musicale, aperto alla partecipazione di musicisti di tutte le età e nazionalità e a concorrenti di tutte le formazioni fino a un massimo di 6 elementi;";;;;;DATO_ATTO;False
atto_32;docling;markdown;atto_32.md;87;;paragraph;text;"CONSIDERATO che la manifestazione è volta a dare un forte impulso alla crescita tecnica, artistica e professionale sia dei giovani talent che dei musicisti professionisti della musica classica, in cerca di nuove possibilità e di nuovi circuiti in cui accreditarsi, aumentando l'ampiezza del loro network professionale;";;;;;CONSIDERATO;False
atto_32;docling;markdown;atto_32.md;89;;paragraph;text;"TENUTO CONTO che 'Perfezione tecnica, qualità interpretative, capacità di fraseggio, presenza scenica, comunicativa, empatia, abilità nel concepire programmi musicali interessanti' sono le qualità principali su cui si baseranno le valutazioni tecniche delle prestigiose Giurie del Musica Italia;";;;;;TENUTO_CONTO;False
atto_32;docling;markdown;atto_32.md;91;;paragraph;text;"PRESO ATTO che il concorso si avvale del partenariato della Regione Molise, del Conservatorio Statale di Musica 'L. Perosi', del Convitto Nazionale 'M. Pagano' e di sponsor privati;";;;;;PRESO_ATTO;False
atto_32;docling;markdown;atto_32.md;93;;paragraph;text;"DATO ATTO della rilevanza culturale e artistica dell'iniziativa in questione avente anche una funzione di promozione del territorio;";;;;;DATO_ATTO;False
atto_32;docling;markdown;atto_32.md;95;;paragraph;text;"CONSIDERATO che l'art. 5, lett. b ) , del Regolamento comunale per la concessione di sovvenzioni, contributi e attribuzioni di vantaggi economici consente l'intervento finanziario del Comune 'per l'effettuazione di manifestazioni, iniziative e progetti di interesse diretto del Comune o comunque relative alla cittadinanza del Capoluogo';";;;;;CONSIDERATO;False
atto_32;docling;markdown;atto_32.md;97;;paragraph;text;VISTO l'art. 5, lett. e), del precitato Regolamento comunale, modificato con DELIBERA di C.C. n. 51 del 9/10/2003, che prevede che l'intervento del Comune per le concessioni di cui alla suddetta lett. b) 'può;;;;;VISTO;False
atto_32;docling;markdown;atto_32.md;99;;paragraph;text;"riguardare massimo il 30% della spesa preventivata per la manifestazione, l'iniziativa o il progetto' e che 'il contributo non può in ogni caso essere superiore alla differenza tra le spese sostenute ed i ricavi conseguiti';";;;;;;False
atto_32;docling;markdown;atto_32.md;101;;paragraph;text;"RITENUTO che tale iniziativa rientra nelle finalità istituzionali dell'Ente in quanto mira a conseguire l'interesse della collettività cittadina, conformemente all'art. 1, n. 5, dello Statuto Comunale, ai sensi del quale il Comune si impegna a promuovere e sviluppare la cultura come fattore di identità cittadina e regionale molisana ed è perfettamente coerente con gli scopi che si propone di realizzare l'Assessorato alla Cultura;";;;;;RITENUTO;False
atto_32;docling;markdown;atto_32.md;103;;paragraph;text;"RITENUTO , altresì, che la partecipazione dell'Ente alla realizzazione di iniziative culturali di particolare rilievo artistico e mediatico rappresenta un efficace strumento di promozione dell'immagine della città e di sostegno alle attività culturali del territorio;";;;;;RITENUTO;False
atto_32;docling;markdown;atto_32.md;105;;paragraph;text;"RITENUTO , in considerazione della rilevanza di detta iniziativa, di prevedere un contributo di euro 2.000,00 per la realizzazione della terza edizione del 'Musica Italia Grand Prize', in programma a Campobasso dal 13 al 19 Aprile 2026, a cura dell'Associazione Culturale Musica Cultura e Territorio;";;;;;RITENUTO;False
atto_32;docling;markdown;atto_32.md;107;;paragraph;text;"RITENUTO , inoltre, di demandare al Responsabile del Servizio l'assunzione dell'impegno di spesa di euro 2.000,00 sul Capitolo 4660 - Bilancio 2026 - 'Contributi ad Enti Teatrali Istituti ed Associazioni per Finalità Culturali e Musicali';";;;;;RITENUTO;False
atto_32;docling;markdown;atto_32.md;109;;paragraph;text;"RITENUTO , poi, di erogare la predetta somma a iniziativa avvenuta e previa presentazione della rendicontazione delle spese sostenute;";;;;;RITENUTO;False
atto_32;docling;markdown;atto_32.md;111;;paragraph;text;"VALUTATI gli aspetti sostanziali della presente deliberazione, il Dirigente del Settore competente a rilasciare il parere di regolarità tecnica ai sensi dell'art. 49, comma 1, del D. Lgs. n.267/00, dichiara che la stessa comporta riflessi diretti sul bilancio e sulla situazione economica e finanziaria dell'Ente;";;;;;VALUTATO;False
atto_32;docling;markdown;atto_32.md;113;;paragraph;text;"VISTI i pareri favorevoli di regolarità tecnica e contabile resi ai sensi dell'art. 49 del D.Lgs. 267/2000;";;;;;VISTI_PARERI;False
atto_32;docling;markdown;atto_32.md;115;;paragraph;text;"VISTO il vigente Statuto comunale;";;;;;VISTO;False
atto_32;docling;markdown;atto_32.md;117;;paragraph;text;"VISTO il D.Lgs. n. 267/2000 e s.m.i.;";;;;;VISTO;False
atto_32;docling;markdown;atto_32.md;119;;paragraph;text;"VISTA la Deliberazione di Giunta Comunale n. 105 del 13/04/2022 avente ad oggetto: ""Svolgimento delle sedute di Giunta Comunale in audioconferenza, videoconferenza e/o teleconferenza. Aggiornamento linee guida approvate con DELIBERA di Giunta Comunale n. 59 del 09/03/2020"".";;;;;VISTO;False
atto_32;docling;markdown;atto_32.md;121;;paragraph;text;Con votazione unanime e palese, resa nelle forme di legge;;0.0;;;;False
atto_32;docling;markdown;atto_32.md;123;;heading;heading;DELIBERA;;;;DELIBERA;DELIBERA;False
atto_32;docling;markdown;atto_32.md;125;;paragraph;text;Per i motivi espressi in narrativa, che qui si intendono integralmente RICHIAMATI:;;;;;;False
atto_32;docling;markdown;atto_32.md;127;;list_item;list_item;"-di approvare la concessione di un contributo di euro 2.000,00 in favore dell'Associazione Culturale Musica Cultura e Territorio per la realizzazione della terza edizione del 'Musica Italia Grand Prize', in programma a Campobasso dal 13 al 19 Aprile 2026, da destinare a n. 2 borse di studio da assegnare nella sezione 'Grand Prize';";;;;;;False
atto_32;docling;markdown;atto_32.md;128;;list_item;list_item;"-di dare ATTO che l'iniziativa in parola rientra nelle finalità istituzionali dell'Ente in quanto mira a conseguire l'interesse della collettività cittadina;";;;;;;False
atto_32;docling;markdown;atto_32.md;129;;list_item;list_item;"-di dare ATTO , altresì, che la suindicata spesa non si pone in contrasto con le norme di cui alla L. n. 94/2012, alla L. n. 135/2012, alla L. n. 89/2014 e di cui all'art. 6 della L. n. 122/2010;";;;;;;False
atto_32;docling;markdown;atto_32.md;130;;list_item;list_item;DELIBERA DI GIUNTA n. 84 del 10-04-2026 - pag. 3 - COMUNE DI CAMPOBASSO -di demandare al Dirigente del Settore Politiche Culturali, del Turismo e della Pubblica Istruzione;;;;;DELIBERA;True
atto_32;docling;markdown;atto_32.md;132;;paragraph;text;"l'adozione dei necessari e successivi atti amministrativi e gestionali conseguenti alla presente deliberazione, ivi comprese l'assunzione del relativo impegno di spesa, per un importo complessivo di euro 2.000,00, sul Capitolo 4660 - Bilancio 2026 - 'Contributi ad Enti Teatrali Istituti ed Associazioni per Finalità Culturali e Musicali, ecc.', e la liquidazione del contributo in questione a iniziativa avvenuta e previa presentazione della relativa rendicontazione contabile inerente alle spese e ai ricavi;";;;;;;False
atto_32;docling;markdown;atto_32.md;134;;list_item;list_item;"-di stabilire che l'Associazione in questione, soggetto organizzatore della sopra indicata iniziativa, dovrà acquisire, prima dello svolgimento della stessa, tutte le necessarie autorizzazioni;";;;;;;False
atto_32;docling;markdown;atto_32.md;135;;list_item;list_item;"-di dare ATTO che l'Amministrazione Comunale è esonerata da ogni responsabilità per eventuali danni alle strutture, a persone o cose che abbiano a verificarsi durante lo svolgimento della suindicata iniziativa, per cui ogni responsabilità graverà sul soggetto organizzatore e realizzatore della stessa, che dovrà provvedere a tutti gli adempimenti, inclusi quelli inerenti alla sicurezza;";;;;;;False
atto_32;docling;markdown;atto_32.md;136;;list_item;list_item;-di dichiarare , con separata ed unanime votazione palese, il presente ATTO immediatamente eseguibile ai sensi dell'articolo 134, comma 4, del decreto legislativo 18 agosto 2000, n. 267, stante l'urgenza di provvedere, in considerazione dell'imminenza dell'iniziativa.;;;;;;False
atto_32;docling;markdown;atto_32.md;138;;paragraph;text;Il presente verbale viene sottoscritto con firma digitale.;;;;;;False
atto_32;docling;markdown;atto_32.md;140;;paragraph;text;La Sindaca Marialuisa Forte Il Segretario Generale Anna Maria Guglielmi;;;;;;False
atto_33;docling;markdown;atto_33.md;1;;paragraph;text;;;;;;;True
atto_33;docling;markdown;atto_33.md;3;;heading;heading;DELIBERAZIONE DELLA GIUNTA COMUNALE;;;;;;False
atto_33;docling;markdown;atto_33.md;5;;heading;heading;DELIBERAZIONE N. 98;;;;;;False
atto_33;docling;markdown;atto_33.md;7;;paragraph;text;OGGETTO: GRADUAZIONE DELLA RETRIBUZIONE DI POSIZIONE E DEFINIZIONE DELLA RETRIBUZIONE DI RISULTATO IN FAVORE DEL SEGRETARIO GENERALE, AI SENSI DEL CCNL DEL 23.02.2026. DETERMINAZIONI.;;;;;;False
atto_33;docling;markdown;atto_33.md;9;;paragraph;text;L'anno duemilaventisei il giorno ventinove del mese di aprile alle ore 12:10 in Campobasso, nella Sede Comunale.;;;;;;False
atto_33;docling;markdown;atto_33.md;11;;paragraph;text;A seguito della convocazione disposta dalla Sindaca Marialuisa Forte si è riunita la Giunta Comunale nelle persone dei Signori:;;;;;;False
atto_33;docling;markdown;atto_33.md;13;;paragraph;text;Forte Marialuisa;;;;;;False
atto_33;docling;markdown;atto_33.md;15;;paragraph;text;Sindaca;;;;;;False
atto_33;docling;markdown;atto_33.md;17;;paragraph;text;Presente;;;;;;False
atto_33;docling;markdown;atto_33.md;19;;paragraph;text;Chierchia Bibiana;;;;;;False
atto_33;docling;markdown;atto_33.md;21;;paragraph;text;Assessore;;;;;;False
atto_33;docling;markdown;atto_33.md;23;;paragraph;text;Presente in videoconferenza;;;;;;False
atto_33;docling;markdown;atto_33.md;25;;paragraph;text;Cretella Simone;;;;;;False
atto_33;docling;markdown;atto_33.md;27;;paragraph;text;Assessore;;;;;;False
atto_33;docling;markdown;atto_33.md;29;;paragraph;text;Presente in videoconferenza;;;;;;False
atto_33;docling;markdown;atto_33.md;31;;paragraph;text;Maio Mimmo;;;;;;False
atto_33;docling;markdown;atto_33.md;33;;paragraph;text;Assessore;;;;;;False
atto_33;docling;markdown;atto_33.md;35;;paragraph;text;Presente in videoconferenza;;;;;;False
atto_33;docling;markdown;atto_33.md;37;;paragraph;text;Trivisonno Giuseppe;;;;;;False
atto_33;docling;markdown;atto_33.md;39;;paragraph;text;Vice Sindaco;;;;;;False
atto_33;docling;markdown;atto_33.md;41;;paragraph;text;Presente in videoconferenza;;;;;;False
atto_33;docling;markdown;atto_33.md;43;;paragraph;text;Fraracci Adele;;;;;;False
atto_33;docling;markdown;atto_33.md;45;;paragraph;text;Assessore;;;;;;False
atto_33;docling;markdown;atto_33.md;47;;paragraph;text;Presente in videoconferenza;;;;;;False
atto_33;docling;markdown;atto_33.md;49;;paragraph;text;Marcheggiani Angelo;;;;;;False
atto_33;docling;markdown;atto_33.md;51;;paragraph;text;Assessore;;;;;;False
atto_33;docling;markdown;atto_33.md;53;;paragraph;text;Presente in videoconferenza;;;;;;False
atto_33;docling;markdown;atto_33.md;55;;paragraph;text;Panichella Giuseppina;;;;;;False
atto_33;docling;markdown;atto_33.md;57;;paragraph;text;Assessore;;;;;;False
atto_33;docling;markdown;atto_33.md;59;;paragraph;text;Presente;;;;;;False
atto_33;docling;markdown;atto_33.md;61;;paragraph;text;Bucci Raffaele;;;;;;False
atto_33;docling;markdown;atto_33.md;63;;paragraph;text;Assessore;;;;;;False
atto_33;docling;markdown;atto_33.md;65;;paragraph;text;Assente;;;;;;False
atto_33;docling;markdown;atto_33.md;67;;paragraph;text;presenti num. 8 e assenti num. 1.;;;;;;False
atto_33;docling;markdown;atto_33.md;69;;paragraph;text;Con la partecipazione del Vice Segretario Generale del Comune Dirigente Nicola Sardella;;;;;;False
atto_33;docling;markdown;atto_33.md;71;;paragraph;text;Il Presidente, constatata la legalità dell'adunanza, invita la giunta alla trattazione dell'argomento in oggetto;;;;;;False
atto_33;docling;markdown;atto_33.md;73;;heading;heading;Deliberazione Numero 98 del 29-04-2026;;;;;;False
atto_33;docling;markdown;atto_33.md;75;;paragraph;text;GRADUAZIONE DELLA RETRIBUZIONE DI POSIZIONE E DEFINIZIONE DELLA RETRIBUZIONE DI RISULTATO IN FAVORE DEL SEGRETARIO GENERALE, AI SENSI DEL CCNL DEL 23.02.2026.;;;;;;False
atto_33;docling;markdown;atto_33.md;77;;heading;heading;LA GIUNTA COMUNALE;;;;;;False
atto_33;docling;markdown;atto_33.md;79;;paragraph;text;"VISTO l'art. 97 del D. Lgs. n. 267 del 18.8.2000 il quale prevede che il comune abbia un Segretario Comunale titolare dipendente dall'Agenzia autonoma per la gestione dell'Albo dei segretari comunali e provinciali;";;;;;VISTO;False
atto_33;docling;markdown;atto_33.md;81;;paragraph;text;"VISTO l'art. 99, comma 1, del D.Lgs. n. 267/2000 e ss.mm.ii. il quale dispone che il Sindaco nomini il Segretario Comunale, che dipende funzionalmente dal capo dell'amministrazione, scegliendolo tra gli iscritti all'Albo di sopra;";;;;;VISTO;False
atto_33;docling;markdown;atto_33.md;83;;paragraph;text;"VISTO l'art. 99, comma 2, del D.Lgs. n. 267/2000 e ss.mm.ii. il quale dispone che la nomina ha durata corrispondente a quella del mandato del Sindaco che lo ha nominato e che il Segretario Comunale cessa automaticamente dall'incarico con la cessazione del mandato del Sindaco, continuando ad esercitare le funzioni sino alla nomina del nuovo Segretario Comunale;";;;;;VISTO;False
atto_33;docling;markdown;atto_33.md;85;;paragraph;text;"VISTO l'art. 99, comma 3, del D.Lgs. n. 267/2000 e ss.mm.ii. il quale dispone che la nomina è disposta non prima di sessanta giorni e non oltre centoventi giorni dalla DATA di insediamento del sindaco, decorsi i quali il Segretario Comunale è confermato;";;;;;VISTO;False
atto_33;docling;markdown;atto_33.md;87;;paragraph;text;"RILEVATO che nei giorni 8 e 9 giugno 2024 si sono TENUTE le elezioni amministrative per il rinnovo del Sindaco e del Consiglio Comunale;";;;;;RILEVATO;False
atto_33;docling;markdown;atto_33.md;89;;paragraph;text;"RILEVATO che con verbale dell'Ufficio Centrale per l'Elezione del 25.6.2024 è stata proclamata eletta alla carica di Sindaco la Dott.ssa Marialuisa Forte;";;;;;RILEVATO;False
atto_33;docling;markdown;atto_33.md;91;;heading;heading;PRESO ATTO CHE:;;;;;PRESO_ATTO;False
atto_33;docling;markdown;atto_33.md;93;;list_item;list_item;"con nota prot. n. 58905 del 19.8.2024 la Sindaca ha comunicato al Segretario comunale in carica la non conferma nella sede di segreteria del Comune di Campobasso ed il contestuale avvio del procedimento di nomina del nuovo Segretario comunale;";;;;;;False
atto_33;docling;markdown;atto_33.md;95;;list_item;list_item;"con nota prot. n. 59038 del 20.8.2024, trasmessa all'Albo nazionale dei segretari comunali e provinciali presso il Ministero dell'Interno, è stata avviato il procedimento per la nomina del nuovo segretario comunale con contestuale richiesta di pubblicizzazione;";;;;;;False
atto_33;docling;markdown;atto_33.md;97;;list_item;list_item;"con avviso n. 67 del 20.8.2024, avente scadenza 30.8.2024, il ministero dell'Interno - Gestione dell'Albo dei Segretari Comunali e Provinciali ha pubblicizzato la vacanza della sede;";;;;;;False
atto_33;docling;markdown;atto_33.md;99;;list_item;list_item;"con decreto sindacale n. 51 del 16.9.2024, la Sindaca, in esito all'esame delle 41 richieste di nomina pervenute entro il 30.8.2024, ha nominato la Dott.ssa Anna Maria Guglielmi quale candidata idonea a ricoprire la carica di Segretario Comunale presso il Comune di Campobasso;";;;;;;False
atto_33;docling;markdown;atto_33.md;101;;paragraph;text;OGGETTO: DETERMINAZIONI.;;;;;;False
atto_33;docling;markdown;atto_33.md;103;;list_item;list_item;"la Dott.ssa Anna Maria Guglielmi ha PRESO servizio quale Segretario Generale del Comune di Campobasso in DATA 23.9.2024;";;;;;;False
atto_33;docling;markdown;atto_33.md;105;;paragraph;text;"VISTA la DELIBERA di G.C. n. 246 del 17.10.2024 con cui sono stati approvati i Criteri di graduazione della retribuzione di posizione del Segretario Comunale (all. 1), elaborati ai sensi dell'art. 60 co. 2 del C.C.N.L. del 16.07.2024 in coerenza con la macrostruttura vigente all'epoca, dopo l'informativa alle OO.SS., con nota prot. 73867 del 09.10.2024, dello schema dei relativi Criteri senza che dalle stesse OO.SS. fosse stato richiesto il confronto;";;;;;VISTO;False
atto_33;docling;markdown;atto_33.md;107;;paragraph;text;"DATO ATTO che con la stessa D.G.C. n. 246/2024 si procedeva ad approvare la graduazione della retribuzione di posizione del Segretario Comunale come riportato nell'allegato 2, costituente parte integrante e sostanziale della stessa deliberazione, da cui si desume che alla posizione in questione era attribuita la retribuzione annua massima di € 53.665,99, in continuità con la posizione retributiva del precedente Segretario Generale;";;;;;DATO_ATTO;False
atto_33;docling;markdown;atto_33.md;109;;paragraph;text;VISTO il Contratto Collettivo Nazionale di Lavoro dell'Area Funzioni Locali per il triennio 2022-2024, sottoscritto in DATA 23.02.2026, con particolare riferimento agli articoli dal 34 al 40 i quali disciplinano il rapporto di lavoro dei Segretari comunali.;;;;;VISTO;False
atto_33;docling;markdown;atto_33.md;111;;paragraph;text;VISTO l'art. 38, comma 1, del CCNL del 23.02.2026 il quale dispone che la retribuzione di posizione del Segretario comunale di fascia A nominato in comuni capoluogo di provincia varia da un minimo di € 38.593,00 ad un massimo di € 56.668,99 annui lordi per tredici mensilità.;;;;;VISTO;False
atto_33;docling;markdown;atto_33.md;113;;paragraph;text;VISTO l'art. 38, comma 2, del CCNL del 23.02.2026 il quale dispone che gli enti determinino la retribuzione di posizione del Segretario comunale entro i valori di cui al comma 1, previo confronto ai sensi dell'art. 20, comma 1 lett. a), sulla base dei seguenti criteri di graduazione:;;;;;VISTO;False
atto_33;docling;markdown;atto_33.md;115;;paragraph;text;"a) complessità e responsabilità delle funzioni di cui all'art. 101 del CCNL 17.12.2020 in relazione al contesto organizzativo;";;;;;;False
atto_33;docling;markdown;atto_33.md;117;;paragraph;text;"b) attribuzione di funzioni aggiuntive rispetto a quelle previste dalla legge incidenti sulle responsabilità interne ed esterne, ivi comprese quelle implicanti la partecipazione ad organismi o commissioni, nonché l'incarico di responsabile della prevenzione della corruzione e della trasparenza;";;;;;;False
atto_33;docling;markdown;atto_33.md;119;;paragraph;text;c) situazioni di oggettivo disagio del contesto ambientale, geografico ed organizzativo, anche connesse all'ubicazione della sede, a carenze di organico o a difficoltà socioeconomiche.;;;;;;False
atto_33;docling;markdown;atto_33.md;121;;paragraph;text;"VISTO l'art. 38, comma 3 del CCNL del 23.02.2026 recante: ' Nei comuni capoluogo e nelle province, diversi dagli enti di cui al comma 3-bis, la soglia massima della retribuzione di posizione di cui al comma 1 può essere autonomamente rideterminata, per tener CONTO dell'esercizio delle funzioni in presenza di strutture complesse, in misura non superiore al 15% ove sussista la relativa capacità di bilancio e nel rispetto dell'art. 23, comma 2 del D. Lgs. n. 75/2017 .';";;;;;VISTO;False
atto_33;docling;markdown;atto_33.md;123;;paragraph;text;VISTO l'art. 38, comma 5, il quale dispone che gli enti assicurano, altresì, che nel complessivo rispetto dell'art. 23 comma 2 del D. Lgs. 75/2017 la retribuzione di posizione non sia inferiore a quella STABILITA nell'Ente per l'incarico dirigenziale più elevato in essere o, in assenza di dirigenti, a quella più elevata, STABILITA nell'Ente, per il personale con incarico di elevata qualificazione.;;;;;VISTO;False
atto_33;docling;markdown;atto_33.md;125;;paragraph;text;VISTO, altresì, l'art. 39 comma 2 -ter del CCNL del 23.02.2026 recante: ' La soglia massima di cui al comma 2 è elevata al 20%, fermi restando i limiti della propria capacità di spesa ed il rispetto dell'art. 23, comma 2 del D. Lgs. n. 75/2017, per i casi di seguito indicati limitatamente al periodo di svolgimento delle relative funzioni:;;;;;VISTO;False
atto_33;docling;markdown;atto_33.md;127;;paragraph;text;"1. segretari di enti con dirigenza di cui all'art. 38, commi 3 e 3-bis ';";;;;;;False
atto_33;docling;markdown;atto_33.md;129;;paragraph;text;(omissis);;;;;;False
atto_33;docling;markdown;atto_33.md;131;;paragraph;text;"CONSIDERATO che in conseguenza della sottoscrizione del C.C.N.L. del 23.02.2026 si è reso necessario disciplinare in maniera organica anche il sistema di graduazione della posizione del Segretario Generale e attribuzione della relativa retribuzione;";;;;;CONSIDERATO;False
atto_33;docling;markdown;atto_33.md;133;;paragraph;text;"VISTA la nota prot. n. 22052 del 24.03.2026 con la quale questa Amministrazione Comunale ha trasmesso alle Organizzazioni Sindacali, ai fini del confronto di cui all'art. 5 e all'art. 20, comma 1, lettera a) del CCNL del 23.02.2026, la bozza del Regolamento per il sistema di graduazione delle Posizioni Dirigenziali e della Posizione del Segretario Generale contenente, tra l'altro, i Criteri di graduazione della posizione del Segretario Generale e relativa retribuzione, come disciplinati negli artt. 6, 7 e 8;";;;;;VISTO;False
atto_33;docling;markdown;atto_33.md;135;;paragraph;text;"VISTO l'art. 5, comma 2, del CCNL del 23.02.2026 il quale dispone che: 'il confronto si avvia mediante l'invio ai soggetti sindacali degli elementi conoscitivi sulle misure da adottare, con le modalità previste per la informazione. A seguito della trasmissione delle informazioni, amministrazione e soggetti sindacali si incontrano se, entro 5 giorni lavorativi dall'informazione, il confronto è richiesto da questi ultimi anche singolarmente; l'incontro, se richiesto, deve comunque avvenire non oltre 10 giorni lavorativi dalla richiesta. ...' .";;;;;VISTO;False
atto_33;docling;markdown;atto_33.md;137;;paragraph;text;"DATO ATTO che, decorsi cinque giorni lavorativi dall'informativa, non sono pervenute né osservazioni né è stato richiesto il confronto, e, pertanto, la G.C. con deliberazione n. 78 del 01.04.2026 ha approvato il Regolamento per il sistema di graduazione delle Posizioni Dirigenziali e della Posizione del Segretario Generale, in sostituzione delle precedenti regolamentazioni;";;;;;DATO_ATTO;False
atto_33;docling;markdown;atto_33.md;139;;paragraph;text;"VISTA la DELIBERA di Giunta Comunale n. 68 del 27.03.2026, di modifica della macrostruttura organizzativa dell'Ente in vigore dal 01.04.2026;";;;;;VISTO;False
atto_33;docling;markdown;atto_33.md;141;;heading;heading;RITENUTO, alla luce:;;;;;RITENUTO;False
atto_33;docling;markdown;atto_33.md;143;;list_item;list_item;"del nuovo C.C.N.L. del 23.02.2026 sopra RICHIAMATO;";;;;;;False
atto_33;docling;markdown;atto_33.md;144;;list_item;list_item;"del nuovo Regolamento di graduazione della posizione anche del Segretario Generale approvato con D.G.C. n. 78/2026, in vigore dal 01.04.2026;";;;;;;False
atto_33;docling;markdown;atto_33.md;145;;list_item;list_item;"della nuova Macrostruttura, approvata con D.G.C. n. 68/2026, in vigore dal 01.04.2026; di dover procedere alla nuova graduazione della retribuzione di posizione del Segretario comunale sulla";;;;;;False
atto_33;docling;markdown;atto_33.md;147;;paragraph;text;"base dei nuovi Criteri;";;;;;;False
atto_33;docling;markdown;atto_33.md;149;;paragraph;text;"VISTO l'art. 9 del nuovo Regolamento per il sistema di graduazione delle Posizioni Dirigenziali e della Posizione del Segretario Generale che affida al Nucleo Indipendente di Valutazione (NIV) l'applicazione della metodologia di valutazione con relativa proposta di graduazione della posizione del Segretario Generale, di cui la Giunta Comunale prende ATTO con apposito ATTO deliberativo;";;;;;VISTO;False
atto_33;docling;markdown;atto_33.md;151;;paragraph;text;"VISTO il Verbale n. 5 del 09.04.2026 (All.1) del Nucleo Indipendente di Valutazione, in composizione ridotta, con il quale viene effettuata la proposta di graduazione della posizione del Segretario generale con punteggio pari a 99, secondo i parametri di cui allo schema riportato all'art. 6 del Regolamento per il sistema di graduazione delle Posizioni Dirigenziali e della Posizione del Segretario Generale approvato con D.G.C. n. 78 del 01.04.2026;";;;;;VISTO;False
atto_33;docling;markdown;atto_33.md;153;;paragraph;text;"CONSIDERATO che il NIV, nel citato Verbale, prende ATTO dell'errore materiale nel calcolo del totale generale riportato nella tabella relativa ai parametri di graduazione della posizione di Segretario Generale (art. 6 del Regolamento), ove è indicato un punteggio complessivo pari a 100 anziché 103, precisando che il punteggio conseguito non incide sul procedimento di pesatura, ATTESO che lo stesso punteggio rientra comunque nell'ultima fascia di retribuzione di posizione prevista dal Regolamento (punteggio > 76);";;;;;CONSIDERATO;False
atto_33;docling;markdown;atto_33.md;155;;paragraph;text;"PRESO ATTO, altresì, che con il succitato Verbale n. 5 del 09.04.2026 del NIV viene proposto di riconoscere alla posizione del Segretario Generale di Campobasso oltre al punteggio pari a 99 anche il Fattore Plus, di cui all'art. 8 del citato Regolamento , nella misura del 15% ' in ragione della rilevante complessità dell'incarico, connessa alle funzioni di coordinamento generale dell'Ente, di sovrintendenza e impulso dell'attività dirigenziale, nonché di assistenza giuridico-amministrativa agli organi istituzionali e di garanzia della legittimità dell'azione amministrativa. La suddetta valutazione tiene altresì CONTO del ruolo strategico del Comune di Campobasso quale capoluogo di Regione ed ente capofila dell'ATS Medio Molise, ai sensi dell'art. 38, comma 3, del CCNL Area Funzioni Locali , nonché della responsabilità di direzione di settori di particolare rilievo';";;;;;PRESO_ATTO;False
atto_33;docling;markdown;atto_33.md;157;;paragraph;text;"RITENUTO di dover procedere alla determinazione della retribuzione di posizione in godimento al Segretario comunale nella misura annua lorda per tredici mensilità di € 65.169,34, a decorrere dal 01.04.2026 , DATA di entrata in vigore della nuova Macrostruttura, in ragione dell'attribuzione da parte del NIV del punteggio pari a 99 e del Fattore Plus del 15% , in ordine alla graduazione della posizione del Segretario Generale del Comune di Campobasso, come riportato nell' All.2, facente parte integrante e sostanziale del presente ATTO;";;;;;RITENUTO;False
atto_33;docling;markdown;atto_33.md;159;;paragraph;text;"RITENUTO, altresì, di riconoscere ai sensi dell' art. 39 comma 2-ter del CCNL firmato il 23.02.3026 alla posizione del Segretario generale una retribuzione di risultato , correlata alla valutazione della performance, la quale dovrà tenere CONTO anche delle funzioni aggiuntive conferite, per un importo pari al 20% del monte salari erogato al Segretario Generale nell'anno a cui è riferita la valutazione , a carico del bilancio comunale e nei limiti della capacità di spesa dell'Ente e nel rispetto dell'art. 23, comma 2 del D. Lgs. n. 75/2017;";;;;;RITENUTO;False
atto_33;docling;markdown;atto_33.md;161;;paragraph;text;"VISTA la Deliberazione di Giunta comunale n. 97 del 29/04/2026 di Variazione al Piano Esecutivo di Gestione 2026/2028, ai sensi dell'art. 175 co. 5 bis del D.Lgs. 267/2000;";;;;;VISTO;False
atto_33;docling;markdown;atto_33.md;163;;paragraph;text;"RITENUTO opportuno individuare quale Dirigente firmatario del presente provvedimento il Vice Segretario Generale, dott. Nicola Sardella, in quanto - per ragioni di incompatibilità - il Segretario generale dell'Ente risulta direttamente interessato dal presente provvedimento;";;;;;RITENUTO;False
atto_33;docling;markdown;atto_33.md;165;;paragraph;text;"VALUTATI gli aspetti sostanziali della presente deliberazione il Dirigente del Settore competente a rilasciare il parere di regolarità tecnica ai sensi dell'art.49, comma 1, del D.Lgs. n.267/00, dichiara che la stessa comporta riflessi diretti sul bilancio e sulla situazione economica e finanziaria dell'Ente;";;;;;VALUTATO;False
atto_33;docling;markdown;atto_33.md;167;;paragraph;text;"VISTI i pareri in ordine alla regolarità tecnica e contabile espressi ai sensi dell'articolo 49 del D.Lgs. n. 267/2000;";;;;;VISTI_PARERI;False
atto_33;docling;markdown;atto_33.md;169;;paragraph;text;"VISTA la DELIBERA di Giunta Comunale n. 59 del 09.03.2020 avente ad oggetto: 'SVOLGIMENTO DELLE SEDUTE DI GIUNTA COMUNALE IN AUDIO CONFERENZA VIDEOCONFERENZA E/O TELECONFERENZA. APPROVAZIONE DI LINEE GUIDA';";;;;;VISTO;False
atto_33;docling;markdown;atto_33.md;171;;paragraph;text;Con voti unanimi e palesi, espressi nei modi e nelle forme di legge,;;0.0;;;;False
atto_33;docling;markdown;atto_33.md;173;;heading;heading;DELIBERA;;;;DELIBERA;DELIBERA;False
atto_33;docling;markdown;atto_33.md;175;;paragraph;text;Per le ragioni sopra esposte che costituiscono parte integrante e sostanziale del presente provvedimento:;;;;;;False
atto_33;docling;markdown;atto_33.md;177;;list_item;list_item;DELIBERA DI GIUNTA n. 98 del 29-04-2026 - pag. 5 - COMUNE DI CAMPOBASSO 1. di rettificare, come riportato nell' All.3 (EVIDENZIATO in verde) che ne forma parte integrante e;;;;;DELIBERA;True
atto_33;docling;markdown;atto_33.md;178;;list_item;list_item;"sostanziale del presente ATTO, il totale dello schema riportato all'art. 6 del Regolamento per il sistema di graduazione delle Posizioni Dirigenziali e della Posizione del Segretario Generale approvato con D.G.C. n. 78 del 01.04.2026, nella parte in cui riporta erroneamente un punteggio complessivo pari a 100 anziché a 103, ATTESO che sia il punteggio 100 che il punteggio 103 non incide sul procedimento di pesatura, in quanto rientrano, comunque, nell'ultima fascia di retribuzione di posizione prevista dall'art. 7 dello stesso Regolamento ( punteggio > 76 );";;;;;;False
atto_33;docling;markdown;atto_33.md;179;;paragraph;text;"2. di prendere ATTO del Verbale n. 5 del 09.04.2026 del Nucleo Indipendente di Valutazione (All.1) con il quale viene effettuata la proposta di graduazione della posizione del Segretario generale con punteggio pari a 99 e del Fattore Plus del 15%, rispettivamente secondo i parametri di cui allo schema riportato all'art. 6 e i criteri di cui all'art. 8 del Regolamento per il sistema di graduazione delle Posizioni Dirigenziali e della Posizione del Segretario Generale approvato con D.G.C. n. 78 del 01.04.2026;";;;;;;False
atto_33;docling;markdown;atto_33.md;180;;paragraph;text;"3. di approvare la suddetta proposta di graduazione della posizione del Segretario generale come da scheda ivi allegata (All.2) che ne forma parte integrante e e sostanziale del presente ATTO, nonché il Fattore Plus, di cui all'art. 8 del citato Regolamento, nella misura del 15% ' in ragione della rilevante complessità dell'incarico, connessa alle funzioni di coordinamento generale dell'Ente, di sovrintendenza e impulso dell'attività dirigenziale, nonché di assistenza giuridicoamministrativa agli organi istituzionali e di garanzia della legittimità dell'azione amministrativa. La suddetta valutazione tiene altresì CONTO del ruolo strategico del Comune di Campobasso quale capoluogo di Regione ed ente capofila dell'ATS Medio Molise, ai sensi dell'art. 38, comma 3, del CCNL Area Funzioni Locali, nonché della responsabilità di direzione di settori di particolare rilievo';";;;;;;False
atto_33;docling;markdown;atto_33.md;181;;paragraph;text;"4. di determinare la retribuzione di posizione in godimento al Segretario comunale nella misura annua lorda per tredici mensilità di € 65.169,34, a decorrere dal 01.04.2026 , in considerazione del punteggio pari a 99, in ordine alla graduazione della posizione del Segretario Generale, corrispondente alla terza fascia di graduazione della retribuzione di posizione, ai sensi dell'art. 7 del Regolamento per il sistema di graduazione delle Posizioni Dirigenziali e della Posizione del Segretario Generale, comprensiva, altresì, dell'incremento del fattore plus nella misura del 15% , attribuito ai sensi dell'art. 8 del citato Regolamento, come riportato nell' All.2 che costituisce parte integrante e sostanziale del presente ATTO;";;;;;;False
atto_33;docling;markdown;atto_33.md;182;;paragraph;text;"5. di riconoscere ai sensi dell'art. 39 comma 2-ter del CCNL firmato il 23.02.3026 alla posizione del Segretario Generale una retribuzione di risultato , correlata alla valutazione della performance, la quale dovrà tenere CONTO anche delle funzioni aggiuntive conferite, pari al 20% del monte salari erogato al Segretario Generale nell'anno a cui è riferita la valutazione, a carico del bilancio comunale e nei limiti della capacità di spesa dell'Ente e nel rispetto dell'art. 23, comma 2 del D. Lgs. n. 75/2017;";;;;;;False
atto_33;docling;markdown;atto_33.md;183;;paragraph;text;"6. di trasmettere copia del presente ATTO alle Organizzazioni Sindacali ed al Settore Risorse Umane per il seguito di competenza;";;;;;;False
atto_33;docling;markdown;atto_33.md;184;;paragraph;text;7. di dichiarare, con separata ed unanime votazione palese, il presente ATTO immediatamente eseguibile a norma dell'art. 134, comma 4, del D. L.gs. n. 267 del 18.8.2000, stante l'urgenza di provvedere.;;;;;;False
atto_33;docling;markdown;atto_33.md;186;;paragraph;text;Il presente verbale viene sottoscritto con firma digitale.;;;;;;False
atto_33;docling;markdown;atto_33.md;188;;paragraph;text;La Sindaca Marialuisa Forte Il Vice Segretario Generale Nicola Sardella;;;;;;False
atto_34;docling;markdown;atto_34.md;1;;paragraph;text;;;;;;;True
atto_34;docling;markdown;atto_34.md;3;;heading;heading;DELIBERAZIONE DELLA GIUNTA COMUNALE;;;;;;False
atto_34;docling;markdown;atto_34.md;5;;heading;heading;DELIBERAZIONE N. 100;;;;;;False
atto_34;docling;markdown;atto_34.md;7;;heading;heading;OGGETTO: INSTALLAZIONE LUMINARIE DECORATIVE AL CENTRO STORICO. DETERMINAZIONI.;;;;;;False
atto_34;docling;markdown;atto_34.md;9;;paragraph;text;L'anno duemilaventisei il giorno ventinove del mese di aprile alle ore 12:50 in Campobasso, nella Sede Comunale.;;;;;;False
atto_34;docling;markdown;atto_34.md;11;;paragraph;text;A seguito della convocazione disposta dalla Sindaca Marialuisa Forte si è riunita la Giunta Comunale nelle persone dei Signori:;;;;;;False
atto_34;docling;markdown;atto_34.md;13;;paragraph;text;Forte Marialuisa;;;;;;False
atto_34;docling;markdown;atto_34.md;15;;paragraph;text;Sindaca;;;;;;False
atto_34;docling;markdown;atto_34.md;17;;paragraph;text;Presente;;;;;;False
atto_34;docling;markdown;atto_34.md;19;;paragraph;text;Chierchia Bibiana;;;;;;False
atto_34;docling;markdown;atto_34.md;21;;paragraph;text;Assessore;;;;;;False
atto_34;docling;markdown;atto_34.md;23;;paragraph;text;Presente in videoconferenza;;;;;;False
atto_34;docling;markdown;atto_34.md;25;;paragraph;text;Cretella Simone;;;;;;False
atto_34;docling;markdown;atto_34.md;27;;paragraph;text;Assessore;;;;;;False
atto_34;docling;markdown;atto_34.md;29;;paragraph;text;Presente in videoconferenza;;;;;;False
atto_34;docling;markdown;atto_34.md;31;;paragraph;text;Maio Mimmo;;;;;;False
atto_34;docling;markdown;atto_34.md;33;;paragraph;text;Assessore;;;;;;False
atto_34;docling;markdown;atto_34.md;35;;paragraph;text;Presente in videoconferenza;;;;;;False
atto_34;docling;markdown;atto_34.md;37;;paragraph;text;Trivisonno Giuseppe;;;;;;False
atto_34;docling;markdown;atto_34.md;39;;paragraph;text;Vice Sindaco;;;;;;False
atto_34;docling;markdown;atto_34.md;41;;paragraph;text;Presente in videoconferenza;;;;;;False
atto_34;docling;markdown;atto_34.md;43;;paragraph;text;Fraracci Adele;;;;;;False
atto_34;docling;markdown;atto_34.md;45;;paragraph;text;Assessore;;;;;;False
atto_34;docling;markdown;atto_34.md;47;;paragraph;text;Presente in videoconferenza;;;;;;False
atto_34;docling;markdown;atto_34.md;49;;paragraph;text;Marcheggiani Angelo;;;;;;False
atto_34;docling;markdown;atto_34.md;51;;paragraph;text;Assessore;;;;;;False
atto_34;docling;markdown;atto_34.md;53;;paragraph;text;Presente in videoconferenza;;;;;;False
atto_34;docling;markdown;atto_34.md;55;;paragraph;text;Panichella Giuseppina;;;;;;False
atto_34;docling;markdown;atto_34.md;57;;paragraph;text;Assessore;;;;;;False
atto_34;docling;markdown;atto_34.md;59;;paragraph;text;Presente;;;;;;False
atto_34;docling;markdown;atto_34.md;61;;paragraph;text;Bucci Raffaele;;;;;;False
atto_34;docling;markdown;atto_34.md;63;;paragraph;text;Assessore;;;;;;False
atto_34;docling;markdown;atto_34.md;65;;paragraph;text;Assente;;;;;;False
atto_34;docling;markdown;atto_34.md;67;;paragraph;text;presenti num. 8 e assenti num. 1.;;;;;;False
atto_34;docling;markdown;atto_34.md;69;;paragraph;text;Con la partecipazione del Segretario Generale del Comune Dirigente Anna Maria Guglielmi;;;;;;False
atto_34;docling;markdown;atto_34.md;71;;paragraph;text;Il Presidente, constatata la legalità dell'adunanza, invita la giunta alla trattazione dell'argomento in oggetto;;;;;;False
atto_34;docling;markdown;atto_34.md;73;;heading;heading;Deliberazione Numero 100 del 29-04-2026;;;;;;False
atto_34;docling;markdown;atto_34.md;75;;paragraph;text;OGGETTO: INSTALLAZIONE LUMINARIE DECORATIVE AL CENTRO STORICO. DETERMINAZIONI.;;;;;;False
atto_34;docling;markdown;atto_34.md;77;;heading;heading;LA GIUNTA COMUNALE;;;;;;False
atto_34;docling;markdown;atto_34.md;79;;paragraph;text;"Su proposta dell'Assessore al Marketing territoriale, Turismo e Attività Economiche, Giuseppe Trivisonno, in base all'istruttoria del Dirigente dell'Area Servizi Culturali e Servizi Demografici - Settore Politiche Culturali, del Turismo e della Pubblica Istruzione, avv. Annamaria Macchiarola, come da decreto sindacale n. 7 del 31/03/2026 - Registro Generale Decreti n. 7 del 31/03/2026;";;;;;;False
atto_34;docling;markdown;atto_34.md;81;;heading;heading;PREMESSO;;;;;PREMESSO;False
atto_34;docling;markdown;atto_34.md;83;;list_item;list_item;"che l'Amministrazione comunale ha tra i propri obiettivi prioritari la promozione e la valorizzazione turistica e culturale del territorio, impegnandosi nello sviluppo dello stesso attraverso iniziative volte a rendere più attrattivo il centro cittadino, favorendo l'aggregazione sociale e la fruizione degli spazi urbani da parte della comunità locale e dei visitatori;";;;;;;False
atto_34;docling;markdown;atto_34.md;84;;list_item;list_item;"che l'installazione di luminarie decorative rappresenta uno strumento di valorizzazione del tessuto urbano e commerciale, contribuendo a migliorare l'immagine della città, a incentivare i flussi turistici e la vivibilità degli spazi pubblici;";;;;;;False
atto_34;docling;markdown;atto_34.md;85;;list_item;list_item;"che l'illuminazione decorativa ha già dimostrato, in numerosi contesti, di essere un valido strumento di marketing urbano, poiché stimola la permanenza dei turisti e dei residenti, aumentando la percezione di sicurezza e incentiva l'attività commerciale, in particolare durante le ore serali e notturne;";;;;;;False
atto_34;docling;markdown;atto_34.md;86;;list_item;list_item;"che con Deliberazione di Giunta Comunale n. 104 del 18.04.2025 e con D.D. n. 3956 del 15.10.2025 è stata avviata una fase sperimentale di illuminazione decorativa nel centro storico della città che aveva come finalità l'aumento della sua attrattività in particolare durante gli eventi organizzati nel centro cittadino, nonché il miglioramento della percezione di sicurezza;";;;;;;False
atto_34;docling;markdown;atto_34.md;87;;list_item;list_item;"che le luci decorative sono state installate nelle seguenti vie del centro storico: Via Ferrari, Via Orefici, Via Isernia, Scalinata Fred Bongusto, Vicolo S. Maria della Croce, Via S. Antonio Abate, Piazzetta Porta S. Antonio Abate, Via Marconi, Via Porta Mancini, Via Ziccardi, Piazza Palombo, Vicoletto tra piazza San Leonardo e via dell'Olmo;";;;;;;False
atto_34;docling;markdown;atto_34.md;88;;list_item;list_item;"che la presenza delle luci decorative ha EVIDENZIATO un impatto positivo sul decoro urbano e sulla vivibilità del centro storico, ricevendo apprezzamento da parte dei cittadini, dei commercianti e degli operatori turistici;";;;;;;False
atto_34;docling;markdown;atto_34.md;90;;heading;heading;RITENUTO:;;;;;RITENUTO;False
atto_34;docling;markdown;atto_34.md;92;;list_item;list_item;"che l'iniziativa rientra pienamente nelle linee programmatiche dell'Amministrazione comunale e nelle sue finalità istituzionali, in quanto diretta alla promozione e valorizzazione del territorio e allo sviluppo dell'attrattività turistica del centro cittadino;";;;;;;False
atto_34;docling;markdown;atto_34.md;93;;list_item;list_item;"di proseguire l'esperimento delle luminarie decorative nell'anno 2026 fino al termine delle festività natalizie, ovvero fino al 7 gennaio 2027, per consolidarne gli effetti positivi e al fine di valutare l'eventuale installazione permanente e/o l'estensione ad altre aree, CONSIDERATO che il miglioramento della visibilità e dell'estetica del centro storico potrà anche favorire la partecipazione della comunità a eventi culturali, artistici e commerciali, con un ritorno positivo sull'indotto turistico ed economico della città;";;;;;;False
atto_34;docling;markdown;atto_34.md;95;;list_item;list_item;"di dare mandato al Settore Turismo di garantire l'attuazione del presente indirizzo procedendo all'adozione di tutti gli atti necessari ad assicurare l'illuminazione decorativa nel centro storico negli stessi siti in cui è partita la sperimentazione, con incremento nelle seguenti ulteriori vie: Via Roma, Via S. Maria della Croce, Fondaco della Farina, mediante l'uso di tecnologie ecocompatibili, dando ATTO che la spesa graverà sui capitoli di bilancio previsti per la promozione del turismo;";;;;;;False
atto_34;docling;markdown;atto_34.md;97;;paragraph;text;"VALUTATI gli aspetti sostanziali della presente deliberazione, il Dirigente del Settore competente a rilasciare il parere di regolarità tecnica ai sensi dell'art. 49, comma 1, del D.Lgs. n. 267/00, dichiara che la stessa comporta riflessi diretti sul bilancio e sulla situazione economica e finanziaria dell'Ente;";;;;;VALUTATO;False
atto_34;docling;markdown;atto_34.md;99;;paragraph;text;"VISTI i pareri favorevoli in ordine alla regolarità tecnica e contabile espressi ai sensi dell'articolo 49 del D. Lgs. 267/2000;";;;;;VISTI_PARERI;False
atto_34;docling;markdown;atto_34.md;101;;paragraph;text;"VISTA la Deliberazione di Giunta Comunale n. 105 del 13/04/2022 avente ad oggetto: 'Svolgimento delle sedute di Giunta Comunale in audioconferenza, videoconferenza e/o teleconferenza. Aggiornamento linee guida approvate con DELIBERA di Giunta Comunale n. 59 del 09/03/2020';";;;;;VISTO;False
atto_34;docling;markdown;atto_34.md;103;;paragraph;text;Con votazione unanime e palese, resa nelle forme di legge;;0.0;;;;False
atto_34;docling;markdown;atto_34.md;105;;heading;heading;DELIBERA;;;;DELIBERA;DELIBERA;False
atto_34;docling;markdown;atto_34.md;107;;paragraph;text;Per i motivi espressi in narrativa che qui si intendono integralmente RICHIAMATI:;;;;;;False
atto_34;docling;markdown;atto_34.md;109;;list_item;list_item;"di proseguire l'esperimento delle luci decorative nel centro storico della città nell'anno 2026 fino al termine delle festività natalizie, ovvero fino al 7 gennaio 2027, per consolidarne gli effetti positivi e al fine di valutare l'eventuale installazione permanente e/o l'estensione ad altre aree, CONSIDERATO che il miglioramento della visibilità e dell'estetica del centro storico potrà anche favorire la partecipazione della comunità a eventi culturali, artistici e commerciali, con un ritorno positivo sull'indotto turistico ed economico della città;";;;;;;False
atto_34;docling;markdown;atto_34.md;110;;list_item;list_item;"di dare mandato al Settore Turismo di garantire l'attuazione del presente indirizzo procedendo all'adozione di tutti gli atti necessari ad assicurare l'illuminazione decorativa nel centro storico della città negli stessi siti in cui è partita la sperimentazione, con incremento nelle seguenti ulteriori vie: Via Roma, Via S. Maria della Croce, Fondaco della Farina, mediante l'uso di tecnologie ecocompatibili, dando ATTO che la spesa graverà sui capitoli di bilancio previsti per la promozione del turismo;";;;;;;False
atto_34;docling;markdown;atto_34.md;111;;list_item;list_item;"di dare ATTO che il presente provvedimento sarà pubblicato all'Albo Pretorio on-line dell'Ente, ai sensi dell'art. 124 del decreto legislativo n. 267/2000 e s.m.i.;";;;;;;False
atto_34;docling;markdown;atto_34.md;112;;list_item;list_item;di dichiarare, con separata ed unanime votazione, espressa come per legge, il presente provvedimento immediatamente eseguibile, ai sensi dell'art. 134, co. 4, del D.lgs. n. 267/2000, stante l'urgenza di provvedere.;;;;;;False
atto_34;docling;markdown;atto_34.md;114;;paragraph;text;Il presente verbale viene sottoscritto con firma digitale.;;;;;;False
atto_34;docling;markdown;atto_34.md;116;;paragraph;text;La Sindaca Il Segretario Generale Marialuisa Forte Anna Maria Guglielmi;;;;;;False
atto_35;docling;markdown;atto_35.md;1;;paragraph;text;;;;;;;True
atto_35;docling;markdown;atto_35.md;3;;heading;heading;DELIBERAZIONE DELLA GIUNTA COMUNALE;;;;;;False
atto_35;docling;markdown;atto_35.md;5;;heading;heading;DELIBERAZIONE N. 102;;;;;;False
atto_35;docling;markdown;atto_35.md;7;;paragraph;text;"OGGETTO: MODIFICA DEL DISCIPLINARE ATTUATIVO PER I SERVIZI DI ASSISTENZA SOCIO-SANITARIA IN FAVORE DELLE PERSONE IN CONDIZIONE DI FRAGILITÀ ECONOMICA E SOCIALE, NELL'AMBITO DEL PROGETTO ""AMBULATORIO SOLIDALE"".";;;;;;False
atto_35;docling;markdown;atto_35.md;9;;paragraph;text;L'anno duemilaventisei il giorno ventinove del mese di aprile alle ore 12:50 in Campobasso, nella Sede Comunale.;;;;;;False
atto_35;docling;markdown;atto_35.md;11;;paragraph;text;A seguito della convocazione disposta dalla Sindaca Marialuisa Forte si è riunita la Giunta Comunale nelle persone dei Signori:;;;;;;False
atto_35;docling;markdown;atto_35.md;13;;paragraph;text;Forte Marialuisa;;;;;;False
atto_35;docling;markdown;atto_35.md;15;;paragraph;text;Sindaca;;;;;;False
atto_35;docling;markdown;atto_35.md;17;;paragraph;text;Presente;;;;;;False
atto_35;docling;markdown;atto_35.md;19;;paragraph;text;Chierchia Bibiana;;;;;;False
atto_35;docling;markdown;atto_35.md;21;;paragraph;text;Assessore;;;;;;False
atto_35;docling;markdown;atto_35.md;23;;paragraph;text;Presente in videoconferenza;;;;;;False
atto_35;docling;markdown;atto_35.md;25;;paragraph;text;Cretella Simone;;;;;;False
atto_35;docling;markdown;atto_35.md;27;;paragraph;text;Assessore;;;;;;False
atto_35;docling;markdown;atto_35.md;29;;paragraph;text;Presente;;;;;;False
atto_35;docling;markdown;atto_35.md;31;;paragraph;text;Maio Mimmo;;;;;;False
atto_35;docling;markdown;atto_35.md;33;;paragraph;text;Assessore;;;;;;False
atto_35;docling;markdown;atto_35.md;35;;paragraph;text;Presente in videoconferenza;;;;;;False
atto_35;docling;markdown;atto_35.md;37;;paragraph;text;Trivisonno Giuseppe;;;;;;False
atto_35;docling;markdown;atto_35.md;39;;paragraph;text;Vice Sindaco;;;;;;False
atto_35;docling;markdown;atto_35.md;41;;paragraph;text;Presente in videoconferenza;;;;;;False
atto_35;docling;markdown;atto_35.md;43;;paragraph;text;Fraracci Adele;;;;;;False
atto_35;docling;markdown;atto_35.md;45;;paragraph;text;Assessore;;;;;;False
atto_35;docling;markdown;atto_35.md;47;;paragraph;text;Presente in videoconferenza;;;;;;False
atto_35;docling;markdown;atto_35.md;49;;paragraph;text;Marcheggiani Angelo;;;;;;False
atto_35;docling;markdown;atto_35.md;51;;paragraph;text;Assessore;;;;;;False
atto_35;docling;markdown;atto_35.md;53;;paragraph;text;Presente in videoconferenza;;;;;;False
atto_35;docling;markdown;atto_35.md;55;;paragraph;text;Panichella Giuseppina;;;;;;False
atto_35;docling;markdown;atto_35.md;57;;paragraph;text;Assessore;;;;;;False
atto_35;docling;markdown;atto_35.md;59;;paragraph;text;Presente;;;;;;False
atto_35;docling;markdown;atto_35.md;61;;paragraph;text;Bucci Raffaele;;;;;;False
atto_35;docling;markdown;atto_35.md;63;;paragraph;text;Assessore;;;;;;False
atto_35;docling;markdown;atto_35.md;65;;paragraph;text;Presente;;;;;;False
atto_35;docling;markdown;atto_35.md;67;;paragraph;text;presenti num. 9 e assenti num. 0.;;;;;;False
atto_35;docling;markdown;atto_35.md;69;;paragraph;text;Con la partecipazione del Segretario Generale del Comune Dirigente Anna Maria Guglielmi;;;;;;False
atto_35;docling;markdown;atto_35.md;71;;paragraph;text;Il Presidente, constatata la legalità dell'adunanza, invita la giunta alla trattazione dell'argomento in oggetto;;;;;;False
atto_35;docling;markdown;atto_35.md;73;;heading;heading;Deliberazione Numero 102 del 29-04-2026;;;;;;False
atto_35;docling;markdown;atto_35.md;75;;paragraph;text;MODIFICA DEL DISCIPLINARE ATTUATIVO PER I SERVIZI DI ASSISTENZA SOCIO-SANITARIA IN FAVORE DELLE PERSONE IN CONDIZIONE DI FRAGILITÀ ECONOMICA E SOCIALE, NELL'AMBITO;;;;;;False
atto_35;docling;markdown;atto_35.md;77;;paragraph;text;"OGGETTO: DEL PROGETTO ""AMBULATORIO SOLIDALE"".";;;;;;False
atto_35;docling;markdown;atto_35.md;79;;heading;heading;LA GIUNTA COMUNALE;;;;;;False
atto_35;docling;markdown;atto_35.md;81;;paragraph;text;"Su proposta dell'Assessore alle Politiche Sanitarie ed alla Diversabilità, Dott. Angelo Marcheggiani, in base all'istruttoria del Dirigente dell'Area Risorse e Politiche Sociali, Dott. Nicola Sardella;";;;;;;False
atto_35;docling;markdown;atto_35.md;83;;heading;heading;PREMESSO che:;;;;;PREMESSO;False
atto_35;docling;markdown;atto_35.md;85;;list_item;list_item;"l'Amministrazione Comunale di Campobasso persegue l'obiettivo di potenziare l'assistenza per le persone in condizione di grave emarginazione sociale, facilitando l'accesso a diagnosi e cure;";;;;;;False
atto_35;docling;markdown;atto_35.md;86;;list_item;list_item;"con deliberazione di Giunta Comunale n. 38 del 27/02/2025 è stato approvato il Protocollo d'intesa con l'Ordine Provinciale dei Medici-Chirurghi e degli Odontoiatri di Campobasso (OMCEO Campobasso) e l'Associazione di Promozione Sociale Shomer Campobasso per il contrasto alle disuguaglianze di salute;";;;;;;False
atto_35;docling;markdown;atto_35.md;87;;list_item;list_item;"con deliberazione di Giunta Comunale n. 197 del 25/07/2025 stato approvato il Disciplinare attuativo volto a regolamentare l'accesso ai suddetti servizi sperimentali;";;;;;;False
atto_35;docling;markdown;atto_35.md;89;;paragraph;text;"DATO ATTO che nel corso di questo primo anno di applicazione del disciplinare in parola si sono riscontrate diverse criticità, sia da parte dell'assistente sociale referente che della stessa APS Shomer, constatando nello specifico che, a fronte di nuclei in povertà estrema, gli stessi non potevano accedere a tale misura messa in campo all'uopo dal Comune poiché non in possesso dei requisiti indicati nel disciplinare;";;;;;DATO_ATTO;False
atto_35;docling;markdown;atto_35.md;91;;heading;heading;EVIDENZIATO, come da nota dell'assistente sociale referente che opportunamente si allega, che:;;;;;EVIDENZIATO;False
atto_35;docling;markdown;atto_35.md;93;;list_item;list_item;"detto disciplinare, all'art. 3 prevede che 'Le prestazioni mediche specialistiche sono destinate ai cittadini vulnerabili dal punto di VISTA socio-economico con esenzione del ticket sanitario per motivi di reddito e residenti nel Comune di Campobasso' ;";;;;;;False
atto_35;docling;markdown;atto_35.md;94;;list_item;list_item;"l'esenzione del ticket sanitario spetta a cittadini con specifiche condizioni di reddito abbinate all'età o alla condizione lavorativa, non anche a chi ha un ISEE 0 (zero), che si troverebbe paradossalmente tagliato fuori dal beneficio di che trattasi, pur in presenza di una situazione economica di estremo bisogno;";;;;;;False
atto_35;docling;markdown;atto_35.md;96;;heading;heading;CONSIDERATO che:;;;;;CONSIDERATO;False
atto_35;docling;markdown;atto_35.md;98;;list_item;list_item;"-si rende necessario affinare i criteri di accesso alle prestazioni sanitarie e al supporto per l'acquisto di dispositivi medici, al fine di garantire l'intervento prioritario verso le fasce di estrema indigenza;";;;;;;False
atto_35;docling;markdown;atto_35.md;99;;list_item;list_item;"l'Amministrazione intende focalizzare l'efficacia della misura in favore di quei soggetti che versano in stato di povertà assoluta, spesso privi di qualsiasi fonte di reddito documentabile;";;;;;;False
atto_35;docling;markdown;atto_35.md;101;;heading;heading;RITENUTO pertanto opportuno, per quanto innanzi detto, di:;;;;;RITENUTO;False
atto_35;docling;markdown;atto_35.md;103;;list_item;list_item;"-modificare il Disciplinare attuativo introducendo, quale ulteriore requisito essenziale per l'accesso ai servizi di che trattasi, il possesso di un'attestazione ISEE (Indicatore della Situazione Economica Equivalente) pari a € 0,00;";;;;;;False
atto_35;docling;markdown;atto_35.md;105;;paragraph;text;"-dare ATTO che tale modifica dell'art. 3 è finalizzata a garantire la massima equità sociale e a indirizzare le risorse disponibili verso i casi di ACCERTATA e totale assenza di capacità economica;";;;;;;False
atto_35;docling;markdown;atto_35.md;107;;paragraph;text;"VALUTATI gli aspetti sostanziali della presente deliberazione il Dirigente del Settore competente a rilasciare il parere di regolarità tecnica ai sensi dell'art.49, comma 1, del D.Lgs. n.267/00, dichiara che la stessa comporta riflessi indiretti sul bilancio e sulla situazione economica e finanziaria dell'Ente;";;;;;VALUTATO;False
atto_35;docling;markdown;atto_35.md;109;;paragraph;text;"ACQUISITI i pareri favorevoli in ordine alla regolarità tecnica e contabile espressi ai sensi dell'articolo 49 del D. Lgs. 267/2000;";;;;;ACQUISITI_PARERI;False
atto_35;docling;markdown;atto_35.md;111;;paragraph;text;"VISTO il vigente Statuto comunale;";;;;;VISTO;False
atto_35;docling;markdown;atto_35.md;113;;paragraph;text;"VISTO il decreto legislativo n. 267/2000 e s.m.i.;";;;;;VISTO;False
atto_35;docling;markdown;atto_35.md;115;;paragraph;text;"VISTA la Deliberazione di Giunta Comunale n. 105 del 13/04/2022 avente ad oggetto: 'Svolgimento delle sedute di Giunta Comunale in audioconferenza, videoconferenza e/o teleconferenza. Aggiornamento linee guida approvate con DELIBERA di Giunta Comunale n. 59 del 09/03/2020'; Con voti unanimi e palesi resi come per legge;";;274.0;;;VISTO;False
atto_35;docling;markdown;atto_35.md;117;;heading;heading;DELIBERA;;;;DELIBERA;DELIBERA;False
atto_35;docling;markdown;atto_35.md;119;;paragraph;text;Per tutto quanto espresso in narrativa e qui integralmente RICHIAMATO:;;;;;;False
atto_35;docling;markdown;atto_35.md;121;;list_item;list_item;"1) di modificare il Disciplinare attuativo introducendo, quale ulteriore requisito essenziale per l'accesso ai servizi, il possesso di un'attestazione ISEE (Indicatore della Situazione Economica Equivalente) pari a € 0,00;";;;;;;False
atto_35;docling;markdown;atto_35.md;122;;list_item;list_item;"2) di trasmettere il presente ATTO all'APS Shomer che gestisce le istanze di richiesta delle misure in parola, nei termini previsti dal Disciplinare;";;;;;;False
atto_35;docling;markdown;atto_35.md;123;;list_item;list_item;3) di dichiarare con separata e unanime votazione palese, espressa come per legge, il presente provvedimento immediatamente eseguibile, ai sensi dell'art. 134, co. 4, D.Lgs. n. 267/2000, al fine di dar seguito al progetto in parola, stante l'urgenza di provvedere.;;;;;;False
atto_35;docling;markdown;atto_35.md;125;;paragraph;text;Il presente verbale viene sottoscritto con firma digitale.;;;;;;False
atto_35;docling;markdown;atto_35.md;127;;paragraph;text;La Sindaca Marialuisa Forte;;;;;;False
atto_35;docling;markdown;atto_35.md;129;;paragraph;text;Il Segretario Generale Anna Maria Guglielmi;;;;;;False
atto_36;docling;markdown;atto_36.md;1;;paragraph;text;;;;;;;True
atto_36;docling;markdown;atto_36.md;3;;paragraph;text;COMUNE DI PISTOIA;;;;;;False
atto_36;docling;markdown;atto_36.md;5;;heading;heading;ESTRATTO DAL VERBALE DELLE DELIBERAZIONI DELLA GIUNTA COMUNALE;;;;;;False
atto_36;docling;markdown;atto_36.md;7;;paragraph;text;Deliberazione N. 331;;;;;;False
atto_36;docling;markdown;atto_36.md;9;;paragraph;text;Seduta del 19/12/2019;;;;;;False
atto_36;docling;markdown;atto_36.md;11;;paragraph;text;Oggetto: VISITING PISTOIA 2019/2020 - CONTRIBUTO PER L'APERTURA AI TURISTI DELLA CHIESA DI SAN GIOVANNI FUORCIVITAS NEL PERIODO DELLE FESTIVITA' NATALIZIE. -;;;;;;False
atto_36;docling;markdown;atto_36.md;13;;paragraph;text;------------------------------------------------------------------;;;;;;False
atto_36;docling;markdown;atto_36.md;15;;paragraph;text;L'anno Duemiladiciannove il giorno diciannove del mese di Dicembre alle ore 10:45 nel Palazzo Comunale e nella sala delle proprie sedute, si e' riunita la Giunta Comunale.;;;;;;False
atto_36;docling;markdown;atto_36.md;17;;paragraph;text;Sono intervenuti i Signori :;;;;;;False
atto_36;docling;markdown;atto_36.md;19;;table;table;| Qualifica | Componente | Presente |;;;;;;True
atto_36;docling;markdown;atto_36.md;20;;table;table;|--------------|------------------------|------------|;;;;;;True
atto_36;docling;markdown;atto_36.md;21;;table;table;| Sindaco | TOMASI ALESSANDRO | S |;;;;;;True
atto_36;docling;markdown;atto_36.md;22;;table;table;| Vice Sindaco | CELESTI ANNA MARIA IDA | N |;;;;;;True
atto_36;docling;markdown;atto_36.md;23;;table;table;| Assessore | RISALITI GIANNA | S |;;;;;;True
atto_36;docling;markdown;atto_36.md;24;;table;table;| Assessore | SABELLA ALESSANDRO | N |;;;;;;True
atto_36;docling;markdown;atto_36.md;25;;table;table;| Assessore | FROSINI ALESSANDRA | S |;;;;;;True
atto_36;docling;markdown;atto_36.md;26;;table;table;| Assessore | CAPECCHI ALESSANDRO | S |;;;;;;True
atto_36;docling;markdown;atto_36.md;27;;table;table;| Assessore | MAGNI GABRIELE | S |;;;;;;True
atto_36;docling;markdown;atto_36.md;28;;table;table;| Assessore | SEMPLICI MARGHERITA | S |;;;;;;True
atto_36;docling;markdown;atto_36.md;29;;table;table;| Assessore | BARTOLOMEI ALESSIO | S |;;;;;;True
atto_36;docling;markdown;atto_36.md;31;;paragraph;text;Totale: Presenti n. 7;;;;;;False
atto_36;docling;markdown;atto_36.md;33;;paragraph;text;Assenti n. 2;;;;;;False
atto_36;docling;markdown;atto_36.md;35;;paragraph;text;Partecipa il Segretario Generale del Comune, Dr. PANCARI RAFFAELE;;;;;;False
atto_36;docling;markdown;atto_36.md;37;;paragraph;text;Il Presidente TOMASI ALESSANDRO da' ATTO che il numero dei presenti e' quello richiesto dalla legge per poter validamente DELIBERARE.;;;;;;False
atto_36;docling;markdown;atto_36.md;39;;paragraph;text;Del. G.C.n. 331 del 19/12/2019 ----------------------------- Foglio n. 1;;;;;;False
atto_36;docling;markdown;atto_36.md;41;;paragraph;text;;;;;;;True
atto_36;docling;markdown;atto_36.md;43;;paragraph;text;COMUNE DI PISTOIA;;;;;;False
atto_36;docling;markdown;atto_36.md;45;;heading;heading;LA GIUNTA COMUNALE;;;;;;False
atto_36;docling;markdown;atto_36.md;47;;paragraph;text;"Udita la relazione del Sindaco Alessandro Tomasi in merito all'argomento in oggetto;";;;;;;False
atto_36;docling;markdown;atto_36.md;49;;paragraph;text;"''VISTO il 'programma di mandato' approvato con deliberazione di Consiglio Comunale n. 68 del 14.07.2017 che prevede una vera e propria partecipazione di tutta la città all'organizzazione e alla diffusione del programma degli eventi per la crescita del turismo;";;;;;;False
atto_36;docling;markdown;atto_36.md;51;;paragraph;text;"VISTO che nello stesso programma di mandato è specificatamente indicata la necessità di coordinamento tra tutti i soggetti proprietari dei beni architettonici e monumentali (Diocesi, Soprintendenza, Comune di Pistoia) affinchè si possano organizzare le aperture anche attraverso l'aiuto delle tante associazioni culturali della città;";;;;;VISTO;False
atto_36;docling;markdown;atto_36.md;53;;paragraph;text;"VISTA la lettera del Vescovo di Pistoia, il quale, tramite il suo portavoce e la Fondazione San ATTO, porta a conoscenza del Comune che ha intenzione di ristrutturare l'apertura delle chiese cittadine, tramite un progtto di apertura che sarà curato dalla Fondazione San ATTO e che prevede tra l'altro l'addestramento di personale ad hoc formato;";;;;;VISTO;False
atto_36;docling;markdown;atto_36.md;55;;paragraph;text;"CONSIDERATO tuttavia, continua la lettera di S.E. Mons. Vescovo, tale progetto avrà concreta attuazione nel prossimo 2020 e VISTO che per le festività natalizie si corre il rischio che la Chiesa di San Giovanni Fuorcivitas osservi una ridottissima apertura;";;;;;CONSIDERATO;False
atto_36;docling;markdown;atto_36.md;57;;paragraph;text;"CONSIDERATO altresì che il progetto 'Obiettivo Pistoia' non copre l'apertura per le festività di questa importante Chiesa;";;;;;CONSIDERATO;False
atto_36;docling;markdown;atto_36.md;59;;paragraph;text;"CONSIDERATO l'affluenza dei turisti nella chiesa di San Giovanni Fuorcivitas, dove concorrono per ammirare l'opera di Della Robbia 'la visitazione', la quale è tornata nella chiesa dopo il grande successo dell'esposizione nella chiesa di San Leone;";;;;;CONSIDERATO;False
atto_36;docling;markdown;atto_36.md;61;;paragraph;text;"CONSIDERATO che è interesse del Comune di Pistoia che la chiesa di San Giovanni Fuorcivitas, tra le più importanti chiese cittadine, osservi un orario di apertura fruibile da parte dei turisti;";;;;;CONSIDERATO;False
atto_36;docling;markdown;atto_36.md;63;;paragraph;text;"Pertanto al Comune di Pistoia è necessario attribui re un contributo di € 1.000,00 per l'apertura della Chiesa di San Giovanni Fuorcivitas nel periodo delle festività, con orario 11-17 dal 19 dicembre al 12 gennaio, ad integrazione dell'orario 9 -18 che sarà osservato dalla Chiesa;";;;;;;False
atto_36;docling;markdown;atto_36.md;65;;paragraph;text;"PRECISATO che il contributo sarà erogato alla Fondazione San ATTO per l'inclusione e la solidarietà ONLUS, Via Puccini 29, 51100 Pistoia, CF e P.IVA 01900090471;";;;;;PRECISATO;False
atto_36;docling;markdown;atto_36.md;67;;paragraph;text;"PRECISATO altresì che sulla liquidazione dei contributi di cui sopra, non è prevista la RITENUTA d'acconto del 4% di cui all'art. 28 comma 2 del DPR 29 settembre 1973 n. 600 'RITENUTA sui compensi per avviamento commerciale e sui contributi degli enti pubblici' per assoluta mancanza di qualsiasi attività produttiva di reddito d'impresa;";;;;;PRECISATO;False
atto_36;docling;markdown;atto_36.md;69;;paragraph;text;;;;;;;True
atto_36;docling;markdown;atto_36.md;71;;heading;heading;COMUNE DI PISTOIA;;;;;;False
atto_36;docling;markdown;atto_36.md;73;;paragraph;text;"VISTO che con deliberazione del Consiglio Comunale n. 42 del 14.03.2019 è stato approvato il bilancio armonizzato di previsione finanziaria 2019/2021;";;;;;VISTO;False
atto_36;docling;markdown;atto_36.md;75;;paragraph;text;"VISTO che l'armonizzazione dei sistemi contabili e degli schemi di bilancio delle amministrazioni pubbliche costituisce il cardine irrinunciabile della riforma della contabilità pubblica (legge n. 196/2019) e della riforma federale prevista dalla legge n. 42/2009;";;;;;VISTO;False
atto_36;docling;markdown;atto_36.md;77;;paragraph;text;"DATO ATTO che per gli enti territoriali è stata attuata la delega del Governo del decreto legislativo 23 giugno 2011 n. 118 'Disposizioni per l'armonizzazione dei sistemi contabili e degli schemi di bilancio delle Regioni, degli enti locali e dei loro organismi, a norma degli articoli 1 e 2 della legge 5 ma ggio 2009, n. 42';";;;;;DATO_ATTO;False
atto_36;docling;markdown;atto_36.md;79;;paragraph;text;"TENUTO CONTO del Decreto Legislativo 10 agosto 2014, n. 126, avente ad oggetto: 'Disposizioni integrative e correttive del D.Lgs. 118/2011';";;;;;TENUTO_CONTO;False
atto_36;docling;markdown;atto_36.md;81;;paragraph;text;"VISTO che con deliberazione n. 106 adottata dalla Giunta Comunale nella seduta del 09.05.2019 è stato approvato il Piano Esecutivo di Gestione (PEG) relativo a questo centro di responsabilità nel quale è ricompreso il progetto di cui trattasi;";;;;;VISTO;False
atto_36;docling;markdown;atto_36.md;83;;paragraph;text;ATTESO che il progetto persegue gli obiettivi strategici della valorizzazione di Pistoia città aperta e accessibile''.;;;;;ATTESO;False
atto_36;docling;markdown;atto_36.md;85;;paragraph;text;"VISTO il parere di regolarità tecnica, RILASCIATO ai sensi dell'art. 49, 1° comma del D.Lgs. 267/2000, dal Dirigente del Servizio Cultura e Tradizioni, Turismo e Informatica, Dr. Giovanni Lozzi, contenente anche l'attestazione che al presente provvedimento non hanno PRESO parte soggetti in conflitto di interessi, anche potenziale, allegato all'originale della presente deliberazione;";;;;;VISTI_PARERI;False
atto_36;docling;markdown;atto_36.md;87;;paragraph;text;"VISTO il parere di regolarità contabile, RILASCIATO ai sensi dell'art. 49, 1° comma del D.Lgs. 267/2000, dal Responsabile del Servizio Finanziario e Controllo Aziende Partecipate, allegato all'originale della presente deliberazione;";;;;;VISTI_PARERI;False
atto_36;docling;markdown;atto_36.md;89;;paragraph;text;"VISTO il D.Lgs. 267/2000;";;;;;VISTO;False
atto_36;docling;markdown;atto_36.md;91;;paragraph;text;"RITENUTO di dover provvedere in ordine a tutto quanto sopra; PRESO ATTO della proposta FORMULATA dal Dirigente competente; Ad unanimità di voti dei presenti e partecipanti alla votazione;";;;;;RITENUTO;False
atto_36;docling;markdown;atto_36.md;93;;heading;heading;DELIBERA;;;;DELIBERA;DELIBERA;False
atto_36;docling;markdown;atto_36.md;95;;list_item;list_item;"1) di approvare, per le motivazioni di cui in narrativa, la proposta di apertura ai turisti della Chiesa di San Giovanni Fuorcivitas nel periodo delle festività natalizie, come meglio in narrativa specificato;";;;;;;False
atto_36;docling;markdown;atto_36.md;97;;paragraph;text;;;;;;;True
atto_36;docling;markdown;atto_36.md;99;;heading;heading;COMUNE DI PISTOIA;;;;;;False
atto_36;docling;markdown;atto_36.md;101;;list_item;list_item;"2) di erogare un contributo di € 1.000,00 alla Fondazione San ATTO per l'inclusione e la solidarietà ONLUS, Via Puccini 29, 51100 Pistoia, CF e P.IVA 01900090471;";;;;;;False
atto_36;docling;markdown;atto_36.md;102;;list_item;list_item;"3) di dare ATTO che la somma di € 1.000,00 è stata prenotata al Cap. 57150/IS 'Contributi vari Finanziato con introiti da imposta di soggiorno' Imp. 577 del Bil. 2020, rimandando l'effettivo impegno di spesa a successiva determinazione dirigenziale;";;;;;;False
atto_36;docling;markdown;atto_36.md;103;;list_item;list_item;"4) di dare ATTO che il soggetto beneficiario del presente provvedimento dovrà essere inserito nell'albo comunale dei beneficia ri di contributo;";;;;;;False
atto_36;docling;markdown;atto_36.md;104;;list_item;list_item;"5) di dare altresì ATTO, che il contributo verrà liquidato con successivo ATTO dirigenziale a seguito di presentazione del relativo rendiconto;";;;;;;False
atto_36;docling;markdown;atto_36.md;105;;list_item;list_item;6) di trasmettere copia della presente deliberazione ai responsabili preposti alle seguenti strutture per i provvedimenti connessi e conseguenti di attuazione:;;;;;;False
atto_36;docling;markdown;atto_36.md;106;;list_item;list_item;Dr. Giovanni Lozzi -Dirigente Servizio Cultura e Tradizioni, Turismo e Informatica;;;;;;False
atto_36;docling;markdown;atto_36.md;107;;list_item;list_item;Dr. Franco Ancillotti -Dirigente Servizio Finanziario e Controllo Aziende Partecipate;;;;;;False
atto_36;docling;markdown;atto_36.md;108;;list_item;list_item;Dr. Metello Bonanno -Responsabile U.O. Turismo;;;;;;False
atto_36;docling;markdown;atto_36.md;109;;list_item;list_item;7) di comunicare la presente deliberazione ai capigruppo consiliari, ai sensi dell'art. 125 del D.Lgvo 18 Agosto 2000, n. 267.;;;;;;False
atto_36;docling;markdown;atto_36.md;111;;paragraph;text;Successivamente La Giunta Comunale;;;;;;False
atto_36;docling;markdown;atto_36.md;113;;paragraph;text;"ATTESA l'urgenza di provvedere in merito al fine di procedere con tempestività agli adempimenti connessi con il presente ATTO;";;;;;ATTESO;False
atto_36;docling;markdown;atto_36.md;115;;paragraph;text;"VISTO l'art. 134, 4 comma del D.lgvo 18 Agosto 2000, n. 267;";;;;;VISTO;False
atto_36;docling;markdown;atto_36.md;117;;paragraph;text;"Ad unanimità di voti dei presenti e partecipanti alla votazione;";;;;;;False
atto_36;docling;markdown;atto_36.md;119;;paragraph;text;D I C H I A R A;;;;;;False
atto_36;docling;markdown;atto_36.md;121;;paragraph;text;La presente deliberazione immediatamente eseguibile.;;;;;;False
atto_37;docling;markdown;atto_37.md;1;;paragraph;text;;;;;;;True
atto_37;docling;markdown;atto_37.md;3;;paragraph;text;COMUNE DI PISTOIA;;;;;;False
atto_37;docling;markdown;atto_37.md;5;;heading;heading;ESTRATTO DAL VERBALE DELLE DELIBERAZIONI DELLA GIUNTA COMUNALE;;;;;;False
atto_37;docling;markdown;atto_37.md;7;;paragraph;text;Deliberazione N. 338;;;;;;False
atto_37;docling;markdown;atto_37.md;9;;paragraph;text;Seduta del 19/12/2019;;;;;;False
atto_37;docling;markdown;atto_37.md;11;;paragraph;text;Oggetto: SISTEMA INTEGRATO DI INTERVENTI E SERVIZI SOCIALI - CONTRIBUTO ECONOMICO ALLA FONDAZIONE MAIC - ANNO 2019 - PROVVEDIMENTI.-;;;;;;False
atto_37;docling;markdown;atto_37.md;13;;paragraph;text;------------------------------------------------------------------;;;;;;False
atto_37;docling;markdown;atto_37.md;15;;paragraph;text;L'anno Duemiladiciannove il giorno diciannove del mese di Dicembre alle ore 10:45 nel Palazzo Comunale e nella sala delle proprie sedute, si e' riunita la Giunta Comunale.;;;;;;False
atto_37;docling;markdown;atto_37.md;17;;paragraph;text;Sono intervenuti i Signori :;;;;;;False
atto_37;docling;markdown;atto_37.md;19;;table;table;| Qualifica | Componente | Presente |;;;;;;True
atto_37;docling;markdown;atto_37.md;20;;table;table;|--------------|------------------------|------------|;;;;;;True
atto_37;docling;markdown;atto_37.md;21;;table;table;| Sindaco | TOMASI ALESSANDRO | S |;;;;;;True
atto_37;docling;markdown;atto_37.md;22;;table;table;| Vice Sindaco | CELESTI ANNA MARIA IDA | N |;;;;;;True
atto_37;docling;markdown;atto_37.md;23;;table;table;| Assessore | RISALITI GIANNA | S |;;;;;;True
atto_37;docling;markdown;atto_37.md;24;;table;table;| Assessore | SABELLA ALESSANDRO | N |;;;;;;True
atto_37;docling;markdown;atto_37.md;25;;table;table;| Assessore | FROSINI ALESSANDRA | S |;;;;;;True
atto_37;docling;markdown;atto_37.md;26;;table;table;| Assessore | CAPECCHI ALESSANDRO | S |;;;;;;True
atto_37;docling;markdown;atto_37.md;27;;table;table;| Assessore | MAGNI GABRIELE | S |;;;;;;True
atto_37;docling;markdown;atto_37.md;28;;table;table;| Assessore | SEMPLICI MARGHERITA | S |;;;;;;True
atto_37;docling;markdown;atto_37.md;29;;table;table;| Assessore | BARTOLOMEI ALESSIO | S |;;;;;;True
atto_37;docling;markdown;atto_37.md;31;;paragraph;text;Totale: Presenti n. 7;;;;;;False
atto_37;docling;markdown;atto_37.md;33;;paragraph;text;Assenti n. 2;;;;;;False
atto_37;docling;markdown;atto_37.md;35;;paragraph;text;Partecipa il Segretario Generale del Comune, Dr. PANCARI RAFFAELE;;;;;;False
atto_37;docling;markdown;atto_37.md;37;;paragraph;text;Il Presidente TOMASI ALESSANDRO da' ATTO che il numero dei presenti e' quello richiesto dalla legge per poter validamente DELIBERARE.;;;;;;False
atto_37;docling;markdown;atto_37.md;39;;paragraph;text;;;;;;;True
atto_37;docling;markdown;atto_37.md;41;;paragraph;text;COMUNE DI PISTOIA;;;;;;False
atto_37;docling;markdown;atto_37.md;43;;heading;heading;LA GIUNTA COMUNALE;;;;;;False
atto_37;docling;markdown;atto_37.md;45;;paragraph;text;"Udita la relazione del Sindaco Alessandro Tomasi in merito all'argomento in oggetto;";;;;;;False
atto_37;docling;markdown;atto_37.md;47;;heading;heading;''RICHIAMATE:;;;;;;False
atto_37;docling;markdown;atto_37.md;49;;list_item;list_item;"la DELIBERA del Consiglio Comunale n. 42 del 14/03/2019 con al quale è stato approvato il Bilancio armonizzato di previsione finanziaria 2019/2021 -Documento Unico di Programmazione 2019/2021;";;;;;;False
atto_37;docling;markdown;atto_37.md;50;;list_item;list_item;"-la DELIBERA di G.C. n. 106 del 9 maggio 2019, immediatamente eseguibile, con la quale è stato approvato il Piano Esecutivo di Gestione (P.E.G.) relativo al triennio 2019-2021;";;;;;;False
atto_37;docling;markdown;atto_37.md;52;;heading;heading;PREMESSO che:;;;;;PREMESSO;False
atto_37;docling;markdown;atto_37.md;54;;list_item;list_item;"al fine di assicurare alle persone e alle famiglie, soprattutto a quelle appartenenti alle fasce più deboli, è opportuno creare e sostenere, a cura degli enti locali, un sistema integrato di interventi e servizi sociali nel tentativo di eliminare o quantomeno ridurre le condizioni di bisogno o disagio individuale e familiare;";;;;;;False
atto_37;docling;markdown;atto_37.md;55;;list_item;list_item;"in funzione della sussidiarietà amministrativa orizzontale di cui gli enti pubblici sono titolari e per la quale svolgono un ruolo di coordinamento, controllo e promozione, di cui all'art. 118 comma 4 della Costituzione in base alla quale si valorizzano le risorse del Terzo Settore presenti sul territorio, non esclusivamente finanziarie, VALUTATE come serie e significative;";;;;;;False
atto_37;docling;markdown;atto_37.md;57;;heading;heading;RICHIAMATO a questo proposito l'art. 1 della L. 328/2000 che:;;;;;RICHIAMATO;False
atto_37;docling;markdown;atto_37.md;59;;list_item;list_item;". al comma 3 riconosce il ruolo centrale dei comuni per la programmazione integrata degli interventi e servizi sociali, secondo i principi di sussidiarietà, cooperazione, efficacia;";;;;;;False
atto_37;docling;markdown;atto_37.md;60;;list_item;list_item;". ai commi 4 e 5 riconosce e favorisce il coinvolgimento degli organismi, enti, associazioni di cittadini, confessioni religiose e altri soggetti sociali operanti sul territorio allo scopo di creare tale sistema;";;;;;;False
atto_37;docling;markdown;atto_37.md;62;;paragraph;text;"RICHIAMATA inoltre la L. R.T. n. 41/2005 in cui si ribadisce che il percorso di integrazione e partecipazione tra pubblico e privato è finalizzato a garantire il rispetto di tutti i cittadini di godere di pari diritti e garanzia di creazione di nuovi spazi procedurali nei quali vi sia tutela di tale diritto;";;;;;RICHIAMATO;False
atto_37;docling;markdown;atto_37.md;64;;paragraph;text;"VISTO il Programma di Mandato del Sindaco Alessandro Tomasi 2017-2022 con il quale si garantisce l'impegno dell'amministrazione a promuovere il welfare comunitario mettendo al centro la persona, la famiglia e all'attivazione di tutti gli strumenti in possesso dell'amministrazione per prevenire e tamponare le situazioni di difficoltà;";;;;;VISTO;False
atto_37;docling;markdown;atto_37.md;66;;paragraph;text;RICHIAMATA la DELIBERA della Giunta Comunale n. 324 del 12 dicembre 2018, con la quale:;;;;;RICHIAMATO;False
atto_37;docling;markdown;atto_37.md;68;;list_item;list_item;a) è stato PRESO ATTO del progetto con valenza quadriennale (2018-2021) presentato dalla Fondazione Maria Assunta in Cielo di Pistoia (abbr. Fondazione MAiC), concernente la PRESA in carico globale di minori in condizione di disabilità e con particolari situazioni familiari nel;;;;;;False
atto_37;docling;markdown;atto_37.md;70;;paragraph;text;;;;;;;True
atto_37;docling;markdown;atto_37.md;72;;heading;heading;COMUNE DI PISTOIA;;;;;;False
atto_37;docling;markdown;atto_37.md;74;;paragraph;text;"Comune di Pistoia, attraverso percorsi abilitativi/riabilitativi comprensivi del servizio di trasporto;";;;;;;False
atto_37;docling;markdown;atto_37.md;76;;list_item;list_item;"b) contestualmente è stata approvata la concessione di un contributo economico di € 40.000,00 a parziale copertura delle spese sostenute per le attività del progetto nell'anno 2018, prescrivendo che la Fondazione MAIC, in ossequio al principio di trasparenza, menzioni tale contributo del Comune di Pistoia in ogni operazione di pubblicizzazione delle attività corrispondenti;";;;;;;False
atto_37;docling;markdown;atto_37.md;78;;heading;heading;CONSIDERATO che:;;;;;CONSIDERATO;False
atto_37;docling;markdown;atto_37.md;80;;list_item;list_item;"è attivo da molti anni un vero e proprio scambio professionale tra assistenti sociali della Fondazione MAIC e del Comune di Pistoia che porta ad una PRESA in carico condivisa dei cittadini utenti, attraverso un lavoro di equipe e di rete;";;;;;;False
atto_37;docling;markdown;atto_37.md;81;;list_item;list_item;"la Fondazione MAIC è una realtà strutturata e organizzata sul territorio comunale che da molti anni si occupa della cura e della riabilitazione di minorenni ed adulti in condizione di disabilità, garantendo una gestione del progetto riabilitativo nella sua totalità attraverso interventi PREDISPOSTI da un'equipe multidisciplinare (rapporti con la scuola, sostegno psicoeducativo della famiglia ecc...);";;;;;;False
atto_37;docling;markdown;atto_37.md;83;;paragraph;text;"CONSIDERATA inoltre la collaborazione con la Fondazione MAIC come la naturale prosecuzione del proprio ruolo istituzionale al fine di mantenere e rafforzare i servizi di sostegno alla disabilità e al trasporto sociale che favorisce la piena realizzazione degli interventi; TENUTO CONTO dell'elevato numero di utenti disabili che frequentano il centro di riabilitazione della Fondazione MAIC (circa 300 minorenni);";;;;;CONSIDERATO;False
atto_37;docling;markdown;atto_37.md;85;;paragraph;text;"CONSIDERATO che, in virtù della valenza quadriennale del progetto, è stata presentata la richiesta di un contributo dalla Fondazione MAiC al Servizio Personale e Politiche di Inclusione Sociale fino ad un massimo di € 40.000,00, a parziale copertura delle spese sostenute per il servizio di PRESA in carico globale di minorenni in condizioni di disabilità e con particolari situazioni familiari, come da progetto con valenza quadriennale (2018-2021) presentato dalla Fondazione MAIC lo scorso anno;";;;;;CONSIDERATO;False
atto_37;docling;markdown;atto_37.md;87;;paragraph;text;"RITENUTO opportuno prevedere un contributo per il corrente anno 2019 fino ad un massimo di € 40.000,00, prescrivendo che la Fondazione MAIC, in ossequio al principio di trasparenza, menzioni tale contributo del Comune di Pistoia in ogni operazione di pubblicizzazione delle attività corrispondenti;";;;;;RITENUTO;False
atto_37;docling;markdown;atto_37.md;89;;paragraph;text;EVIDENZIATO che all'emanazione del presente provvedimento, sia in fase istruttoria che in fase decisionale, non hanno PRESO parte soggetti in conflitto di interessi, anche potenziali, ai sensi del D.P.R. 62/2013 nonché di quanto STABILITO dal Piano triennale di prevenzione della corruzione contenente il Piano per la trasparenza 2019-21, approvato con la DELIBERA di Giunta Comunale n. 136 del 03/06/2019 ''.;;;;;EVIDENZIATO;False
atto_37;docling;markdown;atto_37.md;91;;paragraph;text;VISTO il parere di regolarità tecnica, RILASCIATO ai sensi dell'art. 49, 1° comma del D.Lgs. 267/2000, dal Dirigente del Servizio Personale e Politiche di Inclusione Sociale, Dr.ssa Chiara Pierotti, contenente anche l'attestazione che al presente procedimento non hanno;;;;;VISTI_PARERI;False
atto_37;docling;markdown;atto_37.md;93;;paragraph;text;;;;;;;True
atto_37;docling;markdown;atto_37.md;95;;heading;heading;COMUNE DI PISTOIA;;;;;;False
atto_37;docling;markdown;atto_37.md;97;;paragraph;text;"PRESO parte soggetti in conflitto di interesse, anche potenziale, ai sensi del DPR 62/ 2013, allegato all'originale della presente deliberazione;";;;;;;False
atto_37;docling;markdown;atto_37.md;99;;paragraph;text;"VISTO il parere di regolarità contabile, RILASCIATO ai sensi dell'art. 49, 1° comma del D.Lgs. 267/2000, dal Responsabile del Servizio Finanziario e Controllo Aziende Partecipate, allegato all'originale della presente deliberazione;";;;;;VISTI_PARERI;False
atto_37;docling;markdown;atto_37.md;101;;paragraph;text;"VISTO il D.Lgs. 267/2000;";;;;;VISTO;False
atto_37;docling;markdown;atto_37.md;103;;paragraph;text;"RITENUTO di dover provvedere in ordine a tutto quanto sopra; PRESO ATTO della proposta FORMULATA dal Dirigente competente;";;;;;RITENUTO;False
atto_37;docling;markdown;atto_37.md;105;;paragraph;text;"Ad unanimità di voti dei presenti e partecipanti alla votazione;";;;;;;False
atto_37;docling;markdown;atto_37.md;107;;heading;heading;DELIBERA;;;;DELIBERA;DELIBERA;False
atto_37;docling;markdown;atto_37.md;109;;list_item;list_item;"1) di approvare per i motivi di cui in narrativa, che integralmente si richiamano, la concessione di un contributo per l'anno 2019 fino ad un massimo di € 40.000,00 a parziale copertura delle spese sostenute per il servizio di PRESA in carico globale di minorenni in condizioni di disabilità e con particolari situazioni familiari, come da progetto con valenza quadriennale (2018-2021) presentato dalla Fondazione MAIC lo scorso anno, prescrivendo che la stessa Fondazione, in ossequio al principio di trasparenza, menzioni tale contributo del Comune di Pistoia in ogni operazione di pubblicizzazione delle attività corrispondenti al progetto stesso;";;;;;;False
atto_37;docling;markdown;atto_37.md;110;;list_item;list_item;"2) di dare ATTO che la somma complessiva di € 40.000,00 è stata penotata al Cap. 78150/00 'Contributi vari' Imp. 3047 del Bil. 2019, rimandando l'effettivo impegno di spesa a successiva determinazione dirigenziale;";;;;;;False
atto_37;docling;markdown;atto_37.md;111;;list_item;list_item;3) di trasmettere copia della presente deliberazione ai responsabili preposti alle seguenti strutture per i provvedimenti connessi e conseguenti di attuazione:;;;;;;False
atto_37;docling;markdown;atto_37.md;112;;list_item;list_item;Dr.ssa Chiara Pierotti -Dirigente Servizio Personale e Politiche di Inclusione Sociale;;;;;;False
atto_37;docling;markdown;atto_37.md;113;;list_item;list_item;Dr. Franco Ancillotti -Dirigente Servizio Finanziario e Controllo Aziende Partecipate;;;;;;False
atto_37;docling;markdown;atto_37.md;114;;list_item;list_item;Dr. Angelo Ferrario -Responsabile U.O. Comunicazione e Partecipazione;;;;;;False
atto_37;docling;markdown;atto_37.md;115;;list_item;list_item;4) di comunicare la presente deliberazione ai capigruppo consiliari, ai sensi dell'art. 125 del D.Lgvo 18 Agosto 2000, n. 267.;;;;;;False
atto_37;docling;markdown;atto_37.md;117;;paragraph;text;Successivamente;;;;;;False
atto_37;docling;markdown;atto_37.md;119;;heading;heading;La Giunta Comunale;;;;;;False
atto_37;docling;markdown;atto_37.md;121;;paragraph;text;"ATTESA l'urgenza di provvedere in merito al fine di procedere con tempestività agli adempimenti connessi con il presente ATTO;";;;;;ATTESO;False
atto_37;docling;markdown;atto_37.md;123;;paragraph;text;"VISTO l'art. 134, 4 comma del D.lgvo 18 Agosto 2000, n. 267;";;;;;VISTO;False
atto_37;docling;markdown;atto_37.md;125;;paragraph;text;Del. G.C.n. 338 del 19/12/2019 ----------------------------- Foglio n. 4;;;;;;False
atto_37;docling;markdown;atto_37.md;127;;paragraph;text;;;;;;;True
atto_37;docling;markdown;atto_37.md;129;;paragraph;text;COMUNE DI PISTOIA;;;;;;False
atto_37;docling;markdown;atto_37.md;131;;paragraph;text;"Ad unanimità di voti dei presenti e partecipanti alla votazione;";;;;;;False
atto_37;docling;markdown;atto_37.md;133;;paragraph;text;D I C H I A R A;;;;;;False
atto_37;docling;markdown;atto_37.md;135;;paragraph;text;La presente deliberazione immediatamente eseguibile.;;;;;;False
atto_38;docling;markdown;atto_38.md;1;;paragraph;text;;;;;;;True
atto_38;docling;markdown;atto_38.md;3;;heading;heading;DELIBERAZIONE DELLA GIUNTA MUNICIPALE;;;;;;False
atto_38;docling;markdown;atto_38.md;5;;paragraph;text;COPIA;;;;;;False
atto_38;docling;markdown;atto_38.md;7;;paragraph;text;N° 24;;;;;;False
atto_38;docling;markdown;atto_38.md;9;;paragraph;text;OGGETTO:;;;;;;False
atto_38;docling;markdown;atto_38.md;11;;paragraph;text;Regolamento comunale per il rilascio di autorizzazioni ai dipendenti per lo svolgimento di incarichi esterni.;;;;;;False
atto_38;docling;markdown;atto_38.md;13;;paragraph;text;L'anno duemilaventisei , addì trenta , del mese di marzo , alle ore 13:30 nella sede comunale, si è riunita la Giunta Municipale convocata nelle forme di legge.;;;;;;False
atto_38;docling;markdown;atto_38.md;15;;paragraph;text;Presiede l'adunanza il signor Mauri Egidio nella sua qualità di Sindaco.;;;;;;False
atto_38;docling;markdown;atto_38.md;17;;table;table;| Mauri Egidio | Sindaco | P |;;;;;;True
atto_38;docling;markdown;atto_38.md;18;;table;table;|-------------------|--------------|-----|;;;;;;True
atto_38;docling;markdown;atto_38.md;19;;table;table;| Paolucci Davide | Vice Sindaco | P |;;;;;;True
atto_38;docling;markdown;atto_38.md;20;;table;table;| Passarelli Andrea | Assessore | P |;;;;;;True
atto_38;docling;markdown;atto_38.md;22;;paragraph;text;presenti n. 3 e assenti n. 0;;;;;;False
atto_38;docling;markdown;atto_38.md;24;;paragraph;text;Partecipa il Segretario Dott.ssa Manes Maria incaricato della redazione del verbale.;;;;;;False
atto_38;docling;markdown;atto_38.md;26;;heading;heading;IL PRESIDENTE;;;;;;False
atto_38;docling;markdown;atto_38.md;28;;paragraph;text;Constatato il numero legale degli intervenuti, dichiara aperta l'adunanza ed invita i presenti alla trattazione dell'argomento indicato in oggetto.;;;;;;False
atto_38;docling;markdown;atto_38.md;30;;heading;heading;LA GIUNTA;;;;;;False
atto_38;docling;markdown;atto_38.md;32;;paragraph;text;FORMULATA dal Segretario comunale -giusta proposta sull'argomento << Regolamento comunale per il rilascio di autorizzazioni ai dipendenti per lo svolgimento di incarichi esterni >>, nei termini di seguito riportati:;;;;;FORMULATO;False
atto_38;docling;markdown;atto_38.md;34;;heading;heading;<<PREMESSO:;;;;;;False
atto_38;docling;markdown;atto_38.md;36;;paragraph;text;"CHE l'art. 53 del D.Lgs. 30 marzo 2001 n. 165 disciplina il regime delle incompatibilità, del cumulo di impieghi e degli incarichi dei dipendenti delle Pubbliche Amministrazioni;";;;;;;False
atto_38;docling;markdown;atto_38.md;38;;paragraph;text;"CHE la normativa citata prevede che i dipendenti pubblici non possano svolgere incarichi retribuiti non compresi nei compiti e doveri d'ufficio senza preventiva autorizzazione dell'Amministrazione di appartenenza;";;;;;;False
atto_38;docling;markdown;atto_38.md;40;;paragraph;text;"CHE la medesima disposizione stabilisce che le Amministrazioni Pubbliche definiscano criteri e modalità per il rilascio delle autorizzazioni allo svolgimento di incarichi esterni;";;;;;;False
atto_38;docling;markdown;atto_38.md;42;;paragraph;text;"RILEVATA l'opportunità di disciplinare in modo organico ed uniforme la materia delle autorizzazioni allo svolgimento di incarichi esterni da parte dei dipendenti del Comune di Jelsi;";;;;;RILEVATO;False
atto_38;docling;markdown;atto_38.md;44;;paragraph;text;PRECISATO che trattasi di disciplina finalizzata a:;;;;;PRECISATO;False
atto_38;docling;markdown;atto_38.md;46;;list_item;list_item;"- garantire il rispetto dei principi di buon andamento e imparzialità dell'azione amministrativa;";;;;;;False
atto_38;docling;markdown;atto_38.md;47;;list_item;list_item;"- prevenire situazioni di conflitto di interessi;";;;;;;False
atto_38;docling;markdown;atto_38.md;48;;list_item;list_item;"- assicurare trasparenza all'azione amministrativa;";;;;;;False
atto_38;docling;markdown;atto_38.md;50;;paragraph;text;"PREDISPOSTO - unitamente agli allegati A, B e C - nella formulazione in allegato, che costituisce parte integrante e sostanziale del presente provvedimento - giusto schema di << regolamento comunale per il rilascio di autorizzazioni ai dipendenti per lo svolgimento di incarichi esterni >>, composto di n. 17 articoli;";;;;;PREDISPOSTO;False
atto_38;docling;markdown;atto_38.md;52;;heading;heading;VISTI:;;;;;VISTO;False
atto_38;docling;markdown;atto_38.md;54;;list_item;list_item;"- il D.Lgs. 18 agosto 2000 n. 267 (Testo Unico degli Enti Locali);";;;;;;False
atto_38;docling;markdown;atto_38.md;55;;list_item;list_item;"- il D.Lgs. n. 165/2001 e successive modificazioni;";;;;;;False
atto_38;docling;markdown;atto_38.md;56;;list_item;list_item;"- la Legge 6 novembre 2012 n. 190 in materia di prevenzione della corruzione;";;;;;;False
atto_38;docling;markdown;atto_38.md;57;;list_item;list_item;"- il D.Lgs. 14 marzo 2013 n. 33 in materia di trasparenza;";;;;;;False
atto_38;docling;markdown;atto_38.md;58;;list_item;list_item;"- il vigente CCNL del comparto Funzioni Locali;";;;;;;False
atto_38;docling;markdown;atto_38.md;60;;paragraph;text;"RILASCIANDO - ai sensi e per gli effetti di cui all'art. 49 del TUEL n. 267/2000 parere favorevole in ordine alla regolarità tecnica;";;;;;;False
atto_38;docling;markdown;atto_38.md;62;;heading;heading;PROPONE;;;0.0;;;False
atto_38;docling;markdown;atto_38.md;64;;paragraph;text;"DI CONFERMARE tutto quanto esposto in PREMESSA, sul presupposto che costituisce parte integrante e sostanziale del presente dispositivo, formandone adeguata motivazione, ai sensi e per gli effetti di cui all'art. 3 della L. n. 241/1990 e ss.mm.ii.;";;;;;;False
atto_38;docling;markdown;atto_38.md;66;;paragraph;text;DI APPROVARE, nelle formulazioni in allegato, che costituiscono parti integranti e sostanziali del presente provvedimento:;;;;;;False
atto_38;docling;markdown;atto_38.md;68;;list_item;list_item;"il << regolamento comunale per il rilascio di autorizzazioni ai dipendenti per lo svolgimento di incarichi esterni >>, composto di n. 17 articoli;";;;;;;False
atto_38;docling;markdown;atto_38.md;69;;list_item;list_item;la modulistica allegata al regolamento, sotto le lettere:;;;;;;False
atto_38;docling;markdown;atto_38.md;70;;list_item;list_item;- A - richiesta di autorizzazione allo svolgimento di incarico esterno;;;;;;False
atto_38;docling;markdown;atto_38.md;71;;list_item;list_item;"- B - check list per l'istruttoria propedeutica al conferimento incarico;";;;;;;False
atto_38;docling;markdown;atto_38.md;72;;list_item;list_item;"- C - registro degli incarichi esterni autorizzati ai dipendenti;";;;;;;False
atto_38;docling;markdown;atto_38.md;74;;paragraph;text;"DI CONSEGNARNE copia a tutti i Responsabili di Area del Comune, per opportuna conoscenza e per i consequenziali adempimenti di rispettiva competenza;";;;;;;False
atto_38;docling;markdown;atto_38.md;76;;paragraph;text;"DI STABILIRE che il regolamento entrerà in vigore decorsi 15 giorni dalla DATA di esecutività della deliberazione della presente deliberazione;";;;;;;False
atto_38;docling;markdown;atto_38.md;78;;paragraph;text;"DI DISPORRE la pubblicazione del presente regolamento sul sito istituzionale comunale nella sezione Amministrazione Trasparente >>;";;;;;;False
atto_38;docling;markdown;atto_38.md;80;;paragraph;text;\_\_\_\_\_\_\_\_\_\_\_\_\_\_\_\_\_\_\_\_\_;;;;;;False
atto_38;docling;markdown;atto_38.md;82;;paragraph;text;"RITENUTA la su esposta proposta meritevole di recepimento/accoglimento DATO ATTO che, sulla stessa risulta ACQUISITO il parere - favorevole - di regolarità tecnica e contabile reso, dal Segretario comunale, ai sensi e per gli effetti dell'art. 49 del T.U.E.L. n. 267/2000;";;;;;RITENUTO;False
atto_38;docling;markdown;atto_38.md;84;;paragraph;text;ATTESO procedere alla votazione:;;;;;ATTESO;False
atto_38;docling;markdown;atto_38.md;86;;paragraph;text;"VOTATO il documento articolo per articolo;";;;;;;False
atto_38;docling;markdown;atto_38.md;88;;paragraph;text;CONSEGUITA su ciascuno: voto unanime favorevole;;;;;;False
atto_38;docling;markdown;atto_38.md;90;;paragraph;text;"RITENUTO approvare il documento nella sua interezza ed omogeneità;";;;;;RITENUTO;False
atto_38;docling;markdown;atto_38.md;92;;paragraph;text;RICEVUTA espressione dai presenti:;;;;;;False
atto_38;docling;markdown;atto_38.md;94;;list_item;list_item;dal Sindaco, Egidio Mauri: di voto favorevole;;;;;;False
atto_38;docling;markdown;atto_38.md;95;;list_item;list_item;dall'Assessore, Andrea Passarelli: di voto favorevole;;;;;;False
atto_38;docling;markdown;atto_38.md;96;;list_item;list_item;dal Vice Sindaco, Davide Paolucci: di voto favorevole;;;;;;False
atto_38;docling;markdown;atto_38.md;98;;paragraph;text;DATO ATTO che la proposta risulta approvata all'UNANIMITA';;;;;DATO_ATTO;False
atto_38;docling;markdown;atto_38.md;100;;heading;heading;DELIBERA;;;;DELIBERA;DELIBERA;False
atto_38;docling;markdown;atto_38.md;102;;paragraph;text;"DI CONFERMARE tutto quanto esposto in PREMESSA, sul presupposto che costituisce parte integrante e sostanziale del presente dispositivo, formandone adeguata motivazione, ai sensi e per gli effetti di cui all'art. 3 della L. n. 241/1990 e ss.mm.ii.;";;;;;;False
atto_38;docling;markdown;atto_38.md;104;;paragraph;text;"DI PRENDERE ATTO della proposta FORMULATA dal Segretario comunale in merito all'oggetto << Regolamento comunale per il rilascio di autorizzazioni ai dipendenti per lo svolgimento di incarichi esterni >>;";;;;;;False
atto_38;docling;markdown;atto_38.md;106;;paragraph;text;DI RECEPIRE la stessa, in toto, nei termini su esposti che, conseguentemente - tutti - si richiamano, approvano e riportano:;;;;;;False
atto_38;docling;markdown;atto_38.md;108;;paragraph;text;DI APPROVARE, nelle formulazioni in allegato, che costituiscono parti integranti e sostanziali del presente provvedimento:;;;;;;False
atto_38;docling;markdown;atto_38.md;110;;list_item;list_item;"il << regolamento comunale per il rilascio di autorizzazioni ai dipendenti per lo svolgimento di incarichi esterni >>, composto di n. 17 articoli;";;;;;;False
atto_38;docling;markdown;atto_38.md;111;;list_item;list_item;la modulistica allegata al regolamento, sotto le lettere:;;;;;;False
atto_38;docling;markdown;atto_38.md;112;;list_item;list_item;- A - richiesta di autorizzazione allo svolgimento di incarico esterno;;;;;;False
atto_38;docling;markdown;atto_38.md;113;;list_item;list_item;"- B - check list per l'istruttoria propedeutica al conferimento incarico;";;;;;;False
atto_38;docling;markdown;atto_38.md;114;;list_item;list_item;"- C - registro degli incarichi esterni autorizzati ai dipendenti;";;;;;;False
atto_38;docling;markdown;atto_38.md;116;;paragraph;text;"DI CONSEGNARNE copia a tutti i Responsabili di Area del Comune, per opportuna conoscenza e per i consequenziali adempimenti di rispettiva competenza;";;;;;;False
atto_38;docling;markdown;atto_38.md;118;;paragraph;text;"DI STABILIRE che il regolamento entrerà in vigore decorsi 15 giorni dalla DATA di esecutività della deliberazione della presente deliberazione;";;;;;;False
atto_38;docling;markdown;atto_38.md;120;;paragraph;text;"DI DISPORRE la pubblicazione del presente regolamento sul sito istituzionale comunale nella sezione Amministrazione Trasparente ;";;;;;;False
atto_38;docling;markdown;atto_38.md;122;;paragraph;text;DI COMUNICARE il presente deliberato ai capigruppo consiliari ai sensi dell'art.125 del T.U. n.267/2000.;;;;;;False
atto_38;docling;markdown;atto_38.md;124;;paragraph;text;DI RENDERE con separata votazione unanime, ai sensi dell'art.134, comma 4 del T.U. n.267/2000, il presente deliberato IMMEDIATAMENTE ESEGUIBILE.;;;;;;False
atto_38;docling;markdown;atto_38.md;126;;paragraph;text;IL PRESIDENTE F.to Mauri Egidio;;;;;;False
atto_38;docling;markdown;atto_38.md;128;;heading;heading;IL SEGRETARIO COMUNALE F.to Dott.ssa Manes Maria;;;;;;False
atto_38;docling;markdown;atto_38.md;130;;paragraph;text;E' copia conforme all'originale;;;;;;False
atto_38;docling;markdown;atto_38.md;132;;paragraph;text;Dalla Sede Municipale, lì \_\_\_\_\_\_\_\_\_\_\_\_\_;;;;;;False
atto_38;docling;markdown;atto_38.md;134;;paragraph;text;IL SEGRETARIO COMUNALE Dott.ssa Manes Maria;;;;;;False
atto_38;docling;markdown;atto_38.md;136;;paragraph;text;Il sottoscritto Segretario Comunale, VISTI gli atti d'ufficio,;;;;;;False
atto_38;docling;markdown;atto_38.md;138;;heading;heading;CERTIFICA;;;;;;False
atto_38;docling;markdown;atto_38.md;140;;paragraph;text;che la presente deliberazione:;;;;;;False
atto_38;docling;markdown;atto_38.md;142;;list_item;list_item;"[ ]  Viene pubblicata mediante affissione all'Albo Pretorio comunale il 01-04-2026 per rimanervi 15 giorni consecutivi, come prescritto dall'art.124, comma1, del T.U. n.267/2000;";;;;;;False
atto_38;docling;markdown;atto_38.md;144;;list_item;list_item;"[ ]  Viene comunicata, con lettera n. 1529 in DATA 01-04-2026 ai capigruppo consiliari come prescritto dall'art.125, del T.U. n.267/2000;";;;;;;False
atto_38;docling;markdown;atto_38.md;146;;paragraph;text;Dalla Sede Municipale, lì 01-04-2026;;;;;;False
atto_38;docling;markdown;atto_38.md;148;;paragraph;text;Il Responsabile delle Pubblicazioni;;;;;;False
atto_38;docling;markdown;atto_38.md;150;;paragraph;text;F.to Dott.ssa Manes Maria;;;;;;False
atto_38;docling;markdown;atto_38.md;152;;heading;heading;DICHIARAZIONE DI ESECUTIVITA';;;;;;False
atto_38;docling;markdown;atto_38.md;154;;list_item;list_item;"[ ]  dichiarata immediatamente eseguibile (art.134, comma 4);";;;;;;False
atto_38;docling;markdown;atto_38.md;156;;list_item;list_item;"[ ]  sono decorsi 10 giorni dalla DATA di inizio della pubblicazione, non essendo pervenuta richiesta di invio al controllo (art.134, comma 3, del T.U. n.267/2000);";;;;;;False
atto_38;docling;markdown;atto_38.md;158;;list_item;list_item;"[ ]  sono decorsi 30 giorni dalla ricezione dell'ATTO (art.134, comma 1, del T.U. n.267/2000), senza che l'organo regionale di controllo abbia comunicato provvedimento di annullamento;";;;;;;False
atto_38;docling;markdown;atto_38.md;160;;paragraph;text;Dalla Sede Municipale, lì 30-03-2026;;;;;;False
atto_38;docling;markdown;atto_38.md;162;;paragraph;text;IL SEGRETARIO COMUNALE F.to Dott.ssa Manes Maria;;;;;;False
atto_38;docling;markdown;atto_38.md;164;;heading;heading;PARERE DI REGOLARITÀ TECNICA;;;;;;False
atto_38;docling;markdown;atto_38.md;166;;paragraph;text;Si ATTESTA la regolarità e la correttezza dell'azione amministrativa. Jelsi,;;;;;ATTESTA;False
atto_38;docling;markdown;atto_38.md;168;;paragraph;text;Il Responsabile del Settore F.to Dott.ssa Manes Maria;;;;;;False
atto_39;docling;markdown;atto_39.md;1;;paragraph;text;;;;;;;True
atto_39;docling;markdown;atto_39.md;3;;heading;heading;DELIBERAZIONE DELLA GIUNTA MUNICIPALE N° 19;;;;;;False
atto_39;docling;markdown;atto_39.md;5;;paragraph;text;OGGETTO:;;;;;;False
atto_39;docling;markdown;atto_39.md;7;;paragraph;text;Accesso ai fondi stanziati ed erogati dal gestore dei servizi energetici (G.S.E.) - edificio scolastico di Via Generale D'Amico. Approvazione della Diagnosi Energetica.;;;;;;False
atto_39;docling;markdown;atto_39.md;9;;paragraph;text;L'anno duemilaventisei , addì venticinque , del mese di febbraio , alle ore 13:30 nella sede comunale, si è riunita la Giunta Municipale convocata nelle forme di legge. Presiede l'adunanza il signor Mauri Egidio nella sua qualità di Sindaco.;;;;;;False
atto_39;docling;markdown;atto_39.md;11;;table;table;| Mauri Egidio | Sindaco | P |;;;;;;True
atto_39;docling;markdown;atto_39.md;12;;table;table;|-------------------|--------------|-----|;;;;;;True
atto_39;docling;markdown;atto_39.md;13;;table;table;| Paolucci Davide | Vice Sindaco | P |;;;;;;True
atto_39;docling;markdown;atto_39.md;14;;table;table;| Passarelli Andrea | Assessore | A |;;;;;;True
atto_39;docling;markdown;atto_39.md;16;;paragraph;text;presenti n. 2 e assenti n. 1;;;;;;False
atto_39;docling;markdown;atto_39.md;18;;paragraph;text;Partecipa il Segretario Dott.ssa Manes Maria incaricato della redazione del verbale.;;;;;;False
atto_39;docling;markdown;atto_39.md;20;;heading;heading;IL PRESIDENTE;;;;;;False
atto_39;docling;markdown;atto_39.md;22;;paragraph;text;Constatato il numero legale degli intervenuti, dichiara aperta l'adunanza ed invita i presenti alla trattazione dell'argomento indicato in oggetto.;;;;;;False
atto_39;docling;markdown;atto_39.md;24;;heading;heading;LA GIUNTA;;;;;;False
atto_39;docling;markdown;atto_39.md;26;;paragraph;text;FORMULATA dal Sindaco - con l'assistenza del Responsabile dell'Area LL.PP. - giusta proposta sull'argomento <<Accesso ai fondi stanziati ed erogati dal gestore dei servizi energetici (G.S.E.) - edificio scolastico di via Generale D'Amico. Approvazione della Diagnosi Energetica>>, nei termini di seguito riportati:;;;;;FORMULATO;False
atto_39;docling;markdown;atto_39.md;28;;heading;heading;<<PREMESSO:;;;;;;False
atto_39;docling;markdown;atto_39.md;30;;paragraph;text;CHE con DELIBERA di G.M. n. 33 del 16/04/2024 si è DATO indirizzo al Responsabile dell'Area Lavori Pubblici di attivarsi per porre in essere - nell'ambito delle proprie competenze l'Accesso ai fondi stanziati ed erogati dal gestore dei servizi;;;;;;False
atto_39;docling;markdown;atto_39.md;32;;list_item;list_item;"tutto quanto necessario per energetici (G.S.E.) - edificio scolastico di via generale d'amico';";;;;;;False
atto_39;docling;markdown;atto_39.md;34;;paragraph;text;"DATO ATTO che si è disposto di intervenire sull'edificio scolastico sede della scuola primaria e secondaria di primo grado, di proprietà del Comune di Jelsi, sito in via generale D'amico;";;;;;DATO_ATTO;False
atto_39;docling;markdown;atto_39.md;36;;heading;heading;EVIDE;;;;;;False
atto_39;docling;markdown;atto_39.md;38;;heading;heading;NZIATO:;;;;;;False
atto_39;docling;markdown;atto_39.md;40;;paragraph;text;"CHE il CONTO termico 3.0 incentiva interventi per l'incremento dell'efficienza energetica a beneficio delle pubbliche amministrazioni, che potranno accedere agli appositi fondi stanziati ed erogati dal Gestore dei Servizi Energetici (G.S.E.);";;;;;;False
atto_39;docling;markdown;atto_39.md;42;;paragraph;text;"CHE questa Amministrazione ha RITENUTO avviare la procedura per accedere al suddetto contributo relativamente all'edificio di cui sopra;";;;;;;False
atto_39;docling;markdown;atto_39.md;44;;paragraph;text;"CONSIDERATO che per accedere alle agevolazioni di cui sopra si è resa necessaria la nomina di figura professionale, esperta nel settore al fine della redazione della Diagnosi Energetica e altra documentazione propedeutica, per la richiesta del finanziamento;";;;;;CONSIDERATO;False
atto_39;docling;markdown;atto_39.md;46;;paragraph;text;"VISTA la determinazione n. 148 del 14/05/2024 con la quale si è affidato l'incarico per prestazione di servizio ai sensi dell'art. 50 comma 1, lett. b) del D.Lgs. 30/03/2023, n. 36 all'ing. Nicola Pica, avente studio professionale in Casalduni (BN) via prof. Gianquitto n. 9 (C.F. PCINCL58D25B873A - P. IVA 00729710624), iscritto all'Ordine professionale degli Ingegneri della provincia di Benevento al n. 614;";;;;;VISTO;False
atto_39;docling;markdown;atto_39.md;48;;paragraph;text;CONSIDERATO che il citato professionista, ha trasmesso presso questo Ente al Protocollo n. 772 del 23/02/2026, la diagnosi energetica dei lavori di ' EFFICIENTAMENTO ENERGETICO DELL'EDIFICIO SCOLASTICO IN VIA GEN D'AMICO ', composto dai seguenti elaborati:;;;;;CONSIDERATO;False
atto_39;docling;markdown;atto_39.md;50;;list_item;list_item;Quadro economico;;;;;;False
atto_39;docling;markdown;atto_39.md;51;;list_item;list_item;Tavola grafica con indicazione degli interventi;;;;;;False
atto_39;docling;markdown;atto_39.md;52;;list_item;list_item;Computo metrico;;;;;;False
atto_39;docling;markdown;atto_39.md;53;;list_item;list_item;Diagnosi energetica;;;;;;False
atto_39;docling;markdown;atto_39.md;54;;list_item;list_item;APE post intervento;;;;;;False
atto_39;docling;markdown;atto_39.md;55;;list_item;list_item;Analisi costi benefici;;;;;;False
atto_39;docling;markdown;atto_39.md;56;;list_item;list_item;"Schede tecniche; VISTO";;;;;;False
atto_39;docling;markdown;atto_39.md;58;;paragraph;text;il seguente Quadro Economico di spesa:;;;;;;False
atto_39;docling;markdown;atto_39.md;60;;table;table;| A | IMPORTO DEI LAVORI | | |;;;;;;True
atto_39;docling;markdown;atto_39.md;61;;table;table;|-----|------------------------------------|--------------|--------------|;;;;;;True
atto_39;docling;markdown;atto_39.md;62;;table;table;| | a2) Oneri per la sicurezza | | 31 002,64 |;;;;;;True
atto_39;docling;markdown;atto_39.md;63;;table;table;| | TOTALE (a1) + (a2) | € | 1 307 595,63 |;;;;;;True
atto_39;docling;markdown;atto_39.md;64;;table;table;| B | A DISPOSIZIONE | | |;;;;;;True
atto_39;docling;markdown;atto_39.md;65;;table;table;| | SOMME | | |;;;;;;True
atto_39;docling;markdown;atto_39.md;66;;table;table;| | 1 Iva sui Lavori | € 130 759,56 | |;;;;;;True
atto_39;docling;markdown;atto_39.md;67;;table;table;| | 2 Diagnosi energetica e ape finale | € 2 641,00 | |;;;;;;True
atto_39;docling;markdown;atto_39.md;68;;table;table;| | 3 Spese Generali | € 139 000,00 | |;;;;;;True
atto_39;docling;markdown;atto_39.md;70;;table;table;| 4 Incentivo personale interno | € 26 151,91 € 38 073,10 |;;;;;;True
atto_39;docling;markdown;atto_39.md;71;;table;table;|---------------------------------|---------------------------|;;;;;;True
atto_39;docling;markdown;atto_39.md;72;;table;table;| 5 Cassa +I.V.A. su B2 e B3 | |;;;;;;True
atto_39;docling;markdown;atto_39.md;73;;table;table;| TOTALE SOMME A DISPOSIZIONE | €336 625,58 |;;;;;;True
atto_39;docling;markdown;atto_39.md;74;;table;table;| TOTALE (A)+(B) | € 1 644 221,21 |;;;;;;True
atto_39;docling;markdown;atto_39.md;76;;paragraph;text;"RITENUTI gli elaborati trasmessi rispondenti alle finalità dell'Amministrazione; VISTI:";;;;;RITENUTO;False
atto_39;docling;markdown;atto_39.md;78;;list_item;list_item;"il Decreto Legislativo n. 36 del 31 marzo 2023;";;;;;;False
atto_39;docling;markdown;atto_39.md;79;;list_item;list_item;"l'art. 7, lett. c del Decreto del Presidente della Repubblica 06.06.2001, n. 380 e s.m.i.;";;;;;;False
atto_39;docling;markdown;atto_39.md;80;;list_item;list_item;"il T.U. degli Enti Locali approvato con D.Lgs n. 267 del 18.08.2002 e s.m.i.;";;;;;;False
atto_39;docling;markdown;atto_39.md;82;;paragraph;text;"ACQUISITI, ai sensi e per gli effetti di cui all'art. 49 del TUEL n. 267/2000 - ciascuno per quanto di competenza - giusti pareri favorevoli dei Responsabili delle Aree LL.PP. e Contabile;";;;;;ACQUISITO;False
atto_39;docling;markdown;atto_39.md;84;;heading;heading;PROPONE;;;0.0;;;False
atto_39;docling;markdown;atto_39.md;86;;paragraph;text;"DI CONFERMARE quanto esposto in PREMESSA;";;;;;;False
atto_39;docling;markdown;atto_39.md;88;;paragraph;text;DI APPROVARE per le motivazioni di cui in PREMESSA specificate la diagnosi energetica e i relativi allegati dei lavori di ' EFFICIENTAMENTO ENERGETICO DELL'EDIFICIO SCOLASTICO IN VIA GEN D'AMICO ', redatta dall'ing. Nicola Pica, avente il seguente quadro economico:;;;;;;False
atto_39;docling;markdown;atto_39.md;90;;table;table;| A | IMPORTO DEI LAVORI | IMPORTO DEI LAVORI | IMPORTO DEI LAVORI | IMPORTO DEI LAVORI |;;;;;;True
atto_39;docling;markdown;atto_39.md;91;;table;table;|--------------------|----------------------------|--------------------------------------------------------|----------------------------|----------------------|;;;;;;True
atto_39;docling;markdown;atto_39.md;92;;table;table;| | a1) Lavori | a1) Lavori | a1) Lavori | € 1 276 592,99 |;;;;;;True
atto_39;docling;markdown;atto_39.md;93;;table;table;| | a2) Oneri per la sicurezza | a2) Oneri per la sicurezza | a2) Oneri per la sicurezza | € 31 002,64 |;;;;;;True
atto_39;docling;markdown;atto_39.md;94;;table;table;| TOTALE (a1) + (a2) | TOTALE (a1) + (a2) | TOTALE (a1) + (a2) | TOTALE (a1) + (a2) | € 1 307 595,63 |;;;;;;True
atto_39;docling;markdown;atto_39.md;95;;table;table;| B | SOMME A DISPOSIZIONE | SOMME A DISPOSIZIONE | SOMME A DISPOSIZIONE | SOMME A DISPOSIZIONE |;;;;;;True
atto_39;docling;markdown;atto_39.md;96;;table;table;| 1 | 1 | Iva sui Lavori | € 130 759,56 | |;;;;;;True
atto_39;docling;markdown;atto_39.md;97;;table;table;| | | 2 Diagnosi energetica e ape finale | € 2 641,00 | |;;;;;;True
atto_39;docling;markdown;atto_39.md;98;;table;table;| | | 3 Spese Generali | € 139 000,00 | |;;;;;;True
atto_39;docling;markdown;atto_39.md;99;;table;table;| | | 4 Incentivo personale interno Cassa +I.V.A. su B2 e B3 | € 26 151,91 € 38 073,10 | |;;;;;;True
atto_39;docling;markdown;atto_39.md;100;;table;table;| 5 | 5 | TOTALE SOMME A DISPOSIZIONE | | €336 625,58 |;;;;;;True
atto_39;docling;markdown;atto_39.md;101;;table;table;| | | TOTALE (A)+(B) | | € 1 644 221,21 |;;;;;;True
atto_39;docling;markdown;atto_39.md;103;;paragraph;text;"DI DISPORRE in ordine alla candidatura a valere sui fondi stanziati ed erogati dal gestore dei servizi energetici (G.S.E.), CONTO termico 3.0 (che incentiva interventi per l'incremento dell'efficienza energetica a beneficio delle pubbliche amministrazioni);";;;;;;False
atto_39;docling;markdown;atto_39.md;105;;paragraph;text;"DI DARE ATTO che in caso di esito favorevole della candidatura, si procederà all'iscrizione della somma in bilancio, andando ad individuare appositi stanziamenti;";;;;;;False
atto_39;docling;markdown;atto_39.md;107;;paragraph;text;"DI IMPEGNARSI, in caso di concessione del finanziamento, a realizzare le opere così come descritte nella diagnosi energetica al fine di ottenere un edificio classificato NZEB>>;";;;;;;False
atto_39;docling;markdown;atto_39.md;109;;paragraph;text;\_\_\_\_\_\_\_\_\_\_\_\_\_\_\_\_\_\_\_\_\_;;;;;;False
atto_39;docling;markdown;atto_39.md;111;;paragraph;text;RITENUTA la su esposta proposta meritevole di recepimento/accoglimento;;;;;RITENUTO;False
atto_39;docling;markdown;atto_39.md;113;;paragraph;text;"DATO ATTO che, sulla stessa risultano ACQUISITI i pareri - favorevoli - di regolarità tecnica e contabile resi, dai Responsabili delle Aree LL.PP. e Contabile, ai sensi e per gli effetti dell'art. 49 del T.U.E.L. n. 267/2000;";;;;;DATO_ATTO;False
atto_39;docling;markdown;atto_39.md;115;;paragraph;text;ATTESO procedere alla votazione:;;;;;ATTESO;False
atto_39;docling;markdown;atto_39.md;117;;paragraph;text;RICEVUTA espressione dai presenti:;;;;;;False
atto_39;docling;markdown;atto_39.md;119;;list_item;list_item;dal Sindaco, Mauri Egidio: di voto favorevole;;;;;;False
atto_39;docling;markdown;atto_39.md;120;;list_item;list_item;dal Vice Sindaco, Paolucci Davide di voto favorevole DATO ATTO che la proposta risulta approvata all'UNANIMITA';;;;;;False
atto_39;docling;markdown;atto_39.md;122;;heading;heading;DELIBERA;;;;DELIBERA;DELIBERA;False
atto_39;docling;markdown;atto_39.md;124;;paragraph;text;"DI CONFERMARE tutto quanto esposto in PREMESSA, sul presupposto che costituisce parte integrante e sostanziale del presente dispositivo, formandone adeguata motivazione, ai sensi e per gli effetti di cui all'art. 3 della L. n. 241/1990 e ss.mm.ii.;";;;;;;False
atto_39;docling;markdown;atto_39.md;126;;paragraph;text;"DI PRENDERE ATTO della proposta FORMULATA dal Sindaco in merito all'oggetto <<Accesso ai fondi stanziati ed erogati dal gestore dei servizi energetici (G.S.E.) - edificio scolastico di via Generale D'Amico. Approvazione della Diagnosi Energetica>>;";;;;;;False
atto_39;docling;markdown;atto_39.md;128;;paragraph;text;DI RECEPIRE la stessa, in toto, nei termini su esposti che, conseguentemente - tutti - si richiamano, approvano e riportano:;;;;;;False
atto_39;docling;markdown;atto_39.md;130;;paragraph;text;DI APPROVARE per le motivazioni di cui in PREMESSA specificate la diagnosi energetica e i relativi allegati dei lavori di ' EFFICIENTAMENTO ENERGETICO DELL'EDIFICIO SCOLASTICO IN VIA GEN D'AMICO ', redatta dall'ing. Nicola Pica, avente il seguente quadro economico:;;;;;;False
atto_39;docling;markdown;atto_39.md;132;;table;table;| A | IMPORTO DEI LAVORI | IMPORTO DEI LAVORI | IMPORTO DEI LAVORI | IMPORTO DEI LAVORI | IMPORTO DEI LAVORI |;;;;;;True
atto_39;docling;markdown;atto_39.md;133;;table;table;|-----|----------------------------|------------------------------------|----------------------|----------------------|----------------------|;;;;;;True
atto_39;docling;markdown;atto_39.md;134;;table;table;| | a1) Lavori | a1) Lavori | | | € 1 276 592,99 |;;;;;;True
atto_39;docling;markdown;atto_39.md;135;;table;table;| | | | | | € |;;;;;;True
atto_39;docling;markdown;atto_39.md;136;;table;table;| | a2) Oneri per la sicurezza | a2) Oneri per la sicurezza | | | 31 002,64 |;;;;;;True
atto_39;docling;markdown;atto_39.md;137;;table;table;| | | | TOTALE (a1) + (a2) € | TOTALE (a1) + (a2) € | 1 307 595,63 |;;;;;;True
atto_39;docling;markdown;atto_39.md;138;;table;table;| | A DISPOSIZIONE | A DISPOSIZIONE | B SOMME | B SOMME | |;;;;;;True
atto_39;docling;markdown;atto_39.md;139;;table;table;| | | 1 Iva sui Lavori | | € 130 759,56 | |;;;;;;True
atto_39;docling;markdown;atto_39.md;140;;table;table;| | | 2 Diagnosi energetica e ape finale | | € 2 641,00 | |;;;;;;True
atto_39;docling;markdown;atto_39.md;141;;table;table;| | | 3 Spese Generali | | € 139 000,00 | |;;;;;;True
atto_39;docling;markdown;atto_39.md;142;;table;table;| | | 4 Incentivo personale interno | | € 26 151,91 € | |;;;;;;True
atto_39;docling;markdown;atto_39.md;143;;table;table;| | | 5 Cassa +I.V.A. su B2 e B3 | | 38 073,10 | |;;;;;;True
atto_39;docling;markdown;atto_39.md;144;;table;table;| | | TOTALE SOMME A DISPOSIZIONE | | | |;;;;;;True
atto_39;docling;markdown;atto_39.md;145;;table;table;| | | | | | €336 625,58 |;;;;;;True
atto_39;docling;markdown;atto_39.md;146;;table;table;| | | TOTALE (A)+(B) | | | € 1 644 221,21 |;;;;;;True
atto_39;docling;markdown;atto_39.md;148;;paragraph;text;"DI DISPORRE in ordine alla candidatura a valere sui fondi stanziati ed erogati dal gestore dei servizi energetici (G.S.E.)/CONTO termico 3.0 (che incentiva interventi per l'incremento dell'efficienza energetica a beneficio delle pubbliche amministrazioni);";;;;;;False
atto_39;docling;markdown;atto_39.md;150;;paragraph;text;"DI DARE ATTO che in caso di esito favorevole della candidatura, si procederà all'iscrizione della somma in bilancio, andando ad individuare appositi stanziamenti;";;;;;;False
atto_39;docling;markdown;atto_39.md;152;;paragraph;text;"DI IMPEGNARSI, in caso di concessione del finanziamento, a realizzare le opere così come descritte nella diagnosi energetica al fine di ottenere un edificio classificato NZEB;";;;;;;False
atto_39;docling;markdown;atto_39.md;154;;paragraph;text;"DI RIMETTERE copia della presente deliberazione al Responsabile dell'Area LL.PP. per i consequenziali adempimenti di competenza;";;;;;;False
atto_39;docling;markdown;atto_39.md;156;;paragraph;text;DI COMUNICARE il presente deliberato ai capigruppo consiliari ai sensi dell'art.125 del T.U. n.267/2000.;;;;;;False
atto_39;docling;markdown;atto_39.md;158;;paragraph;text;DI RENDERE con separata votazione unanime, ai sensi dell'art.134, comma 4 del T.U. n.267/2000, il presente deliberato IMMEDIATAMENTE ESEGUIBILE.;;;;;;False
atto_39;docling;markdown;atto_39.md;160;;list_item;list_item;;;;;;;True
atto_39;docling;markdown;atto_39.md;162;;paragraph;text;IL PRESIDENTE F.to Mauri Egidio;;;;;;False
atto_39;docling;markdown;atto_39.md;164;;heading;heading;IL SEGRETARIO COMUNALE F.to Dott.ssa Manes Maria;;;;;;False
atto_39;docling;markdown;atto_39.md;166;;paragraph;text;E' copia conforme all'originale;;;;;;False
atto_39;docling;markdown;atto_39.md;168;;paragraph;text;Dalla Sede Municipale, lì \_\_\_\_\_\_\_\_\_\_\_\_\_;;;;;;False
atto_39;docling;markdown;atto_39.md;170;;paragraph;text;IL SEGRETARIO COMUNALE Dott.ssa Manes Maria;;;;;;False
atto_39;docling;markdown;atto_39.md;172;;paragraph;text;Il sottoscritto Segretario Comunale, VISTI gli atti d'ufficio,;;;;;;False
atto_39;docling;markdown;atto_39.md;174;;heading;heading;CERTIFICA;;;;;;False
atto_39;docling;markdown;atto_39.md;176;;paragraph;text;che la presente deliberazione:;;;;;;False
atto_39;docling;markdown;atto_39.md;178;;list_item;list_item;"[ ]  Viene pubblicata mediante affissione all'Albo Pretorio comunale il 27-02-2026 per rimanervi 15 giorni consecutivi, come prescritto dall'art.124, comma1, del T.U. n.267/2000;";;;;;;False
atto_39;docling;markdown;atto_39.md;180;;list_item;list_item;"[ ]  Viene comunicata, con lettera n. 876 in DATA 27-02-2026 ai capigruppo consiliari come prescritto dall'art.125, del T.U. n.267/2000;";;;;;;False
atto_39;docling;markdown;atto_39.md;182;;paragraph;text;Dalla Sede Municipale, lì 27-02-2026;;;;;;False
atto_39;docling;markdown;atto_39.md;184;;paragraph;text;Il Responsabile delle Pubblicazioni;;;;;;False
atto_39;docling;markdown;atto_39.md;186;;paragraph;text;F.to Dott.ssa Manes Maria;;;;;;False
atto_39;docling;markdown;atto_39.md;188;;heading;heading;DICHIARAZIONE DI ESECUTIVITA';;;;;;False
atto_39;docling;markdown;atto_39.md;190;;list_item;list_item;"[ ]  dichiarata immediatamente eseguibile (art.134, comma 4);";;;;;;False
atto_39;docling;markdown;atto_39.md;192;;list_item;list_item;"[ ]  sono decorsi 10 giorni dalla DATA di inizio della pubblicazione, non essendo pervenuta richiesta di invio al controllo (art.134, comma 3, del T.U. n.267/2000);";;;;;;False
atto_39;docling;markdown;atto_39.md;194;;list_item;list_item;"[ ]  sono decorsi 30 giorni dalla ricezione dell'ATTO (art.134, comma 1, del T.U. n.267/2000), senza che l'organo regionale di controllo abbia comunicato provvedimento di annullamento;";;;;;;False
atto_39;docling;markdown;atto_39.md;196;;paragraph;text;Dalla Sede Municipale, lì 25-02-2026;;;;;;False
atto_39;docling;markdown;atto_39.md;198;;paragraph;text;IL SEGRETARIO COMUNALE F.to Dott.ssa Manes Maria;;;;;;False
atto_39;docling;markdown;atto_39.md;200;;heading;heading;PARERE DI REGOLARITÀ TECNICA;;;;;;False
atto_39;docling;markdown;atto_39.md;202;;paragraph;text;Si ATTESTA la regolarità e la correttezza dell'azione amministrativa.;;;;;ATTESTA;False
atto_39;docling;markdown;atto_39.md;204;;paragraph;text;Jelsi, 27-02-2026;;;;;;False
atto_39;docling;markdown;atto_39.md;206;;paragraph;text;Il Responsabile del Settore F.to Dr.ssa Di Giglio Concettina;;;;;;False
atto_39;docling;markdown;atto_39.md;208;;heading;heading;PARERE DI REGOLARITÀ CONTABILE;;;;;;False
atto_39;docling;markdown;atto_39.md;210;;paragraph;text;VISTO, si ATTESTA:;;;;;VISTO;False
atto_39;docling;markdown;atto_39.md;212;;list_item;list_item;"> La regolarità contabile del provvedimento retroscritto;";;;;;;False
atto_39;docling;markdown;atto_39.md;214;;list_item;list_item;> La copertura finanziaria dell'impegno di spesa dallo stesso disposto sull'intervento del bilancio nel medesimo indicato.;;;;;;False
atto_39;docling;markdown;atto_39.md;216;;paragraph;text;Jelsi,;;;;;;False
atto_39;docling;markdown;atto_39.md;218;;paragraph;text;Il Responsabile del Settore Finanziario F.to SANTELLA FRANCO;;;;;;False
atto_4;docling;markdown;atto_4.md;1;;paragraph;text;;;;;;;True
atto_4;docling;markdown;atto_4.md;3;;heading;heading;N.;;;;;;False
atto_4;docling;markdown;atto_4.md;5;;heading;heading;53 del 24.06.2026;;;;;;False
atto_4;docling;markdown;atto_4.md;7;;heading;heading;Comune di Bitti;;;;;;False
atto_4;docling;markdown;atto_4.md;9;;paragraph;text;Piazza Giorgio Asproni, 47 08021 BITTI (NU);;;;;;False
atto_4;docling;markdown;atto_4.md;11;;paragraph;text;Tel.: 0784 41 80 20;;;;;;False
atto_4;docling;markdown;atto_4.md;13;;paragraph;text;-;;;;;;False
atto_4;docling;markdown;atto_4.md;15;;paragraph;text;Fax: 0784 41 43 08;;;;;;False
atto_4;docling;markdown;atto_4.md;17;;paragraph;text;www.comune.bitti.nu.it -protocollo@pec.comune.bitti.nu.it;;;;;;False
atto_4;docling;markdown;atto_4.md;19;;heading;heading;DELIBERA DELLA GIUNTA MUNICIPALE;;;;;DELIBERA;False
atto_4;docling;markdown;atto_4.md;21;;heading;heading;OGGETTO;;;;;;False
atto_4;docling;markdown;atto_4.md;23;;paragraph;text;ID 6.7 EX ID 12 -RIPRISTINI PUNTUALI DI DISSESTI IN VARIE VIE DEL CENTRO URBANO, finanziato nell'ambito dell'Accordo di concessione di finanziamento tra la Regione Autonoma della Sardegna - Direzione Generale della Protezione Civile e il Comune di Bitti (NU).;;;;;;False
atto_4;docling;markdown;atto_4.md;25;;paragraph;text;CUP: E97H21011870006;;;;;;False
atto_4;docling;markdown;atto_4.md;27;;paragraph;text;Anticipazione di cassa per chiusura e rendicontazione interventi.;;;;;;False
atto_4;docling;markdown;atto_4.md;29;;paragraph;text;L'anno duemila ventisei , addì ventiquattro del mese di giugno alle ore 10:40 nella sala delle adunanze del Comune suddetto, convocata con apposito avviso la Giunta Municipale, si è la medesima riunita nelle persone seguenti:;;;;;;False
atto_4;docling;markdown;atto_4.md;31;;table;table;| Giuseppe CICCOLINI, Sindaco | presente | videoconferenza | Partecipa, in videoconferenza, con funzioni consultive referenti e di assistenza e ne cura la relativa verbalizzazione il Segretario Comunale Dott. Vincenzo Zanzarella. |;;;;;;True
atto_4;docling;markdown;atto_4.md;32;;table;table;|---------------------------------------|------------|-------------------|----------------------------------------------------------------------------------------------------------------------------------------------------------------------------|;;;;;;True
atto_4;docling;markdown;atto_4.md;33;;table;table;| Giuseppe PALA, Vice Sindaco-Assessore | presente | videoconferenza | Partecipa, in videoconferenza, con funzioni consultive referenti e di assistenza e ne cura la relativa verbalizzazione il Segretario Comunale Dott. Vincenzo Zanzarella. |;;;;;;True
atto_4;docling;markdown;atto_4.md;34;;table;table;| Christian FARINA, Assessore | presente | videoconferenza | Partecipa, in videoconferenza, con funzioni consultive referenti e di assistenza e ne cura la relativa verbalizzazione il Segretario Comunale Dott. Vincenzo Zanzarella. |;;;;;;True
atto_4;docling;markdown;atto_4.md;35;;table;table;| Giovanna Giuseppina Mameli, Assessore | presente | videoconferenza | Partecipa, in videoconferenza, con funzioni consultive referenti e di assistenza e ne cura la relativa verbalizzazione il Segretario Comunale Dott. Vincenzo Zanzarella. |;;;;;;True
atto_4;docling;markdown;atto_4.md;36;;table;table;| Pietro Sanna, Assessore | presente | videoconferenza | Partecipa, in videoconferenza, con funzioni consultive referenti e di assistenza e ne cura la relativa verbalizzazione il Segretario Comunale Dott. Vincenzo Zanzarella. |;;;;;;True
atto_4;docling;markdown;atto_4.md;38;;paragraph;text;Il Sindaco, constatato il numero legale degli intervenuti, dichiara aperta la riunione e li invita a DELIBERARE sull'oggetto sopraindicato.;;;;;;False
atto_4;docling;markdown;atto_4.md;40;;paragraph;text;La verifica della regolarità della seduta, svolta secondo le modalità STABILITE nel decreto n. 2 del 05/05/2020, in base alla previsione dell'art. 73, del DL 17 marzo 2020, n. 18, è stata operata dal Segretario Comunale Dott.ssa Donatella Pipere.;;;;;;False
atto_4;docling;markdown;atto_4.md;42;;heading;heading;LA GIUNTA COMUNALE;;;;;;False
atto_4;docling;markdown;atto_4.md;44;;paragraph;text;ACQUISITI i pareri di cui all'articolo 49 del Decreto Legislativo 18 agosto 2000, n. 267:;;;;;ACQUISITI_PARERI;False
atto_4;docling;markdown;atto_4.md;46;;list_item;list_item;1 Si esprime parere favorevole sotto il profilo tecnico-amministrativo.;;;;;;False
atto_4;docling;markdown;atto_4.md;48;;paragraph;text;IL RESPONSABILE DEL SERVIZIO TECNICO f.to Ing. Eugenio Tucconi;;;;;;False
atto_4;docling;markdown;atto_4.md;50;;list_item;list_item;2 Si esprime parere favorevole sulla regolarità contabile attestante la copertura finanziaria.;;;;;;False
atto_4;docling;markdown;atto_4.md;52;;paragraph;text;IL RESPONSABILE DEL SERVIZIO FINANZIARIO f.to Dott.ssa. Maria Debora Cosseddu;;;;;;False
atto_4;docling;markdown;atto_4.md;54;;paragraph;text;;;;;;;True
atto_4;docling;markdown;atto_4.md;56;;heading;heading;PIANO NAZIONALE DI RIPRESA E RESILIENZA (PNRR);;;;;;False
atto_4;docling;markdown;atto_4.md;58;;paragraph;text;Il Sindaco espone l'argomento:;;;;;;False
atto_4;docling;markdown;atto_4.md;60;;heading;heading;VISTI:;;;;;VISTO;False
atto_4;docling;markdown;atto_4.md;62;;list_item;list_item;"-il Regolamento (UE) 12 febbraio 2021, n. 2021/241, che istituisce il dispositivo per la ripresa e la resilienza;";;;;;;False
atto_4;docling;markdown;atto_4.md;63;;list_item;list_item;-il Piano Nazionale di Ripresa e Resilienza (PNRR) approvato con Decisione del Consiglio ECOFIN del 13 luglio 2021 e notificata all'Italia dal Segretariato generale del Consiglio con nota LT161/21, del 14 luglio 2021-;;;;;;False
atto_4;docling;markdown;atto_4.md;64;;list_item;list_item;"-la Missione 2 - Componente 4 - SubInvestimento 2.1b del PNRR che prevede 'Misure per la gestione del rischio di alluvione e per la riduzione del rischio idrogeologico';";;;;;;False
atto_4;docling;markdown;atto_4.md;65;;list_item;list_item;"-il Regolamento (UE) 2018/1046 del 18 luglio 2018, che stabilisce le regole finanziarie applicabili al bilancio generale dell'Unione, che modifica i Regolamenti (UE) n. 1296/2013, n. 1301/2013, n. 1303/2013, n. 1304/2013, n. 1309/2013, n. 1316/2013, n. 223/2014, n. 283/2014 e la decisione n. 541/2014/UE e abroga il regolamento (UE, Euratom) n. 966/2012;";;;;;;False
atto_4;docling;markdown;atto_4.md;66;;list_item;list_item;"-l'articolo 17 del Regolamento UE 2020/852 che definisce gli obiettivi ambientali, tra cui il principio di non arrecare un danno significativo (DNSH, 'Do no significant harm'), e la Comunicazione della Commissione UE 2021/C 58/01 recante 'Orientamenti tecnici sull'applicazione del principio 'non arrecare un danno significativo» a norma del regolamento sul dispositivo per la ripresa e la resilienza';";;;;;;False
atto_4;docling;markdown;atto_4.md;67;;list_item;list_item;"-i principi trasversali previsti dal PNRR, quali, tra l'altro, il principio del contributo all'obiettivo climatico e digitale (c.d. tagging), il principio di parità di genere e l'obbligo di protezione e valorizzazione dei giovani;";;;;;;False
atto_4;docling;markdown;atto_4.md;68;;list_item;list_item;"-gli obblighi di assicurare il conseguimento di target e milestone e degli obiettivi finanziari STABILITI nel PNRR;";;;;;;False
atto_4;docling;markdown;atto_4.md;70;;paragraph;text;"VISTA la nota del Capo Dipartimento della Protezione Civile, prot. n. PNRR/1353 del 11 gennaio 2023, di comunicazione dell'approvazione dell'elenco di dettaglio dei ""nuovi progetti"", ricadenti nel sub -investimento 2.1b della Missione 2 -Componente 4 del Piano Nazionale di Ripresa e Resilienza (PNRR), per l'importo complessivo di euro 49.394.516,58, assegnato alla Regione Sardegna con DPCM 23 agosto 2022, e il Decreto di rettifica e approvazione dell'elenco di dettaglio dei nuovi interventi Rep. n. 1419 del 24 maggio 2023;";;;;;VISTO;False
atto_4;docling;markdown;atto_4.md;72;;heading;heading;VISTE:;;;;;VISTO;False
atto_4;docling;markdown;atto_4.md;74;;list_item;list_item;"-la nota Prot. n. 2587 del 02.03.2023 con la quale la Direzione Generale della Protezione Civile ha richiesto al Comune di Bitti l'intendimento a svolgere il ruolo di Soggetto Attuatore per alcuni degli interventi contenuti nell'elenco 'nuovi progetti' approvato con nota Prot. n. PNRR/1353 del 11.01.2023;";;;;;;False
atto_4;docling;markdown;atto_4.md;75;;list_item;list_item;-le note n. 4106 e 4107 del 12.04.2023, relative all'accettazione da parte del Comune di Bitti degli interventi proposti ed alla trasmissione della relativa documentazione, composta, per ogni singolo intervento assunto, da: nomina del RUP, cronoprogramma ed elenco del personale reso disponibile all'attuazione.;;;;;;False
atto_4;docling;markdown;atto_4.md;77;;paragraph;text;VISTA la deliberazione n. 11/55 del 23.03.2023 avente ad oggetto Schema di accordo tra Regione Autonoma della Sardegna e Dipartimento della Protezione Civile, ai sensi dell'art. 15 della Legge n. 241/1990, per la realizzazione degli interventi 'in essere' e 'nuovi progetti' approvati nel sub - investimento 2.1b della Missione 2 -Componente 4 del Piano nazionale di ripresa e resilienza (PNRR) e INDIVIDUATI come 'Misure per la gestione del rischio di alluvione e per la riduzione del rischio idrogeologico'.;;;;;VISTO;False
atto_4;docling;markdown;atto_4.md;79;;paragraph;text;VISTA la convenzione n. 11, prot. uscita 7580, del 30.06.2023, tra la Regione Autonoma della Sardegna ed il Comune di Bitti, ACQUISITA al protocollo generale dell'ente al n. 4137 del 30 giugno 2023, che regola i rapporti di attuazione, gestione e controllo relativi ai progetti finanziati con fondi a valere sul Piano Nazionale di Ripresa e Resilienza (PNRR) - Missione 2, componente 4, subinvestimento 2.1b: 'Misure per la riduzione del rischio di alluvione e del rischio idrogeologico' approvati con Decreto del Capo Dipartimento di Protezione Civile;;;;;VISTO;False
atto_4;docling;markdown;atto_4.md;81;;paragraph;text;;;;;;;True
atto_4;docling;markdown;atto_4.md;83;;heading;heading;PIANO NAZIONALE DI RIPRESA E RESILIENZA (PNRR);;;;;;False
atto_4;docling;markdown;atto_4.md;85;;paragraph;text;;;;;;;True
atto_4;docling;markdown;atto_4.md;87;;paragraph;text;"Repertorio n. 3403 del 28/12/2022 INDIVIDUATI nel territorio comunale di Bitti (NU) e Decreto di rettifica e approvazione dell'elenco di dettaglio dei nuovi interventi Rep. n. 1419 del 24 maggio 2023;";;;;;;False
atto_4;docling;markdown;atto_4.md;89;;paragraph;text;"DATO ATTO che l'attuazione del PNRR prevede, per l'attuazione della Missione 2, Componente 4, Sub -Investimento 2.1b e per la realizzazione degli interventi ad essa connessi, finalizzati a salvaguardare e riqualificare il territorio, nonché a metterlo in sicurezza da frane o ridurre il rischio di allagamento, l'individuazione delle Amministrazioni centrali in qualità di titolari di Intervento, si è proceduto ad individuare il Comune di Bitti quale soggetto attuatore con decreto Capo Dipartimento della protezione Civile Rep. n. 1419 del 24.05.2023 dell'Investimento INDIVIDUATO ai numeri progressivi e ai Cup di cui all'art. 3 comma 1 e nella Tabella allegata alla summenzionata convenzione per farne parte integrante e sostanziale;";;;;;DATO_ATTO;False
atto_4;docling;markdown;atto_4.md;91;;paragraph;text;DATO ATTO che tra gli interventi finanziati nell'ambito dell'Accordo di concessione di finanziamento tra la Regione Autonoma della Sardegna - Direzione Generale della Protezione Civile e il Comune di Bitti (NU) rientrano quelli di seguito indicati:;;;;;DATO_ATTO;False
atto_4;docling;markdown;atto_4.md;93;;list_item;list_item;"ID 6.7 EX ID 12 -RIPRISTINI PUNTUALI DI DISSESTI IN VARIE VIE DEL CENTRO URBANO, CUP E97H21011870006- CIG: B140F38915;";;;;;;False
atto_4;docling;markdown;atto_4.md;95;;paragraph;text;"PRESO ATTO che l'accordo di finanziamento stipulato prevede l'erogazione delle somme assegnate sino ad un massimo del 90%, mentre il restante 10% deve essere anticipato dal soggetto attuatore;";;;;;PRESO_ATTO;False
atto_4;docling;markdown;atto_4.md;97;;paragraph;text;"CONSIDERATO che al fine di procedere alla chiusura ed alla rendicontazione del l'intervento sopra indicato si rende necessario provvedere all'anticipazione di cassa per l'importo pari ad € 34.759,05;";;;;;CONSIDERATO;False
atto_4;docling;markdown;atto_4.md;99;;heading;heading;VISTI:;;;;;VISTO;False
atto_4;docling;markdown;atto_4.md;101;;list_item;list_item;"il T.U. delle leggi sull'Ordinamento degli Enti Locali, approvato con Decreto Legislativo 18 - 08-2000, n. 267;";;;;;;False
atto_4;docling;markdown;atto_4.md;102;;list_item;list_item;"il D.Lgs. 31 marzo 2023, n. 36 costituente il nuovo Codice disciplinante i contratti di appalto e di concessione aventi ad oggetto l'acquisizione di servizi, forniture, lavori e opere, nonché i concorsi pubblici di progettazione;";;;;;;False
atto_4;docling;markdown;atto_4.md;103;;list_item;list_item;"il D.Lgs. 9 aprile 2008, n. 81 'Attuazione dell'art. 1 della Legge 3 Agosto 2007, n. 123, in materia di tutela della salute e della sicurezza nei luoghi di lavoro';";;;;;;False
atto_4;docling;markdown;atto_4.md;104;;list_item;list_item;"il D.L. 77/2021 convertito con modificazioni in legge 108/2021 e ss.mm.ii.;";;;;;;False
atto_4;docling;markdown;atto_4.md;105;;list_item;list_item;"il D.L. 13/2023 convertito con modificazioni in legge 41/2021e ss.mm.ii.;";;;;;;False
atto_4;docling;markdown;atto_4.md;106;;list_item;list_item;"la L. 8 del 13/03/2018 della Regione Autonoma della Sardegna recante: Nuove norme in materia di contratti pubblici di lavori, servizi e forniture;";;;;;;False
atto_4;docling;markdown;atto_4.md;108;;paragraph;text;"ACQUISITI in merito il parere favorevole del Responsabili del Servizio Tecnico e del Responsabile del Servizio Finanziario, espressi in calce alla presente;";;;;;ACQUISITO;False
atto_4;docling;markdown;atto_4.md;110;;paragraph;text;"VISTO il T.U. 267/00;";;;;;VISTO;False
atto_4;docling;markdown;atto_4.md;112;;paragraph;text;con votazione unanime,;;0.0;;;;False
atto_4;docling;markdown;atto_4.md;114;;heading;heading;DELIBERA;;;;DELIBERA;DELIBERA;False
atto_4;docling;markdown;atto_4.md;116;;paragraph;text;"1. di considerare quanto esposto in PREMESSA, quale parte integrante e sostanziale della presente;";;;;;;False
atto_4;docling;markdown;atto_4.md;117;;paragraph;text;"2. di autorizzare , al fine di poter procedere alla chiusura ed alla rendicontazione degli interventi citati in PREMESSA, l'anticipazione di cassa complessiva pari a € 34.759,05, necessari al pagamento delle somme a saldo in favore della ditta esecutrice dei lavori, del professionista incaricato e delle somme dovute ai sensi dell'art. 45 del D.Lgs 36/2023;";;;;;;False
atto_4;docling;markdown;atto_4.md;119;;heading;heading;PIANO NAZIONALE DI RIPRESA E RESILIENZA (PNRR);;;;;;False
atto_4;docling;markdown;atto_4.md;121;;paragraph;text;;;;;;;True
atto_4;docling;markdown;atto_4.md;123;;paragraph;text;"3. di definire la presente direttiva per il responsabile del Servizio Economico Finanziario ai fini dell'adozione degli atti conseguenti e necessari;";;;;;;False
atto_4;docling;markdown;atto_4.md;124;;paragraph;text;4. di dare ATTO che la somma complessiva di € 34.759,05, relativa agli interventi di che trattasi , risulta essere regolarmente iscritta sui capitoli del Bilancio finanziario 2026/2028, come di seguito indicato:;;;;;;False
atto_4;docling;markdown;atto_4.md;125;;paragraph;text;"5. di dare mandato al Responsabile del Servizio Tecnico Comunale affinché vengano PREDISPOSTI tutti gli atti conseguenti all'approvazione del presente progetto;";;;;;;False
atto_4;docling;markdown;atto_4.md;126;;paragraph;text;"6. di dare ATTO che i pareri RICHIAMATI in narrativa, in ordine alla regolarità tecnica e contabile, formano parte integrante della presente deliberazione;";;;;;;False
atto_4;docling;markdown;atto_4.md;127;;paragraph;text;7. di dichiarare la presente, con separata unanime votazione, immediatamente eseguibile.;;;;;;False
atto_4;docling;markdown;atto_4.md;129;;table;table;| Intervento | Capitolo | Importo € |;;;;;;True
atto_4;docling;markdown;atto_4.md;130;;table;table;|--------------------------------------------------------------------------------|------------|-------------|;;;;;;True
atto_4;docling;markdown;atto_4.md;131;;table;table;"| ID 6.7 ex 12 - Ripristini puntuali di dissesti in varie vie del centro urbano; | 2745/99 | 34.759,05 |";;;;;;True
atto_4;docling;markdown;atto_4.md;133;;heading;heading;PIANO NAZIONALE DI RIPRESA E RESILIENZA (PNRR);;;;;;False
atto_4;docling;markdown;atto_4.md;135;;paragraph;text;Il presente verbale viene approvato e sottoscritto come segue:;;;;;;False
atto_4;docling;markdown;atto_4.md;137;;heading;heading;IL SINDACO;;;;;;False
atto_4;docling;markdown;atto_4.md;139;;paragraph;text;f.to (Sig. Giuseppe Ciccolini);;;;;;False
atto_4;docling;markdown;atto_4.md;141;;heading;heading;IL SEGRETARIO COMUNALE;;;;;;False
atto_4;docling;markdown;atto_4.md;143;;paragraph;text;f.to ( Dott. Vincenzo Zanzarella );;;;;;False
atto_4;docling;markdown;atto_4.md;145;;paragraph;text;Il sottoscritto Segretario comunale, VISTI gli atti d'ufficio,;;;;;;False
atto_4;docling;markdown;atto_4.md;147;;heading;heading;ATTESTA;;;;ATTESTA;ATTESTA;False
atto_4;docling;markdown;atto_4.md;149;;paragraph;text;che la presente deliberazione:;;;;;;False
atto_4;docling;markdown;atto_4.md;151;;paragraph;text;" È stata affissa all'Albo Pretorio Comunale per quindici giorni consecutivi, dal 24 06 2026 al 09 07 2026, ai sensi dell'art. 124, comma 1, D.Lgs. 267/2000 senza reclami;";;;;;;False
atto_4;docling;markdown;atto_4.md;153;;paragraph;text; È diventata esecutiva il giorno 24 06 2026;;;;;;False
atto_4;docling;markdown;atto_4.md;155;;list_item;list_item;" Perché dichiarata immediatamente eseguibile (art 134, comma 4, D.Lgs. 267/2000);";;;;;;False
atto_4;docling;markdown;atto_4.md;156;;list_item;list_item;"o Perché decorsi 10 giorni dalla pubblicazione (art. 134, comma 3, D. Lgs. 267/2000);";;;;;;False
atto_4;docling;markdown;atto_4.md;158;;paragraph;text;Dalla residenza comunale, lì 24.06.2026;;;;;;False
atto_4;docling;markdown;atto_4.md;160;;paragraph;text;IL SEGRETARIO COMUNALE f.to ( Dott. Vincenzo Zanzarella );;;;;;False
atto_4;docling;markdown;atto_4.md;162;;paragraph;text;;;;;;;True
atto_40;docling;markdown;atto_40.md;1;;paragraph;text;;;;;;;True
atto_40;docling;markdown;atto_40.md;3;;heading;heading;DELIBERAZIONE DELLA GIUNTA MUNICIPALE N° 15;;;;;;False
atto_40;docling;markdown;atto_40.md;5;;paragraph;text;OGGETTO:;;;;;;False
atto_40;docling;markdown;atto_40.md;7;;paragraph;text;"Associazione Nazionale Città dell'Olio - Iniziativa ""Merenda";;;;;;False
atto_40;docling;markdown;atto_40.md;9;;paragraph;text;"dell'Oliveta"" VI Edizione (25 aprile - 28 giugno 2026). Adesione.";;;;;;False
atto_40;docling;markdown;atto_40.md;11;;paragraph;text;L'anno duemilaventisei , addì diciotto , del mese di febbraio , alle ore 13:30 nella sede comunale, si è riunita la Giunta Municipale convocata nelle forme di legge. Presiede l'adunanza il signor Mauri Egidio nella sua qualità di Sindaco.;;;;;;False
atto_40;docling;markdown;atto_40.md;13;;table;table;| Mauri Egidio | Sindaco | P |;;;;;;True
atto_40;docling;markdown;atto_40.md;14;;table;table;|-------------------|--------------|-----|;;;;;;True
atto_40;docling;markdown;atto_40.md;15;;table;table;| Paolucci Davide | Vice Sindaco | P |;;;;;;True
atto_40;docling;markdown;atto_40.md;16;;table;table;| Passarelli Andrea | Assessore | P |;;;;;;True
atto_40;docling;markdown;atto_40.md;18;;paragraph;text;presenti n. 3 e assenti n. 0;;;;;;False
atto_40;docling;markdown;atto_40.md;20;;paragraph;text;Partecipa il Segretario Dott.ssa Manes Maria incaricato della redazione del verbale.;;;;;;False
atto_40;docling;markdown;atto_40.md;22;;heading;heading;IL PRESIDENTE;;;;;;False
atto_40;docling;markdown;atto_40.md;24;;paragraph;text;Constatato il numero legale degli intervenuti, dichiara aperta l'adunanza ed invita i presenti alla trattazione dell'argomento indicato in oggetto.;;;;;;False
atto_40;docling;markdown;atto_40.md;26;;heading;heading;LA GIUNTA;;;;;;False
atto_40;docling;markdown;atto_40.md;28;;paragraph;text;"FORMULATA - dal Sindaco -giusta proposta sull'argomento << Associazione Nazionale Città dell'Olio - iniziativa ""Merenda nell'Oliveta"" VI^ ed. 2026 (dal 25 aprile al 28 giugno 2026). Adesione >>, nei termini di seguito riportati:";;;;;FORMULATO;False
atto_40;docling;markdown;atto_40.md;30;;heading;heading;<<PREMESSO:;;;;;;False
atto_40;docling;markdown;atto_40.md;32;;paragraph;text;"CHE l'Associazione Nazionale Città dell'Olio organizza l'evento ""Merenda nell'Oliveta' per promuovere il paesaggio e il territorio olivicolo, nonché sviluppare il turismo dell'olio;";;;;;;False
atto_40;docling;markdown;atto_40.md;34;;paragraph;text;"CHE la stessa - con nota contraddistinta da n. 100/AB/bs di protocollo - ha richiesto l'adesione dei vari Enti Soci, dando facoltà ad ogni singola Amministrazione partecipante di ampliare l'offerta delle iniziative collegate al tema della degustazione dell'olio extra vergine di oliva e dei prodotti tipici, della cultura e dalla tradizione legate al territorio;";;;;;;False
atto_40;docling;markdown;atto_40.md;36;;paragraph;text;"CHE detta comunicazione, in allegato, recava il modello di scheda per l'adesione all'iniziativa ' Merenda nell'Oliveta' - ed. 2026;";;;;;;False
atto_40;docling;markdown;atto_40.md;38;;paragraph;text;"CHE la ' Merenda nell'Oliveta ' ha come obiettivo far vivere ai partecipanti un'esperienza del paesaggio olivicolo e dell'ambiente in maniera 'stanziale' - da soli o in compagnia - trascorrendo una giornata all'aria aperta immersi nel paesaggio olivicolo, far riscoprire il valore della convivialità e dello stare insieme alla scoperta di luoghi suggestivi e meno conosciuti;";;;;;;False
atto_40;docling;markdown;atto_40.md;40;;paragraph;text;"CHE per quest'anno - 80° Anniversario della Repubblica - il tema scelto è ' Un Olivo per la Repubblica: radici comuni, valori condivisi ';";;;;;;False
atto_40;docling;markdown;atto_40.md;42;;paragraph;text;"TENUTO CONTO che questo Comune è partner dell'Associazione Nazionale Città dell'Olio;";;;;;TENUTO_CONTO;False
atto_40;docling;markdown;atto_40.md;44;;paragraph;text;"VISTO lo Statuto dell'Associazione Nazionale Città dell'Olio;";;;;;VISTO;False
atto_40;docling;markdown;atto_40.md;46;;paragraph;text;"ACQUISITA la scheda progettuale della ' Merenda nell'Oliveta ' VI^ ed. 2026 (dal 25 aprile al 28 giugno 2026), in una DATA da individuare - inviata dall'Associazione in uno con l'invito a prestarvi adesione;";;;;;ACQUISITO;False
atto_40;docling;markdown;atto_40.md;48;;paragraph;text;DATO ATTO che l'Associazione Nazionale Città dell'Olio - in quanto ente capofila e segreteria organizzativa del progetto - fornirà a tutti gli Enti aderenti:;;;;;DATO_ATTO;False
atto_40;docling;markdown;atto_40.md;50;;list_item;list_item;-il format grafico dell'evento,;;;;;;False
atto_40;docling;markdown;atto_40.md;51;;list_item;list_item;-l'assistenza per la redazione del programma locale,;;;;;;False
atto_40;docling;markdown;atto_40.md;52;;list_item;list_item;-un ufficio stampa nazionale,;;;;;;False
atto_40;docling;markdown;atto_40.md;53;;list_item;list_item;"-un sito internet dedicato www.cittadellolio.it e www.merendanelloliveta.it ;";;;;;;False
atto_40;docling;markdown;atto_40.md;54;;list_item;list_item;"-profili social dedicati;";;;;;;False
atto_40;docling;markdown;atto_40.md;56;;paragraph;text;"STABILITO che, invece, ogni Amministrazione aderente dovrà occuparsi dell'organizzazione dell'iniziativa a livello territoriale: attraverso le azioni RITENUTE più opportune, individuando una o più DATE nell'arco temporale dal 25 aprile al 28 giugno 2026;";;;;;STABILITO;False
atto_40;docling;markdown;atto_40.md;58;;paragraph;text;ATTESO:;;;;;ATTESO;False
atto_40;docling;markdown;atto_40.md;60;;paragraph;text;CHE questo Comune - RILEVATA la meritevolezza dell'iniziativa - intende prestarvi adesione:;;;;;;False
atto_40;docling;markdown;atto_40.md;62;;list_item;list_item;"-compartecipando con il richiesto contributo straordinario (da versare a titolo di spesa di iscrizione all'evento) quantificato, in base alla classe demografica di appartenenza (Comuni da 0 a 5.000 abitanti): in €. 100,00;";;;;;;False
atto_40;docling;markdown;atto_40.md;63;;list_item;list_item;"-impegnandosi a sviluppare ogni azione utile al fine dell'ottimale realizzazione dell'iniziativa;";;;;;;False
atto_40;docling;markdown;atto_40.md;65;;heading;heading;PRECISATO che:;;;;;PRECISATO;False
atto_40;docling;markdown;atto_40.md;67;;list_item;list_item;"-per la realizzazione dell'evento, a livello locale, l'Ente si avvarrà della fattiva collaborazione della Pro Loco di Jelsi che, interpellata per le vie brevi, ha assicurato disponibilità a titolo gratuito;";;;;;;False
atto_40;docling;markdown;atto_40.md;68;;list_item;list_item;"-la DATA dell'evento sarà concordata con il Coordinamento regionale delle Città dell'Olio; VISTO il bilancio comunale;";;;;;;False
atto_40;docling;markdown;atto_40.md;70;;paragraph;text;"INDIVIDUATO, a copertura della spesa occorrente - su indicazione del Responsabile dell'Area Contabile - lo stanziamento di cui al cap. 231/1 codice 06.01-1.03.02.99.003 del bilancio comunale;";;;;;INDIVIDUATO;False
atto_40;docling;markdown;atto_40.md;72;;paragraph;text;"PRECISATO che la natura dell'evento, riconduce l'iniziativa entro la sfera di competenza dell'Area Amministrativa;";;;;;PRECISATO;False
atto_40;docling;markdown;atto_40.md;74;;paragraph;text;"ACQUISITI, dai Responsabili delle Aree Amministrativa e Contabile - ai sensi dell'art. 49 del D. Lgs. 267/2000 - giusto parere favorevole in ordine alla regolarità contabile;";;;;;ACQUISITO;False
atto_40;docling;markdown;atto_40.md;76;;heading;heading;PROPONE;;;0.0;;;False
atto_40;docling;markdown;atto_40.md;78;;paragraph;text;"DI CONFERMARE quanto esposto in PREMESSA;";;;;;;False
atto_40;docling;markdown;atto_40.md;80;;list_item;list_item;"DI ADERIRE, alla iniziativa ' Merenda nell'Oliveta ' VI a edizione, proposta dall'Associazione Nazionale Città dell'Olio e prevista - in una giornata, a scelta di ciascun Ente aderente - nell'arco temporale dal 25 aprile al 28 giugno 2026;";;;;;;False
atto_40;docling;markdown;atto_40.md;81;;list_item;list_item;"DI PRENDERE ATTO che, a livello locale, la manifestazione sarà organizzata dall'Amministrazione l'Amministrazione, che si avvarrà della fattiva collaborazione della Pro Loco di Jelsi che, interpellata per le vie brevi, ha assicurato disponibilità a titolo gratuito;";;;;;;False
atto_40;docling;markdown;atto_40.md;83;;paragraph;text;"DI PRECISARE che la DATA dell'evento sarà concordata con il Coordinamento regionale delle Città dell'Olio;";;;;;;False
atto_40;docling;markdown;atto_40.md;85;;paragraph;text;"DI ASSUMERE l'impegno di versare - a titolo di spesa di iscrizione all'evento - il contributo straordinario richiesi: di €. 100,00;";;;;;;False
atto_40;docling;markdown;atto_40.md;87;;paragraph;text;"DI INDICARE a copertura della spesa occorrente, lo stanziamento di cui al cap. 231/1 codice 06.01-1.03.02.99.003 del bilancio comunale;";;;;;;False
atto_40;docling;markdown;atto_40.md;89;;paragraph;text;"DI APPROVARE l'allegato modello di scheda di adesione - che costituisce parte integrante e sostanziale del presente provvedimento - inerente all'iniziativa riguardante questo Comune;";;;;;;False
atto_40;docling;markdown;atto_40.md;91;;paragraph;text;"DI ASSUMERE l'impegno di sviluppare ogni azione utile al fine dell'ottimale realizzazione dell'iniziativa;";;;;;;False
atto_40;docling;markdown;atto_40.md;93;;paragraph;text;"DI RIMETTERE copia del provvedimento al Responsabile dell'Area Amministrativa, per gli adempimenti consequenziali.>>;";;;;;;False
atto_40;docling;markdown;atto_40.md;95;;paragraph;text;\_\_\_\_\_\_\_\_............................\_\_\_\_\_\_\_\_\_\_\_\_\_\_;;;;;;False
atto_40;docling;markdown;atto_40.md;97;;paragraph;text;"RITENUTA la su esposta proposta meritevole di recepimento/accoglimento;";;;;;RITENUTO;False
atto_40;docling;markdown;atto_40.md;99;;paragraph;text;"DATO ATTO che, sulla stessa risultano ACQUISITI i pareri favorevoli di regolarità tecnica e contabile resi dai Responsabili delle Aree Amministrativa e Contabile, ai sensi e per gli effetti dell'art. 49 del T.U.E.L. n. 267/2000;";;;;;DATO_ATTO;False
atto_40;docling;markdown;atto_40.md;101;;paragraph;text;"ASSEGNATA la responsabilità del procedimento, in capo alla sig.ra Valiante Vincenza, nella sua qualità di Responsabile dell'Area Amministrativa del Comune di Jelsi;";;;;;;False
atto_40;docling;markdown;atto_40.md;103;;paragraph;text;"ATTESO procedere alla votazione;";;;;;ATTESO;False
atto_40;docling;markdown;atto_40.md;105;;paragraph;text;RICEVUTA espressione dai presenti:;;;;;;False
atto_40;docling;markdown;atto_40.md;107;;list_item;list_item;dal Sindaco, Egidio Mauri: di voto favorevole;;;;;;False
atto_40;docling;markdown;atto_40.md;108;;list_item;list_item;dal Vice Sindaco, Davide Paolucci: di voto favorevole;;;;;;False
atto_40;docling;markdown;atto_40.md;109;;list_item;list_item;dall'Assessore, Andrea Passarelli: voto favorevole;;;;;;False
atto_40;docling;markdown;atto_40.md;111;;paragraph;text;DATO ATTO che la proposta - nella sua interezza ed omogeneità - risulta approvata con voto UNANIME favorevole dei presenti;;;;;DATO_ATTO;False
atto_40;docling;markdown;atto_40.md;113;;heading;heading;DELIBERA;;;;DELIBERA;DELIBERA;False
atto_40;docling;markdown;atto_40.md;115;;paragraph;text;"DI CONFERMARE tutto quanto esposto in PREMESSA, sul presupposto che costituisce parte integrante e sostanziale del presente dispositivo, formandone adeguata motivazione, ai sensi e per gli effetti di cui all'art. 3 della L. n. 241/1990 e ss.mm.ii.;";;;;;;False
atto_40;docling;markdown;atto_40.md;117;;paragraph;text;"DI PRENDERE ATTO della proposta FORMULATA dal Sindaco in merito all'oggetto << Associazione Nazionale Città dell'Olio - iniziativa ""Merenda nell'Oliveta"" VI^ ed. 2026 (dal 25 aprile al 28 giugno 2026). Adesione >>;";;;;;;False
atto_40;docling;markdown;atto_40.md;119;;paragraph;text;DI RECEPIRE la stessa, in toto , nei termini su esposti che, conseguentemente - tutti - si richiamano, approvano e riportano:;;;;;;False
atto_40;docling;markdown;atto_40.md;121;;paragraph;text;"DI ADERIRE, alla iniziativa ' Merenda nell'Oliveta ' VI a edizione, proposta dall'Associazione Nazionale Città dell'Olio e prevista - in una giornata, a scelta di ciascun Ente aderente - nell'arco temporale dal 25 aprile al 28 giugno 2026;";;;;;;False
atto_40;docling;markdown;atto_40.md;123;;paragraph;text;"DI PRENDERE ATTO che, a livello locale, la manifestazione sarà organizzata dall'Amministrazione l'Amministrazione, che si avvarrà della fattiva collaborazione della Pro Loco di Jelsi che, interpellata per le vie brevi, ha assicurato disponibilità a titolo gratuito;";;;;;;False
atto_40;docling;markdown;atto_40.md;125;;paragraph;text;"DI PRECISARE che la DATA dell'evento sarà concordata con il Coordinamento regionale delle Città dell'Olio;";;;;;;False
atto_40;docling;markdown;atto_40.md;127;;paragraph;text;"DI ASSUMERE l'impegno di versare - a titolo di spesa di iscrizione all'evento - il contributo straordinario richiesi: di €. 100,00;";;;;;;False
atto_40;docling;markdown;atto_40.md;129;;paragraph;text;"DI INDICARE a copertura della spesa occorrente, lo stanziamento di cui al cap. 231/1 codice 06.01-1.03.02.99.003 del bilancio comunale;";;;;;;False
atto_40;docling;markdown;atto_40.md;131;;paragraph;text;"DI APPROVARE l'allegato modello di scheda di adesione - che costituisce parte integrante e sostanziale del presente provvedimento - inerente all'iniziativa riguardante questo Comune;";;;;;;False
atto_40;docling;markdown;atto_40.md;133;;paragraph;text;"DI ASSUMERE l'impegno di sviluppare ogni azione utile al fine dell'ottimale realizzazione dell'iniziativa;";;;;;;False
atto_40;docling;markdown;atto_40.md;135;;paragraph;text;"DI RIMETTERE copia del provvedimento al Responsabile dell'Area Amministrativa, per gli adempimenti consequenziali;";;;;;;False
atto_40;docling;markdown;atto_40.md;137;;paragraph;text;DI COMUNICARE il presente deliberato ai capigruppo consiliari ai sensi dell'art.125 del T.U. n.267/2000.;;;;;;False
atto_40;docling;markdown;atto_40.md;139;;paragraph;text;DI RENDERE con separata votazione unanime, ai sensi dell'art.134, comma 4 del T.U. n.267/2000, il presente deliberato IMMEDIATAMENTE ESEGUIBILE.;;;;;;False
atto_40;docling;markdown;atto_40.md;141;;paragraph;text;IL PRESIDENTE F.to Mauri Egidio;;;;;;False
atto_40;docling;markdown;atto_40.md;143;;heading;heading;IL SEGRETARIO COMUNALE F.to Dott.ssa Manes Maria;;;;;;False
atto_40;docling;markdown;atto_40.md;145;;paragraph;text;E' copia conforme all'originale;;;;;;False
atto_40;docling;markdown;atto_40.md;147;;paragraph;text;Dalla Sede Municipale, lì \_\_\_\_\_\_\_\_\_\_\_\_\_;;;;;;False
atto_40;docling;markdown;atto_40.md;149;;paragraph;text;IL SEGRETARIO COMUNALE Dott.ssa Manes Maria;;;;;;False
atto_40;docling;markdown;atto_40.md;151;;paragraph;text;Il sottoscritto Segretario Comunale, VISTI gli atti d'ufficio,;;;;;;False
atto_40;docling;markdown;atto_40.md;153;;heading;heading;CERTIFICA;;;;;;False
atto_40;docling;markdown;atto_40.md;155;;paragraph;text;che la presente deliberazione:;;;;;;False
atto_40;docling;markdown;atto_40.md;157;;list_item;list_item;"[ ]  Viene pubblicata mediante affissione all'Albo Pretorio comunale il 26-02-2026 per rimanervi 15 giorni consecutivi, come prescritto dall'art.124, comma1, del T.U. n.267/2000;";;;;;;False
atto_40;docling;markdown;atto_40.md;159;;list_item;list_item;"[ ]  Viene comunicata, con lettera n. 839 in DATA 26-02-2026 ai capigruppo consiliari come prescritto dall'art.125, del T.U. n.267/2000;";;;;;;False
atto_40;docling;markdown;atto_40.md;161;;paragraph;text;Dalla Sede Municipale, lì 26-02-2026;;;;;;False
atto_40;docling;markdown;atto_40.md;163;;paragraph;text;Il Responsabile delle Pubblicazioni;;;;;;False
atto_40;docling;markdown;atto_40.md;165;;paragraph;text;F.to Dott.ssa Manes Maria;;;;;;False
atto_40;docling;markdown;atto_40.md;167;;heading;heading;DICHIARAZIONE DI ESECUTIVITA';;;;;;False
atto_40;docling;markdown;atto_40.md;169;;list_item;list_item;"[ ]  dichiarata immediatamente eseguibile (art.134, comma 4);";;;;;;False
atto_40;docling;markdown;atto_40.md;171;;list_item;list_item;"[ ]  sono decorsi 10 giorni dalla DATA di inizio della pubblicazione, non essendo pervenuta richiesta di invio al controllo (art.134, comma 3, del T.U. n.267/2000);";;;;;;False
atto_40;docling;markdown;atto_40.md;173;;list_item;list_item;"[ ]  sono decorsi 30 giorni dalla ricezione dell'ATTO (art.134, comma 1, del T.U. n.267/2000), senza che l'organo regionale di controllo abbia comunicato provvedimento di annullamento;";;;;;;False
atto_40;docling;markdown;atto_40.md;175;;paragraph;text;Dalla Sede Municipale, lì 18-02-2026;;;;;;False
atto_40;docling;markdown;atto_40.md;177;;paragraph;text;IL SEGRETARIO COMUNALE F.to Dott.ssa Manes Maria;;;;;;False
atto_40;docling;markdown;atto_40.md;179;;heading;heading;PARERE DI REGOLARITÀ TECNICA;;;;;;False
atto_40;docling;markdown;atto_40.md;181;;paragraph;text;Si ATTESTA la regolarità e la correttezza dell'azione amministrativa.;;;;;ATTESTA;False
atto_40;docling;markdown;atto_40.md;183;;paragraph;text;Jelsi,;;;;;;False
atto_40;docling;markdown;atto_40.md;185;;paragraph;text;Il Responsabile del Settore F.to Valiante Vincenza;;;;;;False
atto_40;docling;markdown;atto_40.md;187;;heading;heading;PARERE DI REGOLARITÀ CONTABILE;;;;;;False
atto_40;docling;markdown;atto_40.md;189;;paragraph;text;VISTO, si ATTESTA:;;;;;VISTO;False
atto_40;docling;markdown;atto_40.md;191;;list_item;list_item;"> La regolarità contabile del provvedimento retroscritto;";;;;;;False
atto_40;docling;markdown;atto_40.md;193;;list_item;list_item;> La copertura finanziaria dell'impegno di spesa dallo stesso disposto sull'intervento del bilancio nel medesimo indicato.;;;;;;False
atto_40;docling;markdown;atto_40.md;195;;paragraph;text;Jelsi, 25-02-2026;;;;;;False
atto_40;docling;markdown;atto_40.md;197;;paragraph;text;Il Responsabile del Settore Finanziario F.to Dr.ssa Di Giglio Concettina;;;;;;False
atto_41;docling;markdown;atto_41.md;1;;paragraph;text;;;;;;;True
atto_41;docling;markdown;atto_41.md;3;;heading;heading;DELIBERAZIONE DELLA GIUNTA MUNICIPALE N° 43;;;;;;False
atto_41;docling;markdown;atto_41.md;5;;paragraph;text;OGGETTO:;;;;;;False
atto_41;docling;markdown;atto_41.md;7;;paragraph;text;Revisione della disciplina sull'origine doganale dei prodotti agricoli e alimentari. Determinazioni;;;;;;False
atto_41;docling;markdown;atto_41.md;9;;paragraph;text;L'anno duemilaventisei , addì ventisette , del mese di maggio , alle ore 12:25 nella sede comunale, si è riunita la Giunta Municipale convocata nelle forme di legge. Presiede l'adunanza il signor Mauri Egidio nella sua qualità di Sindaco.;;;;;;False
atto_41;docling;markdown;atto_41.md;11;;table;table;| Mauri Egidio | Sindaco | P |;;;;;;True
atto_41;docling;markdown;atto_41.md;12;;table;table;|-------------------|--------------|-----|;;;;;;True
atto_41;docling;markdown;atto_41.md;13;;table;table;| Paolucci Davide | Vice Sindaco | A |;;;;;;True
atto_41;docling;markdown;atto_41.md;14;;table;table;| Passarelli Andrea | Assessore | P |;;;;;;True
atto_41;docling;markdown;atto_41.md;16;;paragraph;text;presenti n. 2 e assenti n. 1;;;;;;False
atto_41;docling;markdown;atto_41.md;18;;paragraph;text;Partecipa il Segretario Dott.ssa Manes Maria incaricato della redazione del verbale.;;;;;;False
atto_41;docling;markdown;atto_41.md;20;;heading;heading;IL PRESIDENTE;;;;;;False
atto_41;docling;markdown;atto_41.md;22;;paragraph;text;Constatato il numero legale degli intervenuti, dichiara aperta l'adunanza ed invita i presenti alla trattazione dell'argomento indicato in oggetto.;;;;;;False
atto_41;docling;markdown;atto_41.md;24;;heading;heading;LA GIUNTA;;;;;;False
atto_41;docling;markdown;atto_41.md;26;;paragraph;text;"FORMULATA dal Sindaco giusta proposta sull'argomento << Revisione della disciplina sull'origine doganale dei prodotti agricoli e alimentari. Determinazioni >>;";;;;;FORMULATO;False
atto_41;docling;markdown;atto_41.md;28;;paragraph;text;ESAMINATA la stessa nella formulazione che, in calce, si riporta integralmente: <<PREMESSO:;;;;;ESAMINATO;False
atto_41;docling;markdown;atto_41.md;30;;paragraph;text;"CHE la Federazione Regionale Coldiretti Molise ha invitato questo Comune ad assumere un provvedimento in cui si chieda la ' revisione della disciplina sull'origine doganale dei prodotti agricoli e alimentari ';";;;;;;False
atto_41;docling;markdown;atto_41.md;32;;paragraph;text;"CHE obiettivo di Coldiretti è la tutela di produttori e di consumatori italiani;";;;;;;False
atto_41;docling;markdown;atto_41.md;34;;paragraph;text;CHE la richiesta mira ad acquisire adesioni propedeutiche ad intraprendere - nelle opportune sedi istituzionali - azioni politiche utili alla modifica della disciplina sull'origine riportata dal codice doganale:;;;;;;False
atto_41;docling;markdown;atto_41.md;36;;list_item;list_item;"-allo scopo di prevedere, quale esclusivo criterio di individuazione dell'origine dei prodotti in parola, l'indicazione del luogo di provenienza, di cui al regolamento UE n. 1169/2011;";;;;;;False
atto_41;docling;markdown;atto_41.md;37;;list_item;list_item;"-per garantire trasparenza e corretta informazione ai consumatori;";;;;;;False
atto_41;docling;markdown;atto_41.md;39;;paragraph;text;"ATTESO che il codice doganale dell'Unione è istituito agli articoli 59-63 del regolamento (UE) n. 952/2013;";;;;;ATTESO;False
atto_41;docling;markdown;atto_41.md;41;;paragraph;text;VISTI, in particolare:;;;;;VISTO;False
atto_41;docling;markdown;atto_41.md;43;;list_item;list_item;"l'articolo 60, paragrafo 1 del regolamento suddetto, secondo cui le merci interamente ottenute in un unico Paese o territorio sono CONSIDERATE originarie di tale paese o territorio;";;;;;;False
atto_41;docling;markdown;atto_41.md;44;;list_item;list_item;"l'articolo 60, paragrafo 2, ai sensi del quale le merci alla cui produzione contribuiscono due o più Paesi o territori sono CONSIDERATE originarie del paese o territorio in cui hanno subito l'ultima trasformazione o lavorazione sostanziale ed economicamente giustificata, effettuata presso un'impresa attrezzata a tale scopo, che si sia conclusa con la fabbricazione di un prodotto nuovo o abbia rappresentato una fase importante del processo di fabbricazione;";;;;;;False
atto_41;docling;markdown;atto_41.md;45;;list_item;list_item;"gli articoli 31-36 e l'allegato 22-01 del regolamento delegato (UE) n. 2446/2015;";;;;;;False
atto_41;docling;markdown;atto_41.md;47;;paragraph;text;"CONSIDERATO che il criterio dell'origine non preferenziale, di cui al menzionato articolo 60, consente di stabilire la nazionalità ""economica"" delle merci scambiate nel commercio ed è utilizzato per garantire l'applicazione uniforme della tariffa doganale comune nonchè di tutti gli altri provvedimenti adottati - per l'importazione o l'esportazione delle merci - dall'Unione o dagli Stati membri;";;;;;CONSIDERATO;False
atto_41;docling;markdown;atto_41.md;49;;paragraph;text;"PRESO ATTO che non sono state ancora elaborate regole specifiche e univoche per la determinazione dell'origine doganale dei prodotti agricoli e alimentari, salva la distinzione rispetto al luogo di provenienza, inteso - ai sensi dell'articolo 2, par. 2, lett. g) del regolamento (UE) n. 1169/2011 - come quello da cui proviene l'alimento;";;;;;PRESO_ATTO;False
atto_41;docling;markdown;atto_41.md;51;;paragraph;text;"VALUTATO che le regole che conferiscono l'origine in base all'ultimo Paese di produzione contribuiscono -con riguardo ai prodotti agro-alimentari -a generare disorientamento nel consumatore rispetto alla individuazione del luogo di origine, come nell'esempio conosciuto dell'importazione di triplo concentrato di pomodoro rispetto al doppio avente come unica finalità quella di ottenere il marchio made in ltaly sui prodotti di provenienza non nazionale ACQUISITI a basso costo;";;;;;VALUTATO;False
atto_41;docling;markdown;atto_41.md;53;;paragraph;text;RICONOSCIUTO che coesistono tre tipologie di criteri:;;;;;RICONOSCIUTO;False
atto_41;docling;markdown;atto_41.md;55;;paragraph;text;"1. il cambiamento della voce tariffaria;";;;;;;False
atto_41;docling;markdown;atto_41.md;56;;paragraph;text;"2. la trasformazione specifica;";;;;;;False
atto_41;docling;markdown;atto_41.md;57;;paragraph;text;"3. il valore aggiunto;";;;;;;False
atto_41;docling;markdown;atto_41.md;59;;paragraph;text;"ATTESO che, però, nessuno di essi consente di integrare gli estremi della fattispecie "" della lavorazione economicamente giustificata "" ai fini della individuazione di un prodotto nuovo;";;;;;ATTESO;False
atto_41;docling;markdown;atto_41.md;61;;paragraph;text;"RICONOSCIUTO che la disciplina doganale di cui trattasi non concerne il contenuto dell'informazione destinata ai consumatori mediante l'etichettatura, limitandosi a consentire l'identificazione e la classificazione delle merci nei rapporti internazionali in forza di un unico codice numerico universalmente comprensibile;";;;;;RICONOSCIUTO;False
atto_41;docling;markdown;atto_41.md;63;;paragraph;text;PRESO ATTO:;;;;;PRESO_ATTO;False
atto_41;docling;markdown;atto_41.md;65;;paragraph;text;"CHE la giurisprudenza nazionale ed europea riconosce nella disciplina dell'origine doganale una norma di natura fiscale che non permette, tuttavia, di fornire ai consumatori informazioni trasparenti per una corretta individuazione della provenienza geografica;";;;;;;False
atto_41;docling;markdown;atto_41.md;67;;paragraph;text;"CHE dei rischi economici e reputazionali derivanti dalla commercializzazione di alimenti etichettati come made in Italy, realizzati con ingredienti provenienti da altri Paesi ma che in Italia hanno subito soltanto l'ultima trasformazione sostanziale o economicamente giustificata;";;;;;;False
atto_41;docling;markdown;atto_41.md;69;;paragraph;text;"CHE sebbene -ai sensi delle norme doganali -le operazioni minime o non economicamente giustificate non hanno alcuna rilevanza ai fini dell'attribuzione dell'origine non preferenziale, nondimeno tali norme risultano inadeguate e carenti ad evitare i casi di falsa evocazione dell'origine dei prodotti che costituiscono il patrimonio agroalimentare italiano;";;;;;;False
atto_41;docling;markdown;atto_41.md;71;;paragraph;text;"ACQUISITO, dal Segretario comunale - ai sensi e per gli effetti di cui all'art. 49 del TUEL n. 267/2000 - giusto parere favorevole in ordine alla regolarità tecnica;";;;;;ACQUISITO;False
atto_41;docling;markdown;atto_41.md;73;;paragraph;text;"RILEVATO che trattandosi di un provvedimento di natura non gestionale, non ricorre l'esigenza di acquisire parere contabile;";;;;;RILEVATO;False
atto_41;docling;markdown;atto_41.md;75;;paragraph;text;"VISTO il decreto legislativo 18 agosto 2000, n. 267, in particolare l'articolo 42, comma 1; PROPONE";;;91.0;;VISTO;False
atto_41;docling;markdown;atto_41.md;77;;paragraph;text;"DI CONFERMARE tutto quanto esposto in PREMESSA, sul presupposto che costituisce parte integrante e sostanziale del presente dispositivo, formandone adeguata motivazione, ai sensi e per gli effetti di cui all'art. 3 della L. n. 241/1990 e ss.mm.ii.;";;;;;;False
atto_41;docling;markdown;atto_41.md;79;;paragraph;text;DI ASSUMERE - in accoglimento dell'istanza pervenuta dalla Federazione Regionale Coldiretti Molise - impegno:;;;;;;False
atto_41;docling;markdown;atto_41.md;81;;paragraph;text;"1. ad sollecitare l'ANCI (Associazione Nazionale dei Comuni) affinchè promuova presso le competenti sedi istituzionali euro-unitarie, anche tramite il Comitato europeo delle Regioni - azioni/iniziative utili e necessarie all'avvio della procedura di modifica della disciplina sull'origine del codice doganale e, in particolare, alla revisione dell'articolo 60 del regolamento (UE) n. 952/2013: finalizzata all'esclusione dei prodotti agricoli e alimentari dall'ambito di applicazione della stessa e conseguentemente al fine di prevedere quale esclusivo criterio di individuazione dell'origine dei prodotti in parola l'indicazione del luogo di provenienza di cui al regolamento (UE) n.1169/ 2011, onde garantire trasparenza e corretta informazione ai consumatori;";;;;;;False
atto_41;docling;markdown;atto_41.md;82;;paragraph;text;"2. ad intraprendere -anche tramite ANCI opportune interlocuzioni con i parlamentari europei eletti nella circoscrizione elettorale di pertinenza del Comune, affinchè gli stessi siano resi edotti dell'iniziativa di cui alla presente deliberazione: sensibilizzandoli circa l'importanza della modifica della disciplina sull'origine doganale nel senso sopra riportato;";;;;;;False
atto_41;docling;markdown;atto_41.md;83;;paragraph;text;"3. a sollecitare il Presidente della Regione ad attivarsi - nell'ambito della Conferenza permanente per i rapporti tra lo Stato, le Regioni e le Province Autonome - con il medesimo obiettivo di cui ai precedenti punti;";;;;;;False
atto_41;docling;markdown;atto_41.md;85;;heading;heading;DI TRASMETTERE il presente provvedimento a:;;;;;;False
atto_41;docling;markdown;atto_41.md;87;;list_item;list_item;Federazione Regionale Coldiretti Molise, via Luigi D'Amato n. 15, 86100 Campobasso (CB) - pec molise@pec.coldiretti.it;;;;;;False
atto_41;docling;markdown;atto_41.md;88;;list_item;list_item;Presidente Regione Molise - via Genova n. 11, 86100 Campobasso - pec regionemolise@cert.regione.molise.it;;;;;;False
atto_41;docling;markdown;atto_41.md;89;;list_item;list_item;ANCI (Associazione Nazionale dei Comuni) - pec amministrazione@pec.anci.it;;;;;;False
atto_41;docling;markdown;atto_41.md;90;;list_item;list_item;"ANCI Molise - viale Elena n. 1, 86100 Campobasso - pec ancimolise@pec.it>>;";;;;;;False
atto_41;docling;markdown;atto_41.md;92;;paragraph;text;\_\_\_\_\_\_\_\_\_\_\_\_\_\_\_\_\_\_\_\_\_\_\_\_\_;;;;;;False
atto_41;docling;markdown;atto_41.md;94;;paragraph;text;"RITENUTA la su esposta proposta meritevole di recepimento/accoglimento;";;;;;RITENUTO;False
atto_41;docling;markdown;atto_41.md;96;;paragraph;text;DATO ATTO che, sulla stessa:;;;;;DATO_ATTO;False
atto_41;docling;markdown;atto_41.md;98;;list_item;list_item;"-risulta ACQUISITO, dal Segretario comunale - ai sensi e per gli effetti di cui all'art. 49 del TUEL n. 267/2000 - giusto parere favorevole in ordine alla regolarità tecnica;";;;;;;False
atto_41;docling;markdown;atto_41.md;99;;list_item;list_item;"-trattandosi di un provvedimento di natura non gestionale, non ricorre l'esigenza di acquisire parere contabile;";;;;;;False
atto_41;docling;markdown;atto_41.md;101;;paragraph;text;ATTESO procedere alla votazione:;;;;;ATTESO;False
atto_41;docling;markdown;atto_41.md;103;;paragraph;text;RICEVUTA espressione dai presenti:;;;;;;False
atto_41;docling;markdown;atto_41.md;105;;list_item;list_item;dal Sindaco, Mauri Egidio: di voto favorevole;;;;;;False
atto_41;docling;markdown;atto_41.md;106;;list_item;list_item;dall'Assessore, Passarelli Andrea di voto favorevole;;;;;;False
atto_41;docling;markdown;atto_41.md;108;;paragraph;text;DATO ATTO che la proposta risulta approvata all'UNANIMITA';;;;;DATO_ATTO;False
atto_41;docling;markdown;atto_41.md;110;;heading;heading;DELIBERA;;;;DELIBERA;DELIBERA;False
atto_41;docling;markdown;atto_41.md;112;;paragraph;text;"DI CONFERMARE quanto esposto in PREMESSA, sul presupposto che costituisce parte integrante e sostanziale del presente dispositivo, formandone adeguata motivazione, ai sensi e per gli effetti di cui all'art. 3 della L. n. 241/1990 e ss.mm.ii.;";;;;;;False
atto_41;docling;markdown;atto_41.md;114;;paragraph;text;"DI DARE ATTO della proposta FORMULATA dal Sindaco, in merito all'oggetto: << Revisione della disciplina sull'origine doganale dei prodotti agricoli e alimentari. Determinazioni >>;";;;;;;False
atto_41;docling;markdown;atto_41.md;116;;paragraph;text;DI RECEPIRE ed APPROVARE in toto la stessa nei termini su esposti e, conseguentemente:;;;;;;False
atto_41;docling;markdown;atto_41.md;118;;paragraph;text;DI ASSUMERE - in accoglimento dell'istanza pervenuta dalla Federazione Regionale Coldiretti Molise - impegno:;;;;;;False
atto_41;docling;markdown;atto_41.md;120;;paragraph;text;"4. ad sollecitare l'ANCI (Associazione Nazionale dei Comuni) affinchè promuova presso le competenti sedi istituzionali euro-unitarie, anche tramite il Comitato europeo delle Regioni - azioni/iniziative utili e necessarie all'avvio della procedura di modifica della disciplina sull'origine del codice doganale e, in particolare, alla revisione dell'articolo 60 del regolamento (UE) n. 952/2013: finalizzata all'esclusione dei prodotti agricoli e alimentari dall'ambito di applicazione della stessa e conseguentemente al fine di prevedere quale esclusivo criterio di individuazione dell'origine dei prodotti in parola l'indicazione del luogo di provenienza di cui al regolamento (UE) n.1169/ 2011, onde garantire trasparenza e corretta informazione ai consumatori;";;;;;;False
atto_41;docling;markdown;atto_41.md;121;;paragraph;text;"5. ad intraprendere -anche tramite ANCI opportune interlocuzioni con i parlamentari europei eletti nella circoscrizione elettorale di pertinenza del Comune, affinchè gli stessi siano resi edotti dell'iniziativa di cui alla presente deliberazione: sensibilizzandoli circa l'importanza della modifica della disciplina sull'origine doganale nel senso sopra riportato;";;;;;;False
atto_41;docling;markdown;atto_41.md;122;;paragraph;text;"6. a sollecitare il Presidente della Regione ad attivarsi - nell'ambito della Conferenza permanente per i rapporti tra lo Stato, le Regioni e le Province Autonome - con il medesimo obiettivo di cui ai precedenti punti;";;;;;;False
atto_41;docling;markdown;atto_41.md;124;;paragraph;text;DI TRASMETTERE il presente provvedimento a:;;;;;;False
atto_41;docling;markdown;atto_41.md;126;;list_item;list_item;"Federazione Regionale Coldiretti Molise, via Luigi D'Amato n. 15, 86100 Campobasso (CB) - pec molise@pec.coldiretti.it;";;;;;;False
atto_41;docling;markdown;atto_41.md;127;;list_item;list_item;"Presidente Regione Molise - via Genova n. 11, 86100 Campobasso - pec regionemolise@cert.regione.molise.it;";;;;;;False
atto_41;docling;markdown;atto_41.md;128;;list_item;list_item;"ANCI (Associazione Nazionale dei Comuni) - pec amministrazione@pec.anci.it;";;;;;;False
atto_41;docling;markdown;atto_41.md;129;;list_item;list_item;"ANCI Molise - viale Elena n. 1, 86100 Campobasso - pec ancimolise@pec.it;";;;;;;False
atto_41;docling;markdown;atto_41.md;131;;paragraph;text;DI COMUNICARE il presente deliberato ai capigruppo consiliari ai sensi dell'art.125 del T.U. n.267/2000.;;;;;;False
atto_41;docling;markdown;atto_41.md;133;;paragraph;text;DI RENDERE con separata votazione unanime, favorevole, ai sensi dell'art.134, comma 4 del T.U. n.267/2000, il presente deliberato IMMEDIATAMENTE ESEGUIBILE.;;;;;;False
atto_41;docling;markdown;atto_41.md;135;;paragraph;text;IL PRESIDENTE F.to Mauri Egidio;;;;;;False
atto_41;docling;markdown;atto_41.md;137;;heading;heading;IL SEGRETARIO COMUNALE F.to Dott.ssa Manes Maria;;;;;;False
atto_41;docling;markdown;atto_41.md;139;;paragraph;text;E' copia conforme all'originale;;;;;;False
atto_41;docling;markdown;atto_41.md;141;;paragraph;text;Dalla Sede Municipale, lì \_\_\_\_\_\_\_\_\_\_\_\_\_;;;;;;False
atto_41;docling;markdown;atto_41.md;143;;paragraph;text;IL SEGRETARIO COMUNALE Dott.ssa Manes Maria;;;;;;False
atto_41;docling;markdown;atto_41.md;145;;paragraph;text;Il sottoscritto Segretario Comunale, VISTI gli atti d'ufficio,;;;;;;False
atto_41;docling;markdown;atto_41.md;147;;heading;heading;CERTIFICA;;;;;;False
atto_41;docling;markdown;atto_41.md;149;;paragraph;text;che la presente deliberazione:;;;;;;False
atto_41;docling;markdown;atto_41.md;151;;list_item;list_item;"[ ]  Viene pubblicata mediante affissione all'Albo Pretorio comunale il 28-05-2026 per rimanervi 15 giorni consecutivi, come prescritto dall'art.124, comma1, del T.U. n.267/2000;";;;;;;False
atto_41;docling;markdown;atto_41.md;153;;list_item;list_item;"[ ]  Viene comunicata, con lettera n. 2322 in DATA 28-05-2026 ai capigruppo consiliari come prescritto dall'art.125, del T.U. n.267/2000;";;;;;;False
atto_41;docling;markdown;atto_41.md;155;;paragraph;text;Dalla Sede Municipale, lì 28-05-2026;;;;;;False
atto_41;docling;markdown;atto_41.md;157;;paragraph;text;Il Responsabile delle Pubblicazioni;;;;;;False
atto_41;docling;markdown;atto_41.md;159;;paragraph;text;F.to Dott.ssa Manes Maria;;;;;;False
atto_41;docling;markdown;atto_41.md;161;;heading;heading;DICHIARAZIONE DI ESECUTIVITA';;;;;;False
atto_41;docling;markdown;atto_41.md;163;;list_item;list_item;"[ ]  dichiarata immediatamente eseguibile (art.134, comma 4);";;;;;;False
atto_41;docling;markdown;atto_41.md;165;;list_item;list_item;"[ ]  sono decorsi 10 giorni dalla DATA di inizio della pubblicazione, non essendo pervenuta richiesta di invio al controllo (art.134, comma 3, del T.U. n.267/2000);";;;;;;False
atto_41;docling;markdown;atto_41.md;167;;list_item;list_item;"[ ]  sono decorsi 30 giorni dalla ricezione dell'ATTO (art.134, comma 1, del T.U. n.267/2000), senza che l'organo regionale di controllo abbia comunicato provvedimento di annullamento;";;;;;;False
atto_41;docling;markdown;atto_41.md;169;;paragraph;text;Dalla Sede Municipale, lì 27-05-2026;;;;;;False
atto_41;docling;markdown;atto_41.md;171;;paragraph;text;IL SEGRETARIO COMUNALE F.to Dott.ssa Manes Maria;;;;;;False
atto_41;docling;markdown;atto_41.md;173;;heading;heading;PARERE DI REGOLARITÀ TECNICA;;;;;;False
atto_41;docling;markdown;atto_41.md;175;;paragraph;text;Si ATTESTA la regolarità e la correttezza dell'azione amministrativa. Jelsi,;;;;;ATTESTA;False
atto_41;docling;markdown;atto_41.md;177;;paragraph;text;Il Responsabile del Settore F.to Dott.ssa Manes Maria;;;;;;False
atto_42;docling;markdown;atto_42.md;1;;paragraph;text;;;;;;;True
atto_42;docling;markdown;atto_42.md;3;;heading;heading;PROVINCIA DI SIENA;;;;;;False
atto_42;docling;markdown;atto_42.md;5;;heading;heading;Deliberazione della Giunta Comunale;;;;;;False
atto_42;docling;markdown;atto_42.md;7;;paragraph;text;Oggetto: 'ISTITUZIONE DELLE Z.T.L. (ZONE A TRAFFICO LIMITATO) E DELLA A.P.U. (AREA PEDONALE URBANA) - ISTITUZIONE DEL SISTEMA DI CONTROLLO ELETTRONICO DEGLI ACCESSI ALLA Z.T.L. 0/24 ED ALLA Z.T.L. 14/20 APPROVAZIONE DEL DISCIPLINARE DELLE Z.T.L. E DELLA A.P.U. ';;;;;;False
atto_42;docling;markdown;atto_42.md;9;;paragraph;text;N. 55;;;;;;False
atto_42;docling;markdown;atto_42.md;11;;paragraph;text;DATA 24/02/2015;;;;;;False
atto_42;docling;markdown;atto_42.md;13;;paragraph;text;L'anno (2015) il giorno ventiquattro del mese di Febbraio alle ore 15:30 nei modi di legge, si è riunita nell'apposita sala la Giunta Comunale con l'intervento dei Signori:;;;;;;False
atto_42;docling;markdown;atto_42.md;15;;table;table;| | | PRESENTE |;;;;;;True
atto_42;docling;markdown;atto_42.md;16;;table;table;|---------------------|--------------|------------|;;;;;;True
atto_42;docling;markdown;atto_42.md;17;;table;table;| BUSSAGLI DAVID | Sindaco | NO |;;;;;;True
atto_42;docling;markdown;atto_42.md;18;;table;table;| BECATTELLI SILVANO | Vice Sindaco | SI |;;;;;;True
atto_42;docling;markdown;atto_42.md;19;;table;table;| CARROZZINO FABIO | Assessore | SI |;;;;;;True
atto_42;docling;markdown;atto_42.md;20;;table;table;| BERTI NICOLA | Assessore | SI |;;;;;;True
atto_42;docling;markdown;atto_42.md;21;;table;table;| CONVERTITO FILOMENA | Assessore | SI |;;;;;;True
atto_42;docling;markdown;atto_42.md;22;;table;table;| SALVADORI SUSANNA | Assessore | SI |;;;;;;True
atto_42;docling;markdown;atto_42.md;24;;paragraph;text;Totale Presenti: 5;;;;;;True
atto_42;docling;markdown;atto_42.md;26;;paragraph;text;Totale assenti: 1;;;;;;True
atto_42;docling;markdown;atto_42.md;28;;heading;heading;Assiste il Segretario Generale Dott. DOTTORI ROBERTO;;;;;;False
atto_42;docling;markdown;atto_42.md;30;;paragraph;text;Il VICE SINDACO, constatato che gli intervenuti sono in numero legale, dichiara aperta la riunione ed invita i convocati a DELIBERARE sull'oggetto sopraindicato.;;;;;;False
atto_42;docling;markdown;atto_42.md;32;;heading;heading;La Giunta Comunale;;;;;;False
atto_42;docling;markdown;atto_42.md;34;;paragraph;text;PREMESSO che con precedenti deliberazioni e provvedimenti attuativi, nel tempo, questo Ente ha provveduto a disporre in ordine all'istituzione, modifica e disciplina delle ZTL (Zone a Traffico Limitato) e delle APU (Aree Pedonali Urbane) del centro storico del Comune di Poggibonsi ed in particolare RICHIAMATE:;;;;;PREMESSO;False
atto_42;docling;markdown;atto_42.md;36;;list_item;list_item;"-la deliberazione CC n. 53 del 23/04/1991, con la quale, è stata istituita e delimitata, in via di prima sperimentazione, la ZTL e l'APU della città di Poggibonsi, dando mandato alla Giunta Comunale ed al Sindaco di dare attuazione a tale provvedimento;";;;;;;False
atto_42;docling;markdown;atto_42.md;37;;list_item;list_item;"-l'ordinanza sindacale n. 29 del 27/03/1992, con la quale si è provveduto alla disciplina di dettaglio del RICHIAMATO provvedimento deliberativo, contenente anche la regolamentazione del sistema autorizzatorio per specifiche categorie di utenti;";;;;;;False
atto_42;docling;markdown;atto_42.md;38;;list_item;list_item;"-l'ordinanza sindacale n. 58 del 04/05/1996 di parziale modifica della precedente ordinanza n. 29/1992;";;;;;;False
atto_42;docling;markdown;atto_42.md;39;;list_item;list_item;"-l'ordinanza sindacale n. 96 del 11/06/1997 di revoca delle precedenti ordinanze n. 29/1992 e n. 58/1996 e contestuale organizzazione delle circolazione e del sistema autorizzatorio, con disciplina dei criteri di esenzione e di rilascio delle autorizzazioni in deroga ad alcune categorie di utenti nelle ZTL ed APU cittadine;";;;;;;False
atto_42;docling;markdown;atto_42.md;40;;list_item;list_item;"-l'ordinanza sindacale n. 310 del 05/12/1997 di parziale modifica della precedente ordinanza n. 96/97 in merito all'estensione degli orari di carico e scarico delle merci;";;;;;;False
atto_42;docling;markdown;atto_42.md;41;;list_item;list_item;"-la deliberazione GC n. 40 dell'01.4.2008, che, in attuazione degli obiettivi definiti dal Piano Urbano del Traffico del Comune di Poggibonsi, approvato con deliberazione consiliare n. 15 del 26/03/2003, volti al contenimento ed alla riduzione delle criticità e della congestione derivanti dalla circolazione veicolare in ambito urbano, ha disposto la revisione della delimitazione e della regolamentazione della pregressa Z.T.L., con estensione del divieto ai non residenti per l'intera giornata ( H 0/24) e con ampliamento della perimetrazione della Z.T.L. con orario 14.00 alle ore 20.00, istituendo e delimitando la nuova ZTL e la nuova APU, nonché determinando i criteri di rilascio delle autorizzazioni in deroga a determinate categorie di utenti;";;;;;;False
atto_42;docling;markdown;atto_42.md;42;;list_item;list_item;"-la deliberazione GC n. 75 del 17.6.2008 avente ad oggetto, tra l'altro, la rettifica dell'elenco delle vie ricomprese nella precedente deliberazione n. 40/2008 ed in particolare l'inserimento della Via Dietro le Mura nel provvedimento ZTL con orario 14/20 per come delineato nella suddetta deliberazione;";;;;;;False
atto_42;docling;markdown;atto_42.md;43;;list_item;list_item;"-la deliberazione n 128 del 25/11/2008 avente ad oggetto un'ulteriore modifica della precedente deliberazione n. 40/2008, volta al miglioramento delle condizioni di transito e sosta per alcune categorie di utenti ed in particolare per i residenti e per i titolari di attività produttive ed artigianali aventi sede nella stessa ZTL, nonché all'inserimento nell'elenco delle strade di cui alla ZTL 14/20 della Via San Lucchese;";;;;;;False
atto_42;docling;markdown;atto_42.md;44;;list_item;list_item;"-la deliberazione n. 134 del 02/12/2008 di parziale modifica delle precedenti deliberazioni G.C. n. 40/2008 e n. 128/2008 in merito ai criteri di assegnazione dei permessi in deroga ai residenti in ZTL ed APU;";;;;;;False
atto_42;docling;markdown;atto_42.md;45;;list_item;list_item;"-le ordinanze dirigenziali attuative delle deliberazioni GC n. 40/2008, n. 75/2008, n. 128/2008 e n. 134/2008 ed in particolare le ordinanze del Dirigente del Settore Polizia Municipale n. 134 dell'11.7.2008 e la n. 257 del 16.12.2008;";;;;;;False
atto_42;docling;markdown;atto_42.md;47;;heading;heading;CONSIDERATO che:;;;;;CONSIDERATO;False
atto_42;docling;markdown;atto_42.md;49;;list_item;list_item;"nel tempo, la regolamentazione delle ZTL ed APU ha subito modifiche, ancorché non sostanziali, la cui frammentazione in vari atti e provvedimenti, poteva pregiudicarne la completa conoscibilità da parte dell'utenza;";;;;;;False
atto_42;docling;markdown;atto_42.md;50;;list_item;list_item;"dunque, si è RITENUTO opportuno, in un'ottica di trasparenza e pubblicità dell'azione amministrativa, trasfondere in un unico provvedimento organico tutte le norme di disciplina e di regolamentazione della ZTL ed APU cittadine;";;;;;;False
atto_42;docling;markdown;atto_42.md;51;;list_item;list_item;"a tal fine, con deliberazione G.C. n. 49 del 26/02/2013, ferma restando la delimitazione della ZTL ed APU per come regolamentato dalle previgenti disposizioni, è stato quindi approvato un 'Disciplinare delle ZTL (Zone a Traffico Limitato) ed APU( Aree Pedonali Urbane', quale corpus organico per la disciplina della gestione e modalità di fruizione delle ZTL e delle APU;";;;;;;False
atto_42;docling;markdown;atto_42.md;52;;list_item;list_item;"con successiva deliberazione n. 159 del 04/06/2013, recependo alcune necessità di adeguamento e di emendamento derivanti da osservazioni pervenute ad opera delle categorie di utenti maggiormente coinvolte dall'attuazione del suddetto disciplinare, questo organo ha approvato alcune modifiche ed integrazioni al Disciplinare delle ZTL (Zone a Traffico Limitato) ed APU( Aree Pedonali Urbane' approvato con precedente deliberazione G.C. n. 49/2013;";;;;;;False
atto_42;docling;markdown;atto_42.md;54;;heading;heading;RICORDATO che:;;;;;RICORDATO;False
atto_42;docling;markdown;atto_42.md;56;;list_item;list_item; La Regione Toscana, con DELIBERA GR n. 704 del 01/08/2011, ha INDIVIDUATO gli indirizzi per l'accelerazione della programmazione della spesa del Programma Operativo regionale 'Competitività regionale e Occupazione' 2007-2013, indicando, quali priorità di intervento dell'Asse IV 'accessibilità ai servizi di trasporto e di telecomunicazioni', gli obiettivi operativi e le conseguenti attività, interessanti anche i Comuni, come di seguito riportato:;;;;;;False
atto_42;docling;markdown;atto_42.md;57;;list_item;list_item;-Sviluppo di sistemi innovativi di informazione a sostegno della mobilità integrata;;;;;;False
atto_42;docling;markdown;atto_42.md;58;;list_item;list_item;-Realizzazione di una struttura informativa geografica per accessibilità ' I mobility';;;;;;False
atto_42;docling;markdown;atto_42.md;59;;list_item;list_item;" Con DELIBERA G.R.T. n. 341 del 23/04/2012, la Regione Toscana ha INDIVIDUATO le risorse da destinare ai Comuni, con un impegno di cofinanziamento almeno pari al 50% delle spese totali ammissibili;";;;;;;False
atto_42;docling;markdown;atto_42.md;60;;list_item;list_item;" Con successivo Decreto n. 2613 del 23/05/2012 la Regione toscana ha approvato l'avviso rivolto ai Comuni per la selezione dei progetti in ambito di infomobilità corredato della scheda di proposta progettuale;";;;;;;False
atto_42;docling;markdown;atto_42.md;61;;list_item;list_item; Il Comune di Poggibonsi, con la propria deliberazione G.C. n. 245 del 20/09/2012, ha approvato quindi la proposta progettuale denominata 'Poggibonsi - i mobility' da presentare alla Regione Toscana per la concessione di un contributo nell'ambito del suddetto Programma operativo Regionale 'POR - FESR 2007-2013, Asse IV Accessibilità ai servizi di trasporto e di telecomunicazioni. Attività IV . 4', individuando il dirigente del Settore Polizia Municipale, responsabile del progetto/RUP;;;;;;False
atto_42;docling;markdown;atto_42.md;62;;list_item;list_item;" Con successivo Decreto dirigenziale n. 6362 del 28/12/2012, pubblicato sul Burt n. 4 - Parte terza del 23/01/2013, la Regione Toscana ha approvato la graduatoria relativa ai progetti di infomobilità, nella quale il progetto 'Poggibonsi - I - Mobility' presentato da questo Comune risulta ammesso a cofinanziamento, provvedendo alla successiva sottoscrizione con questo Ente, della convenzione contenente gli impegni per la gestione del contributo (obblighi di monitoraggio e rendicontazione, modalità e tempi di erogazione, ecc) assegnato per la realizzazione del progetto;";;;;;;False
atto_42;docling;markdown;atto_42.md;63;;list_item;list_item; E' emersa successivamente la necessità di apportare alcune modifiche all'originario progetto, e quindi, con deliberazione G.C. n. 161 del 20/05/2014, il Comune di Poggibonsi ha approvato la nuova scheda progettuale denominata 'Poggibonsi - i mobility' il cui schema funzionale prevede la suddivisione in varie azioni di intervento tra le quali rientra la realizzazione di un 'SISTEMA DI CONTROLLO DEGLI ACCESSI ALLA ZONA A TRAFFICO LIMITATO (ZTL) DEL COMUNE DI POGGIBONSI' da realizzarsi attraverso la fornitura e posa in opera di varchi;;;;;;False
atto_42;docling;markdown;atto_42.md;64;;list_item;list_item;"elettronici e di tutto quanto necessario per il loro corretto funzionamento, approvando il relativo piano di spesa;";;;;;;False
atto_42;docling;markdown;atto_42.md;65;;list_item;list_item;" Il nuovo progetto di informobilità in questione, ha previsto la suddivisione delle azioni che lo compongono, in due successive fasi, da realizzarsi consecutivamente: tra le azioni che prevedono una tempistica di realizzazione distinta in due fasi, rientrava anche il 'sistema di controllo automatizzato degli accessi alla Zona a Traffico limitato' con particolare riferimento alla diversa articolazione oraria in ZTL 0/24 (I° fase) e ZTL 14/20 (II° fase). Nello specifico per la realizzazione della seconda fase era necessario valutare previamente un modesto ampliamento della ZTL 14/20;";;;;;;False
atto_42;docling;markdown;atto_42.md;66;;list_item;list_item; Con nota prot. n. 16261 del 29/05/2014, integrata con nota prot. n. 17556 del 13/06/2014, il nuovo progetto così approvato, veniva inviato alla Regione Toscana, che autorizzava le modifiche progettuali con successiva nota prot. n. 22264 del 29/07/2014;;;;;;False
atto_42;docling;markdown;atto_42.md;67;;list_item;list_item;" Con direttiva G.C. n. 104 del 23/10/2014, questo organo, VISTA l'unitarietà del sistema di controllo degli accessi, l'opportunità di procedere con speditezza alla fornitura del sistema alla luce della tempistica del progetto 'Poggibonsi I - Mobility', nonché la stretta correlazione delle prestazioni contrattuali, che per ragioni tecniche e di buon funzionamento dell'infrastruttura, richiedono una gestione organica, ha RITENUTO necessario disporre l'ampliamento della ZTL 14/20 alla Via S. Martini ed all'intera Via San Francesco, con l'obiettivo di procedere, fin da subito, ad un appalto unitario della fornitura e posa in opera del sistema;";;;;;;False
atto_42;docling;markdown;atto_42.md;68;;list_item;list_item; A seguito di tale ATTO di indirizzo, il Dirigente del Settore Polizia Municipale con propria determinazione n. 45/PM del 28/10/2014 ha indetto apposita procedura negoziata tramite RDO sul Mercato Elettronico della Pubblica Amministrazione (MEPA) ai sensi dell'art. 125 comma 1, lett. b) e comma 4 del D.lgs 163/2006 e s.m.ei. nonché dell'art. 10, comma 1 lettera q) del Regolamento dei Contratti dell' Ente , per la fornitura e posa in opera di un sistema di controllo automatizzato degli accessi alla zona a traffico limitato del centro cittadino, provvedendo contestualmente, all'approvazione del relativo progetto, redatto a cura del Settore Polizia Municipale e che prevede la realizzazione di un sistema di controllo telematico ZTL mediante l'installazione di n. 7 (sette) varchi elettronici di lettura delle targhe per il monitoraggio della corsia di ingresso alle ZTL 0/24 e 14/20 per come delineate nei pregressi provvedimenti, completi eti di tutte le apparecchiature hardware, di tutti i componenti software e di tutti gli accessori necessari al loro corretto funzionamento (postazione Centrale di Controllo, segnaletica stradale, pannelli informativi per l'informazione all'utenza dello stato in tempo reale della ZTL - varco attivo/varco non attivo - e relativi orologi indicante l'ora locale ) in corrispondenza dei seguenti siti:;;;;;;False
atto_42;docling;markdown;atto_42.md;70;;heading;heading;ZTL 0/24;;;;;;False
atto_42;docling;markdown;atto_42.md;72;;list_item;list_item;"n. 1 - Via Riesci;";;;;;;False
atto_42;docling;markdown;atto_42.md;73;;list_item;list_item;"n. 2 - Via Trieste, angolo Via San Francesco;";;;;;;False
atto_42;docling;markdown;atto_42.md;74;;list_item;list_item;n. 3 - Via Marmocchi, angolo vicolo Ciaspini;;;;;;False
atto_42;docling;markdown;atto_42.md;75;;list_item;list_item;n. 4 - Via Grandi, angolo Via Borgo Marturi;;;;;;False
atto_42;docling;markdown;atto_42.md;76;;list_item;list_item;n. 5 - L.go Gramsci;;;;;;False
atto_42;docling;markdown;atto_42.md;78;;heading;heading;ZTL 14/20;;;;;;False
atto_42;docling;markdown;atto_42.md;80;;list_item;list_item;n. 6 - Via Borgo Marturi ( parte alta) angolo P.zza Matteotti;;;;;;False
atto_42;docling;markdown;atto_42.md;81;;list_item;list_item;n. 7 - Via San Francesco;;;;;;False
atto_42;docling;markdown;atto_42.md;82;;paragraph;text;"3.  Con RDO n.645127 (CIG 5988951EB2) pubblicata in DATA 31/10/2014, è stata attivata la suddetta procedura negoziata;";;;;;;False
atto_42;docling;markdown;atto_42.md;83;;paragraph;text;4.  Con successiva determinazione dirigenziale n. 132/EU del 11/12/2014, a seguito dell'esame delle offerte pervenute da parte della Commissione Giudicatrice, nominata con determinazione dirigenziale n. 49/PM del 12/11/2014, è stata affidata alla ditta Sismic Sistemi SRL con sede legale in Firenze, via Maria Malibran, 49/51 (P.Iva;;;;;;False
atto_42;docling;markdown;atto_42.md;85;;paragraph;text;"04403120480) la fornitura e posa in opera del sistema di controllo telematico degli accessi ZTL mediante l'installazione di n. 7 (sette) varchi elettronici denominati ' S.A.R.T./2', sistema regolarmente omologato con Decreto del Ministero delle Infrastrutture e dei Trasporti - Dipartimento per i trasporti, la navigazione, gli affari generali ed il personale - Direzione generale per la sicurezza stradale prot. n. 4684 del 03/10/2014, RILASCIATO alla Società Sismic Sistemi Srl, allegato alla presente deliberazione sub lett.A) onde costituirne parte integrante e sostanziale;";;;;;;False
atto_42;docling;markdown;atto_42.md;87;;paragraph;text;RITENUTO dunque, alla luce di quanto sopra illustrato:;;;;;RITENUTO;False
atto_42;docling;markdown;atto_42.md;89;;list_item;list_item;"o dover nuovamente disporre in ordine alla delimitazione della ZTL 14/20 attraverso l'estensione del provvedimento alla Via Simone Martini ed all'intera Via San Francesco, in ossequio alla RICHIAMATA direttiva di questo organo n. 104 del 23/10/2014;";;;;;;False
atto_42;docling;markdown;atto_42.md;90;;list_item;list_item;"o dover quindi formalizzare la istituzione della ZTL 0/24, della ZTL 14/20 ed della APU di questo Ente, per come di seguito riportato e meglio illustrato nella planimetria d'insieme, allegata sub lett. B), che costituisce parte integrante e sostanziale del presente provvedimento;";;;;;;False
atto_42;docling;markdown;atto_42.md;91;;list_item;list_item;A) APU con divieto di transito e sosta dalle ore 0.00 alle ore 24.00 a tutti i veicoli, ad eccezione delle categorie esentate e/o autorizzate, nelle seguenti vie e piazze:;;;;;;False
atto_42;docling;markdown;atto_42.md;92;;list_item;list_item;"Via della Repubblica, limitatamente al tratto da Largo Gramsci a P.zza Cavour;";;;;;;False
atto_42;docling;markdown;atto_42.md;93;;list_item;list_item;"Via Pertini;";;;;;;False
atto_42;docling;markdown;atto_42.md;94;;list_item;list_item;"P.zza Matteotti, limitatamente al tratto compreso tra via Borgo Marturi e Via Pertini;";;;;;;False
atto_42;docling;markdown;atto_42.md;95;;list_item;list_item;"P.zza Cavour;";;;;;;False
atto_42;docling;markdown;atto_42.md;96;;list_item;list_item;"Via Becheroni;";;;;;;False
atto_42;docling;markdown;atto_42.md;97;;list_item;list_item;"Via Veneto, limitatamente al tratto da P.zza Savonarola a P.zza F.lli Rosselli;";;;;;;False
atto_42;docling;markdown;atto_42.md;98;;list_item;list_item;"Via Simone da Poggibonsi;";;;;;;False
atto_42;docling;markdown;atto_42.md;99;;list_item;list_item;"P.zza Nagy;";;;;;;False
atto_42;docling;markdown;atto_42.md;100;;list_item;list_item;"Via Rugi;";;;;;;False
atto_42;docling;markdown;atto_42.md;101;;list_item;list_item;"Via Curiel;";;;;;;False
atto_42;docling;markdown;atto_42.md;102;;list_item;list_item;"Vicolo Ciaspini, limitatamente al tratto da Via Montorsoli a Via Gallurì;";;;;;;False
atto_42;docling;markdown;atto_42.md;103;;list_item;list_item;"Vicolo Buonaccorsi;";;;;;;False
atto_42;docling;markdown;atto_42.md;104;;list_item;list_item;"Via dei Mercanti;";;;;;;False
atto_42;docling;markdown;atto_42.md;105;;list_item;list_item;"P.zza F.lli Rosselli, limitatamente al perimetro interno alla Piazza;";;;;;;False
atto_42;docling;markdown;atto_42.md;106;;list_item;list_item;B) ZTL con divieto di transito e sosta dalle ore 0.00 alle ore 24.00 a tutti i veicoli, ad eccezione delle categorie esentate e/o autorizzate, nelle seguenti vie e piazze:;;;;;;False
atto_42;docling;markdown;atto_42.md;107;;list_item;list_item;"Via Riesci;";;;;;;False
atto_42;docling;markdown;atto_42.md;108;;list_item;list_item;"P.zza Savonarola;";;;;;;False
atto_42;docling;markdown;atto_42.md;109;;list_item;list_item;"Via Veneto, limitatamente al tratto da P.zza Savonarola a P.zza Frilli;";;;;;;False
atto_42;docling;markdown;atto_42.md;110;;list_item;list_item;"P.zza F.lli Rosselli, limitatamente al perimetro esterno alla Piazza;";;;;;;False
atto_42;docling;markdown;atto_42.md;111;;list_item;list_item;"Via Frà Nicolao;";;;;;;False
atto_42;docling;markdown;atto_42.md;112;;list_item;list_item;"Via della Rocca;";;;;;;False
atto_42;docling;markdown;atto_42.md;113;;list_item;list_item;"Via delle Chiavi;";;;;;;False
atto_42;docling;markdown;atto_42.md;114;;list_item;list_item;"Vicolo Fracassini;";;;;;;False
atto_42;docling;markdown;atto_42.md;115;;list_item;list_item;"P.zza San Lorenzo;";;;;;;False
atto_42;docling;markdown;atto_42.md;116;;list_item;list_item;"Via della Repubblica, limitatamente al tratto da P.zza Cavour a Via San Francesco;";;;;;;False
atto_42;docling;markdown;atto_42.md;117;;list_item;list_item;"Via Trieste, limitatamente al tratto da Via della Repubblica a Via San Francesco;";;;;;;False
atto_42;docling;markdown;atto_42.md;118;;list_item;list_item;"Via Marmocchi;";;;;;;False
atto_42;docling;markdown;atto_42.md;119;;list_item;list_item;"Vicolo Ciaspini, limitatamente al tratto da Via Marmocchi a Via Gallurì;";;;;;;False
atto_42;docling;markdown;atto_42.md;120;;list_item;list_item;"Vicolo del Poggiarello;";;;;;;False
atto_42;docling;markdown;atto_42.md;121;;list_item;list_item;"Via Gallurì;";;;;;;False
atto_42;docling;markdown;atto_42.md;122;;list_item;list_item;"Via Frilli;";;;;;;False
atto_42;docling;markdown;atto_42.md;123;;list_item;list_item;"Via Montorsoli;";;;;;;False
atto_42;docling;markdown;atto_42.md;124;;list_item;list_item;"Largo Gramsci, nella parte adiacente le Vie della Repubblica, Montorsoli e Grandi;";;;;;;False
atto_42;docling;markdown;atto_42.md;125;;list_item;list_item;"P.zza Amendola;";;;;;;False
atto_42;docling;markdown;atto_42.md;126;;list_item;list_item;"Via Grandi;";;;;;;False
atto_42;docling;markdown;atto_42.md;128;;paragraph;text;C) ZTL con divieto di transito e sosta dalle ore 14.00 alle ore 20.00 a tutti i veicoli, ad eccezione delle categorie esentate e/o autorizzate, nelle seguenti vie e piazze:;;;;;;False
atto_42;docling;markdown;atto_42.md;130;;list_item;list_item;Via San Francesco;;;;;;False
atto_42;docling;markdown;atto_42.md;131;;list_item;list_item;"Via S. Martini;";;;;;;False
atto_42;docling;markdown;atto_42.md;132;;list_item;list_item;"Via Trieste, tratto compreso tra Via San Francesco e Via Senese;";;;;;;False
atto_42;docling;markdown;atto_42.md;133;;list_item;list_item;"P.zza Frilli;";;;;;;False
atto_42;docling;markdown;atto_42.md;134;;list_item;list_item;"Via Borgo Marturi, limitatamente al tratto da P.zza Matteotti a Via Marmocchi;";;;;;;False
atto_42;docling;markdown;atto_42.md;135;;list_item;list_item;"Via Dietro le Mura;";;;;;;False
atto_42;docling;markdown;atto_42.md;136;;list_item;list_item;"Via Poggiobonizio;";;;;;;False
atto_42;docling;markdown;atto_42.md;137;;list_item;list_item;"Via Bonizio Segni;";;;;;;False
atto_42;docling;markdown;atto_42.md;138;;list_item;list_item;"Via Badia;";;;;;;False
atto_42;docling;markdown;atto_42.md;139;;list_item;list_item;"Via L. Da Vinci;";;;;;;False
atto_42;docling;markdown;atto_42.md;140;;list_item;list_item;"Via Balugano da Crema;";;;;;;False
atto_42;docling;markdown;atto_42.md;141;;list_item;list_item;Via San Lucchese.;;;;;;False
atto_42;docling;markdown;atto_42.md;143;;paragraph;text;PRECISATO che il sistema di controllo elettronico degli accessi, nella zona a traffico limitato del Comune di Poggibonsi (SI), che costituisce parte del più ampio progetto 'Poggibonsi IMobility', ha la finalità di consentire:;;;;;PRECISATO;False
atto_42;docling;markdown;atto_42.md;145;;list_item;list_item;"-l'identificazione e successivo sanzionamento del transito dei veicoli in violazione alle disposizioni previste per la ZTL, aderendo pienamente ai principi espressi nel D.P.R. 250 del 22/06/1999 'Regolamento recante norme per l'autorizzazione all'installazione e all'esercizio di impianti per la rilevazione degli accessi di veicoli ai centri storici e alle zone a traffico limitato' e nel rispetto della riservatezza, secondo le prescrizioni emesse dal Garante per la Privacy.;";;;;;;False
atto_42;docling;markdown;atto_42.md;146;;list_item;list_item;-benefici nella gestione automatica della ZTL, offrendo, anche in modo indiretto, maggiori e migliori servizi per gli utenti;;;;;;False
atto_42;docling;markdown;atto_42.md;147;;list_item;list_item;"-il rilevamento dei volumi di traffico ai varchi per fasce orarie, sia dei veicoli in infrazione che di quelli autorizzati, al fine di successive elaborazioni statistiche volte a pianificare eventuali modifiche alla circolazione stradale;";;;;;;False
atto_42;docling;markdown;atto_42.md;149;;paragraph;text;ATTESO dunque che tale Sistema concorre pertanto a perseguire gli obiettivi insiti nell'istituzione delle ZTL ed APU e quindi:;;;;;ATTESO;False
atto_42;docling;markdown;atto_42.md;151;;paragraph;text;"1. Ridurre il traffico veicolare privato, incentivando l'uso dei mezzi di trasporto pubblici;";;;;;;False
atto_42;docling;markdown;atto_42.md;152;;paragraph;text;"2. Ridurre i valori di inquinamento acustico e atmosferico;";;;;;;False
atto_42;docling;markdown;atto_42.md;153;;paragraph;text;"3. Migliorare la sicurezza per la cittadinanza;";;;;;;False
atto_42;docling;markdown;atto_42.md;154;;paragraph;text;4. Rendere il centro storico più fruibile per il transito dei pedoni e dei ciclisti;;;;;;False
atto_42;docling;markdown;atto_42.md;156;;paragraph;text;EVIDENZIATO che i suddetti sistemi omologati ' S.A.R.T./2' di SISMIC SISTEMI SRL (Decreto del Ministero delle Infrastrutture e dei Trasporti - Dipartimento per i trasporti, la navigazione, gli affari generali ed il personale - Direzione generale per la sicurezza stradale prot. n. 4684 del 03/10/2014) verranno installati, per le finalità e con gli obbiettivi sopra illustrati, nei principali varchi di ingresso alla ZTL 0/24 ed alla ZTL 14/20 ed in particolare nei punti di sorveglianza EVIDENZIATI nella RICHIAMATA planimetria, allegata sub lett. B) che costituisce parte integrante e sostanziale del presente provvedimento, collocandoli in corrispondenza dei seguenti siti:;;;;;EVIDENZIATO;False
atto_42;docling;markdown;atto_42.md;158;;heading;heading;ZTL 0/24;;;;;;False
atto_42;docling;markdown;atto_42.md;160;;list_item;list_item;"1 - Via Riesci;";;;;;;False
atto_42;docling;markdown;atto_42.md;161;;list_item;list_item;"2 - Via Trieste, angolo Via San Francesco;";;;;;;False
atto_42;docling;markdown;atto_42.md;162;;list_item;list_item;3 - Via Marmocchi, angolo vicolo Ciaspini;;;;;;False
atto_42;docling;markdown;atto_42.md;163;;list_item;list_item;4 - Via Grandi, angolo Via Borgo Marturi;;;;;;False
atto_42;docling;markdown;atto_42.md;164;;list_item;list_item;5 - L.go Gramsci;;;;;;False
atto_42;docling;markdown;atto_42.md;166;;heading;heading;ZTL 14/20;;;;;;False
atto_42;docling;markdown;atto_42.md;168;;list_item;list_item;6 - Via Borgo Marturi ( parte alta) angolo P.zza Matteotti;;;;;;False
atto_42;docling;markdown;atto_42.md;169;;list_item;list_item;7 - Via San Francesco;;;;;;False
atto_42;docling;markdown;atto_42.md;171;;heading;heading;PRECISATO che;;;;;PRECISATO;False
atto_42;docling;markdown;atto_42.md;173;;list_item;list_item;" i suddetti impianti saranno utilizzati per la rilevazione dei DATI, riguardanti il luogo, il tempo e l'identificazione dei veicoli che accedono alle ZTL di questo Ente, raccogliendo DATI sugli accessi e rilevando immagini solamente in caso di infrazione e che la conseguente procedura sanzionatoria avrà luogo solamente in presenza di violazione documentata dalle immagini RILEVATE, che verrà conservata per il solo periodo necessario alla contestazione dell'infrazione, all'applicazione della sanzione ed alla definizione dell'eventuale contenzioso. I DATI RILEVATI verranno utilizzati, in forma anonima, nel rispetto delle vigenti disposizioni di legge, anche a fini statistici e per studi, analisi e rilievi di traffico;";;;;;;False
atto_42;docling;markdown;atto_42.md;174;;list_item;list_item; gli impianti verranno gestiti direttamente dal Comando di Polizia Municipale, restando nella loro disponibilità. Al Responsabile nominato da Sindaco ed al personale di vigilanza incaricato, spetterà la custodia e l'utilizzazione dei DATI RILEVATI.;;;;;;False
atto_42;docling;markdown;atto_42.md;175;;list_item;list_item; ferme restando le disposizioni di cui al D.Lgs 196/2003 e successive modificazioni, i DATI RILEVATI sono accessibili per fini di polizia giudiziaria o di indagine penale.;;;;;;False
atto_42;docling;markdown;atto_42.md;176;;list_item;list_item;" l'esercizio degli impianti avrà luogo nel rispetto delle norme di omologazione od approvazione, per le finalità per cui sono stati autorizzati, e comunque nei limiti di cui all'articolo 17, comma 133- bis, della legge 15 maggio 1997, n. 127, introdotto dall'articolo 2, comma 33, della legge 16 giugno 1998, n. 191;";;;;;;False
atto_42;docling;markdown;atto_42.md;177;;list_item;list_item;" gli impianti in questione non saranno interconnessi con altri strumenti, archivi o banche DATI;";;;;;;False
atto_42;docling;markdown;atto_42.md;178;;list_item;list_item;" ai fini dell'installazione ed esercizio degli impianti suddetti per la rilevazione degli accessi di veicoli alle ZTL per come sopra INDIVIDUATE ed istituite, ai sensi dell'articolo 17, comma 133-bis, della legge 15 maggio 1997, n. 127, introdotto dall'art. 2, comma 33, della legge 16 giugno 1998, n. 191, questo Ente provvederà a richiedere apposita autorizzazione al Ministero delle Infrastrutture e dei Trasporti - Dipartimento per i trasporti, la navigazione, gli affari generali ed il personale - Direzione generale per la sicurezza stradale, recependo quanto in essa contenuto in ordine all'esercizio;";;;;;;False
atto_42;docling;markdown;atto_42.md;180;;paragraph;text;"DATO ATTO che, in corrispondenza dei suddetti varchi elettronici, il flusso dei veicoli non autorizzati al transito in ZTL, può regolarmente proseguire, senza la necessità di manovre che possano pregiudicare la sicurezza o creare intralcio alla circolazione, utilizzando percorsi non soggetti a divieto o limitazione alcuna;";;;;;DATO_ATTO;False
atto_42;docling;markdown;atto_42.md;182;;heading;heading;ATTESO che;;;;;ATTESO;False
atto_42;docling;markdown;atto_42.md;184;;list_item;list_item;"-in base alla attuale regolamentazione della circolazione dinamica della ZTL, gli accessi alla medesima risultano così pressoché interamente disciplinati da sistemi di rilevamento elettronico;";;;;;;False
atto_42;docling;markdown;atto_42.md;185;;list_item;list_item;"-tra gli accessi alla ZTL 14/20, risulta privo di copertura con sistemi telematici di controllo il solo tratto di Via Badia regolamentato a doppio senso di circolazione per un'estensione all'interno della ZTL inferiore a 100 mt ed in particolare il solo tratto dall'intersezione con Via S. Caterina fino all'intersezione con Via L. Da Vinci;";;;;;;False
atto_42;docling;markdown;atto_42.md;186;;list_item;list_item;-tale tratto di Via Badia risulta del tutto marginare rispetto alla perimetrazione complessiva della ZTL in quanto, oltre a presentare una estensione inferiore a 100 mt, la sua disciplina a doppio senso di circolazione ha la precipua finalità di agevolare;;;;;;False
atto_42;docling;markdown;atto_42.md;188;;paragraph;text;"l'accesso ai residenti di Via L. da Vinci;";;;;;;False
atto_42;docling;markdown;atto_42.md;190;;list_item;list_item;"-ai fini di una migliore gestione degli strumenti di controllo delle ZTL e della APU, questa Amministrazione provvederà anche al controllo del rispetto dei divieti vigenti attraverso l'operato del proprio personale di vigilanza;";;;;;;False
atto_42;docling;markdown;atto_42.md;191;;list_item;list_item;"-il suddetto sistema di controllo telematico degli accessi alla ZTL è espandibile e PREDISPOSTO, fin da subito, all'installazione di ulteriori varchi e che, pertanto, questo Ente si riserva di disporre nel futuro il completamento della rete di controllo telematico;";;;;;;False
atto_42;docling;markdown;atto_42.md;193;;heading;heading;RITENUTO;;;;;RITENUTO;False
atto_42;docling;markdown;atto_42.md;195;;list_item;list_item;" dover quindi istituire il sistema di controllo telematico nei principali varchi di ingresso alla ZTL 0/24 ed alla ZTL 14/20 per come sopra INDIVIDUATI, per un totale di n. 7 varchi da collocarsi nei punti di sorveglianza EVIDENZIATI nella già RICHIAMATA planimetria, allegata sub lett. B), rinviando ad apposito successivo provvedimento l'attivazione del suddetto sistema, a seguito dell'ottenimento, da parte di questo Ente, dell'autorizzazione del Ministero delle Infrastrutture e dei Trasporti all'installazione ed all'esercizio dei n. 7 impianti predetti, nonché dell'espletamento del periodo di pre esercizio, nei termini e secondo quanto verrà disposto dal suddetto Ministero;";;;;;;False
atto_42;docling;markdown;atto_42.md;196;;list_item;list_item;" altresì dover modificare l'art. 2, comma 1 lett.C) del'Disciplinare delle ZTL (Zone a Traffico Limitato) ed APU (Aree Pedonali Urbane), per la regolamentazione della gestione e modalità di fruizione delle ZTL e delle APU approvato con deliberazione G.C. n. 159 del 04/06/2013, integrando l'elenco delle vie ricomprese nel perimetro della ZTL 14/20 con l'inserimento dell'intera Via San Francesco e della Via S. Martini;";;;;;;False
atto_42;docling;markdown;atto_42.md;197;;list_item;list_item;" dover confermare interamente detto Disciplinare, per la parte non emendata al punto precedente, approvando il testo coordinato e già modificato che si allega sub lett. C), a far parte integrante e sostanziale del presente provvedimento, rinviando a successivo provvedimento, contestuale all'attivazione del sistema, l'adozione delle ulteriori integrazioni ed adeguamenti, che si rendessero strettamente necessari e riconducibili in modo specifico a tale nuova modalità di controllo telematico degli accessi ZTL;";;;;;;False
atto_42;docling;markdown;atto_42.md;198;;list_item;list_item;" infine dover dare mandato al Dirigente del Settore Polizia Municipale all'adozione di tutti gli atti ed attività gestionali connessi e conseguenti all'adozione del presente provvedimento, con particolare riferimento all'inoltro, come previsto dal DPR 250/1999, della domanda al Ministero delle Infrastrutture e dei Trasporti per la autorizzazione alla installazione ed alla messa in esercizio del sistema di controllo telematico degli accessi alla ZTL 0/24 e ZTL 14/2, costituito da n. 7 (sette) varchi elettronici 'SART 2' di Sismic Sistemi SRL, omologati con Decreto del Ministero delle Infrastrutture e dei Trasporti - Dipartimento per i trasporti, la navigazione, gli affari generali ed il personale - Direzione generale per la sicurezza stradale prot. n. 4684 del 03/10/2014 e situati nelle descritte vie di ingresso alle suddette ZTL per come già INDIVIDUATE ai punti precedenti;";;;;;;False
atto_42;docling;markdown;atto_42.md;200;;paragraph;text;"RITENUTA la propria competenza ai sensi dell'art. 7, comma 1 lett. f) del D.Lgs n. 285/92 e successive modifiche ed integrazioni recante 'Nuovo Codice della Strada', nonché ai sensi dell'art. 48 del D.Lgs n. 267/2000 e s.m.e i.;";;;;;RITENUTO;False
atto_42;docling;markdown;atto_42.md;202;;paragraph;text;"PRESO ATTO del parere favorevole in ordine alla regolarità tecnica espresso dal Dirigente del Settore Polizia Municipale ed in ordine alla regolarità contabile espresso dal Dirigente del Settore Economico-Finanziario, come da allegati alla proposta di DELIBERA, ai sensi dell'art. 49 del D.lgs. n. 267/2000 e ss.mm.;";;;;;PRESO_ATTO;False
atto_42;docling;markdown;atto_42.md;204;;paragraph;text;VISTO lo Statuto Comunale VISTO il D.lgs 267/2000 e ss.mm.ii.;;;;;VISTO;False
atto_42;docling;markdown;atto_42.md;206;;paragraph;text;VISTO il D.Lgs 285/92 e ss.mm.ii;;;;;VISTO;False
atto_42;docling;markdown;atto_42.md;208;;paragraph;text;VISTO il DPR 495/92 e ss.mm.i.i.;;;;;VISTO;False
atto_42;docling;markdown;atto_42.md;210;;paragraph;text;"VISTO il DPR 250/1999 avente ad oggetto 'Regolamento recante le norme per l'attuazione all'installazione ed all'esercizio degli impianti per la rilevazione degli accessi di veicoli ai centri storici ed alle zone a traffico limitato';";;;;;VISTO;False
atto_42;docling;markdown;atto_42.md;212;;paragraph;text;"VISTO l'art 17, comma 133- bis, della legge 15 maggio 1997, n. 127;";;;;;VISTO;False
atto_42;docling;markdown;atto_42.md;214;;paragraph;text;"Con votazione unanime, resa in forma palese, nelle forme di legge;";;0.0;;;;False
atto_42;docling;markdown;atto_42.md;216;;heading;heading;DELIBERA;;;;DELIBERA;DELIBERA;False
atto_42;docling;markdown;atto_42.md;218;;paragraph;text;"1. di richiamare ed approvare le PREMESSE sopra riportate che costituiscono parte integrante e sostanziale della presente deliberazione;";;;;;;False
atto_42;docling;markdown;atto_42.md;219;;paragraph;text;2. di istituire, quindi, le seguenti aree EVIDENZIATE nella planimetria allegata sub lett. B), che forma parte integrante e sostanziale del presente provvedimento:;;;;;;False
atto_42;docling;markdown;atto_42.md;220;;list_item;list_item;A) AREA PEDONALE URBANA (APU) con divieto di transito e sosta dalle ore 0.00 alle ore 24.00 a tutti i veicoli, ad eccezione delle categorie esentate e/o autorizzate, nelle seguenti vie e piazze:;;;;;;False
atto_42;docling;markdown;atto_42.md;221;;list_item;list_item;"Via della Repubblica, limitatamente al tratto da Largo Gramsci a P.zza Cavour;";;;;;;False
atto_42;docling;markdown;atto_42.md;222;;list_item;list_item;"Via Pertini;";;;;;;False
atto_42;docling;markdown;atto_42.md;223;;list_item;list_item;"P.zza Matteotti, limitatamente al tratto compreso tra via Borgo Marturi e Via Pertini;";;;;;;False
atto_42;docling;markdown;atto_42.md;224;;list_item;list_item;"P.zza Cavour;";;;;;;False
atto_42;docling;markdown;atto_42.md;225;;list_item;list_item;"Via Becheroni;";;;;;;False
atto_42;docling;markdown;atto_42.md;226;;list_item;list_item;"Via Veneto, limitatamente al tratto da P.zza Savonarola a P.zza F.lli Rosselli;";;;;;;False
atto_42;docling;markdown;atto_42.md;227;;list_item;list_item;"Via Simone da Poggibonsi;";;;;;;False
atto_42;docling;markdown;atto_42.md;228;;list_item;list_item;"P.zza Nagy;";;;;;;False
atto_42;docling;markdown;atto_42.md;229;;list_item;list_item;"Via Rugi;";;;;;;False
atto_42;docling;markdown;atto_42.md;230;;list_item;list_item;"Via Curiel;";;;;;;False
atto_42;docling;markdown;atto_42.md;231;;list_item;list_item;"Vicolo Ciaspini, limitatamente al tratto da Via Montorsoli a Via Gallurì;";;;;;;False
atto_42;docling;markdown;atto_42.md;232;;list_item;list_item;"Vicolo Buonaccorsi;";;;;;;False
atto_42;docling;markdown;atto_42.md;233;;list_item;list_item;"Via dei Mercanti;";;;;;;False
atto_42;docling;markdown;atto_42.md;234;;list_item;list_item;"P.zza F.lli Rosselli, limitatamente al perimetro interno alla Piazza;";;;;;;False
atto_42;docling;markdown;atto_42.md;235;;list_item;list_item;B) ZONA A TRAFFICO LIMITATO 0/24 (ZTL 0/24) con divieto di transito e sosta dalle ore 0.00 alle ore 24.00 a tutti i veicoli, ad eccezione delle categorie esentate e/o autorizzate, nelle seguenti vie e piazze:;;;;;;False
atto_42;docling;markdown;atto_42.md;236;;list_item;list_item;"Via Riesci;";;;;;;False
atto_42;docling;markdown;atto_42.md;237;;list_item;list_item;"P.zza Savonarola;";;;;;;False
atto_42;docling;markdown;atto_42.md;238;;list_item;list_item;"Via Veneto, limitatamente al tratto da P.zza Savonarola a P.zza Frilli;";;;;;;False
atto_42;docling;markdown;atto_42.md;239;;list_item;list_item;"P.zza F.lli Rosselli, limitatamente al perimetro esterno alla Piazza;";;;;;;False
atto_42;docling;markdown;atto_42.md;240;;list_item;list_item;"Via Frà Nicolao;";;;;;;False
atto_42;docling;markdown;atto_42.md;241;;list_item;list_item;"Via della Rocca;";;;;;;False
atto_42;docling;markdown;atto_42.md;242;;list_item;list_item;"Via delle Chiavi;";;;;;;False
atto_42;docling;markdown;atto_42.md;243;;list_item;list_item;"Vicolo Fracassini;";;;;;;False
atto_42;docling;markdown;atto_42.md;244;;list_item;list_item;"P.zza San Lorenzo;";;;;;;False
atto_42;docling;markdown;atto_42.md;245;;list_item;list_item;"Via della Repubblica, limitatamente al tratto da P.zza Cavour a Via San Francesco;";;;;;;False
atto_42;docling;markdown;atto_42.md;246;;list_item;list_item;"Via Trieste, limitatamente al tratto da Via della Repubblica a Via San Francesco;";;;;;;False
atto_42;docling;markdown;atto_42.md;247;;list_item;list_item;"Via Marmocchi;";;;;;;False
atto_42;docling;markdown;atto_42.md;248;;list_item;list_item;"Vicolo Ciaspini, limitatamente al tratto da Via Marmocchi a Via Gallurì;";;;;;;False
atto_42;docling;markdown;atto_42.md;249;;list_item;list_item;"Vicolo del Poggiarello;";;;;;;False
atto_42;docling;markdown;atto_42.md;250;;list_item;list_item;"Via Gallurì;";;;;;;False
atto_42;docling;markdown;atto_42.md;251;;list_item;list_item;"Via Frilli;";;;;;;False
atto_42;docling;markdown;atto_42.md;252;;list_item;list_item;"Via Montorsoli;";;;;;;False
atto_42;docling;markdown;atto_42.md;253;;list_item;list_item;"Largo Gramsci, nella parte adiacente le Vie della Repubblica, Montorsoli e Grandi;";;;;;;False
atto_42;docling;markdown;atto_42.md;254;;list_item;list_item;"P.zza Amendola;";;;;;;False
atto_42;docling;markdown;atto_42.md;255;;list_item;list_item;"Via Grandi;";;;;;;False
atto_42;docling;markdown;atto_42.md;256;;list_item;list_item;C) ZONA A TRAFFICO LIMITATO 14/20 (ZTL 14/20) con divieto di transito e sosta dalle ore 14.00 alle ore 20.00 a tutti i veicoli, ad eccezione delle categorie esentate e/o autorizzate, nelle seguenti vie e piazze:;;;;;;False
atto_42;docling;markdown;atto_42.md;257;;list_item;list_item;Via San Francesco;;;;;;False
atto_42;docling;markdown;atto_42.md;258;;list_item;list_item;"Via S. Martini;";;;;;;False
atto_42;docling;markdown;atto_42.md;259;;list_item;list_item;"Via Trieste, tratto compreso tra Via San Francesco e Via Senese;";;;;;;False
atto_42;docling;markdown;atto_42.md;260;;list_item;list_item;"P.zza Frilli;";;;;;;False
atto_42;docling;markdown;atto_42.md;261;;list_item;list_item;"Via Borgo Marturi, limitatamente al tratto da P.zza Matteotti a Via Marmocchi;";;;;;;False
atto_42;docling;markdown;atto_42.md;262;;list_item;list_item;"Via Dietro le Mura;";;;;;;False
atto_42;docling;markdown;atto_42.md;263;;list_item;list_item;"Via Poggiobonizio;";;;;;;False
atto_42;docling;markdown;atto_42.md;264;;list_item;list_item;"Via Bonizio Segni;";;;;;;False
atto_42;docling;markdown;atto_42.md;265;;list_item;list_item;"Via Badia;";;;;;;False
atto_42;docling;markdown;atto_42.md;266;;list_item;list_item;"Via L. Da Vinci;";;;;;;False
atto_42;docling;markdown;atto_42.md;267;;list_item;list_item;"Via Balugano da Crema;";;;;;;False
atto_42;docling;markdown;atto_42.md;268;;list_item;list_item;Via San Lucchese.;;;;;;False
atto_42;docling;markdown;atto_42.md;269;;paragraph;text;3. di istituire il sistema di controllo telematico nei principali punti di accesso alle ZTL 0/24 e ZTL 14/20 per come delimitate al precedente punto 1, lett. B) e C) del presente deliberato, dando ATTO che i n. 7 (sette) varchi elettronici del tipo 'S.A.R.T./2' , omologati con Decreto del Ministero delle Infrastrutture e dei Trasporti - Dipartimento per i trasporti, la navigazione, gli affari generali ed il personale - Direzione generale per la sicurezza stradale prot. n. 4684 del 03/10/2014 RILASCIATA a Sismic Sistemi Srl ed allegato sub lett. A), verranno installati nei punti di sorveglianza EVIDENZIATI nella RICHIAMATA planimetria, allegata sub lett. B) che costituisce parte integrante e sostanziale del presente provvedimento, collocandoli in corrispondenza dei seguenti siti:;;;;;;False
atto_42;docling;markdown;atto_42.md;271;;heading;heading;ZTL 0/24;;;;;;False
atto_42;docling;markdown;atto_42.md;273;;list_item;list_item;"1 - Via Riesci;";;;;;;False
atto_42;docling;markdown;atto_42.md;274;;list_item;list_item;"2 - Via Trieste, angolo Via San Francesco;";;;;;;False
atto_42;docling;markdown;atto_42.md;275;;list_item;list_item;3 - Via Marmocchi, angolo vicolo Ciaspini;;;;;;False
atto_42;docling;markdown;atto_42.md;276;;list_item;list_item;4 - Via Grandi, angolo Via Borgo Marturi;;;;;;False
atto_42;docling;markdown;atto_42.md;277;;list_item;list_item;5 - L.go Gramsci;;;;;;False
atto_42;docling;markdown;atto_42.md;279;;heading;heading;ZTL 14/20;;;;;;False
atto_42;docling;markdown;atto_42.md;281;;list_item;list_item;6 - Via Borgo Marturi ( parte alta) angolo P.zza Matteotti;;;;;;False
atto_42;docling;markdown;atto_42.md;282;;list_item;list_item;7 - Via San Francesco;;;;;;False
atto_42;docling;markdown;atto_42.md;283;;paragraph;text;"4. di rinviare ad apposito provvedimento la successiva attivazione del sistema, a seguito dell'ottenimento, da parte di questo Ente, dell'autorizzazione del Ministero delle Infrastrutture e dei Trasporti all'installazione ed all'esercizio dei n. 7 (sette) impianti predetti, nonché dell'espletamento del periodo di pre - esercizio, nei termini e secondo quanto verrà disposto dal suddetto Ministero;";;;;;;False
atto_42;docling;markdown;atto_42.md;284;;paragraph;text;5. di modificare l'art. 2, comma 1 lett.C del 'Disciplinare delle ZTL (Zone a Traffico Limitato) ed APU (Aree Pedonali Urbane)', approvato con deliberazione G.C. n. 159 del;;;;;;False
atto_42;docling;markdown;atto_42.md;286;;paragraph;text;"04/06/2013, integrando l'elenco delle vie ricomprese nel perimetro della ZTL 14/20 con l'inserimento dell'intera Via San Francesco e della Via S. Martini per come previsto al punto 2 lettera C del presente deliberato;";;;;;;False
atto_42;docling;markdown;atto_42.md;288;;paragraph;text;"6. di confermare interamente, per la parte non emendata al precedente punto 5, il 'Disciplinare delle ZTL (Zone a Traffico Limitato) ed APU (Aree Pedonali Urbane)' di cui alla RICHIAMATA deliberazione GC n. 159/2013, approvando il testo coordinato e già modificato che si allega sub lett. C), a far parte integrante e sostanziale del presente provvedimento, composto di n. 12 articoli, volti alla regolamentazione della gestione e modalità di fruizione delle ZTL e delle APU;";;;;;;False
atto_42;docling;markdown;atto_42.md;289;;paragraph;text;"7. di rinviare ad apposito provvedimento, contestuale all'attivazione del sistema secondo quanto previsto al precedente punto 4), l'adozione delle ulteriori integrazioni ed adeguamenti al suddetto Disciplinare, che si rendessero necessarie e riconducibili in modo specifico a tale nuova modalità di controllo telematico degli accessi ZTL;";;;;;;False
atto_42;docling;markdown;atto_42.md;290;;paragraph;text;8. di dare mandato al Dirigente del Settore Polizia Municipale di inoltrare al Ministero delle Infrastrutture e dei Trasporti domanda per l'autorizzazione all'installazione e messa in esercizio dei varchi elettronici nei 7 (sette) punti della ZTL definiti al precedente punto 3), in ottemperanza al disposto di cui al DPR n. 250 del 22/06/1999 'Regolamento recante norme per l'autorizzazione all'installazione e all'esercizio di impianti per la rilevazione degli accessi di veicoli ai centri storici e alle zone a traffico limitato';;;;;;False
atto_42;docling;markdown;atto_42.md;291;;paragraph;text;"9. di revocare, conseguentemente all' entrata in vigore del presente ATTO, tutti i provvedimenti amministrativi incompatibili con la presente deliberazione;";;;;;;False
atto_42;docling;markdown;atto_42.md;292;;paragraph;text;"10. di demandare al Dirigente del Settore Polizia Municipale l'attuazione della presente deliberazione mediante la predisposizione ed adozione di tutti gli atti gestionali all'uopo necessari;";;;;;;False
atto_42;docling;markdown;atto_42.md;293;;paragraph;text;11. indi, di dichiarare la presente deliberazione, con distinta votazione che ha riportato lo stesso esito della votazione precedente, immediatamente eseguibile ai sensi dell'art. 134 c. 4 del Dlgs 267/2000, stante l'urgenza di provvedere in merito.;;;;;;False
atto_42;docling;markdown;atto_42.md;295;;paragraph;text;IL Segretario Generale DOTTORI ROBERTO;;;;;;False
atto_42;docling;markdown;atto_42.md;297;;paragraph;text;IL VICE SINDACO BECATTELLI SILVANO;;;;;;False
atto_42;docling;markdown;atto_42.md;299;;paragraph;text;La presente deliberazione è stata pubblicata all'Albo pretorio on line in DATA odierna per 15 giorni consecutivi ai sensi dell'art. 124 - I comma - del Dlgs 267/2000 e diventa esecutiva da tale DATA ai sensi dell'art. 134 c.4 del Dlgs 267/2000.;;;;;;False
atto_42;docling;markdown;atto_42.md;301;;paragraph;text;Poggibonsi, lì 03/03/2015;;;;;;False
atto_42;docling;markdown;atto_42.md;303;;paragraph;text;IL Segretario Generale DOTTORI ROBERTO;;;;;;False
atto_42;docling;markdown;atto_42.md;305;;paragraph;text;Le firme, in formato digitale, sono state apposte sull'originale del presente ATTO ai sensi dell'art. 24 del D.Lgs. 07/03/2005, n. 82 e s.m.i. (CAD). La presente deliberazione è conservata negli archivi informatici del Comune di Poggibonsi, ai sensi dell'art. 22 del D.Lgs. 82/2005.;;;;;;False
atto_43;docling;markdown;atto_43.md;1;;paragraph;text;;;;;;;True
atto_43;docling;markdown;atto_43.md;3;;heading;heading;Città di Solofra Provincia di Avellino;;;;;;False
atto_43;docling;markdown;atto_43.md;5;;paragraph;text;COPIA;;;;;;False
atto_43;docling;markdown;atto_43.md;7;;heading;heading;DELLA DELIBERAZIONE DELLA GIUNTA COMUNALE N.114 DEL 15-06-2026;;;;;;False
atto_43;docling;markdown;atto_43.md;9;;heading;heading;DELIBERAZIONE DELLA GIUNTA COMUNALE;;;;;;False
atto_43;docling;markdown;atto_43.md;11;;paragraph;text;Numero 114;;;;;;False
atto_43;docling;markdown;atto_43.md;13;;paragraph;text;Oggetto:;;;;;;False
atto_43;docling;markdown;atto_43.md;15;;paragraph;text;Del 15-06-2026;;;;;;False
atto_43;docling;markdown;atto_43.md;17;;heading;heading;PATROCINIO MORALE GRATUITO CAMPANIA FESTIVAL - GUSTI MUSICA E TRADIZIONE. ATTO DI INDIRIZZO.;;;;;;False
atto_43;docling;markdown;atto_43.md;19;;paragraph;text;L'anno duemilaventisei addì quindici del mese di giugno alle ore 12:50, si è riunita la Giunta Comunale in modalità telematica, utilizzando un sistema di videoconferenza, secondo quanto disposto dal Regolamento approvato con DELIBERA di Giunta Comunale n.140/2022.;;;;;;False
atto_43;docling;markdown;atto_43.md;21;;paragraph;text;Partecipa il VICE SEGRETARIO dr.ssa DE STEFANO Maria Michela, presente nella sede comunale, il quale provvede alla redazione del presente verbale.;;;;;;False
atto_43;docling;markdown;atto_43.md;23;;heading;heading;All' appello risultano:;;;;;;False
atto_43;docling;markdown;atto_43.md;25;;table;table;| MORETTI Nicola | SINDACO | P |;;;;;;True
atto_43;docling;markdown;atto_43.md;26;;table;table;|--------------------|-------------------|-----|;;;;;;True
atto_43;docling;markdown;atto_43.md;27;;table;table;| DE STEFANO Orsola | ASSESSORE | P |;;;;;;True
atto_43;docling;markdown;atto_43.md;28;;table;table;| VIETRI Mariangela | ASSESSORE | P |;;;;;;True
atto_43;docling;markdown;atto_43.md;29;;table;table;| NORMANNOPaolo | ASSESSORE ESTERNO | P |;;;;;;True
atto_43;docling;markdown;atto_43.md;30;;table;table;| MARTUCCI Gelsomina | ASSESSORE | P |;;;;;;True
atto_43;docling;markdown;atto_43.md;31;;table;table;| PETRONE Aurelio | ASSESSORE | P |;;;;;;True
atto_43;docling;markdown;atto_43.md;33;;paragraph;text;N. presenti 6;;;;;;False
atto_43;docling;markdown;atto_43.md;35;;paragraph;text;N. assenti;;;;;;False
atto_43;docling;markdown;atto_43.md;37;;paragraph;text;0;;;;;;False
atto_43;docling;markdown;atto_43.md;39;;paragraph;text;"Si dà evidenza che MORETTI, DE STEFANO, PETRONE, MARTUCCI e NORMANNO sono intervenuti in sede comunale; VIETRI è intervenuta da remoto.";;;;;;False
atto_43;docling;markdown;atto_43.md;41;;paragraph;text;Il Presidente constatato il numero legale degli intervenuti dichiara aperta la seduta per la trattazione dell'oggetto sopra indicato.;;;;;;False
atto_43;docling;markdown;atto_43.md;43;;heading;heading;PREMESSO CHE;;;;;PREMESSO;False
atto_43;docling;markdown;atto_43.md;45;;list_item;list_item;"è pervenuta al protocollo dell'Ente, in DATA 09.06.26 n.9405, la richiesta di concessione del patrocinio gratuito per la manifestazione denominata ""Campania Festival - Gusti, Musica e Tradizioni"", organizzata da Dagal Creations Aps;";;;;;;False
atto_43;docling;markdown;atto_43.md;46;;list_item;list_item;"la manifestazione si svolgerà nei giorni 31 luglio, 1 e 2 agosto in Piazza S. Michele e prevede iniziative finalizzate alla valorizzazione delle tradizioni locali, dell'enogastronomia, della cultura e della musica del territorio campano;";;;;;;False
atto_43;docling;markdown;atto_43.md;47;;list_item;list_item;"l'evento rappresenta un'importante occasione di promozione turistica, culturale e sociale del territorio comunale, favorendo la partecipazione dei cittadini e dei visitatori;";;;;;;False
atto_43;docling;markdown;atto_43.md;49;;heading;heading;CONSIDERATO CHE;;;;;CONSIDERATO;False
atto_43;docling;markdown;atto_43.md;51;;list_item;list_item;"le finalità dell'iniziativa risultano coerenti con gli obiettivi istituzionali dell'Amministrazione Comunale di promozione culturale, sociale e turistica del territorio;";;;;;;False
atto_43;docling;markdown;atto_43.md;53;;heading;heading;PRESO ATTO;;;;;PRESO_ATTO;False
atto_43;docling;markdown;atto_43.md;55;;list_item;list_item;"che il patrocinio richiesto ha carattere esclusivamente morale e istituzionale;";;;;;;False
atto_43;docling;markdown;atto_43.md;56;;list_item;list_item;"che non sono previsti contributi economici diretti a carico del bilancio comunale;";;;;;;False
atto_43;docling;markdown;atto_43.md;57;;list_item;list_item;"che il Comune garantirà esclusivamente il montaggio e lo smontaggio della pedana (palco) necessaria allo svolgimento delle attività e la fornitura dell'energia elettrica durante i giorni della manifestazione;";;;;;;False
atto_43;docling;markdown;atto_43.md;59;;heading;heading;RITENUTO;;;;;RITENUTO;False
atto_43;docling;markdown;atto_43.md;61;;paragraph;text;"di accogliere favorevolmente la richiesta di patrocinio gratuito in considerazione del valore culturale, turistico e sociale dell'iniziativa;";;;;;;False
atto_43;docling;markdown;atto_43.md;63;;paragraph;text;"VISTO il D.Lgs. n. 267/2000;";;;;;VISTO;False
atto_43;docling;markdown;atto_43.md;65;;paragraph;text;"CON VOTAZIONE unanime e favorevole espressa nei modi e forme di legge;";;0.0;;;;False
atto_43;docling;markdown;atto_43.md;67;;heading;heading;DELIBERA;;;;DELIBERA;DELIBERA;False
atto_43;docling;markdown;atto_43.md;69;;paragraph;text;"1. Di concedere il patrocinio gratuito del Comune di Solofra alla manifestazione "" Campania Festival - Gusti, Musica e Tradizioni"" , che si terrà nei giorni 31 luglio, 1 e 2 agosto in Piazza S. Michele .";;;;;;False
atto_43;docling;markdown;atto_43.md;70;;paragraph;text;2. Di autorizzare l'utilizzo dello stemma comunale su tutto il materiale promozionale relativo all'evento.;;;;;;False
atto_43;docling;markdown;atto_43.md;71;;paragraph;text;3. Di dare ATTO che il presente patrocinio non comporta alcun onere finanziario diretto a carico del bilancio comunale, né l'erogazione di contributi economici.;;;;;;False
atto_43;docling;markdown;atto_43.md;72;;paragraph;text;4. Di dare ATTO che il Comune assicurerà esclusivamente:;;;;;;False
atto_43;docling;markdown;atto_43.md;74;;heading;heading;LA GIUNTA COMUNALE;;;;;;False
atto_43;docling;markdown;atto_43.md;76;;list_item;list_item;"o il montaggio e lo smontaggio della pedana/palco necessario allo svolgimento della manifestazione;";;;;;;False
atto_43;docling;markdown;atto_43.md;77;;list_item;list_item;o la fornitura dell'energia elettrica per la durata dell'evento.;;;;;;False
atto_43;docling;markdown;atto_43.md;78;;paragraph;text;5. Di demandare ai competenti uffici comunali l'adozione degli atti conseguenti e delle attività necessarie per quanto di competenza.;;;;;;False
atto_43;docling;markdown;atto_43.md;80;;heading;heading;INDI;;;;;;False
atto_43;docling;markdown;atto_43.md;82;;paragraph;text;DATA l'urgenza, con votazione separata e voto unanime favorevole;;;;;;False
atto_43;docling;markdown;atto_43.md;84;;heading;heading;DELIBERA;;;;DELIBERA;DELIBERA;False
atto_43;docling;markdown;atto_43.md;86;;paragraph;text;Di rendere il presente ATTO immediatamente eseguibile, ai sensi dell'art. 134, comma 4, del T.U.E.L. approvato con Decreto Lgs. del 18.08.2000 n.267.;;;;;;False
atto_43;docling;markdown;atto_43.md;88;;paragraph;text;Il SINDACO F.to Nicola MORETTI;;;;;;False
atto_43;docling;markdown;atto_43.md;90;;paragraph;text;Il VICE SEGRETARIO F.to dr.ssa DE STEFANO Maria Michela;;;;;;False
atto_43;docling;markdown;atto_43.md;92;;heading;heading;Certificato di Pubblicazione;;;;;;True
atto_43;docling;markdown;atto_43.md;94;;paragraph;text;Certificasi dal sottoscritto VICE SEGRETARIO che, giusta conforme attestazione del Preposto alla pubblicazione on-line, copia della presente deliberazione è pubblicata all'albo Pretorio, il giorno 17-06-2026 per quindici giorni consecutivi e vi rimarrà fino al giorno 02-07-2026;;;;;;False
atto_43;docling;markdown;atto_43.md;96;;paragraph;text;www.comune.solofra.av.it;;;;;;False
atto_43;docling;markdown;atto_43.md;98;;paragraph;text;dal Municipio 17-06-2026;;;;;;False
atto_43;docling;markdown;atto_43.md;100;;paragraph;text;Il VICE SEGRETARIO F.to dr.ssa DE STEFANO Maria Michela;;;;;;False
atto_43;docling;markdown;atto_43.md;102;;paragraph;text;\_\_\_\_\_\_\_\_\_\_\_\_\_\_\_\_\_\_\_\_\_\_\_\_\_\_\_\_\_\_\_\_\_\_\_\_\_\_\_\_\_\_\_\_\_\_\_\_\_\_\_\_\_\_\_\_\_\_\_\_\_\_\_\_\_\_\_\_\_\_\_\_\_\_\_\_\_\_;;;;;;False
atto_43;docling;markdown;atto_43.md;104;;paragraph;text;Copia conforme all'originale per uso Amministrativo e di Ufficio;;;;;;False
atto_43;docling;markdown;atto_43.md;106;;paragraph;text;dal Municipio, lì \_\_\_\_\_\_\_\_\_\_\_\_\_\_;;;;;;False
atto_43;docling;markdown;atto_43.md;108;;paragraph;text;Il VICE SEGRETARIO dr.ssa DE STEFANO Maria Michela;;;;;;False
atto_43;docling;markdown;atto_43.md;110;;paragraph;text;\_\_\_\_\_\_\_\_\_\_\_\_\_\_\_\_\_\_\_\_;;;;;;False
atto_43;docling;markdown;atto_43.md;112;;heading;heading;ESECUTIVITA';;;;;;False
atto_43;docling;markdown;atto_43.md;114;;paragraph;text;Il sottoscritto VICE SEGRETARIO certifica che la su estesa deliberazione è divenuta esecutiva per decorrenza del termine\_\_\_\_\_\_\_\_\_\_\_\_\_\_\_\_\_\_\_\_\_\_\_\_;;;;;;False
atto_43;docling;markdown;atto_43.md;116;;list_item;list_item;Ai sensi dell'art. 134/3 del D. leg.vo n.267/2000;;;;;;False
atto_43;docling;markdown;atto_43.md;118;;paragraph;text;Dal Municipio, lì............................;;;;;;False
atto_43;docling;markdown;atto_43.md;120;;paragraph;text;Il VICE SEGRETARIO;;;;;;False
atto_43;docling;markdown;atto_43.md;122;;paragraph;text;( dr.ssa DE STEFANO Maria Michela);;;;;;False
atto_43;docling;markdown;atto_43.md;124;;paragraph;text;TRASMESSA AI CAPIGRUPPO IN ELENCO CON NOTA N. 10115 DEL 17-06-2026 L'ADDETTO;;;;;;False
atto_44;docling;markdown;atto_44.md;1;;paragraph;text;;;;;;;True
atto_44;docling;markdown;atto_44.md;3;;heading;heading;Città di Solofra Provincia di Avellino;;;;;;False
atto_44;docling;markdown;atto_44.md;5;;paragraph;text;COPIA;;;;;;False
atto_44;docling;markdown;atto_44.md;7;;heading;heading;DELLA DELIBERAZIONE DELLA GIUNTA COMUNALE N.109 DEL 08-06-2026;;;;;;False
atto_44;docling;markdown;atto_44.md;9;;heading;heading;DELIBERAZIONE DELLA GIUNTA COMUNALE;;;;;;False
atto_44;docling;markdown;atto_44.md;11;;paragraph;text;Numero 109;;;;;;False
atto_44;docling;markdown;atto_44.md;13;;paragraph;text;Oggetto:;;;;;;False
atto_44;docling;markdown;atto_44.md;15;;paragraph;text;Del 08-06-2026;;;;;;False
atto_44;docling;markdown;atto_44.md;17;;paragraph;text;"INTITOLAZIONE PIAZZETTA VIA CAPO SOLOFRA A ""CIRIACO DE MITA"" E TRATTO DI STRADA DI VIA CASA PAPA A ""BETTINO CRAXI"" - DETERMINAZIONI.";;;;;;False
atto_44;docling;markdown;atto_44.md;19;;paragraph;text;L'anno duemilaventisei addì otto del mese di giugno alle ore 12:15, si è riunita la Giunta Comunale in modalità telematica, utilizzando un sistema di videoconferenza, secondo quanto disposto dal Regolamento approvato con DELIBERA di Giunta Comunale n.140/2022.;;;;;;False
atto_44;docling;markdown;atto_44.md;21;;paragraph;text;Partecipa il VICE SEGRETARIO dr.ssa DE STEFANO Maria Michela, presente nella sede comunale, il quale provvede alla redazione del presente verbale.;;;;;;False
atto_44;docling;markdown;atto_44.md;23;;heading;heading;All' appello risultano:;;;;;;False
atto_44;docling;markdown;atto_44.md;25;;table;table;| MORETTI Nicola | SINDACO | P |;;;;;;True
atto_44;docling;markdown;atto_44.md;26;;table;table;|--------------------|-------------------|-----|;;;;;;True
atto_44;docling;markdown;atto_44.md;27;;table;table;| DE STEFANO Orsola | ASSESSORE | A |;;;;;;True
atto_44;docling;markdown;atto_44.md;28;;table;table;| VIETRI Mariangela | ASSESSORE | P |;;;;;;True
atto_44;docling;markdown;atto_44.md;29;;table;table;| NORMANNOPaolo | ASSESSORE ESTERNO | P |;;;;;;True
atto_44;docling;markdown;atto_44.md;30;;table;table;| MARTUCCI Gelsomina | ASSESSORE | P |;;;;;;True
atto_44;docling;markdown;atto_44.md;31;;table;table;| PETRONE Aurelio | ASSESSORE | P |;;;;;;True
atto_44;docling;markdown;atto_44.md;33;;paragraph;text;N. presenti;;;;;;False
atto_44;docling;markdown;atto_44.md;35;;paragraph;text;5;;;;;;False
atto_44;docling;markdown;atto_44.md;37;;paragraph;text;N. assenti;;;;;;False
atto_44;docling;markdown;atto_44.md;39;;paragraph;text;1;;;;;;False
atto_44;docling;markdown;atto_44.md;41;;paragraph;text;"Si dà evidenza che MORETTI, PETRONE e MARTUCCI sono intervenuti in sede comunale; VIETRI e NORMANNO sono intervenuti da remoto.";;;;;;False
atto_44;docling;markdown;atto_44.md;43;;paragraph;text;Il Presidente constatato il numero legale degli intervenuti dichiara aperta la seduta per la trattazione dell'oggetto sopra indicato.;;;;;;False
atto_44;docling;markdown;atto_44.md;45;;heading;heading;PREMESSO CHE:;;;;;PREMESSO;False
atto_44;docling;markdown;atto_44.md;47;;list_item;list_item;"la toponomastica cittadina costituisce strumento di valorizzazione della memoria collettiva e di riconoscimento dell'impegno civile, istituzionale e politico di personalità che hanno contribuito alla crescita democratica della Repubblica Italiana;";;;;;;False
atto_44;docling;markdown;atto_44.md;48;;list_item;list_item;"il Comune intende promuovere iniziative volte alla conservazione della memoria storica nazionale, favorendo la conoscenza di figure che hanno avuto un ruolo rilevante nella vita politica e istituzionale del Paese;";;;;;;False
atto_44;docling;markdown;atto_44.md;49;;list_item;list_item;"le figure dell'On. Bettino Craxi e dell'On. Ciriaco De Mita hanno rappresentato, pur in differenti esperienze politiche e culturali, protagonisti di primo piano della storia repubblicana italiana nella seconda metà del Novecento;";;;;;;False
atto_44;docling;markdown;atto_44.md;51;;heading;heading;CONSIDERATO CHE:;;;;;CONSIDERATO;False
atto_44;docling;markdown;atto_44.md;53;;list_item;list_item;"Bettino Craxi, Segretario del Partito Socialista Italiano e Presidente del Consiglio dei Ministri dal 1983 al 1987, è stato protagonista di una significativa stagione politica caratterizzata da riforme economiche, consolidamento del ruolo internazionale dell'Italia e rafforzamento dell'autonomia decisionale dello Stato italiano nel contesto europeo e mediterraneo;";;;;;;False
atto_44;docling;markdown;atto_44.md;54;;list_item;list_item;"La figura di Craxi, al di là delle vicende giudiziarie e del dibattito storico-politico, conserva rilievo nella storia istituzionale italiana quale interprete di una fase significativa della modernizzazione politica ed economica del Paese;";;;;;;False
atto_44;docling;markdown;atto_44.md;55;;list_item;list_item;"Ciriaco De Mita, Segretario della Democrazia Cristiana e Presidente del Consiglio dei Ministri dal 1988 al 1989, ha rappresentato una delle principali espressioni del cattolicesimo democratico italiano, contribuendo in maniera determinante alla riflessione sulle istituzioni, sul Mezzogiorno e sul ruolo dei partiti nella democrazia parlamentare;";;;;;;False
atto_44;docling;markdown;atto_44.md;56;;list_item;list_item;"De Mita ha dedicato la propria lunga esperienza politica alla promozione dello sviluppo territoriale, del dialogo democratico e della partecipazione politica, distinguendosi per spessore culturale e capacità istituzionale;";;;;;;False
atto_44;docling;markdown;atto_44.md;57;;list_item;list_item;"L'intitolazione di spazi pubblici alle suddette personalità intende riconoscere il contributo offerto alla vita democratica della Nazione, nel rispetto del pluralismo politico e della memoria storica repubblicana;";;;;;;False
atto_44;docling;markdown;atto_44.md;58;;list_item;list_item;"E' intenzione di questa Amministrazione dare lustro alle figure di cui sopra onorandone la memoria attraverso l'intitolazione di una piazzetta e di un tratto di strada;";;;;;;False
atto_44;docling;markdown;atto_44.md;60;;heading;heading;CONSIDERATO, ALTRESI', CHE:;;;;;CONSIDERATO;False
atto_44;docling;markdown;atto_44.md;62;;list_item;list_item;"Per lo scopo di cui sopra, sono state INDIVIDUATE la Piazzetta che sorgerà in Via Capo Solofra, attuale fermata dei bus, ed il tratto di strada che costeggia l'attuale Piazza Mercato;";;;;;;False
atto_44;docling;markdown;atto_44.md;63;;list_item;list_item;"L'intitolazione rappresenta un ATTO simbolico di riconoscenza e memoria collettiva, per l'intera cittadinanza;";;;;;;False
atto_44;docling;markdown;atto_44.md;65;;heading;heading;LA GIUNTA COMUNALE;;;;;;False
atto_44;docling;markdown;atto_44.md;67;;list_item;list_item;"Ai sensi della vigente normativa in materia di toponomastica per l'intitolazione di aree pubbliche, è necessario ottenere la preventiva autorizzazione da parte della Prefettura di Avellino;";;;;;;False
atto_44;docling;markdown;atto_44.md;69;;heading;heading;RITENUTO:;;;;;RITENUTO;False
atto_44;docling;markdown;atto_44.md;71;;list_item;list_item;"Di procedere in tal senso, avviando formalmente l'iter per la richiesta dell'autorizzazione prefettizia all'intitolazione di una Piazzetta a 'Ciriaco De Mita' e di un tratto di strada a 'Bettino Craxi';";;;;;;False
atto_44;docling;markdown;atto_44.md;73;;heading;heading;VISTO:;;;;;VISTO;False
atto_44;docling;markdown;atto_44.md;75;;list_item;list_item;"Il D. L.gs n. 267/2000 - Testo Unico Enti Locali;";;;;;;False
atto_44;docling;markdown;atto_44.md;76;;list_item;list_item;"Lo Statuto Comunale;";;;;;;False
atto_44;docling;markdown;atto_44.md;77;;list_item;list_item;"Il verbale della Commissione Toponomastica datato 26.02.2026;";;;;;;False
atto_44;docling;markdown;atto_44.md;79;;paragraph;text;"CON VOTI favorevoli ed unanimi espressi nei modi e forme di legge;";;0.0;;;;False
atto_44;docling;markdown;atto_44.md;81;;heading;heading;DELIBERA;;;;DELIBERA;DELIBERA;False
atto_44;docling;markdown;atto_44.md;83;;paragraph;text;1. APPROVARE , per le motivazioni espresse in PREMESSA e che qui si intendono integralmente trascritte, l'intitolazione di due aree di circolazione comunale rispettivamente a:;;;;;;False
atto_44;docling;markdown;atto_44.md;84;;paragraph;text;"2. - 'Via Bettino Craxi';";;;;;;False
atto_44;docling;markdown;atto_44.md;85;;paragraph;text;3. - 'Piazzetta Ciriaco De Mita'.;;;;;;False
atto_44;docling;markdown;atto_44.md;86;;paragraph;text;2. AVVIARE l'iter amministrativo per la richiesta dell'autorizzazione, per la suddetta intitolazione, alla Prefettura di Avellino, ai sensi della vigente normativa in materia.;;;;;;False
atto_44;docling;markdown;atto_44.md;87;;paragraph;text;3. DEMANDARE al settore e ad agli uffici competenti, la predisposizione e la successiva trasmissione alla Prefettura, della documentazione necessaria, comprensiva di:;;;;;;False
atto_44;docling;markdown;atto_44.md;88;;paragraph;text;"6. - Copia della presente Deliberazione;";;;;;;False
atto_44;docling;markdown;atto_44.md;89;;paragraph;text;"7. - Copia Verbale Commissione Toponomastica datato 26.02.2026;";;;;;;False
atto_44;docling;markdown;atto_44.md;90;;paragraph;text;"8. - Note biografiche;";;;;;;False
atto_44;docling;markdown;atto_44.md;91;;paragraph;text;9. - Planimetria con indicazione delle aree interessate.;;;;;;False
atto_44;docling;markdown;atto_44.md;92;;paragraph;text;4. DISPORRE CHE , una volta ottenuta l'autorizzazione prefettizia, si proceda con gli adempimenti consequenziali quali apposizione della targa, aggiornamento della toponomastica e comunicazione agli Enti interessati.;;;;;;False
atto_44;docling;markdown;atto_44.md;94;;heading;heading;INDI;;;;;;False
atto_44;docling;markdown;atto_44.md;96;;paragraph;text;DATA l'urgenza, con votazione separata e voto unanime favorevole;;;;;;False
atto_44;docling;markdown;atto_44.md;98;;heading;heading;DELIBERA;;;;DELIBERA;DELIBERA;False
atto_44;docling;markdown;atto_44.md;100;;paragraph;text;Di rendere il presente ATTO immediatamente eseguibile, ai sensi dell'art. 134, comma 4, del T.U.E.L. approvato con Decreto Lgs. del 18.08.2000 n.267.;;;;;;False
atto_44;docling;markdown;atto_44.md;102;;paragraph;text;Parere in ordine alla REGOLARITA' TECNICA del Responsabile del Servizio (art. 49 del D.Lgs. 267/2000);;;;;;False
atto_44;docling;markdown;atto_44.md;104;;paragraph;text;Si esprime parere: Favorevole;;;;;;False
atto_44;docling;markdown;atto_44.md;106;;paragraph;text;DATA: 08-06-26;;;;;;False
atto_44;docling;markdown;atto_44.md;108;;paragraph;text;Il Responsabile dell'Area;;;;;;False
atto_44;docling;markdown;atto_44.md;110;;paragraph;text;F.to DE STEFANO MARIA MICHELA;;;;;;False
atto_44;docling;markdown;atto_44.md;112;;paragraph;text;Il SINDACO F.to Nicola MORETTI;;;;;;False
atto_44;docling;markdown;atto_44.md;114;;paragraph;text;Il VICE SEGRETARIO F.to dr.ssa DE STEFANO Maria Michela;;;;;;False
atto_44;docling;markdown;atto_44.md;116;;heading;heading;Certificato di Pubblicazione;;;;;;True
atto_44;docling;markdown;atto_44.md;118;;paragraph;text;Certificasi dal sottoscritto VICE SEGRETARIO che, giusta conforme attestazione del Preposto alla pubblicazione on-line, copia della presente deliberazione è pubblicata all'albo Pretorio, il giorno 10-06-2026 per quindici giorni consecutivi e vi rimarrà fino al giorno 25-06-2026;;;;;;False
atto_44;docling;markdown;atto_44.md;120;;paragraph;text;www.comune.solofra.av.it;;;;;;False
atto_44;docling;markdown;atto_44.md;122;;paragraph;text;dal Municipio 10-06-2026;;;;;;False
atto_44;docling;markdown;atto_44.md;124;;paragraph;text;Il VICE SEGRETARIO F.to dr.ssa DE STEFANO Maria Michela;;;;;;False
atto_44;docling;markdown;atto_44.md;126;;paragraph;text;\_\_\_\_\_\_\_\_\_\_\_\_\_\_\_\_\_\_\_\_\_\_\_\_\_\_\_\_\_\_\_\_\_\_\_\_\_\_\_\_\_\_\_\_\_\_\_\_\_\_\_\_\_\_\_\_\_\_\_\_\_\_\_\_\_\_\_\_\_\_\_\_\_\_\_\_\_\_;;;;;;False
atto_44;docling;markdown;atto_44.md;128;;paragraph;text;Copia conforme all'originale per uso Amministrativo e di Ufficio;;;;;;False
atto_44;docling;markdown;atto_44.md;130;;paragraph;text;dal Municipio, lì \_\_\_\_\_\_\_\_\_\_\_\_\_\_;;;;;;False
atto_44;docling;markdown;atto_44.md;132;;paragraph;text;Il VICE SEGRETARIO dr.ssa DE STEFANO Maria Michela;;;;;;False
atto_44;docling;markdown;atto_44.md;134;;paragraph;text;\_\_\_\_\_\_\_\_\_\_\_\_\_\_\_\_\_\_\_\_;;;;;;False
atto_44;docling;markdown;atto_44.md;136;;heading;heading;ESECUTIVITA';;;;;;False
atto_44;docling;markdown;atto_44.md;138;;paragraph;text;Il sottoscritto VICE SEGRETARIO certifica che la su estesa deliberazione è divenuta esecutiva per decorrenza del termine\_\_\_\_\_\_\_\_\_\_\_\_\_\_\_\_\_\_\_\_\_\_\_\_;;;;;;False
atto_44;docling;markdown;atto_44.md;140;;list_item;list_item;Ai sensi dell'art. 134/3 del D. leg.vo n.267/2000;;;;;;False
atto_44;docling;markdown;atto_44.md;142;;paragraph;text;Dal Municipio, lì............................;;;;;;False
atto_44;docling;markdown;atto_44.md;144;;paragraph;text;Il VICE SEGRETARIO;;;;;;False
atto_44;docling;markdown;atto_44.md;146;;paragraph;text;( dr.ssa DE STEFANO Maria Michela);;;;;;False
atto_44;docling;markdown;atto_44.md;148;;paragraph;text;TRASMESSA AI CAPIGRUPPO IN ELENCO CON NOTA N. 9447 DEL 10-06-2026 L'ADDETTO;;;;;;False
atto_45;docling;markdown;atto_45.md;1;;paragraph;text;;;;;;;True
atto_45;docling;markdown;atto_45.md;3;;heading;heading;Città di Solofra;;;;;;False
atto_45;docling;markdown;atto_45.md;5;;heading;heading;Provincia di Avellino;;;;;;False
atto_45;docling;markdown;atto_45.md;7;;paragraph;text;COPIA;;;;;;False
atto_45;docling;markdown;atto_45.md;9;;heading;heading;DELLA DELIBERAZIONE DELLA GIUNTA COMUNALE N.106 DEL 08-06-2026;;;;;;False
atto_45;docling;markdown;atto_45.md;11;;heading;heading;DELIBERAZIONE DELLA GIUNTA COMUNALE;;;;;;False
atto_45;docling;markdown;atto_45.md;13;;paragraph;text;Numero 106;;;;;;False
atto_45;docling;markdown;atto_45.md;15;;paragraph;text;Oggetto:;;;;;;False
atto_45;docling;markdown;atto_45.md;17;;paragraph;text;Del 08-06-2026;;;;;;False
atto_45;docling;markdown;atto_45.md;19;;paragraph;text;PERIZIA SUPPLETIVA E DI VARIANTE DEI LAVORI DI MANUTENZIONE STRAORDINARIA DEL CAMPO DI CALCIO A 5 (CAMPO B) DEL CENTRO GIOVANILE GIUSEPPE MARELLO. APPROVAZIONE.;;;;;;False
atto_45;docling;markdown;atto_45.md;21;;paragraph;text;L'anno duemilaventisei addì otto del mese di giugno alle ore 12:15, si è riunita la Giunta Comunale in modalità telematica, utilizzando un sistema di videoconferenza, secondo quanto disposto dal Regolamento approvato con DELIBERA di Giunta Comunale n.140/2022.;;;;;;False
atto_45;docling;markdown;atto_45.md;23;;paragraph;text;Partecipa il VICE SEGRETARIO dr.ssa DE STEFANO Maria Michela, presente nella sede comunale, il quale provvede alla redazione del presente verbale.;;;;;;False
atto_45;docling;markdown;atto_45.md;25;;heading;heading;All' appello risultano:;;;;;;False
atto_45;docling;markdown;atto_45.md;27;;table;table;| MORETTI Nicola | SINDACO | P |;;;;;;True
atto_45;docling;markdown;atto_45.md;28;;table;table;|--------------------|-------------------|-----|;;;;;;True
atto_45;docling;markdown;atto_45.md;29;;table;table;| DE STEFANO Orsola | ASSESSORE | A |;;;;;;True
atto_45;docling;markdown;atto_45.md;30;;table;table;| VIETRI Mariangela | ASSESSORE | P |;;;;;;True
atto_45;docling;markdown;atto_45.md;31;;table;table;| NORMANNOPaolo | ASSESSORE ESTERNO | P |;;;;;;True
atto_45;docling;markdown;atto_45.md;32;;table;table;| MARTUCCI Gelsomina | ASSESSORE | P |;;;;;;True
atto_45;docling;markdown;atto_45.md;33;;table;table;| PETRONE Aurelio | ASSESSORE | P |;;;;;;True
atto_45;docling;markdown;atto_45.md;35;;paragraph;text;N. presenti;;;;;;False
atto_45;docling;markdown;atto_45.md;37;;paragraph;text;5;;;;;;False
atto_45;docling;markdown;atto_45.md;39;;paragraph;text;N. assenti 1;;;;;;False
atto_45;docling;markdown;atto_45.md;41;;paragraph;text;"Si dà evidenza che MORETTI, PETRONE e MARTUCCI sono intervenuti in sede comunale; VIETRI e NORMANNO sono intervenuti da remoto.";;;;;;False
atto_45;docling;markdown;atto_45.md;43;;paragraph;text;Il Presidente constatato il numero legale degli intervenuti dichiara aperta la seduta per la trattazione dell'oggetto sopra indicato.;;;;;;False
atto_45;docling;markdown;atto_45.md;45;;heading;heading;RILEVATO CHE :;;;;;RILEVATO;False
atto_45;docling;markdown;atto_45.md;47;;list_item;list_item;-con Deliberazione della Giunta Comunale n. 86 del 30.04.2025, esecutiva ai sensi di legge, veniva:;;;;;;False
atto_45;docling;markdown;atto_45.md;48;;list_item;list_item;"approvato, ai sensi e per gli effetti dell'art. 38 del D. Lgs. n. 36/2023 e ss.mm. e ii., il Progetto Esecutivo denominato 'LAVORI DI MANUTENZIONE STRAORDINARIA DEL CAMPO DI CALCIO A 5 (CAMPO B) DEL CENTRO GIOVANILE GIUSEPPE MARELLO', redatto dall'Ufficio Tecnico Comunale, comportante una spesa complessiva di € 96'082,93 ( Euro novantaseimila-ottanta-due/93 ), di cui € 62'946,68 ( Euro sessantaduemila-novecento-quaranta- sei/68 ) per importo a base di gara soggetto a ribasso, € 3'374,17 ( Euro tremila-trecento-settanta- quattro/17 ) per costi della sicurezza non soggetti a ribasso, ed € 29'762,08 ( Euro ventinovemila-settecentosessanta-due/08 ) per somme a disposizione della stazione appaltante;";;;;;;False
atto_45;docling;markdown;atto_45.md;49;;list_item;list_item;"autorizzato il Sindaco pro-tempore a procedere alla richiesta di mutuo attraverso l'avviso pubblico 'Sport Missione Comune 2025' dell'Istituto per il Credito Sportivo e Culturale, per realizzare la copertura finanziaria dei lavori in oggetto;";;;;;;False
atto_45;docling;markdown;atto_45.md;50;;list_item;list_item;"DATO mandato al Responsabile dell'Area III^ Tecnica e al Responsabile dell'Area II^ Finanziaria, ciascuno per le proprie competenze, di attivare tutte le procedure conseguenziali per la realizzazione degli interventi di cui trattasi;";;;;;;False
atto_45;docling;markdown;atto_45.md;51;;list_item;list_item;"-la copertura finanziaria dei 'LAVORI DI MANUTENZIONE STRAORDINARIA DEL CAMPO DI CALCIO A 5 (CAMPO B) DEL CENTRO GIOVANILE GIUSEPPE MARELLO' si è materializzata a seguito del finanziamento accordato dall' Istituto per il Credito Sportivo e Culturale successivamente all'inoltro della richiesta n. 8128 del 22.05.2025 avanzata dal Comune di Solofra sul portale on-line del succitato Istituto di Credito, per un totale di € 96'082,93 ( Euro novanta-seimila-ottanta-due/93 ), cifra complessiva derivante dal Progetto Esecutivo approvato con Deliberazione della Giunta Comunale n. 86 del 30.04.2025;";;;;;;False
atto_45;docling;markdown;atto_45.md;52;;list_item;list_item;"-con Determinazione dell'Area III^ Tecnica n. 62, Registro Generale n. 463 del 01.08.2025 sono stati affidati, a seguito dello svolgimento sulla piattaforma telematica di approvvigionamento 'Acquisti in rete PA' del Confronto di Preventivi Me.P.A. n. 5529550 del 22.07.2025, i 'LAVORI DI MANUTENZIONE STRAORDINARIA DEL CAMPO DI CALCIO A 5 (CAMPO B) DEL CENTRO GIOVANILE GIUSEPPE MARELLO' all'operatore economico 'SPORTECO S.R.L. -TECNOLOGIE E COSTRUZIONI SPORTIVE', con sede legale a Napoli (NA) in via Giulio Palermo n. 3, C.A.P. 80131, per un importo contrattuale di € 52'189,32 ( Euro cinquanta-duemilacentottanta-nove/32 ), di cui € 48'815,15 ( Euro quarantottomila-ottocento-quindici/15 ) per lavori, € 3'374,17 ( Euro tremila-trecento-settanta- quattro/17 ) per costi della sicurezza non soggetti a ribasso, il tutto oltre I.V.A. di legge al 22% pari ad € 11'481,65 ( Euro undicimila-quattrocento-ottantuno/65 ), in virtù del ribasso offerto sull'importo a base d'appalto ribassabile, pari al 22,45% ( venti-due/45 percento );";;;;;;False
atto_45;docling;markdown;atto_45.md;54;;heading;heading;LA GIUNTA COMUNALE;;;;;;False
atto_45;docling;markdown;atto_45.md;56;;list_item;list_item;"-in DATA 23.09.2025 è stato stipulato il contratto d'appalto per l'esecuzione dei lavori in oggetto, identificato con il prot. n. 14037 del 24.09.2025, per un importo di € 52'189,32 ( Euro cinquanta-duemila-centottanta-nove/32 ), di cui € 48'815,15 ( Euro quarantottomilaottocento-quindici/15 ) per lavori, € 3'374,17 ( Euro tremila-trecento-settanta- quattro/17 ) per costi della sicurezza non soggetti a ribasso, il tutto oltre I.V.A. di legge al 22% pari ad € 11'481,65 ( Euro undicimila-quattrocento-ottantuno/65 );";;;;;;False
atto_45;docling;markdown;atto_45.md;57;;list_item;list_item;"-la consegna dei lavori risulta essere stata effettuata in DATA 04.05.2026, giusto Processo Verbale di Consegna dei Lavori sottoscritto dall'Appaltatore 'SPORTECO S.R.L. TECNOLOGIE E COSTRUZIONI SPORTIVE' e dal Direttore dei Lavori Ing. Giandomenico De Maio, quest'ultimo incaricato con Determinazione dell'Area III^ Tecnica n. 50, Registro Generale n. 421 del 15.07.2025;";;;;;;False
atto_45;docling;markdown;atto_45.md;58;;list_item;list_item;-con nota prot. n. 7717 del 14.05.2026, il Direttore dei Lavori richiedeva al Responsabile Unico del Progetto l'autorizzazione a poter procedere alla redazione di apposita perizia di variante in corso d'opera ai sensi dell'art. 120, comma 1, lettera c) del D. Lgs. n. 36/2023 e ss.mm. e ii. ('circostanze impreviste ed imprevedibili'), in virtù di un significativo peggioramento dello stato manutentivo e statico dei pali di illuminazione esistenti e dell'avanzato stato di degrado delle linee interrate di alimentazione dell'impianto elettrico esistente, circostanze che rendono necessarie:;;;;;;False
atto_45;docling;markdown;atto_45.md;59;;list_item;list_item;"la completa sostituzione dei pali d'illuminazione esistenti e degli elementi metallici usurati;";;;;;;False
atto_45;docling;markdown;atto_45.md;60;;list_item;list_item;"la realizzazione di nuovi plinti di fondazione per i nuovi pali d'illuminazione;";;;;;;False
atto_45;docling;markdown;atto_45.md;61;;list_item;list_item;"la realizzazione di un nuovo cordolo perimetrale per l'alloggiamento della dorsale dell'impianto elettrico, non risultando utilizzabili le canalizzazioni esistenti;";;;;;;False
atto_45;docling;markdown;atto_45.md;62;;list_item;list_item;"la completa realizzazione del nuovo impianto elettrico di alimentazione dell'illuminazione, comprensivo delle linee dorsali, dei cavidotti, dei pozzetti e dell'impianto di messa a terra;";;;;;;False
atto_45;docling;markdown;atto_45.md;63;;list_item;list_item;"una lieve traslazione del rettangolo di gioco, necessaria al fine di consentire il corretto posizionamento dei nuovi sostegni all'interno dell'area oggetto d'intervento;";;;;;;False
atto_45;docling;markdown;atto_45.md;64;;list_item;list_item;"-con nota prot. n. 7764 del 14.05.2026, il Responsabile Unico del Progetto, Ing. Michele De Maio, autorizzava il Direttore dei Lavori a procedere alla redazione della perizia di variante ai sensi dell'art. 120, comma 1, lettera c), del D. Lgs. n. 36/2023 e ss.mm. e ii., in ragione delle circostanze impreviste ed imprevedibili emerse nel corso dell'esecuzione dei lavori;";;;;;;False
atto_45;docling;markdown;atto_45.md;65;;list_item;list_item;-il Direttore dei Lavori, con nota prot. n. 8767 del 29.05.2026, ha trasmesso perizia suppletiva e di variante costituita dai seguenti elaborati:;;;;;;False
atto_45;docling;markdown;atto_45.md;66;;list_item;list_item;"Tavola A: Relazione di variante;";;;;;;False
atto_45;docling;markdown;atto_45.md;67;;list_item;list_item;"Tavola B: Computo metrico estimativo;";;;;;;False
atto_45;docling;markdown;atto_45.md;68;;list_item;list_item;"Tavola C: Stima incidenza manodopera;";;;;;;False
atto_45;docling;markdown;atto_45.md;69;;list_item;list_item;"Tavola D: Elenco prezzi unitari e Analisi prezzi;";;;;;;False
atto_45;docling;markdown;atto_45.md;70;;list_item;list_item;"Tavola E: Quadro Comparativo;";;;;;;False
atto_45;docling;markdown;atto_45.md;71;;list_item;list_item;"Tavola F: ATTO di sottomissione e verbale di concordamento nuovi prezzi;";;;;;;False
atto_45;docling;markdown;atto_45.md;72;;list_item;list_item;"Tavola G: Quadro economico di variante;";;;;;;False
atto_45;docling;markdown;atto_45.md;73;;list_item;list_item;Tavola H: Elaborati Grafici.;;;;;;False
atto_45;docling;markdown;atto_45.md;75;;list_item;list_item;"-la perizia suppletiva e di variante di cui al precedente punto comporta una maggiore spesa dell'importo contrattuale lavori di netti € 14'874,87 ( Euro quattordicimila-ottocentosettanta-quattro/87 ), oltre IVA pari al 22% pari ad € 3'272,47 ( Euro tremila-duecentosettanta-due/47 );";;;;;;False
atto_45;docling;markdown;atto_45.md;76;;list_item;list_item;"-l'aumento contrattuale di netti € 14'874,87 ( Euro quattordicimila-ottocento-settantaquattro/87 ) non eccede il 50% del valore del contratto iniziale e si pone in coerenza con l'art. 120, comma 2 del 'Codice dei Contratti Pubblici';";;;;;;False
atto_45;docling;markdown;atto_45.md;77;;list_item;list_item;-l'importo complessivo derivante dall'aumento contrattuale pari a lordi € 18'147,34 ( Euro diciottomila-cento-quaranta-sette/34 ) viene finanziato in parte con la quota imprevisti e la sua I.V.A. riportate nelle somme a disposizione della stazione appaltante del quadro economico comparativo di variante, e in parte con le economie riportate nella colonna 'Q.E. Post Gara' dello stesso quadro economico comparativo di variante che di seguito si propone:;;;;;;False
atto_45;docling;markdown;atto_45.md;79;;paragraph;text;;;;;;;True
atto_45;docling;markdown;atto_45.md;81;;table;table;| QUADRO ECONOMICO COMPARATIVO | QUADRO ECONOMICO COMPARATIVO | QUADRO ECONOMICO COMPARATIVO | QUADRO ECONOMICO COMPARATIVO | QUADRO ECONOMICO COMPARATIVO | QUADRO ECONOMICO COMPARATIVO | QUADRO ECONOMICO COMPARATIVO |;;;;;;True
atto_45;docling;markdown;atto_45.md;82;;table;table;|-----------------------------------------------------------------|-----------------------------------------------------------------------------------|-----------------------------------------------------------------------------------------------------------------------------------------------------------------------------------------------------------------------------------------------------------------------------------------------------------------------------------------------------------------------------------------------------------------------------------------------------------------------------------------------------------------------------|-----------------------------------------------------------------|-----------------------------------------------|-----------------------------------------------|-----------------------------------------------|;;;;;;True
atto_45;docling;markdown;atto_45.md;83;;table;table;"| ""GIUSEPPE MARELLO"" DEL COMUNE DI SOLOFRA (AV) | ""GIUSEPPE MARELLO"" DEL COMUNE DI SOLOFRA (AV) | ""GIUSEPPE MARELLO"" DEL COMUNE DI SOLOFRA (AV) | ""GIUSEPPE MARELLO"" DEL COMUNE DI SOLOFRA (AV) | ""GIUSEPPE MARELLO"" DEL COMUNE DI SOLOFRA (AV) | ""GIUSEPPE MARELLO"" DEL COMUNE DI SOLOFRA (AV) | ""GIUSEPPE MARELLO"" DEL COMUNE DI SOLOFRA (AV) |";;;;;;True
atto_45;docling;markdown;atto_45.md;84;;table;table;| Fonte finanziaria: FONDI DI BILANCIO COMUNALE | Fonte finanziaria: FONDI DI BILANCIO COMUNALE | Fonte finanziaria: FONDI DI BILANCIO COMUNALE | Fonte finanziaria: FONDI DI BILANCIO COMUNALE | Fonte finanziaria: FONDI DI BILANCIO COMUNALE | Fonte finanziaria: FONDI DI BILANCIO COMUNALE | Fonte finanziaria: FONDI DI BILANCIO COMUNALE |;;;;;;True
atto_45;docling;markdown;atto_45.md;85;;table;table;| | | | QE | QE | QE | |;;;;;;True
atto_45;docling;markdown;atto_45.md;86;;table;table;| | A) IMPORTI DEI LAVORI A BASE DAPPALTO | A) IMPORTI DEI LAVORI A BASE DAPPALTO | proqEsecutivo | Post Gara | Variante | |;;;;;;True
atto_45;docling;markdown;atto_45.md;87;;table;table;| | | | €62.946.68 | €48815,15 | €63.690.02 | |;;;;;;True
atto_45;docling;markdown;atto_45.md;88;;table;table;| A.1) | Lavor: amisura | Lavor: amisura | €49.091,38 | € 34.959,85 | €46.513,20 | |;;;;;;True
atto_45;docling;markdown;atto_45.md;89;;table;table;| | 412 impato della manodopera | 412 impato della manodopera | €13.855,30 | €13.855,30 | | |;;;;;;True
atto_45;docling;markdown;atto_45.md;90;;table;table;| | Costi della sicurezza non soggetti a ribasso dasta | Costi della sicurezza non soggetti a ribasso dasta | Costi della sicurezza non soggetti a ribasso dasta | €3374,17 | | |;;;;;;True
atto_45;docling;markdown;atto_45.md;91;;table;table;| A2) | amisura | amisura | 6244195 | | 22.44195 | |;;;;;;True
atto_45;docling;markdown;atto_45.md;92;;table;table;| | A2.2) | A2.2) | A2.2) | €932,22 | | |;;;;;;True
atto_45;docling;markdown;atto_45.md;93;;table;table;| Totale deglilimporideilavorila base dappalto_ | Totale deglilimporideilavorila base dappalto_ | Totale deglilimporideilavorila base dappalto_ | € 66.320,85 | | €67.064,19 | |;;;;;;True
atto_45;docling;markdown;atto_45.md;94;;table;table;| B) SOMME A DISPOSIZIONE DELLA STAZIONE APPALTANTE PER: | B) SOMME A DISPOSIZIONE DELLA STAZIONE APPALTANTE PER: | B) SOMME A DISPOSIZIONE DELLA STAZIONE APPALTANTE PER: | Costo attività | Costo attività | Costo attività | |;;;;;;True
atto_45;docling;markdown;atto_45.md;95;;table;table;"| | B.1) | Lavori in amministrazione diretta previsti in progetto ed esclusi dall'appalto; ivi inclusi rimborsi previa fattura: oneri di smaltimento dei rifiuti prodotti in cantiere comprensivi delle analisi per la caratterizzazione dei materiali | € 600,00 | € 600,00 | | |";;;;;;True
atto_45;docling;markdown;atto_45.md;96;;table;table;| | | B2) | € 3.316.04 | €3316,04 | €0.00 | |;;;;;;True
atto_45;docling;markdown;atto_45.md;97;;table;table;"| | | compreso l'eventuale monitoraggio di parametri necessari ai fini della progeltazione ove pertinente; al coordinamento della sicurezza in fase di progettazione; alle conlerenze dei servizi; alla direzione lavori e al coordinamento della sicurezza in fase di esecuzione; allassistenza giornalieral contabilità; all'incentivo di cui allarticolo 45 del Codice dei contratti pubblici, nella misura corrispondente alle prestazioni che dovranno essere svolte dal personale dipendente: B3 1 Direzione dellesecuzione | € 8.311,64 | € 6.815,80 | € 6.815,80 | |";;;;;;True
atto_45;docling;markdown;atto_45.md;98;;table;table;| | | | €7377.84 | €5882,00 | | |;;;;;;True
atto_45;docling;markdown;atto_45.md;99;;table;table;| | B.3) | [B.3.1.1) | €2.980,94 | €2.376,56 | € 2.376,56 | |;;;;;;True
atto_45;docling;markdown;atto_45.md;100;;table;table;| | | Rendicontazioni eliquidazionefecnico [B.3.1.2) contabile | € 279,46 | €222,80 | € 222,80] | |;;;;;;True
atto_45;docling;markdown;atto_45.md;101;;table;table;| | | [B.3.1.3) | € 186,31 | €148,54 | € 148,54 | |;;;;;;True
atto_45;docling;markdown;atto_45.md;102;;table;table;| | | B314 Contabilità dei lavai a misura | €558,93 | 644561 | €445.61 | |;;;;;;True
atto_45;docling;markdown;atto_45.md;103;;table;table;| | | Cetficato diregoare esecuzione | €372,62 | | €297,07 | |;;;;;;True
atto_45;docling;markdown;atto_45.md;104;;table;table;| | | | €2.328,87 | €1.856,70 | | |;;;;;;True
atto_45;docling;markdown;atto_45.md;105;;table;table;| | | | €670.71 | €534,73 | €534.73 | |;;;;;;True
atto_45;docling;markdown;atto_45.md;106;;table;table;| | | B317 Spese generalli di siudio | € 933,80 | € 933,80/ | | |;;;;;;True
atto_45;docling;markdown;atto_45.md;107;;table;table;| B.4) | B.3.2) Contributo ANAC di cui alla DELIBERA Autorità Nazionale Anticorruzione del | finanziarie ripartite tra il RUP. soggetti che svolgono le funzioni tecniche e collaboratori | € 35,00 | € 35,00 | € 35,00 | |;;;;;;True
atto_45;docling;markdown;atto_45.md;108;;table;table;| | n. 610 IVA ed eventuali altre imposte: | n. 610 IVA ed eventuali altre imposte: | n. 610 IVA ed eventuali altre imposte: | € 12.642,57 | € 15.185.51 | |;;;;;;True
atto_45;docling;markdown;atto_45.md;109;;table;table;| | 22.009 | 22.009 | €14.590.59 | €11.481.65 | | |;;;;;;True
atto_45;docling;markdown;atto_45.md;110;;table;table;| | B52 B53) | | | | | |;;;;;;True
atto_45;docling;markdown;atto_45.md;111;;table;table;| | | | €729,53 | €1200 | | |;;;;;;True
atto_45;docling;markdown;atto_45.md;112;;table;table;| | B.5.4) B.5) | | | €729,53 | €0,00 | |;;;;;;True
atto_45;docling;markdown;atto_45.md;113;;table;table;| | | direzione lavai e coordinamento della sicurezza in 4,009 esecuzione | € 295,11 | € 235,28 | € 235,28 | |;;;;;;True
atto_45;docling;markdown;atto_45.md;114;;table;table;"| | B.5.5) | coordinamento dela sicurezza in esecuzione; 22,00% | €1.688,05 | €0,00 | €0,00 | |";;;;;;True
atto_45;docling;markdown;atto_45.md;115;;table;table;| | B.5.6) | Trattamento L.R.AP . sugli incentivi tecnici (Parere 8,509 MLT.n. 2986 del 26/09/2024) | €64,11 | €64,11 | € 64,11 | |;;;;;;True
atto_45;docling;markdown;atto_45.md;116;;table;table;| Totale delle somme a disposizione | Totale delle somme a disposizione | Totale delle somme a disposizione | €29.762,08 | €23.409,42 | €22636,31 | |;;;;;;True
atto_45;docling;markdown;atto_45.md;117;;table;table;"| TOTALE GENERALE DELLINTERVENTO (progetto; post gara e variante) | TOTALE GENERALE DELLINTERVENTO (progetto; post gara e variante) | TOTALE GENERALE DELLINTERVENTO (progetto; post gara e variante) | TOTALE GENERALE DELLINTERVENTO (progetto; post gara e variante) | € 75.598,74 | € 89.700,51 | |";;;;;;True
atto_45;docling;markdown;atto_45.md;118;;table;table;| ECONOMIE | ECONOMIE | ECONOMIE | ECONOMIE | € 20.484,19 | € 6.382,42 | |;;;;;;True
atto_45;docling;markdown;atto_45.md;119;;table;table;| TOTALE GENERALE DELLINTERVENTO DI PROGETTO | TOTALE GENERALE DELLINTERVENTO DI PROGETTO | TOTALE GENERALE DELLINTERVENTO DI PROGETTO | € 96.082,93 | € 96.082,93 | € 96.082,93 | |;;;;;;True
atto_45;docling;markdown;atto_45.md;121;;list_item;list_item;"-il Responsabile Unico del Progetto si è espresso favorevolmente sulla perizia di cui si tratta, mediante apposita relazione prot. n. 8875 del 03.06.2026;";;;;;;False
atto_45;docling;markdown;atto_45.md;122;;list_item;list_item;"-sulla perizia in esame non sono necessarie ulteriori autorizzazioni;";;;;;;False
atto_45;docling;markdown;atto_45.md;124;;paragraph;text;"ATTESO CHE , sulla scorta di quanto in precedenza riportato, si è ESAMINATO il contenuto degli elaborati peritali, i quali, nonostante le modifiche proposte RITENUTE non sostanziali ai sensi dell'art. 120, comma 7 del D. Lgs. n. 36/2023 e ss.mm. e ii., non alterano la struttura del contratto d'appalto lavori, e, in particolare, rispettano, nel loro complesso, quanto prescritto dalla vigente normativa di settore;";;;;;ATTESO;False
atto_45;docling;markdown;atto_45.md;126;;heading;heading;VISTI :;;;;;VISTO;False
atto_45;docling;markdown;atto_45.md;128;;list_item;list_item;"-il Codice Unico di Progetto (C.U.P.) D62H25000230005, ottenuto tramite il sito web https://cupweb.tesoro.it, in conformità all'art. 11 della Legge 16 gennaio 2003, n. 3 e all'art. 3, comma 5 della Legge 13 agosto 2010, n. 136;";;;;;;False
atto_45;docling;markdown;atto_45.md;129;;list_item;list_item;"-il Codice Identificativo di Gara (C.I.G.) B7DA63AA92, ottenuto per il tramite della piattaforma telematica 'Acquisti in rete PA' di Consip S.p.A., nell'ambito della procedura telematica svolta per l'affidamento dei lavori in oggetto, ai sensi dell'art. 225, comma 2 del 'Codice dei contratti pubblici' che prevede che le disposizioni in materia di digitalizzazione acquistano efficacia a partire dal 1° gennaio 2024 con particolare riferimento agli articoli da 19 a 36 del D. Lgs. n. 36/2023 e ss.mm. e ii., inerenti la 'Digitalizzazione del ciclo di vita dei contratti';";;;;;;False
atto_45;docling;markdown;atto_45.md;130;;list_item;list_item;"-il vigente Statuto Comunale;";;;;;;False
atto_45;docling;markdown;atto_45.md;131;;list_item;list_item;"-il Decreto Legislativo 31 marzo 2023, n. 36 e ss.mm. e ii., con i relativi allegati;";;;;;;False
atto_45;docling;markdown;atto_45.md;132;;list_item;list_item;"-il Decreto Legislativo 18 agosto 2000, n. 267 e ss.mm. e ii.;";;;;;;False
atto_45;docling;markdown;atto_45.md;133;;list_item;list_item;"-il parere favorevole del Responsabile Unico del Progetto reso attraverso la relazione prot. n. 8875 del 03.06.2026;";;;;;;False
atto_45;docling;markdown;atto_45.md;134;;list_item;list_item;"-i pareri tecnico e contabile resi dai Responsabili dei Servizi interessati, ai sensi degli artt. 49 e 147-bis del Decreto Legislativo 18 agosto 2000, n. 267 e ss.mm. e ii.;";;;;;;False
atto_45;docling;markdown;atto_45.md;136;;paragraph;text;"DATO ATTO CHE il contenuto della presente Deliberazione corrisponde alle competenze che l'ordinamento assegna alla Giunta Comunale;";;;;;DATO_ATTO;False
atto_45;docling;markdown;atto_45.md;138;;paragraph;text;"CON VOTI favorevoli ed unanimi, espressi nei modi e forme di legge;";;0.0;;;;False
atto_45;docling;markdown;atto_45.md;140;;heading;heading;DELIBERA;;;;DELIBERA;DELIBERA;False
atto_45;docling;markdown;atto_45.md;142;;heading;heading;per quanto esposto in narrativa che forma parte integrante e sostanziale del presente provvedimento :;;;;;;False
atto_45;docling;markdown;atto_45.md;144;;paragraph;text;1. DI APPROVARE , ai sensi dell'art. 120, comma 13 del D. Lgs. n. 36/2023 e ss.mm. e ii., la perizia suppletiva e di variante dei 'LAVORI DI MANUTENZIONE STRAORDINARIA DEL CAMPO DI CALCIO A 5 (CAMPO B) DEL CENTRO GIOVANILE GIUSEPPE MARELLO', agli atti dell'Area III Tecnica , costituita dagli elaborati elencati in narrativa, che comporta una maggiore spesa dell'importo contrattuale lavori di netti € 14'874,87 ( Euro quattordicimila-ottocento-settanta-quattro/87 ), oltre IVA pari al 22% pari ad € 3'272,47 ( Euro tremila-duecento-settanta-due/47 ), da finanziarsi mediante l'utilizzo della quota imprevisti e della sua I.V.A., pari a complessivi € 4'045,57 ( Euro quattromila-quaranta-cinque/57 ) e riportate nella colonna 'Q.E. Post Gara' del quadro economico comparativo di variante, e di parte delle economie, pari ad € 14'101,77 ( Euro quattordicimila-cento-uno/77 ) e riportate nella colonna 'Q.E. Post Gara' dello stesso quadro economico comparativo di variante che di seguito si propone:;;;;;;False
atto_45;docling;markdown;atto_45.md;146;;heading;heading;QUADRO ECONOMICO COMPARATIVO;;;;;;False
atto_45;docling;markdown;atto_45.md;148;;paragraph;text;;;;;;;True
atto_45;docling;markdown;atto_45.md;150;;table;table;"| ""GIUSEPPE MARELLO"" DEL COMUNE DI SOLOFRA (AV | ""GIUSEPPE MARELLO"" DEL COMUNE DI SOLOFRA (AV | ""GIUSEPPE MARELLO"" DEL COMUNE DI SOLOFRA (AV | ""GIUSEPPE MARELLO"" DEL COMUNE DI SOLOFRA (AV | ""GIUSEPPE MARELLO"" DEL COMUNE DI SOLOFRA (AV | ""GIUSEPPE MARELLO"" DEL COMUNE DI SOLOFRA (AV | ""GIUSEPPE MARELLO"" DEL COMUNE DI SOLOFRA (AV |";;;;;;True
atto_45;docling;markdown;atto_45.md;151;;table;table;|------------------------------------------------------------------|--------------------------------------------------------------------------------------------------------------------------------------------------------------------------------------------------------------------------------------------------------------------------------------------------------------------------------------------------------------------------------------------------------------------------------------------------------------------------|--------------------------------------------------------------------------------------------------------------------------------------------------------------------------------------------------------------------------------------------------------------------------------------------------------------------------------------------------------------------------------------------------------------------------------------------------------------------------|--------------------------------------------------------------------------------------------------------------------------------------------------------------------------------------------------------------------------------------------------------------------------------------------------------------------------------------------------------------------------------------------------------------------------------------------------------------------------|------------------------------------------------|------------------------------------------------|------------------------------------------------|;;;;;;True
atto_45;docling;markdown;atto_45.md;152;;table;table;| Fonte finanziaria: FONDI DI BILANCIO COMUNALE | Fonte finanziaria: FONDI DI BILANCIO COMUNALE | Fonte finanziaria: FONDI DI BILANCIO COMUNALE | Fonte finanziaria: FONDI DI BILANCIO COMUNALE | Fonte finanziaria: FONDI DI BILANCIO COMUNALE | Fonte finanziaria: FONDI DI BILANCIO COMUNALE | Fonte finanziaria: FONDI DI BILANCIO COMUNALE |;;;;;;True
atto_45;docling;markdown;atto_45.md;153;;table;table;| | | | QE | QE | QE | |;;;;;;True
atto_45;docling;markdown;atto_45.md;154;;table;table;| A) IMPORTI DEI LAVORI A BASE DAPPALTO | A) IMPORTI DEI LAVORI A BASE DAPPALTO | A) IMPORTI DEI LAVORI A BASE DAPPALTO | A) IMPORTI DEI LAVORI A BASE DAPPALTO | Post Gara | Variante | |;;;;;;True
atto_45;docling;markdown;atto_45.md;155;;table;table;| | | | €62.946.68 | € 48.815,15 | €63.690.02 | |;;;;;;True
atto_45;docling;markdown;atto_45.md;156;;table;table;| | Lavori: | Lavori: | €49.091,38 | € 34.959,85 | € 46.513,20 | |;;;;;;True
atto_45;docling;markdown;atto_45.md;157;;table;table;| | a misura | a misura | €13.855,30 | €13.855,30 | € 17.176.82 | |;;;;;;True
atto_45;docling;markdown;atto_45.md;158;;table;table;| | 412) impaito dela manodopera | 412) impaito dela manodopera | € 3.374,17 | €337417 | € 3.374,17 | |;;;;;;True
atto_45;docling;markdown;atto_45.md;159;;table;table;| | Costi della sicurezza non soggetti a ribasso dasta | Costi della sicurezza non soggetti a ribasso dasta | 62.44195 | | €244195 | |;;;;;;True
atto_45;docling;markdown;atto_45.md;160;;table;table;| 42.2 422) importo dela manodopera | 42.2 422) importo dela manodopera | 42.2 422) importo dela manodopera | €932.22 | €932,22 | € 932,22 | |;;;;;;True
atto_45;docling;markdown;atto_45.md;161;;table;table;| Totale deglilimporti deilavorila base dappalto | Totale deglilimporti deilavorila base dappalto | Totale deglilimporti deilavorila base dappalto | €66.320,85 | 652.189,32 | €67.064,19 | |;;;;;;True
atto_45;docling;markdown;atto_45.md;162;;table;table;| SOMME A DISPOSIZIONE DELLA STAZIONE APPALTANTE PER: | SOMME A DISPOSIZIONE DELLA STAZIONE APPALTANTE PER: | SOMME A DISPOSIZIONE DELLA STAZIONE APPALTANTE PER: | Costo attività | Costo attività | Costo attività | |;;;;;;True
atto_45;docling;markdown;atto_45.md;163;;table;table;"| | Lavori in amministrazione diretta previsti in progetlo ed esclusi dall'appalto; ivi B.1) inclusi rimborsi previa fattura: oneri di smaltimento dei rifiuti prodotti in cantiere comprensivi delle analisi per la caratterizzazione dei materiali | Lavori in amministrazione diretta previsti in progetlo ed esclusi dall'appalto; ivi B.1) inclusi rimborsi previa fattura: oneri di smaltimento dei rifiuti prodotti in cantiere comprensivi delle analisi per la caratterizzazione dei materiali | 600,00 | € 600,00 | € 600,00 | |";;;;;;True
atto_45;docling;markdown;atto_45.md;164;;table;table;| | B2 | B2 | € 3.316,04 | € 3.316,04 | | |;;;;;;True
atto_45;docling;markdown;atto_45.md;165;;table;table;"| | compreso l'eventuale monitoraggio di parametri necessari ai fini della progettazione ove pertinente; al coordinamento della sicurezza in fase di progettazione, alle conferenze dei servizi, alla direzione lavori e al coordinamento della sicurezza in fase di esecuzione; allassistenza giornaliera e contabilità; all'incentivo di cui all'articolo 45 del Codice dei contralli pubblici; nella misura corispondente alle prestazioni che dovranno essere svolte dal | compreso l'eventuale monitoraggio di parametri necessari ai fini della progettazione ove pertinente; al coordinamento della sicurezza in fase di progettazione, alle conferenze dei servizi, alla direzione lavori e al coordinamento della sicurezza in fase di esecuzione; allassistenza giornaliera e contabilità; all'incentivo di cui all'articolo 45 del Codice dei contralli pubblici; nella misura corispondente alle prestazioni che dovranno essere svolte dal | compreso l'eventuale monitoraggio di parametri necessari ai fini della progettazione ove pertinente; al coordinamento della sicurezza in fase di progettazione, alle conferenze dei servizi, alla direzione lavori e al coordinamento della sicurezza in fase di esecuzione; allassistenza giornaliera e contabilità; all'incentivo di cui all'articolo 45 del Codice dei contralli pubblici; nella misura corispondente alle prestazioni che dovranno essere svolte dal | € 6.815,80 | € 6.815,80/ | |";;;;;;True
atto_45;docling;markdown;atto_45.md;166;;table;table;| | personale dipendente B.31) Direzione dellesecuzione | personale dipendente B.31) Direzione dellesecuzione | €7.377,84 | € 5882,00 | €5882 O0 | |;;;;;;True
atto_45;docling;markdown;atto_45.md;167;;table;table;| | B.3.1.1) accettazione | B.3.1.1) accettazione | €2.980,94 | €2.376,56 | € 2.376,56 | |;;;;;;True
atto_45;docling;markdown;atto_45.md;168;;table;table;| | | Rendicontazioni eliquidazioneTecnico B.3.1.2) contabile | € 279,46 | | € 222,80 | |;;;;;;True
atto_45;docling;markdown;atto_45.md;169;;table;table;| | | B.3.1.3) | €186,31 | €148,54 | € 148,54 | |;;;;;;True
atto_45;docling;markdown;atto_45.md;170;;table;table;| | | B3.14 | €558,93 | | | |;;;;;;True
atto_45;docling;markdown;atto_45.md;171;;table;table;| | | B3151 Cetficato diregoare esecuzione | €372,62 | €297,07 | € 297,07 | |;;;;;;True
atto_45;docling;markdown;atto_45.md;172;;table;table;| | | Coadinamento dela sicurezza in esecuzione | €2.328,87 | €1.856,70 | € 1.856.70 | |;;;;;;True
atto_45;docling;markdown;atto_45.md;173;;table;table;| | | B.3.1.6 | €670.71 | €534,73 | €534,73 | |;;;;;;True
atto_45;docling;markdown;atto_45.md;174;;table;table;| | | B317 Spese generali di studio | B317 Spese generali di studio | | | |;;;;;;True
atto_45;docling;markdown;atto_45.md;175;;table;table;| | B.3.2) | finanziarie ripartite tra il RUP , i soggetti che svolgono le funzioni collaboratori | finanziarie ripartite tra il RUP , i soggetti che svolgono le funzioni collaboratori | | 933,80/ | |;;;;;;True
atto_45;docling;markdown;atto_45.md;176;;table;table;| | Contributo ANACdi cui alla DELIBERA Autorità Nazionale Anticorruzione del | Contributo ANACdi cui alla DELIBERA Autorità Nazionale Anticorruzione del | Contributo ANACdi cui alla DELIBERA Autorità Nazionale Anticorruzione del | | | |;;;;;;True
atto_45;docling;markdown;atto_45.md;177;;table;table;| | IVA ed eventuali altre imposle: | IVA ed eventuali altre imposle: | IVA ed eventuali altre imposle: | €12.642,57 | | |;;;;;;True
atto_45;docling;markdown;atto_45.md;178;;table;table;| | B5.1 IVA sulimporto deilavori a base dappalto 22.00% | B5.1 IVA sulimporto deilavori a base dappalto 22.00% | B5.1 IVA sulimporto deilavori a base dappalto 22.00% | | €14.754.12 | |;;;;;;True
atto_45;docling;markdown;atto_45.md;179;;table;table;| | B52) IVA sugii oneri di smaltimento ZVA sugi imprevisti 22,009 | B52) IVA sugii oneri di smaltimento ZVA sugi imprevisti 22,009 | €12@ € 729,53 | €132,00 | €13200 | |;;;;;;True
atto_45;docling;markdown;atto_45.md;180;;table;table;| | B.5.3) | B.5.3) | B.5.3) | € 729,53 | €000 | |;;;;;;True
atto_45;docling;markdown;atto_45.md;181;;table;table;| | B.5.4) direzione lavai e coordinamento della sicurezza in 4,009 | B.5.4) direzione lavai e coordinamento della sicurezza in 4,009 | € 295,11 | € 235,28 | €235,28 | |;;;;;;True
atto_45;docling;markdown;atto_45.md;182;;table;table;"| | esecuzione B.5.5) coordinamento dela sicurezza in esecuzione; | esecuzione B.5.5) coordinamento dela sicurezza in esecuzione; | esecuzione B.5.5) coordinamento dela sicurezza in esecuzione; | | | |";;;;;;True
atto_45;docling;markdown;atto_45.md;183;;table;table;| | Trattamento L.R.AP. sugli incentivi tecnici (Parere B.5.6) 8,509 MLT.n. 2986 del 26/09/2024) | Trattamento L.R.AP. sugli incentivi tecnici (Parere B.5.6) 8,509 MLT.n. 2986 del 26/09/2024) | Trattamento L.R.AP. sugli incentivi tecnici (Parere B.5.6) 8,509 MLT.n. 2986 del 26/09/2024) | €0,00 | €0,00 | |;;;;;;True
atto_45;docling;markdown;atto_45.md;184;;table;table;| Totale dellesomme a disposizione | Totale dellesomme a disposizione | Totale dellesomme a disposizione | €29.762,08 | 623.409,42 | | |;;;;;;True
atto_45;docling;markdown;atto_45.md;185;;table;table;"| TOTALE GENERALE DELLIINTERVENTO (progetto; post gara e variante) | TOTALE GENERALE DELLIINTERVENTO (progetto; post gara e variante) | TOTALE GENERALE DELLIINTERVENTO (progetto; post gara e variante) | TOTALE GENERALE DELLIINTERVENTO (progetto; post gara e variante) | | | |";;;;;;True
atto_45;docling;markdown;atto_45.md;186;;table;table;| | | | | € 75.598,74 | € 89.700,51 | |;;;;;;True
atto_45;docling;markdown;atto_45.md;187;;table;table;| | | | | € 20.484,19 | € 6.382,42 | |;;;;;;True
atto_45;docling;markdown;atto_45.md;188;;table;table;| | | | | € 96.082,93 | € 96.082,93 | |;;;;;;True
atto_45;docling;markdown;atto_45.md;189;;table;table;| TOTALE GENERALE DELLINTERVENTO DI PROGETTO | TOTALE GENERALE DELLINTERVENTO DI PROGETTO | TOTALE GENERALE DELLINTERVENTO DI PROGETTO | € 96.082,93 | | | |;;;;;;True
atto_45;docling;markdown;atto_45.md;191;;paragraph;text;"2. DI DARE ATTO CHE sulla perizia in esame sono stati espressi ed ottenuti tutti i pareri necessari;";;;;;;False
atto_45;docling;markdown;atto_45.md;192;;paragraph;text;"3. DI TRASMETTERE copia della presente al Responsabile dell'Area III^ Tecnica / Responsabile Unico del Progetto per l'adozione dei provvedimenti conseguenti;";;;;;;False
atto_45;docling;markdown;atto_45.md;194;;paragraph;text;"4. DI COMUNICARE ai sensi dell'art. 125 del D. Lgs. n. 267/2000 e ss.mm. e ii., ai Capigruppo consiliari, l'avvenuta pubblicazione della presente Deliberazione;";;;;;;False
atto_45;docling;markdown;atto_45.md;195;;paragraph;text;5. DI DISPORRE la pubblicazione della presente deliberazione per 15 giorni consecutivi all'Albo Pretorio on-line dell'Ente.;;;;;;False
atto_45;docling;markdown;atto_45.md;197;;heading;heading;INDI;;;;;;False
atto_45;docling;markdown;atto_45.md;199;;paragraph;text;DATA l'urgenza, con votazione separata e voto unanime favorevole,;;;;;;False
atto_45;docling;markdown;atto_45.md;201;;heading;heading;DELIBERA;;;;DELIBERA;DELIBERA;False
atto_45;docling;markdown;atto_45.md;203;;paragraph;text;Di rendere il presente ATTO immediatamente eseguibile, ai sensi dell'art, 134, comma 4, del T.U.E.L. approvato con D. Lgs. n. 267/2000 e ss.mm. e ii.;;;;;;False
atto_45;docling;markdown;atto_45.md;205;;paragraph;text;Parere in ordine alla REGOLARITA' TECNICA del Responsabile del Servizio (art. 49 del D.Lgs. 267/2000);;;;;;False
atto_45;docling;markdown;atto_45.md;207;;paragraph;text;Si esprime parere: Favorevole;;;;;;False
atto_45;docling;markdown;atto_45.md;209;;paragraph;text;DATA: 03-06-26;;;;;;False
atto_45;docling;markdown;atto_45.md;211;;paragraph;text;Il Responsabile dell'Area;;;;;;False
atto_45;docling;markdown;atto_45.md;213;;paragraph;text;F.to DE MAIO MICHELE;;;;;;False
atto_45;docling;markdown;atto_45.md;215;;heading;heading;Parere Area Finanziaria in ordine alla Regolarita' contabile;;;;;;False
atto_45;docling;markdown;atto_45.md;217;;paragraph;text;Si esprime parere Favorevole;;;;;;False
atto_45;docling;markdown;atto_45.md;219;;paragraph;text;DATA: 03-06-26;;;;;;False
atto_45;docling;markdown;atto_45.md;221;;paragraph;text;Il Responsabile Area II° Finanziaria;;;;;;False
atto_45;docling;markdown;atto_45.md;223;;paragraph;text;F.to Lettieri Antonio Il SINDACO F.to Nicola MORETTI;;;;;;False
atto_45;docling;markdown;atto_45.md;225;;paragraph;text;Il VICE SEGRETARIO F.to dr.ssa DE STEFANO Maria Michela;;;;;;False
atto_45;docling;markdown;atto_45.md;227;;heading;heading;Certificato di Pubblicazione;;;;;;True
atto_45;docling;markdown;atto_45.md;229;;paragraph;text;Certificasi dal sottoscritto VICE SEGRETARIO che, giusta conforme attestazione del Preposto alla pubblicazione on-line, copia della presente deliberazione è pubblicata all'albo Pretorio, il giorno 10-06-2026 per quindici giorni consecutivi e vi rimarrà fino al giorno 25-06-2026;;;;;;False
atto_45;docling;markdown;atto_45.md;231;;paragraph;text;www.comune.solofra.av.it;;;;;;False
atto_45;docling;markdown;atto_45.md;233;;paragraph;text;dal Municipio 10-06-2026;;;;;;False
atto_45;docling;markdown;atto_45.md;235;;paragraph;text;Il VICE SEGRETARIO F.to dr.ssa DE STEFANO Maria Michela;;;;;;False
atto_45;docling;markdown;atto_45.md;237;;paragraph;text;\_\_\_\_\_\_\_\_\_\_\_\_\_\_\_\_\_\_\_\_\_\_\_\_\_\_\_\_\_\_\_\_\_\_\_\_\_\_\_\_\_\_\_\_\_\_\_\_\_\_\_\_\_\_\_\_\_\_\_\_\_\_\_\_\_\_\_\_\_\_\_\_\_\_\_\_\_\_;;;;;;False
atto_45;docling;markdown;atto_45.md;239;;paragraph;text;Copia conforme all'originale per uso Amministrativo e di Ufficio;;;;;;False
atto_45;docling;markdown;atto_45.md;241;;paragraph;text;dal Municipio, lì \_\_\_\_\_\_\_\_\_\_\_\_\_\_;;;;;;False
atto_45;docling;markdown;atto_45.md;243;;paragraph;text;Il VICE SEGRETARIO dr.ssa DE STEFANO Maria Michela;;;;;;False
atto_45;docling;markdown;atto_45.md;245;;paragraph;text;\_\_\_\_\_\_\_\_\_\_\_\_\_\_\_\_\_\_\_\_;;;;;;False
atto_45;docling;markdown;atto_45.md;247;;heading;heading;ESECUTIVITA';;;;;;False
atto_45;docling;markdown;atto_45.md;249;;paragraph;text;Il sottoscritto VICE SEGRETARIO certifica che la su estesa deliberazione è divenuta esecutiva per decorrenza del termine\_\_\_\_\_\_\_\_\_\_\_\_\_\_\_\_\_\_\_\_\_\_\_\_;;;;;;False
atto_45;docling;markdown;atto_45.md;251;;list_item;list_item;Ai sensi dell'art. 134/3 del D. leg.vo n.267/2000;;;;;;False
atto_45;docling;markdown;atto_45.md;253;;paragraph;text;Dal Municipio, lì............................;;;;;;False
atto_45;docling;markdown;atto_45.md;255;;paragraph;text;Il VICE SEGRETARIO;;;;;;False
atto_45;docling;markdown;atto_45.md;257;;paragraph;text;( dr.ssa DE STEFANO Maria Michela);;;;;;False
atto_45;docling;markdown;atto_45.md;259;;paragraph;text;TRASMESSA AI CAPIGRUPPO IN ELENCO CON NOTA N. 9447 DEL 10-06-2026 L'ADDETTO;;;;;;False
atto_46;docling;markdown;atto_46.md;1;;paragraph;text;;;;;;;True
atto_46;docling;markdown;atto_46.md;3;;heading;heading;Città di Solofra Provincia di Avellino;;;;;;False
atto_46;docling;markdown;atto_46.md;5;;paragraph;text;COPIA;;;;;;False
atto_46;docling;markdown;atto_46.md;7;;heading;heading;DELLA DELIBERAZIONE DELLA GIUNTA COMUNALE N.94 DEL 28-05-2026;;;;;;False
atto_46;docling;markdown;atto_46.md;9;;heading;heading;DELIBERAZIONE DELLA GIUNTA COMUNALE;;;;;;False
atto_46;docling;markdown;atto_46.md;11;;paragraph;text;Numero 94;;;;;;False
atto_46;docling;markdown;atto_46.md;13;;paragraph;text;Oggetto:;;;;;;False
atto_46;docling;markdown;atto_46.md;15;;paragraph;text;Del 28-05-2026;;;;;;False
atto_46;docling;markdown;atto_46.md;17;;paragraph;text;ATTO DI INDIRIZZO PER L'ASSEGNAZIONE DI N.3 SUOLI CIMITERIALI RESI DISPONIBILI A SEGUITO DI RINUNCE DA PARTE DEI CONCESSIONARI E N.3 SUOLI NON ASSEGNATI.;;;;;;False
atto_46;docling;markdown;atto_46.md;19;;paragraph;text;L'anno duemilaventisei addì ventotto del mese di maggio alle ore 16:10, si è riunita la Giunta Comunale in modalità telematica, utilizzando un sistema di videoconferenza, secondo quanto disposto dal Regolamento approvato con DELIBERA di Giunta Comunale n.140/2022.;;;;;;False
atto_46;docling;markdown;atto_46.md;21;;paragraph;text;Partecipa il VICE SEGRETARIO dr.ssa DE STEFANO Maria Michela, presente nella sede comunale, il quale provvede alla redazione del presente verbale.;;;;;;False
atto_46;docling;markdown;atto_46.md;23;;heading;heading;All' appello risultano:;;;;;;False
atto_46;docling;markdown;atto_46.md;25;;table;table;| MORETTI Nicola | SINDACO | P |;;;;;;True
atto_46;docling;markdown;atto_46.md;26;;table;table;|--------------------|-------------------|-----|;;;;;;True
atto_46;docling;markdown;atto_46.md;27;;table;table;| DE STEFANO Orsola | ASSESSORE | A |;;;;;;True
atto_46;docling;markdown;atto_46.md;28;;table;table;| VIETRI Mariangela | ASSESSORE | P |;;;;;;True
atto_46;docling;markdown;atto_46.md;29;;table;table;| NORMANNOPaolo | ASSESSORE ESTERNO | P |;;;;;;True
atto_46;docling;markdown;atto_46.md;30;;table;table;| MARTUCCI Gelsomina | ASSESSORE | P |;;;;;;True
atto_46;docling;markdown;atto_46.md;31;;table;table;| PETRONE Aurelio | ASSESSORE | P |;;;;;;True
atto_46;docling;markdown;atto_46.md;33;;paragraph;text;N. presenti;;;;;;False
atto_46;docling;markdown;atto_46.md;35;;paragraph;text;5;;;;;;False
atto_46;docling;markdown;atto_46.md;37;;paragraph;text;N. assenti;;;;;;False
atto_46;docling;markdown;atto_46.md;39;;paragraph;text;1;;;;;;False
atto_46;docling;markdown;atto_46.md;41;;paragraph;text;"Si dà evidenza che MORETTI, VIETRI, PETRONE e NORMANNO sono intervenuti in sede comunale; MARTUCCI è intervenuta da remoto.";;;;;;False
atto_46;docling;markdown;atto_46.md;43;;paragraph;text;Il Presidente constatato il numero legale degli intervenuti dichiara aperta la seduta per la trattazione dell'oggetto sopra indicato.;;;;;;False
atto_46;docling;markdown;atto_46.md;45;;heading;heading;PREMESSO CHE:;;;;;PREMESSO;False
atto_46;docling;markdown;atto_46.md;47;;list_item;list_item;"con deliberazione di Giunta Comunale n. 193 del 29.11.2024 si è proceduto all'approvazione degli esiti della manifestazione di interesse finalizzata all'assegnazione di suoli cimiteriali destinati alla realizzazione di cappelle e/o sepolture private, con contestuale individuazione degli assegnatari;";;;;;;False
atto_46;docling;markdown;atto_46.md;48;;list_item;list_item;"successivamente alcuni assegnatari hanno formalmente comunicato la rinuncia all'assegnazione dei rispettivi suoli cimiteriali;";;;;;;False
atto_46;docling;markdown;atto_46.md;49;;list_item;list_item;"con deliberazione di Giunta Comunale n. 21 del 29.01.2026 è stata PRESA formalmente d'ATTO delle suddette rinunce, determinando la disponibilità di n. 3 suoli cimiteriali;";;;;;;False
atto_46;docling;markdown;atto_46.md;50;;list_item;list_item;"risultano altresì disponibili ulteriori n. 3 suoli cimiteriali che, pur ricompresi nella programmazione dell'Ente, non sono stati oggetto di precedente assegnazione;";;;;;;False
atto_46;docling;markdown;atto_46.md;52;;heading;heading;CONSIDERATO CHE:;;;;;CONSIDERATO;False
atto_46;docling;markdown;atto_46.md;54;;list_item;list_item;"è interesse dell'Amministrazione Comunale garantire la piena utilizzazione delle aree cimiteriali disponibili, nel rispetto dei principi di trasparenza, imparzialità e parità di trattamento;";;;;;;False
atto_46;docling;markdown;atto_46.md;55;;list_item;list_item;"occorre fornire specifico indirizzo al Responsabile dell'Area I AA.GG. affinché proceda all'assegnazione dei predetti n. 6 suoli cimiteriali disponibili;";;;;;;False
atto_46;docling;markdown;atto_46.md;57;;paragraph;text;"RITENUTO opportuno demandare al Responsabile del Settore competente l'adozione di tutti gli atti gestionali necessari e conseguenti al presente provvedimento;";;;;;RITENUTO;False
atto_46;docling;markdown;atto_46.md;59;;paragraph;text;"VISTO il D.Lgs. n. 267/2000;";;;;;VISTO;False
atto_46;docling;markdown;atto_46.md;61;;paragraph;text;"CON VOTAZIONE unanime e favorevole espresse nei modi e forme di legge;";;0.0;;;;False
atto_46;docling;markdown;atto_46.md;63;;heading;heading;DELIBERA;;;;DELIBERA;DELIBERA;False
atto_46;docling;markdown;atto_46.md;65;;paragraph;text;1. Di richiamare integralmente la PREMESSA quale parte integrante e sostanziale del presente provvedimento.;;;;;;False
atto_46;docling;markdown;atto_46.md;66;;paragraph;text;2. Di prendere ATTO che risultano disponibili:;;;;;;False
atto_46;docling;markdown;atto_46.md;67;;paragraph;text;"3. o n. 3 suoli cimiteriali resisi liberi a seguito delle rinunce degli assegnatari INDIVIDUATI con deliberazione di Giunta Comunale n. 193 del 29.11.2024 e delle quali si è PRESO ATTO con deliberazione di Giunta Comunale n. 21 del 29.01.2026;";;;;;;False
atto_46;docling;markdown;atto_46.md;68;;paragraph;text;4. o n. 3 ulteriori suoli cimiteriali mai assegnati.;;;;;;False
atto_46;docling;markdown;atto_46.md;69;;paragraph;text;3. Di fornire ATTO di indirizzo al Responsabile dell'Area I AA.GG affinché provveda all'assegnazione dei complessivi n. 6 suoli cimiteriali disponibili, mediante l'attivazione di una nuova procedura pubblica.;;;;;;False
atto_46;docling;markdown;atto_46.md;71;;heading;heading;INDI;;;;;;False
atto_46;docling;markdown;atto_46.md;73;;paragraph;text;DATA l'urgenza, con votazione separata e voto unanime favorevole;;;;;;False
atto_46;docling;markdown;atto_46.md;75;;heading;heading;DELIBERA;;;;DELIBERA;DELIBERA;False
atto_46;docling;markdown;atto_46.md;77;;paragraph;text;Di rendere il presente ATTO immediatamente eseguibile, ai sensi dell'art. 134, comma 4, del T.U.E.L. approvato con Decreto Lgs. del 18.08.2000 n.267.;;;;;;False
atto_46;docling;markdown;atto_46.md;79;;heading;heading;LA GIUNTA COMUNALE;;;;;;False
atto_46;docling;markdown;atto_46.md;81;;paragraph;text;3;;;;;;False
atto_46;docling;markdown;atto_46.md;83;;paragraph;text;Il SINDACO F.to Nicola MORETTI;;;;;;False
atto_46;docling;markdown;atto_46.md;85;;paragraph;text;Il VICE SEGRETARIO F.to dr.ssa DE STEFANO Maria Michela;;;;;;False
atto_46;docling;markdown;atto_46.md;87;;heading;heading;Certificato di Pubblicazione;;;;;;True
atto_46;docling;markdown;atto_46.md;89;;paragraph;text;Certificasi dal sottoscritto VICE SEGRETARIO che, giusta conforme attestazione del Preposto alla pubblicazione on-line, copia della presente deliberazione è pubblicata all'albo Pretorio, il giorno 01-06-2026 per quindici giorni consecutivi e vi rimarrà fino al giorno 16-06-2026;;;;;;False
atto_46;docling;markdown;atto_46.md;91;;paragraph;text;www.comune.solofra.av.it;;;;;;False
atto_46;docling;markdown;atto_46.md;93;;paragraph;text;dal Municipio 01-06-2026;;;;;;False
atto_46;docling;markdown;atto_46.md;95;;paragraph;text;Il VICE SEGRETARIO F.to dr.ssa DE STEFANO Maria Michela;;;;;;False
atto_46;docling;markdown;atto_46.md;97;;paragraph;text;\_\_\_\_\_\_\_\_\_\_\_\_\_\_\_\_\_\_\_\_\_\_\_\_\_\_\_\_\_\_\_\_\_\_\_\_\_\_\_\_\_\_\_\_\_\_\_\_\_\_\_\_\_\_\_\_\_\_\_\_\_\_\_\_\_\_\_\_\_\_\_\_\_\_\_\_\_\_;;;;;;False
atto_46;docling;markdown;atto_46.md;99;;paragraph;text;Copia conforme all'originale per uso Amministrativo e di Ufficio;;;;;;False
atto_46;docling;markdown;atto_46.md;101;;paragraph;text;dal Municipio, lì \_\_\_\_\_\_\_\_\_\_\_\_\_\_;;;;;;False
atto_46;docling;markdown;atto_46.md;103;;paragraph;text;Il VICE SEGRETARIO dr.ssa DE STEFANO Maria Michela;;;;;;False
atto_46;docling;markdown;atto_46.md;105;;paragraph;text;\_\_\_\_\_\_\_\_\_\_\_\_\_\_\_\_\_\_\_\_;;;;;;False
atto_46;docling;markdown;atto_46.md;107;;heading;heading;ESECUTIVITA';;;;;;False
atto_46;docling;markdown;atto_46.md;109;;paragraph;text;Il sottoscritto VICE SEGRETARIO certifica che la su estesa deliberazione è divenuta esecutiva per decorrenza del termine\_\_\_\_\_\_\_\_\_\_\_\_\_\_\_\_\_\_\_\_\_\_\_\_;;;;;;False
atto_46;docling;markdown;atto_46.md;111;;list_item;list_item;Ai sensi dell'art. 134/3 del D. leg.vo n.267/2000;;;;;;False
atto_46;docling;markdown;atto_46.md;113;;paragraph;text;Dal Municipio, lì............................;;;;;;False
atto_46;docling;markdown;atto_46.md;115;;paragraph;text;Il VICE SEGRETARIO;;;;;;False
atto_46;docling;markdown;atto_46.md;117;;paragraph;text;( dr.ssa DE STEFANO Maria Michela);;;;;;False
atto_46;docling;markdown;atto_46.md;119;;paragraph;text;TRASMESSA AI CAPIGRUPPO IN ELENCO CON NOTA N. 8857 DEL 01-06-2026 L'ADDETTO;;;;;;False
atto_47;docling;markdown;atto_47.md;1;;paragraph;text;;;;;;;True
atto_47;docling;markdown;atto_47.md;3;;heading;heading;Città di Solofra Provincia di Avellino;;;;;;False
atto_47;docling;markdown;atto_47.md;5;;paragraph;text;COPIA;;;;;;False
atto_47;docling;markdown;atto_47.md;7;;heading;heading;DELLA DELIBERAZIONE DELLA GIUNTA COMUNALE N.102 DEL 08-06-2026;;;;;;False
atto_47;docling;markdown;atto_47.md;9;;heading;heading;DELIBERAZIONE DELLA GIUNTA COMUNALE;;;;;;False
atto_47;docling;markdown;atto_47.md;11;;paragraph;text;Numero 102;;;;;;False
atto_47;docling;markdown;atto_47.md;13;;paragraph;text;Oggetto:;;;;;;False
atto_47;docling;markdown;atto_47.md;15;;paragraph;text;Del 08-06-2026;;;;;;False
atto_47;docling;markdown;atto_47.md;17;;paragraph;text;"PATROCINIO MORALE GRATUITO MANIFESTAZIONE PODISTICA DEL 14.06.2026 ""SOLOFRA VERTIKAL"" MEMORIAL CARLO IANNACCONE.";;;;;;False
atto_47;docling;markdown;atto_47.md;19;;paragraph;text;L'anno duemilaventisei addì otto del mese di giugno alle ore 12:15, si è riunita la Giunta Comunale in modalità telematica, utilizzando un sistema di videoconferenza, secondo quanto disposto dal Regolamento approvato con DELIBERA di Giunta Comunale n.140/2022.;;;;;;False
atto_47;docling;markdown;atto_47.md;21;;paragraph;text;Partecipa il VICE SEGRETARIO dr.ssa DE STEFANO Maria Michela, presente nella sede comunale, il quale provvede alla redazione del presente verbale.;;;;;;False
atto_47;docling;markdown;atto_47.md;23;;paragraph;text;All' appello risultano:;;;;;;False
atto_47;docling;markdown;atto_47.md;25;;table;table;| MORETTI Nicola | SINDACO | P |;;;;;;True
atto_47;docling;markdown;atto_47.md;26;;table;table;|--------------------|-------------------|-----|;;;;;;True
atto_47;docling;markdown;atto_47.md;27;;table;table;| DE STEFANO Orsola | ASSESSORE | A |;;;;;;True
atto_47;docling;markdown;atto_47.md;28;;table;table;| VIETRI Mariangela | ASSESSORE | P |;;;;;;True
atto_47;docling;markdown;atto_47.md;29;;table;table;| NORMANNOPaolo | ASSESSORE ESTERNO | P |;;;;;;True
atto_47;docling;markdown;atto_47.md;30;;table;table;| MARTUCCI Gelsomina | ASSESSORE | P |;;;;;;True
atto_47;docling;markdown;atto_47.md;31;;table;table;| PETRONE Aurelio | ASSESSORE | P |;;;;;;True
atto_47;docling;markdown;atto_47.md;33;;paragraph;text;N. presenti;;;;;;False
atto_47;docling;markdown;atto_47.md;35;;paragraph;text;5;;;;;;False
atto_47;docling;markdown;atto_47.md;37;;paragraph;text;N. assenti;;;;;;False
atto_47;docling;markdown;atto_47.md;39;;paragraph;text;1;;;;;;False
atto_47;docling;markdown;atto_47.md;41;;paragraph;text;"Si dà evidenza che MORETTI, PETRONE e MARTUCCI sono intervenuti in sede comunale; VIETRI e NORMANNO sono intervenuti da remoto.";;;;;;False
atto_47;docling;markdown;atto_47.md;43;;paragraph;text;Il Presidente constatato il numero legale degli intervenuti dichiara aperta la seduta per la trattazione dell'oggetto sopra indicato.;;;;;;False
atto_47;docling;markdown;atto_47.md;45;;heading;heading;LA GIUNTA COMUNALE;;;;;;False
atto_47;docling;markdown;atto_47.md;47;;paragraph;text;"PREMESSO che questa Amministrazione valorizza lo sport quale elemento essenziale per una corretta crescita della personalità individuale e collettiva e sostiene le manifestazioni tese a creare momenti di aggregazione intergenerazionale e promozione del territorio;";;;;;PREMESSO;False
atto_47;docling;markdown;atto_47.md;49;;paragraph;text;"ESAMINATA l'istanza FORMULATA dalla Associazione 'Frate Vento' con sede in Solofra, a firma del presidente Domenico Nicodemo, ACQUISITA al Protocollo Generale di questo Ente in DATA 03.06.2026 prot. n. 8947, con la quale si chiede il Patrocinio morale del Comune alla manifestazione denominata 'Solofra Vertikal', competizione podistica giunta alla VIII edizione in programma per il 14.06.2026 ;";;;;;ESAMINATO;False
atto_47;docling;markdown;atto_47.md;51;;paragraph;text;"EVIDENZIATO che la manifestazione, dedicata alla memoria di Carlo Iannaccone, operaio deceduto per un infortunio nei campi nel 2017, riveste anche aspetti di profondo significato umano e, per il tracciato prescelto, di valorizzazione delle bellezze paesaggistiche offerte dal Parco dei Picentini;";;;;;EVIDENZIATO;False
atto_47;docling;markdown;atto_47.md;53;;paragraph;text;"RITENUTO pertanto di accordare il richiesto patrocinio morale alla manifestazione, condividendone i valori e le finalità perseguite, autorizzando gli organizzatori a riprodurre il logo 'Città di Solofra' su manifesti e depliant pubblicitari;";;;;;RITENUTO;False
atto_47;docling;markdown;atto_47.md;55;;paragraph;text;"RICHIAMATO il Tuel approvato con D. Lgs. 267/2000;";;;;;RICHIAMATO;False
atto_47;docling;markdown;atto_47.md;57;;paragraph;text;"CON VOTAZIONE unanime e favorevole espresse nei modi e forme di legge;";;0.0;;;;False
atto_47;docling;markdown;atto_47.md;59;;heading;heading;DELIBERA;;;;DELIBERA;DELIBERA;False
atto_47;docling;markdown;atto_47.md;61;;list_item;list_item;1) Di approvare le PREMESSE, quali parti integranti e sostanziali del presente provvedimento.;;;;;;False
atto_47;docling;markdown;atto_47.md;62;;list_item;list_item;2) Di concedere, per le ragioni esposte, il patrocinio morale di questo Comune alla manifestazione denominata 'Solofra Vertikal', competizione podistica giunta alla VIII edizione in programma per il 14 giugno 2026, con partenza dalla via Regina Margherita e arrivo al monte ''Pizzo di San Michele'' attraverso i percorsi CAI nn. 160/117.;;;;;;False
atto_47;docling;markdown;atto_47.md;63;;list_item;list_item;3) Di autorizzare l'uso del logo ''Città di Solofra'' sui manifesti divulgativi dell'iniziativa.;;;;;;False
atto_47;docling;markdown;atto_47.md;64;;list_item;list_item;4) Di stabilire che resta a carico del soggetto proponente tutto quanto necessario all'organizzazione ed alla buona riuscita dell'evento nonché il possesso di tutte le autorizzazioni utili alla sua realizzazione.;;;;;;False
atto_47;docling;markdown;atto_47.md;66;;heading;heading;INDI;;;;;;False
atto_47;docling;markdown;atto_47.md;68;;paragraph;text;DATA l'urgenza, con votazione separata e voto unanime favorevole;;;;;;False
atto_47;docling;markdown;atto_47.md;70;;heading;heading;DELIBERA;;;;DELIBERA;DELIBERA;False
atto_47;docling;markdown;atto_47.md;72;;paragraph;text;Di rendere il presente ATTO immediatamente eseguibile, ai sensi dell'art. 134, comma 4, del T.U.E.L. approvato con Decreto Lgs. del 18.08.2000 n.267.;;;;;;False
atto_47;docling;markdown;atto_47.md;74;;paragraph;text;3;;;;;;False
atto_47;docling;markdown;atto_47.md;76;;paragraph;text;Parere in ordine alla REGOLARITA' TECNICA del Responsabile del Servizio (art. 49 del D.Lgs. 267/2000);;;;;;False
atto_47;docling;markdown;atto_47.md;78;;paragraph;text;Si esprime parere: Favorevole;;;;;;False
atto_47;docling;markdown;atto_47.md;80;;paragraph;text;DATA: 08-06-26;;;;;;False
atto_47;docling;markdown;atto_47.md;82;;paragraph;text;Il Responsabile dell'Area;;;;;;False
atto_47;docling;markdown;atto_47.md;84;;paragraph;text;F.to DE STEFANO MARIA MICHELA;;;;;;False
atto_47;docling;markdown;atto_47.md;86;;paragraph;text;Il SINDACO F.to Nicola MORETTI;;;;;;False
atto_47;docling;markdown;atto_47.md;88;;paragraph;text;Il VICE SEGRETARIO F.to dr.ssa DE STEFANO Maria Michela;;;;;;False
atto_47;docling;markdown;atto_47.md;90;;heading;heading;Certificato di Pubblicazione;;;;;;True
atto_47;docling;markdown;atto_47.md;92;;paragraph;text;Certificasi dal sottoscritto VICE SEGRETARIO che, giusta conforme attestazione del Preposto alla pubblicazione on-line, copia della presente deliberazione è pubblicata all'albo Pretorio, il giorno 10-06-2026 per quindici giorni consecutivi e vi rimarrà fino al giorno 25-06-2026;;;;;;False
atto_47;docling;markdown;atto_47.md;94;;paragraph;text;www.comune.solofra.av.it;;;;;;False
atto_47;docling;markdown;atto_47.md;96;;paragraph;text;dal Municipio 10-06-2026;;;;;;False
atto_47;docling;markdown;atto_47.md;98;;paragraph;text;Il VICE SEGRETARIO F.to dr.ssa DE STEFANO Maria Michela;;;;;;False
atto_47;docling;markdown;atto_47.md;100;;paragraph;text;\_\_\_\_\_\_\_\_\_\_\_\_\_\_\_\_\_\_\_\_\_\_\_\_\_\_\_\_\_\_\_\_\_\_\_\_\_\_\_\_\_\_\_\_\_\_\_\_\_\_\_\_\_\_\_\_\_\_\_\_\_\_\_\_\_\_\_\_\_\_\_\_\_\_\_\_\_\_;;;;;;False
atto_47;docling;markdown;atto_47.md;102;;paragraph;text;Copia conforme all'originale per uso Amministrativo e di Ufficio;;;;;;False
atto_47;docling;markdown;atto_47.md;104;;paragraph;text;dal Municipio, lì \_\_\_\_\_\_\_\_\_\_\_\_\_\_;;;;;;False
atto_47;docling;markdown;atto_47.md;106;;paragraph;text;Il VICE SEGRETARIO dr.ssa DE STEFANO Maria Michela;;;;;;False
atto_47;docling;markdown;atto_47.md;108;;paragraph;text;\_\_\_\_\_\_\_\_\_\_\_\_\_\_\_\_\_\_\_\_;;;;;;False
atto_47;docling;markdown;atto_47.md;110;;heading;heading;ESECUTIVITA';;;;;;False
atto_47;docling;markdown;atto_47.md;112;;paragraph;text;Il sottoscritto VICE SEGRETARIO certifica che la su estesa deliberazione è divenuta esecutiva per decorrenza del termine\_\_\_\_\_\_\_\_\_\_\_\_\_\_\_\_\_\_\_\_\_\_\_\_;;;;;;False
atto_47;docling;markdown;atto_47.md;114;;list_item;list_item;Ai sensi dell'art. 134/3 del D. leg.vo n.267/2000;;;;;;False
atto_47;docling;markdown;atto_47.md;116;;paragraph;text;Dal Municipio, lì............................;;;;;;False
atto_47;docling;markdown;atto_47.md;118;;paragraph;text;Il VICE SEGRETARIO;;;;;;False
atto_47;docling;markdown;atto_47.md;120;;paragraph;text;( dr.ssa DE STEFANO Maria Michela);;;;;;False
atto_47;docling;markdown;atto_47.md;122;;paragraph;text;TRASMESSA AI CAPIGRUPPO IN ELENCO CON NOTA N. 9447 DEL 10-06-2026 L'ADDETTO;;;;;;False
atto_48;docling;markdown;atto_48.md;1;;paragraph;text;;;;;;;True
atto_48;docling;markdown;atto_48.md;3;;heading;heading;COMUNE DI SELVINO;;;;;;False
atto_48;docling;markdown;atto_48.md;5;;paragraph;text;(Provincia di Bergamo);;;;;;False
atto_48;docling;markdown;atto_48.md;7;;paragraph;text;COPIA;;;;;;False
atto_48;docling;markdown;atto_48.md;9;;heading;heading;Verbale di deliberazione della Giunta Comunale DELIBERAZIONE N. 53 DEL 23-06-2026;;;;;;False
atto_48;docling;markdown;atto_48.md;11;;heading;heading;OGGETTO:COSTITUZIONE DELEGAZIONE TRATTANTE DI PARTE PUBBLICA PER IL COMPARTO FUNZIONI LOCALI;;;;;;False
atto_48;docling;markdown;atto_48.md;13;;paragraph;text;L'anno duemilaventisei il giorno ventitre del mese di giugno alle ore 13:10 , nella sede comunale, in seguito a convocazione, si è riunita la Giunta Comunale.;;;;;;False
atto_48;docling;markdown;atto_48.md;15;;paragraph;text;Intervengono i signori:;;;;;;False
atto_48;docling;markdown;atto_48.md;17;;table;table;| Andrea Santopietro | Sindaco | Presente |;;;;;;True
atto_48;docling;markdown;atto_48.md;18;;table;table;|----------------------|-----------|-----------------------------|;;;;;;True
atto_48;docling;markdown;atto_48.md;19;;table;table;| Claudio Ruggeri | Assessore | Presente |;;;;;;True
atto_48;docling;markdown;atto_48.md;20;;table;table;| Angelo Bertocchi | Assessore | Presente in videoconferenza |;;;;;;True
atto_48;docling;markdown;atto_48.md;22;;heading;heading;Totale Presenti 3 Assenti 0;;;;;;False
atto_48;docling;markdown;atto_48.md;24;;paragraph;text;Provvede alla redazione del presente verbale il Segretario Comunale Vincenzo De Filippis;;;;;;False
atto_48;docling;markdown;atto_48.md;26;;paragraph;text;Constatato il numero legale degli intervenuti, assume la presidenza il Sig. Dott. Andrea Santopietro nella sua qualità di Sindaco per la trattazione dell'oggetto sopraindicato.;;;;;;False
atto_48;docling;markdown;atto_48.md;28;;heading;heading;PREMESSO che:;;;;;PREMESSO;False
atto_48;docling;markdown;atto_48.md;30;;list_item;list_item;l'articolo 40 ' Contratti collettivi nazionali ed integrativi ' del D.Lgs. 165/2001 al comma 1 prevede che:;;;;;;False
atto_48;docling;markdown;atto_48.md;32;;paragraph;text;"' 1. La contrattazione collettiva disciplina il rapporto di lavoro e le relazioni sindacali e si svolge con le modalità previste dal presente decreto. Nelle materie relative alle sanzioni disciplinari, alla valutazione delle prestazioni ai fini della corresponsione del trattamento accessorio, della mobilità, la contrattazione collettiva è consentita nei limiti previsti dalle norme di legge. Sono escluse dalla contrattazione collettiva le materie attinenti all'organizzazione degli uffici, quelle oggetto di partecipazione sindacale ai sensi dell'articolo 9, quelle afferenti alle prerogative dirigenziali ai sensi degli articoli 5, comma 2,16 e 17, la materia del conferimento e della revoca degli incarichi dirigenziali, nonché quelle di cui all'articolo 2, comma 1, lettera c), della legge 23 ottobre 1992, n. 421 ';";;;;;;False
atto_48;docling;markdown;atto_48.md;34;;list_item;list_item;nel contesto del comma 1 dell'art. 40 sono affermati alcuni elementi determinanti della contrattazione:;;;;;;False
atto_48;docling;markdown;atto_48.md;35;;list_item;list_item;"a) il primato della legge nelle materie relative alla sanzioni disciplinari ed alla valutazione delle prestazioni ai fini del trattamento accessorio;";;;;;;False
atto_48;docling;markdown;atto_48.md;36;;list_item;list_item;b) l'esclusione dalla contrattazione collettiva delle materie relative all'organizzazione degli uffici, al conferimento ed alla revoca degli incarichi dirigenziali.;;;;;;False
atto_48;docling;markdown;atto_48.md;37;;list_item;list_item;"il comma 3-bis dell'articolo 40 stabilisce che le pubbliche amministrazioni attivano autonomi livelli di contrattazione collettiva integrativa, nel rispetto dell'articolo 7, comma 5, che impone l'erogazione dei trattamenti economici accessori solo se corrispondono alle prestazioni effettivamente rese, e dei vincoli di bilancio risultanti dagli strumenti di programmazione annuale e pluriennale di ciascuna amministrazione;";;;;;;False
atto_48;docling;markdown;atto_48.md;38;;list_item;list_item;la suddetta contrattazione collettiva integrativa si svolge sulle materie, con i vincoli e nei limiti STABILITI dai contratti collettivi nazionali, tra i soggetti e con le procedure negoziali ivi STABILITI.;;;;;;False
atto_48;docling;markdown;atto_48.md;40;;heading;heading;PRECISATO che:;;;;;PRECISATO;False
atto_48;docling;markdown;atto_48.md;42;;list_item;list_item;"in DATA 16.11.2022 è stato sottoscritto il CCNL del Comparto Funzioni Locali 2019-2021;";;;;;;False
atto_48;docling;markdown;atto_48.md;43;;list_item;list_item;"in DATA 23.02.2026 è stato sottoscritto il CCNL del Comparto Funzioni Locali 2022-2024 che ha riscritto la disciplina relativa alle relazioni sindacali, attualmente disciplinate al Titolo II del contratto;";;;;;;False
atto_48;docling;markdown;atto_48.md;44;;list_item;list_item;l'articolo 7, comma 3, del CCNL Funzioni Locali 2022-2024 prevede che: ' I componenti della delegazione di parte datoriale, tra cui è INDIVIDUATO il presidente, sono designati dall'organo competente secondo i rispettivi ordinamenti '.;;;;;;False
atto_48;docling;markdown;atto_48.md;46;;heading;heading;DATO ATTO che la Giunta Comunale:;;;;;DATO_ATTO;False
atto_48;docling;markdown;atto_48.md;48;;list_item;list_item;"ha il compito di designare i componenti ed il presidente della delegazione trattante di parte pubblica tenendo CONTO delle competenze e conoscenze possedute dai dirigenti e delle esigenze da soddisfare connesse alla contrattazione;";;;;;;False
atto_48;docling;markdown;atto_48.md;49;;list_item;list_item;formula le direttive e fissa gli obiettivi per la delegazione trattante.;;;;;;False
atto_48;docling;markdown;atto_48.md;51;;heading;heading;DATO ATTO inoltre che:;;;;;DATO_ATTO;False
atto_48;docling;markdown;atto_48.md;53;;list_item;list_item;"le attività della delegazione sono connotate da ampia discrezionalità, da esercitare nei limiti degli indirizzi e degli obiettivi che rimangono prerogativa degli organi di indirizzo politicoamministrativo, inclusa l'autorizzazione alla sottoscrizione degli accordi integrativi;";;;;;;False
atto_48;docling;markdown;atto_48.md;54;;list_item;list_item;"la delegazione trattante ha il compito di informare periodicamente la Giunta Comunale in ordine all'andamento delle trattative;";;;;;;False
atto_48;docling;markdown;atto_48.md;55;;list_item;list_item;è indispensabile un costante e stretto collegamento tra la Giunta Comunale e la delegazione trattante per accertare, in tempo reale, il necessario consenso politico sulle scelte che si stanno per formalizzare in sede di negoziato.;;;;;;False
atto_48;docling;markdown;atto_48.md;57;;heading;heading;LA GIUNTA COMUNALE;;;;;;False
atto_48;docling;markdown;atto_48.md;59;;paragraph;text;"RITENUTO di procedere alla designazione dei membri della delegazione trattante di parte pubblica, come indicato all'art. 7, comma 3, del CCNL Funzioni Locali del 23/02/2026, individuando il Segretario Comunale, con funzioni di Presidente;";;;;;RITENUTO;False
atto_48;docling;markdown;atto_48.md;61;;paragraph;text;"ACQUISITO il parere di regolarità tecnica ai sensi dell'art. 49 - 1° comma - del D.Lgs. n. 267/2000;";;;;;ACQUISITI_PARERI;False
atto_48;docling;markdown;atto_48.md;63;;paragraph;text;"Con voti favorevoli unanimi, espressi nelle forme previste dallo Statuto comunale;";;0.0;;;;False
atto_48;docling;markdown;atto_48.md;65;;heading;heading;DELIBERA;;;;DELIBERA;DELIBERA;False
atto_48;docling;markdown;atto_48.md;67;;list_item;list_item;"1) Di considerare le PREMESSE parte integrante e sostanziale del presente ATTO;";;;;;;False
atto_48;docling;markdown;atto_48.md;68;;list_item;list_item;"2) Di costituire , per i motivi esposti in PREMESSA, la composizione della delegazione trattante di parte pubblica per il personale del comparto Funzioni Locali, ai sensi dell'art. 7, comma 3 e dell'art. 8, comma 2 del CCNL 23.02.2026, nominando in rappresentanza di questo Ente, il Segretario Comunale, con funzioni di Presidente;";;;;;;False
atto_48;docling;markdown;atto_48.md;69;;list_item;list_item;3) Di trasmettere , copia del presente provvedimento alla R.S.U. ed alle Organizzazioni Sindacali del comparto.;;;;;;False
atto_48;docling;markdown;atto_48.md;71;;paragraph;text;Stante l'urgenza di provvedere, con successiva e separata votazione il presente provvedimento viene dichiarato immediatamente eseguibile ai sensi dell'articolo 134 - comma 4 - del D.Lgs. 267/2000.;;;;;;False
atto_48;docling;markdown;atto_48.md;73;;paragraph;text;Selvino, 23 giugno 2026;;;;;;False
atto_48;docling;markdown;atto_48.md;75;;heading;heading;PARERE DI REGOLARITA' TECNICA;;;;;;False
atto_48;docling;markdown;atto_48.md;77;;paragraph;text;Il sottoscritto De Filippis Vincenzo in qualità di Responsabile di Settore, ESAMINATA la proposta di deliberazione di cui all'oggetto esprime parere Favorevole per quanto di competenza ed in linea tecnica all'adozione dell'ATTO di cui sopra.;;;;;;False
atto_48;docling;markdown;atto_48.md;79;;paragraph;text;Selvino, lì 23-06-2026;;;;;;False
atto_48;docling;markdown;atto_48.md;81;;paragraph;text;Il Responsabile del Settore F.to Vincenzo De Filippis LETTO, confermato e sottoscritto.;;;;;;True
atto_48;docling;markdown;atto_48.md;83;;paragraph;text;IL Segretario Comunale F.to Vincenzo De Filippis IL Sindaco F.to Dott. Andrea Santopietro;;;;;;False
atto_48;docling;markdown;atto_48.md;85;;heading;heading;CERTIFICATO DI PUBBLICAZIONE;;;;;;True
atto_48;docling;markdown;atto_48.md;87;;paragraph;text;Il sottoscritto Resp. della Pubblicazione ATTESTA che:;;;;;;False
atto_48;docling;markdown;atto_48.md;89;;paragraph;text;La presente deliberazione viene pubblicata all'Albo Pretorio per giorni 15 ai sensi dell'art. 124 del T.U. D.Lgs. n.267/2000.;;;;;;False
atto_48;docling;markdown;atto_48.md;91;;paragraph;text;Selvino, lì 26-06-2026;;;;;;False
atto_48;docling;markdown;atto_48.md;93;;paragraph;text;IL Resp. della Pubblicazione F.to Miriam Magoni;;;;;;False
atto_48;docling;markdown;atto_48.md;95;;heading;heading;CERTIFICATO DI ESECUTIVITA';;;;;;False
atto_48;docling;markdown;atto_48.md;97;;paragraph;text;VISTI gli atti d'ufficio si ATTESTA che la presente deliberazione E' DIVENUTA ESECUTIVA il giorno 23-06-2026, ai sensi dell'art. 134, comma 4, D.Lgs. 18 agosto 2000 n. 267, per dichiarazione di immediata eseguibilità.;;;;;VISTO;False
atto_48;docling;markdown;atto_48.md;99;;paragraph;text;Selvino, lì 26-06-2026;;;;;;False
atto_48;docling;markdown;atto_48.md;101;;paragraph;text;IL Segretario Comunale F.to Vincenzo De Filippis;;;;;;False
atto_48;docling;markdown;atto_48.md;103;;paragraph;text;Copia analogica conforme al documento informatico firmato digitalmente ai sensi del D.Lgs. 82/2005 e rispettive norme collegate.;;;;;;False
atto_49;docling;markdown;atto_49.md;1;;paragraph;text;;;;;;;True
atto_49;docling;markdown;atto_49.md;3;;heading;heading;COMUNE DI SELVINO;;;;;;False
atto_49;docling;markdown;atto_49.md;5;;paragraph;text;(Provincia di Bergamo);;;;;;False
atto_49;docling;markdown;atto_49.md;7;;paragraph;text;COPIA;;;;;;False
atto_49;docling;markdown;atto_49.md;9;;heading;heading;Verbale di deliberazione della Giunta Comunale DELIBERAZIONE N. 51 DEL 12-06-2026;;;;;;False
atto_49;docling;markdown;atto_49.md;11;;heading;heading;OGGETTO:APPROVAZIONE CESSIONE DIRITTI EDIFICATORI VERSO LA DITTA OPERA S.R.L. PER INTERVENTO EDILIZIO IN VIA ELVEZIA;;;;;;False
atto_49;docling;markdown;atto_49.md;13;;paragraph;text;L'anno duemilaventisei il giorno dodici del mese di giugno alle ore 13:10 , nella sede comunale, in seguito a convocazione, si è riunita la Giunta Comunale.;;;;;;False
atto_49;docling;markdown;atto_49.md;15;;paragraph;text;Intervengono i signori:;;;;;;False
atto_49;docling;markdown;atto_49.md;17;;table;table;| Andrea Santopietro | Sindaco | Presente |;;;;;;True
atto_49;docling;markdown;atto_49.md;18;;table;table;|----------------------|-----------|------------|;;;;;;True
atto_49;docling;markdown;atto_49.md;19;;table;table;| Claudio Ruggeri | Assessore | Assente |;;;;;;True
atto_49;docling;markdown;atto_49.md;20;;table;table;| Angelo Bertocchi | Assessore | Presente |;;;;;;True
atto_49;docling;markdown;atto_49.md;22;;heading;heading;Totale Presenti 2 Assenti 1;;;;;;False
atto_49;docling;markdown;atto_49.md;24;;paragraph;text;Provvede alla redazione del presente verbale il Segretario Comunale Vincenzo De Filippis;;;;;;False
atto_49;docling;markdown;atto_49.md;26;;paragraph;text;Constatato il numero legale degli intervenuti, assume la presidenza il Sig. Dott. Andrea Santopietro nella sua qualità di Sindaco per la trattazione dell'oggetto sopraindicato.;;;;;;False
atto_49;docling;markdown;atto_49.md;28;;paragraph;text;"PREMESSO che il signor Matteo Perolari, in qualità di Amministratore Unico della Ditta OPERA S.R.L., ha presentato il 23/04/2025 al protocollo comunale n. 2602, richiesta di Permesso di Costruire per 'Ristrutturazione con demolizione e ricostruzione edificio ad uso residenziale', riguardante l'immobile situato in via Elvezia n. 21;";;;;;PREMESSO;False
atto_49;docling;markdown;atto_49.md;30;;heading;heading;PREMESSO che:;;;;;PREMESSO;False
atto_49;docling;markdown;atto_49.md;32;;list_item;list_item;"l'Amministrazione Comunale è dotata di un Piano di Governo del Territorio (PGT) approvato dal Consiglio Comunale con deliberazione n. 19 del 23/4/2024, pubblicato sul BURL n. 37 del 11/09/2024;";;;;;;False
atto_49;docling;markdown;atto_49.md;33;;list_item;list_item;"il PGT prevede il riconoscimento di diritti edificatori e il loro trasferimento dalle aree di cessione alle aree di atterraggio, con la tecnica della perequazione, nonché il trasferimento di diritti edificatori legati alle diverse forme di incentivazione previste dal PGT;";;;;;;False
atto_49;docling;markdown;atto_49.md;34;;list_item;list_item;"l'art. 11, comma 4, della L.R. 12/2005 e s.m.i. stabilisce che i Comuni istituiscano il Registro delle Cessioni dei Diritti Edificatori, aggiornato e reso pubblico secondo le modalità STABILITE dagli stessi Comuni;";;;;;;False
atto_49;docling;markdown;atto_49.md;35;;list_item;list_item;"l'art. 14bis della Normativa del Piano delle Regole del PGT dispone in merito al Registro dei Diritti Edificatori;";;;;;;False
atto_49;docling;markdown;atto_49.md;36;;list_item;list_item;"Nelle more della redazione del registro dei diritti edificatori, l'amministrazione comunale ha comunque tutti i riferimenti per poter riconoscere i diritti di cui dispone, ed eventualmente cederli in tutto o in parte secondo le disposizioni del Piano delle Regole ed in particolare del citato art. 14bis;";;;;;;False
atto_49;docling;markdown;atto_49.md;38;;paragraph;text;"RICHIAMATI la Tavola PR1 del Piano delle Regole, la disciplina dettata dalla Normativa del Piano delle Regole, artt. 14, 14bis, 19, del Piano di Governo del Territorio vigente;";;;;;RICHIAMATO;False
atto_49;docling;markdown;atto_49.md;40;;paragraph;text;"PRESO ATTO che per le transazioni che coinvolgono l'Amministrazione comunale quale cedente diritti edificatori, il valore di tali diritti è STABILITO nella Normativa del Piano delle Regole vigente, secondo quanto descritto dal comma 14 dell'art. 14bis, nel seguente modo: Il valore di riferimento per ogni mq di SL di diritto edificatorio è quantificato in 1⁄4 del costo di costruzione vigente per gli edifici residenziali di cui all'art. 48, commi 1 e 2, l.r. n.12 del 2005, e può essere oggetto di variazione con semplice e motivata DELIBERA di Consiglio Comunale. Il valore di riferimento per ogni mq di area base al netto dei diritti edificatori è STABILITO dal valore agricolo del suolo come determinato dalla commissione provinciale espropri. Tali valori costituiscono impegno per l'amministrazione comunale, le transazioni che si svolgono tra privati possono liberamente assumere valori differenti.;";;;;;PRESO_ATTO;False
atto_49;docling;markdown;atto_49.md;42;;paragraph;text;"PRESO ATTO dell'impossibilità dell'interessato di procedere tramite reperimento di diritti edificatori privati;";;;;;PRESO_ATTO;False
atto_49;docling;markdown;atto_49.md;44;;paragraph;text;"VERIFICATA l'applicabilità dello strumento perequativo con cessione di diritti edificatori da parte del Comune verso il soggetto privato, coerentemente con gli indirizzi della relazione del Documento di Piano del PGT vigente;";;;;;VERIFICATO;False
atto_49;docling;markdown;atto_49.md;46;;paragraph;text;"RICHIAMATA la Determinazione del Responsabile dell'Area Tecnica N.R.A. 54 del 10/06/2026, N.R.G. 148, recante ad oggetto ' Ricognizione dei diritti edificatori di proprietà comunale potenzialmente soggetti a trasferimento ';";;;;;RICHIAMATO;False
atto_49;docling;markdown;atto_49.md;48;;paragraph;text;INDIVIDUATA , in applicazione della suddetta determina, quale dotazione territoriale idonea alla liberazione dei diritti edificatori, al fine del presente ATTO, la parte ricompresa all'interno della delimitazione del centro abitato dell'area situata in via G. Manzù n. 3, destinata a servizi di interesse comune e servizi per lo sport, censita al catasto terreni/fabbricati al foglio 907 mappale;;;;;INDIVIDUATO;False
atto_49;docling;markdown;atto_49.md;50;;paragraph;text;"10952, alla quale è attribuita una potenzialità edificatoria di mq 1.793,4 di SL;";;;;;;False
atto_49;docling;markdown;atto_49.md;52;;paragraph;text;"PRESO ATTO altresì che la documentazione completa relativa alla richiesta di Permesso di Costruire è depositata, tramite sportello telematico, agli atti dell'Ufficio Tecnico e sarà oggetto di successivo provvedimento di rilascio di Permesso di Costruire;";;;;;PRESO_ATTO;False
atto_49;docling;markdown;atto_49.md;54;;paragraph;text;"VISTI i pareri favorevoli espressi dal Responsabile del Settore Tecnico e del Responsabile del Settore Finanziario, ai sensi dell'art. 49, comma 1, del D.lgs. 18 agosto 2000, n. 267;";;;;;VISTI_PARERI;False
atto_49;docling;markdown;atto_49.md;56;;paragraph;text;"RICHIAMATO il vigente Statuto comunale;";;;;;RICHIAMATO;False
atto_49;docling;markdown;atto_49.md;58;;heading;heading;RICHIAMATI:;;;;;RICHIAMATO;False
atto_49;docling;markdown;atto_49.md;60;;list_item;list_item;"-Il D.Lgs 267/2000 e s.m.i.;";;;;;;False
atto_49;docling;markdown;atto_49.md;61;;list_item;list_item;"Il DPR 380/2001 e s.m.i.;";;;;;;False
atto_49;docling;markdown;atto_49.md;62;;list_item;list_item;"La Legge 12/2005 e s.m.i.;";;;;;;False
atto_49;docling;markdown;atto_49.md;64;;paragraph;text;"CON VOTI favorevoli unanimi espressi nelle forme di legge;";;0.0;;;;False
atto_49;docling;markdown;atto_49.md;66;;heading;heading;DELIBERA;;;;DELIBERA;DELIBERA;False
atto_49;docling;markdown;atto_49.md;68;;paragraph;text;"1. DI APPROVARE le PREMESSE quale parte integrante e sostanziale della presente deliberazione;";;;;;;False
atto_49;docling;markdown;atto_49.md;69;;paragraph;text;"2. DI APPROVARE la cessione, da parte dell'Amministrazione Comunale verso la Ditta OPERA S.R.L., di parte dei diritti edificatori INDIVIDUATI tramite la ricognizione di cui alla Determinazione del Responsabile dell'Area Tecnica N.R.A. 54 del 10/06/2026, in particolare nella quantità di 17,22 mq di SL valorizzati secondo quanto RICHIAMATO nel presente ATTO in 100,94 €/mq, per un totale di 1.738,19 €, già versati nelle casse comunali (rif. reversale n. 2013 del 24/11/2025);";;;;;;False
atto_49;docling;markdown;atto_49.md;70;;paragraph;text;"3. DI DISPORRE l'annotazione della presente transazione presso il registro dei diritti edificatori, non appena entrato in vigore;";;;;;;False
atto_49;docling;markdown;atto_49.md;71;;paragraph;text;"4. DI TRASMETTERE copia della presente deliberazione per i provvedimenti conseguenti e di competenza, al Responsabile del Settore tecnico Edilizia Privata;";;;;;;False
atto_49;docling;markdown;atto_49.md;72;;paragraph;text;"5. DI DICHIARARE la presente deliberazione immediatamente eseguibile ai sensi dell'art.134, comma 4, del D.Lgs 267/2000;";;;;;;False
atto_49;docling;markdown;atto_49.md;74;;heading;heading;PARERE DI REGOLARITA' TECNICA;;;;;;False
atto_49;docling;markdown;atto_49.md;76;;paragraph;text;Il sottoscritto De Filippis Vincenzo in qualità di Responsabile di Settore, ESAMINATA la proposta di deliberazione di cui all'oggetto esprime parere Favorevole per quanto di competenza ed in linea tecnica all'adozione dell'ATTO di cui sopra.;;;;;;False
atto_49;docling;markdown;atto_49.md;78;;paragraph;text;Selvino, lì 12-06-2026;;;;;;False
atto_49;docling;markdown;atto_49.md;80;;paragraph;text;Il Responsabile del Settore F.to Vincenzo De Filippis;;;;;;False
atto_49;docling;markdown;atto_49.md;82;;heading;heading;PARERE DI REGOLARITA' CONTABILE;;;;;;False
atto_49;docling;markdown;atto_49.md;84;;paragraph;text;Il sottoscritto De Filippis Vincenzo in qualità di Responsabile del Settore Finanziario, esprime parere Favorevole in ordine alla regolarità contabile relativa alla proposta di cui all'oggetto ai sensi dell'art. 49 del T.U. D.L.gs. 267/2000;;;;;;False
atto_49;docling;markdown;atto_49.md;86;;paragraph;text;Selvino, lì 12-06-2026;;;;;;False
atto_49;docling;markdown;atto_49.md;88;;paragraph;text;Il Responsabile del Settore F.to Vincenzo De Filippis LETTO, confermato e sottoscritto.;;;;;;True
atto_49;docling;markdown;atto_49.md;90;;paragraph;text;IL Segretario Comunale F.to Vincenzo De Filippis IL Sindaco F.to Dott. Andrea Santopietro;;;;;;False
atto_49;docling;markdown;atto_49.md;92;;heading;heading;CERTIFICATO DI PUBBLICAZIONE;;;;;;True
atto_49;docling;markdown;atto_49.md;94;;paragraph;text;Il sottoscritto Resp. della Pubblicazione ATTESTA che:;;;;;;False
atto_49;docling;markdown;atto_49.md;96;;paragraph;text;La presente deliberazione viene pubblicata all'Albo Pretorio per giorni 15 ai sensi dell'art. 124 del T.U. D.Lgs. n.267/2000.;;;;;;False
atto_49;docling;markdown;atto_49.md;98;;paragraph;text;Selvino, lì 17-06-2026;;;;;;False
atto_49;docling;markdown;atto_49.md;100;;paragraph;text;IL Resp. della Pubblicazione F.to Miriam Magoni;;;;;;False
atto_49;docling;markdown;atto_49.md;102;;heading;heading;CERTIFICATO DI ESECUTIVITA';;;;;;False
atto_49;docling;markdown;atto_49.md;104;;paragraph;text;VISTI gli atti d'ufficio si ATTESTA che la presente deliberazione E' DIVENUTA ESECUTIVA il giorno 12-06-2026, ai sensi dell'art. 134, comma 4, D.Lgs. 18 agosto 2000 n. 267, per dichiarazione di immediata eseguibilità.;;;;;VISTO;False
atto_49;docling;markdown;atto_49.md;106;;paragraph;text;Selvino, lì 17-06-2026;;;;;;False
atto_49;docling;markdown;atto_49.md;108;;paragraph;text;IL Segretario Comunale F.to Vincenzo De Filippis;;;;;;False
atto_49;docling;markdown;atto_49.md;110;;paragraph;text;Copia analogica conforme al documento informatico firmato digitalmente ai sensi del D.Lgs. 82/2005 e rispettive norme collegate.;;;;;;False
atto_5;docling;markdown;atto_5.md;1;;paragraph;text;;;;;;;True
atto_5;docling;markdown;atto_5.md;3;;heading;heading;COMUNE DI BITTI;;;;;;False
atto_5;docling;markdown;atto_5.md;5;;paragraph;text;Provincia di Nuoro;;;;;;False
atto_5;docling;markdown;atto_5.md;7;;paragraph;text;Piazza G. Asproni;;;;;;False
atto_5;docling;markdown;atto_5.md;9;;paragraph;text;Tel. 0784.415124 Fax 0784.414308 C.AP. 08021;;;;;;False
atto_5;docling;markdown;atto_5.md;11;;heading;heading;DELIBERAZIONE DELLA GIUNTA COMUNALE;;;;;;False
atto_5;docling;markdown;atto_5.md;13;;paragraph;text;N.n APPROVAZIONE DELLA RELAZIONE SULLA GESTIONE (ART. 151, COMMA 6 E ART. 231, COMMA1, D.LGS. N. 267/2000 E ART. 11, COMMA. 6, D.LGS. N. 118/2011) E DELLO SCHEMA DI RENDICONTO DELL'ESERCIZIO 2025.;;;;;;False
atto_5;docling;markdown;atto_5.md;15;;heading;heading;N. 49 Del 04/06/2026;;;;;;False
atto_5;docling;markdown;atto_5.md;17;;paragraph;text;L'anno duemilaventi sei , addì 04 del mese di Giugno alle ore 20:00, nella sala delle adunanze del Comune suddetto, convocata con apposito avviso la Giunta Municipale, si è la medesima riunita nelle persone seguenti:;;;;;;False
atto_5;docling;markdown;atto_5.md;19;;table;table;| Giuseppe Ciccolini, Sindaco | presente | videoconferenza | Partecipa con funzioni consultive referenti e di assistenza e ne cura la relativa verbalizzazione il Segretario Comunale Dott. Vincenzo Zanzarella in videoconferenza |;;;;;;True
atto_5;docling;markdown;atto_5.md;20;;table;table;|---------------------------------------|------------|-------------------|-------------------------------------------------------------------------------------------------------------------------------------------------------------------------|;;;;;;True
atto_5;docling;markdown;atto_5.md;21;;table;table;| Giuseppe Pala, Assessore | presente | videoconferenza | Partecipa con funzioni consultive referenti e di assistenza e ne cura la relativa verbalizzazione il Segretario Comunale Dott. Vincenzo Zanzarella in videoconferenza |;;;;;;True
atto_5;docling;markdown;atto_5.md;22;;table;table;| Christian Farina, Assessore | presente | videoconferenza | Partecipa con funzioni consultive referenti e di assistenza e ne cura la relativa verbalizzazione il Segretario Comunale Dott. Vincenzo Zanzarella in videoconferenza |;;;;;;True
atto_5;docling;markdown;atto_5.md;23;;table;table;| Giovanna Giuseppina Mameli, Assessora | presente | videoconferenza | Partecipa con funzioni consultive referenti e di assistenza e ne cura la relativa verbalizzazione il Segretario Comunale Dott. Vincenzo Zanzarella in videoconferenza |;;;;;;True
atto_5;docling;markdown;atto_5.md;24;;table;table;| Pietro Sanna, Assessore | presente | videoconferenza | Partecipa con funzioni consultive referenti e di assistenza e ne cura la relativa verbalizzazione il Segretario Comunale Dott. Vincenzo Zanzarella in videoconferenza |;;;;;;True
atto_5;docling;markdown;atto_5.md;26;;paragraph;text;La verifica della regolarità della seduta, svolta secondo le modalità STABILITE nel decreto n. 2 del 05/05/2022 adottato dal Sindaco, in base alla previsione dell'art. 73 del decreto legge 17 marzo 2020, n.. 18, è stata operata dal Segretario comunale Dott. Vincenzo Zanzarella, presente in video conferenza;;;;;;False
atto_5;docling;markdown;atto_5.md;28;;paragraph;text;"Presiede il Sig. Giuseppe Ciccolini nella sua qualità di Sindaco;";;;;;;False
atto_5;docling;markdown;atto_5.md;30;;paragraph;text;"Partecipa con funzioni consultive referenti e di assistenza e ne cura la relativa verbalizzazione il Segretario Comunale Dott Vincenzo Zanzarella collegato in video conferenza;";;;;;;False
atto_5;docling;markdown;atto_5.md;32;;paragraph;text;Il Sindaco, constatato il numero legale degli intervenuti, dichiara aperta la riunione e li invita a DELIBERARE sull'oggetto sopraindicato.;;;;;;False
atto_5;docling;markdown;atto_5.md;34;;heading;heading;LA GIUNTA COMUNALE;;;;;;False
atto_5;docling;markdown;atto_5.md;36;;paragraph;text;ACQUISITI i pareri di cui all' articolo 49 del D.Lgs.vo 267/2000:;;;;;ACQUISITI_PARERI;False
atto_5;docling;markdown;atto_5.md;38;;table;table;| 1 | Si esprime parere favorevole sotto il profilo tecnico-amministrativo. |;;;;;;True
atto_5;docling;markdown;atto_5.md;39;;table;table;|-----|-------------------------------------------------------------------------|;;;;;;True
atto_5;docling;markdown;atto_5.md;40;;table;table;| | IL RESPONSABILE DEL SERVIZIO (F.to Dott.ssa Maria Debora Cosseddu |;;;;;;True
atto_5;docling;markdown;atto_5.md;42;;list_item;list_item;2 Si esprime parere favorevole sulla regolarità contabile attestante la copertura finanziaria.;;;;;;False
atto_5;docling;markdown;atto_5.md;44;;paragraph;text;IL RESPONSABILE DEL SERVIZIO;;;;;;False
atto_5;docling;markdown;atto_5.md;46;;paragraph;text;(F.to Dott.ssa Maria Debora Cosseddu );;;;;;False
atto_5;docling;markdown;atto_5.md;48;;paragraph;text;PREMESSO che:;;;;;PREMESSO;False
atto_5;docling;markdown;atto_5.md;50;;list_item;list_item;"n. 05, in DATA 14/03/2025, esecutiva ai sensi di legge, è stato approvato il Documento unico di programmazione per il periodo 2025/2027;";;;;;;False
atto_5;docling;markdown;atto_5.md;51;;list_item;list_item;"n. 06, in DATA 14/03/2025, esecutiva ai sensi di legge, è stato approvato il bilancio di previsione finanziario per il periodo 2025/2027;";;;;;;False
atto_5;docling;markdown;atto_5.md;53;;paragraph;text;"PREMESSO altresì che l'articolo 227, comma 2, del d.Lgs. 18/08/2000, n. 267 e l'articolo 18, comma 1, lett. b), del d.Lgs. 23/06/2011, n. 118, prevedono che gli enti locali deliberano, entro il 30 aprile dell'anno successivo, il rendiconto della gestione composto dal CONTO del bilancio, dal CONTO economico e dallo stato patrimoniale;";;;;;PREMESSO;False
atto_5;docling;markdown;atto_5.md;55;;paragraph;text;"RICHIAMATI gli artt. 151, comma 6 e 231, comma 1, del D.Lgs. 18/08/2000, n. 267 i quali prevedono che al rendiconto dell'esercizio venga allegata una relazione sulla gestione redatta secondo quanto previsto dall'art. 11, comma 6, del d.Lgs. n. 118/2011;";;;;;RICHIAMATO;False
atto_5;docling;markdown;atto_5.md;57;;paragraph;text;RICHIAMATO altresì l'articolo 11, comma 6, del d.Lgs. n. 118/2011, il quale così dispone:;;;;;RICHIAMATO;False
atto_5;docling;markdown;atto_5.md;59;;paragraph;text;6. La relazione sulla gestione allegata al rendiconto è un documento illustrativo della gestione dell'ente, nonché dei fatti di rilievo verificatisi dopo la chiusura dell'esercizio e di ogni eventuale informazione utile ad una migliore comprensione dei DATI contabili. In particolare la relazione illustra:;;;;;;False
atto_5;docling;markdown;atto_5.md;60;;list_item;list_item;"a) i criteri di valutazione utilizzati;";;;;;;False
atto_5;docling;markdown;atto_5.md;61;;list_item;list_item;"b) le principali voci del CONTO del bilancio;";;;;;;False
atto_5;docling;markdown;atto_5.md;62;;list_item;list_item;"c) le principali variazioni alle previsioni finanziarie intervenute in corso d'anno, comprendendo l'utilizzazione dei fondi di riserva e gli utilizzi delle quote vincolate e accantonate del risultato di amministrazione al 1° gennaio dell'esercizio precedente, distinguendo i vincoli derivanti dalla legge e dai principi contabili, dai trasferimenti, da mutui e altri finanziamenti, vincoli formalmente attribuiti dall'ente;";;;;;;False
atto_5;docling;markdown;atto_5.md;63;;list_item;list_item;"d) l'elenco analitico delle quote vincolate e accantonate del risultato di amministrazione al 31 dicembre dell'esercizio precedente, distinguendo i vincoli derivanti dalla legge e dai principi contabili, dai trasferimenti, da mutui e altri finanziamenti, vincoli formalmente attribuiti dall'ente;";;;;;;False
atto_5;docling;markdown;atto_5.md;64;;list_item;list_item;"e) le ragioni della persistenza dei residui con anzianità superiore ai cinque anni e di maggiore consistenza, nonché sulla fondatezza degli stessi, compresi i crediti di cui al comma 4, lettera n);";;;;;;False
atto_5;docling;markdown;atto_5.md;65;;list_item;list_item;"f) l'elenco delle movimentazioni effettuate nel corso dell'esercizio sui capitoli di entrata e di spesa riguardanti l'anticipazione, evidenziando l'utilizzo medio e l'utilizzo massimo dell'anticipazione nel corso dell'anno, nel caso in cui il CONTO del bilancio, in deroga al principio generale dell'integrità, espone il saldo al 31 dicembre dell'anticipazione attivata al netto dei relativi rimborsi;";;;;;;False
atto_5;docling;markdown;atto_5.md;66;;list_item;list_item;"g) l'elencazione dei diritti reali di godimento e la loro illustrazione;";;;;;;False
atto_5;docling;markdown;atto_5.md;67;;list_item;list_item;"h) l'elenco dei propri enti e organismi strumentali, con la precisazione che i relativi rendiconti o bilanci di esercizio sono consultabili nel proprio sito internet;";;;;;;False
atto_5;docling;markdown;atto_5.md;68;;list_item;list_item;"i) l'elenco delle partecipazioni dirette possedute con l'indicazione della relativa quota percentuale;";;;;;;False
atto_5;docling;markdown;atto_5.md;69;;list_item;list_item;"j) gli esiti della verifica dei crediti e debiti reciproci con i propri enti strumentali e le società controllate e partecipate. La predetta informativa, asseverata dai rispettivi organi di revisione, evidenzia analiticamente eventuali discordanze e ne fornisce la motivazione; in tal caso l'ente assume senza indugio, e comunque non oltre il termine dell'esercizio finanziario in corso, i provvedimenti necessari ai fini della riconciliazione delle partite debitorie e creditorie;";;;;;;False
atto_5;docling;markdown;atto_5.md;70;;list_item;list_item;"k) gli oneri e gli impegni sostenuti, derivanti da contratti relativi a strumenti finanziari derivati o da contratti di finanziamento che includono una componente derivata;";;;;;;False
atto_5;docling;markdown;atto_5.md;71;;list_item;list_item;"l) l'elenco delle garanzie principali o sussidiarie prestate dall'ente a favore di enti e di altri soggetti ai sensi delle leggi vigenti, con l'indicazione delle eventuali richieste di escussione nei confronti dell'ente e del rischio di applicazione dell'art. 3, comma 17, della legge 24 dicembre 2003, n. 350;";;;;;;False
atto_5;docling;markdown;atto_5.md;72;;list_item;list_item;"m) l'elenco descrittivo dei beni appartenenti al patrimonio immobiliare dell'ente alla DATA di chiusura dell'esercizio cui il CONTO si riferisce, con l'indicazione delle rispettive destinazioni e degli eventuali proventi da essi prodotti;";;;;;;False
atto_5;docling;markdown;atto_5.md;73;;list_item;list_item;n) gli elementi richiesti dall'art. 2427 e dagli altri articoli del codice civile, nonché da altre norme di legge e;;;;;;False
atto_5;docling;markdown;atto_5.md;75;;heading;heading;LA GIUNTA COMUNALE;;;;;;False
atto_5;docling;markdown;atto_5.md;77;;heading;heading;PRESO ATTO che:;;;;;PRESO_ATTO;False
atto_5;docling;markdown;atto_5.md;79;;list_item;list_item;"la gestione finanziaria si è svolta in conformità ai principi ed alle regole previste in materia di finanza locale e di contabilità pubblica;";;;;;;False
atto_5;docling;markdown;atto_5.md;80;;list_item;list_item;"il Tesoriere comunale ha reso il CONTO della gestione, ai sensi dell'art. 226 del d.Lgs. n. 267/2000, debitamente sottoscritto e corredato di tutta la documentazione contabile prevista (reversali di incasso, mandati di pagamento e relativi allegati di svolgimento, ecc.);";;;;;;False
atto_5;docling;markdown;atto_5.md;81;;list_item;list_item;"gli agenti contabili interni a materia e a danaro hanno reso il CONTO della propria gestione, come previsto dall'art. 233 del D.Lgs. n. 267/2000;";;;;;;False
atto_5;docling;markdown;atto_5.md;82;;list_item;list_item;"il responsabile del servizio finanziario ha eseguito con determinazione n. 09 del 14/04/2026 la parificazione del CONTO del tesoriere e degli agenti contabili, verificando la corrispondenza delle riscossioni e dei pagamenti effettuati durante l'esercizio finanziario 2025 con le risultanze del CONTO del bilancio;";;;;;;False
atto_5;docling;markdown;atto_5.md;83;;list_item;list_item;"con propria deliberazione n. 40 in DATA 15/05/2026, è stato approvato il riaccertamento ordinario dei residui ai sensi dell'art. 3, comma 4, del d.Lgs. n. 118/2011;";;;;;;False
atto_5;docling;markdown;atto_5.md;85;;heading;heading;VISTI:;;;;;VISTO;False
atto_5;docling;markdown;atto_5.md;87;;list_item;list_item;"lo schema del rendiconto della gestione dell'esercizio 2025 redatto secondo lo schema di cui all'allegato 10 al d.Lgs. n. 118/2011;";;;;;;False
atto_5;docling;markdown;atto_5.md;89;;paragraph;text;"che si allegano al presente provvedimento quale parte integrante e sostanziale;";;;;;;False
atto_5;docling;markdown;atto_5.md;91;;paragraph;text;VISTA la relazione sulla gestione dell'esercizio 2025, redatta ai sensi dell'art. 11, comma 6, del;;;;;VISTO;False
atto_5;docling;markdown;atto_5.md;93;;paragraph;text;"d.Lgs. n. 118/2011, allegata al presente provvedimento quale parte integrante e sostanziale; RICHIAMATO l'art. 232, comma 2, del TUEL, approvato con decreto legislativo del 18 agosto 2000, n. 267, come novellato dall'art. 57, comma 2-ter, del decreto-legge n. 124 del 2019, il quale prevede che 'Gli enti locali con popolazione inferiore a 5.000 abitanti possono non tenere la contabilità economico-patrimoniale.";;;;;;False
atto_5;docling;markdown;atto_5.md;95;;paragraph;text;Gli enti locali che optano per la facoltà di cui al primo periodo allegano al rendiconto una situazione patrimoniale al 31 dicembre dell'anno precedente redatta secondo lo schema di cui all'allegato n. 10 al decreto legislativo 23giugno 2011, n. 118, e con modalità semplificate INDIVIDUATE con decreto del Ministero dell'economia e delle finanze, di concerto con il Ministero dell'interno e con la Presidenza del Consiglio dei ministri - Dipartimento per gli affari regionali'.;;;;;;False
atto_5;docling;markdown;atto_5.md;97;;paragraph;text;VISTO l'art. 233 bis del medesimo decreto, che testualmente enuncia 'Gli enti locali con popolazione inferiore a 5.000 abitanti possono non predisporre il bilancio consolidato'.;;;;;VISTO;False
atto_5;docling;markdown;atto_5.md;99;;paragraph;text;VISTO il Decreto del MEF del 10 novembre 2020 che stabilisce che gli enti locali con popolazione inferiore a 5.000 abitanti, che non tengono la contabilità economico-patrimoniale, alleghino al rendiconto della gestione una situazione patrimoniale al 31 dicembre dell'esercizio di riferimento (aggiornando comunque l'inventario dei beni mobili ed immobili), redatta secondo lo schema di cui all'allegato n. 10 al D.Lgs. n. 118/2011, con modalità semplificate definite dall'allegato 'A' al citato decreto del MEF.;;;;;VISTO;False
atto_5;docling;markdown;atto_5.md;101;;paragraph;text;"L'Ente, si avvalso della facoltà di non tenere la contabilità economica patrimoniale nel 2020 con la DELIBERA di Giunta Comunale n.82 del 28/12/2020 e che per il 2025, si intende prorogata la facoltà di non tenere la contabilità economica patrimoniale, e pertanto si allega al rendiconto la situazione patrimoniale al 31 dicembre 2025 come previsto dal Decreto MEF del 10 novembre 2020;";;;;;;False
atto_5;docling;markdown;atto_5.md;103;;paragraph;text;"RITENUTO di provvedere in merito;";;;;;RITENUTO;False
atto_5;docling;markdown;atto_5.md;105;;paragraph;text;"VISTO il D.Lgs. 18/08/2000, n. 267;";;;;;VISTO;False
atto_5;docling;markdown;atto_5.md;107;;paragraph;text;"VISTO il d.Lgs. n. 118/2011;";;;;;VISTO;False
atto_5;docling;markdown;atto_5.md;109;;paragraph;text;"VISTO lo Statuto Comunale;";;;;;VISTO;False
atto_5;docling;markdown;atto_5.md;111;;paragraph;text;VISTO il vigente Regolamento comunale di contabilità;;;;;VISTO;False
atto_5;docling;markdown;atto_5.md;113;;paragraph;text;A voti unanimi e palesi;;;;;;False
atto_5;docling;markdown;atto_5.md;115;;heading;heading;DELIBERA;;;;DELIBERA;DELIBERA;False
atto_5;docling;markdown;atto_5.md;117;;list_item;list_item;"1) di approvare lo schema del rendiconto della gestione relativo all'esercizio finanziario 2025 redatto secondo lo schema di cui all'allegato 10 al d.Lgs. n. 118/2011, i quali sono allegati al presente provvedimento quali parti integranti e sostanziali;";;;;;;False
atto_5;docling;markdown;atto_5.md;118;;list_item;list_item;"2) di dare ATTO che allo schema del rendiconto si allega la situazione patrimoniale al 31/12/2025 nella forma prevista dal Decreto del MEF del 10 novembre 2020;";;;;;;False
atto_5;docling;markdown;atto_5.md;119;;list_item;list_item;3) di dare ATTO che il CONTO del bilancio dell'esercizio 2025 si chiude con un avanzo di amministrazione di € 5.824.720,64 così come risulta dal seguente prospetto riassuntivo della gestione finanziaria:;;;;;;False
atto_5;docling;markdown;atto_5.md;121;;paragraph;text;Il risultato di amministrazione, come definito dall'allegato a) al D.lgs. 181/2011 è il seguente:;;;;;;False
atto_5;docling;markdown;atto_5.md;123;;table;table;| Allegato a) Risultato di amministrazione PROSPETTO DIMOSTRATIVO DEL RISULTATO DI AMMINISTRAZIONE (Anno 2025) | Allegato a) Risultato di amministrazione PROSPETTO DIMOSTRATIVO DEL RISULTATO DI AMMINISTRAZIONE (Anno 2025) | Allegato a) Risultato di amministrazione PROSPETTO DIMOSTRATIVO DEL RISULTATO DI AMMINISTRAZIONE (Anno 2025) | Allegato a) Risultato di amministrazione PROSPETTO DIMOSTRATIVO DEL RISULTATO DI AMMINISTRAZIONE (Anno 2025) | Allegato a) Risultato di amministrazione PROSPETTO DIMOSTRATIVO DEL RISULTATO DI AMMINISTRAZIONE (Anno 2025) |;;;;;;True
atto_5;docling;markdown;atto_5.md;124;;table;table;|---------------------------------------------------------------------------------------------------------------------------------------------|----------------------------------------------------------------------------------------------------------------|----------------------------------------------------------------------------------------------------------------|----------------------------------------------------------------------------------------------------------------|----------------------------------------------------------------------------------------------------------------|;;;;;;True
atto_5;docling;markdown;atto_5.md;125;;table;table;| | | GESTIONE | GESTIONE | GESTIONE |;;;;;;True
atto_5;docling;markdown;atto_5.md;126;;table;table;| | | RESIDUI | COMPETENZA | TOTALE |;;;;;;True
atto_5;docling;markdown;atto_5.md;127;;table;table;| Fondo cassa al 1° gennaio 2025 | | | | 7.974.598,87 |;;;;;;True
atto_5;docling;markdown;atto_5.md;128;;table;table;| RISCOSSIONI | (+) | 1.775.223,08 | 10.036.290,23 | 11.811.513,3 1 |;;;;;;True
atto_5;docling;markdown;atto_5.md;129;;table;table;| PAGAMENTI | (-) | 3.313.928,79 | 10.781.388,75 | 14.095.317,5 4 |;;;;;;True
atto_5;docling;markdown;atto_5.md;130;;table;table;| SALDO DI CASSA AL 31 DICEMBRE 2025 | (=) | | | 5.690.794,64 |;;;;;;True
atto_5;docling;markdown;atto_5.md;131;;table;table;| PAGAMENTI per azioni esecutive non regolarizzate al 31 dicembre 2025 | (-) | | | 0,00 |;;;;;;True
atto_5;docling;markdown;atto_5.md;132;;table;table;| FONDO DI CASSA AL 31 DICEMBRE 2025 | (=) | | | 5.690.794,64 |;;;;;;True
atto_5;docling;markdown;atto_5.md;133;;table;table;| RESIDUI ATTIVI | (+) | 1.769.898,95 | 1.837.769,92 | 3.607.668,87 |;;;;;;True
atto_5;docling;markdown;atto_5.md;134;;table;table;| di cui residui attivi incassati alla DATA del 31/12 in conti postali e bancari in ATTESA del riversamento nel CONTO di tesoreria principale | | | | 0,00 |;;;;;;True
atto_5;docling;markdown;atto_5.md;135;;table;table;| di cui derivanti da accertamenti di tributi effettuati sulla base della stima del dipartimento delle finanze | | | | 0,00 |;;;;;;True
atto_5;docling;markdown;atto_5.md;136;;table;table;| RESIDUI PASSIVI | (-) | 985.385,01 | 1.837.746,55 | 2.823.131,56 |;;;;;;True
atto_5;docling;markdown;atto_5.md;137;;table;table;| FONDO PLURIENNALE VINCOLATO PER SPESE CORRENTI | (-) | | | 165.900,61 |;;;;;;True
atto_5;docling;markdown;atto_5.md;138;;table;table;| FONDO PLURIENNALE VINCOLATO PER SPESE IN CONTO CAPITALE | (-) | | | 484.710,70 |;;;;;;True
atto_5;docling;markdown;atto_5.md;139;;table;table;| FONDO PLURIENNALE VINCOLATO PER INCREMENTO DI ATTIVITA' FINANZIARIE | (-) | | | 0,00 |;;;;;;True
atto_5;docling;markdown;atto_5.md;140;;table;table;| RISULTATO DI AMMINISTRAZIONE AL 31 DICEMBRE 2025 (A) | (=) | | | 5.824.720,64 |;;;;;;True
atto_5;docling;markdown;atto_5.md;142;;paragraph;text;Va RILEVATO che il risultato di amministrazione al 31.12.2025 va distinto nelle sue componenti come definite dal D.lgs. 118/2011 nelle seguenti risultanze:;;;;;;False
atto_5;docling;markdown;atto_5.md;144;;table;table;| Composizione del risultato di amministrazione al 31 dicembre 2025: | Composizione del risultato di amministrazione al 31 dicembre 2025: |;;;;;;True
atto_5;docling;markdown;atto_5.md;145;;table;table;|----------------------------------------------------------------------|----------------------------------------------------------------------|;;;;;;True
atto_5;docling;markdown;atto_5.md;146;;table;table;| Parte accantonata | |;;;;;;True
atto_5;docling;markdown;atto_5.md;147;;table;table;| Fondo crediti di dubbia esigibilità al 31/12/2025 | 992.051,71 |;;;;;;True
atto_5;docling;markdown;atto_5.md;148;;table;table;| Fondo anticipazioni liquidità | 0,00 |;;;;;;True
atto_5;docling;markdown;atto_5.md;149;;table;table;| Fondo perdite società partecipate | 0,00 |;;;;;;True
atto_5;docling;markdown;atto_5.md;150;;table;table;| Fondo contenzioso | 0,00 |;;;;;;True
atto_5;docling;markdown;atto_5.md;151;;table;table;| Fondo di garanzia debiti commerciali | 0,00 |;;;;;;True
atto_5;docling;markdown;atto_5.md;153;;table;table;| Fondo obiettivi di finanza pubblica | 10.561,00 |;;;;;;True
atto_5;docling;markdown;atto_5.md;154;;table;table;|-----------------------------------------------------|--------------|;;;;;;True
atto_5;docling;markdown;atto_5.md;155;;table;table;| Altri accantonamenti | 74.221,20 |;;;;;;True
atto_5;docling;markdown;atto_5.md;156;;table;table;| Totale parte accantonata (B) | 1.076.833,91 |;;;;;;True
atto_5;docling;markdown;atto_5.md;157;;table;table;| Parte vincolata | |;;;;;;True
atto_5;docling;markdown;atto_5.md;158;;table;table;| Vincoli derivanti da leggi e dai principi contabili | 8.491,63 |;;;;;;True
atto_5;docling;markdown;atto_5.md;159;;table;table;| Vincoli derivanti da trasferimenti | 3.531.914,69 |;;;;;;True
atto_5;docling;markdown;atto_5.md;160;;table;table;| Vincoli derivanti dalla contrazione di mutui | 0,00 |;;;;;;True
atto_5;docling;markdown;atto_5.md;161;;table;table;| Vincoli formalmente attribuiti dall'ente | 21.267,11 |;;;;;;True
atto_5;docling;markdown;atto_5.md;162;;table;table;| Altri vincoli | 0,00 |;;;;;;True
atto_5;docling;markdown;atto_5.md;163;;table;table;| Totale parte vincolata(C) | 3.561.673,43 |;;;;;;True
atto_5;docling;markdown;atto_5.md;164;;table;table;| Parte destinata agli investimenti | |;;;;;;True
atto_5;docling;markdown;atto_5.md;165;;table;table;| Totale parte destinata agli investimenti (D) | 0,00 |;;;;;;True
atto_5;docling;markdown;atto_5.md;166;;table;table;| Totale parte disponibile(E=A-B-C-D) | 1.186.213,30 |;;;;;;True
atto_5;docling;markdown;atto_5.md;168;;list_item;list_item;"4) di approvare la Relazione sulla gestione dell'esercizio 2025, redatta ai sensi dell'art. 11, comma 6, del d.Lgs. n. 118/2011 che si allega al presente provvedimento quale parte integrante e sostanziale;";;;;;;False
atto_5;docling;markdown;atto_5.md;169;;list_item;list_item;"5) di trasmettere lo schema di rendiconto e la relazione sulla gestione all'organo di revisione, ai fini della resa del prescritto parere;";;;;;;False
atto_5;docling;markdown;atto_5.md;170;;list_item;list_item;6) di trasmettere altresì al Consiglio Comunale, una volta ACQUISITO il parere dell'organo di revisione, lo schema di rendiconto della gestione dell'esercizio 2025, corredato di tutti i documenti previsti dalla normativa, ai fini della sua approvazione.;;;;;;False
atto_5;docling;markdown;atto_5.md;172;;paragraph;text;Infine la Giunta comunale, stante l'urgenza di provvedere, con separata ed unanime votazione;;;;;;False
atto_5;docling;markdown;atto_5.md;174;;heading;heading;DELIBERA;;;;DELIBERA;DELIBERA;False
atto_5;docling;markdown;atto_5.md;176;;paragraph;text;di dichiarare il presente provvedimento immediatamente eseguibile, ai sensi dell'art. 134, comma 4, del d.Lgs. n. 267/2000.;;;;;;False
atto_5;docling;markdown;atto_5.md;178;;paragraph;text; Il Presidente;;;;;;False
atto_5;docling;markdown;atto_5.md;180;;paragraph;text;f.to Sig. Giuseppe Ciccolini;;;;;;False
atto_5;docling;markdown;atto_5.md;182;;paragraph;text; Il Segretario Comunale;;;;;;False
atto_5;docling;markdown;atto_5.md;184;;paragraph;text;f.to Dott. Vincenzo Zanzarella;;;;;;False
atto_5;docling;markdown;atto_5.md;186;;paragraph;text;;;;;;;True
atto_5;docling;markdown;atto_5.md;188;;heading;heading;PUBBLICAZIONE;;;;;;False
atto_5;docling;markdown;atto_5.md;190;;paragraph;text;In DATA odierna, la presente deliberazione viene pubblicata all'Albo Pretorio informatico comunale per 15 giorni consecutivi (art. 124, comma 1, del D.Lgs. n. 267/2000);;;;;;False
atto_5;docling;markdown;atto_5.md;192;;paragraph;text;DATA 05/06/2026;;;;;;False
atto_5;docling;markdown;atto_5.md;194;;paragraph;text; Il Responsabile;;;;;;False
atto_5;docling;markdown;atto_5.md;196;;paragraph;text;f.to Dott. Vincenzo Zanzarella;;;;;;False
atto_5;docling;markdown;atto_5.md;198;;heading;heading;ATTESTAZIONE;;;;;;False
atto_5;docling;markdown;atto_5.md;200;;paragraph;text;"Il sottoscritto, VISTI gli atti d'ufficio, ATTESTA che la presente deliberazione: è stata pubblicata all'albo pretorio informatico comunale per 15 giorni consecutivi (art. 124, D.Lgs. n. 267/2000);";;;;;;False
atto_5;docling;markdown;atto_5.md;202;;paragraph;text;"è stata dichiarata immediatamente eseguibile ai sensi dell'art. 134 del D.Lgs. n. 267/2000;";;;;;;False
atto_5;docling;markdown;atto_5.md;204;;paragraph;text;DATA 05/06/2026;;;;;;False
atto_5;docling;markdown;atto_5.md;206;;paragraph;text; Il Responsabile;;;;;;False
atto_5;docling;markdown;atto_5.md;208;;paragraph;text;f.to Dott. Vincenzo Zanzarella;;;;;;False
atto_5;docling;markdown;atto_5.md;210;;paragraph;text;È copia conforme all'originale.;;;;;;False
atto_5;docling;markdown;atto_5.md;212;;paragraph;text;DATA 05/06/2026;;;;;;False
atto_5;docling;markdown;atto_5.md;214;;paragraph;text; Il Responsabile;;;;;;False
atto_5;docling;markdown;atto_5.md;216;;paragraph;text;f.to Dott. Vincenzo Zanzarella;;;;;;False
atto_50;docling;markdown;atto_50.md;1;;paragraph;text;;;;;;;True
atto_50;docling;markdown;atto_50.md;3;;heading;heading;COMUNE DI SELVINO;;;;;;False
atto_50;docling;markdown;atto_50.md;5;;paragraph;text;(Provincia di Bergamo);;;;;;False
atto_50;docling;markdown;atto_50.md;7;;paragraph;text;COPIA;;;;;;False
atto_50;docling;markdown;atto_50.md;9;;heading;heading;Verbale di deliberazione della Giunta Comunale DELIBERAZIONE N. 54 DEL 23-06-2026;;;;;;False
atto_50;docling;markdown;atto_50.md;11;;heading;heading;"OGGETTO:APPROVAZIONE PROGETTO ESECUTIVO: ""RIQUALIFICAZIONE E RIPRISTINO DELLE CONDIZIONI DI SICUREZZA DELLE STRADE COMUNALI ANNO 2026"" - CUP J37H26000500004";;;;;;False
atto_50;docling;markdown;atto_50.md;13;;paragraph;text;L'anno duemilaventisei il giorno ventitre del mese di giugno alle ore 13:10 , nella sede comunale, in seguito a convocazione, si è riunita la Giunta Comunale.;;;;;;False
atto_50;docling;markdown;atto_50.md;15;;paragraph;text;Intervengono i signori:;;;;;;False
atto_50;docling;markdown;atto_50.md;17;;table;table;| Andrea Santopietro | Sindaco | Presente |;;;;;;True
atto_50;docling;markdown;atto_50.md;18;;table;table;|----------------------|-----------|-----------------------------|;;;;;;True
atto_50;docling;markdown;atto_50.md;19;;table;table;| Claudio Ruggeri | Assessore | Presente |;;;;;;True
atto_50;docling;markdown;atto_50.md;20;;table;table;| Angelo Bertocchi | Assessore | Presente in videoconferenza |;;;;;;True
atto_50;docling;markdown;atto_50.md;22;;heading;heading;Totale Presenti 3 Assenti 0;;;;;;False
atto_50;docling;markdown;atto_50.md;24;;paragraph;text;Provvede alla redazione del presente verbale il Segretario Comunale Vincenzo De Filippis;;;;;;False
atto_50;docling;markdown;atto_50.md;26;;paragraph;text;Constatato il numero legale degli intervenuti, assume la presidenza il Sig. Dott. Andrea Santopietro nella sua qualità di Sindaco per la trattazione dell'oggetto sopraindicato.;;;;;;False
atto_50;docling;markdown;atto_50.md;28;;heading;heading;LA GIUNTA COMUNALE;;;;;;False
atto_50;docling;markdown;atto_50.md;30;;paragraph;text;"PREMESSO che l'amministrazione Comunale di Selvino, nell'ambito di un programma generale di manutenzione del territorio comunale ha avviato il progetto di riqualificazione di alcuni tratti delle strade comunali nelle quali risulta compromessa la viabilità in sicurezza a causa di buche, crepe, piani sfalsati e danneggiamenti vari;";;;;;PREMESSO;False
atto_50;docling;markdown;atto_50.md;32;;paragraph;text;"CONSIDERATO che, al fine di garantire la sicurezza stradale lungo alcuni punti critici della viabilità comunale, si rende necessario attuare sistemi limitatori di velocità quali dossi artificiali al fine di moderare la velocità delle auto;";;;;;CONSIDERATO;False
atto_50;docling;markdown;atto_50.md;34;;paragraph;text;"PRESO ATTO che l'ufficio tecnico comunale ha PREDISPOSTO il progetto esecutivo denominato 'Riqualificazione e ripristino delle condizioni di sicurezza delle strade comunali - Anno 2026 CUP J37H26000500004"", redigendo la seguente documentazione ai sensi dell'art. 22 comma 4 dell'allegato I.7 del D.Lgs. 36/2023:";;;;;PRESO_ATTO;False
atto_50;docling;markdown;atto_50.md;36;;list_item;list_item;Relazione tecnica;;;;;;False
atto_50;docling;markdown;atto_50.md;37;;list_item;list_item;Quadro economico;;;;;;False
atto_50;docling;markdown;atto_50.md;38;;list_item;list_item;Computo metrico;;;;;;False
atto_50;docling;markdown;atto_50.md;39;;list_item;list_item;Tavola;;;;;;False
atto_50;docling;markdown;atto_50.md;40;;list_item;list_item;Relazione PSC;;;;;;False
atto_50;docling;markdown;atto_50.md;41;;list_item;list_item;Elenco prezzi;;;;;;False
atto_50;docling;markdown;atto_50.md;43;;paragraph;text;VISTO che la spesa complessiva dei lavori ammonta ad € 70.000,00 di cui € 61.000,00 per lavori ed € 9.000,00 per somme a disposizione dell'amministrazione, come si evince dal quadro economico di seguito riportato:;;;;;VISTO;False
atto_50;docling;markdown;atto_50.md;45;;heading;heading;A) IMPORTO LAVORI A BASE D'ASTA (escluso importo per attuazione piani sicurezza):;;;;;;False
atto_50;docling;markdown;atto_50.md;47;;table;table;| 1 | asfaltature | a corpo | 52.700,00 | |;;;;;;True
atto_50;docling;markdown;atto_50.md;48;;table;table;|-----|--------------------------------------------------|-----------|---------------|-----------|;;;;;;True
atto_50;docling;markdown;atto_50.md;49;;table;table;| 2 | dosso via Osio | a corpo | 1.400,00 | |;;;;;;True
atto_50;docling;markdown;atto_50.md;50;;table;table;| 3 | dossi Corso Milano, Corso M. Rosa, Via M. Bianco | a corpo | 5.600,00 | |;;;;;;True
atto_50;docling;markdown;atto_50.md;51;;table;table;| 4 | | | sommano euro: | 59.700,00 |;;;;;;True
atto_50;docling;markdown;atto_50.md;53;;heading;heading;B) IMPORTO PER L'ATTUAZIONE DEI PIANI DI SICUREZZA (non soggetto a ribasso d'asta):;;;;;;False
atto_50;docling;markdown;atto_50.md;55;;table;table;| 1 | a corpo | 1.300,00 | |;;;;;;True
atto_50;docling;markdown;atto_50.md;56;;table;table;|-----|-----------|---------------|----------|;;;;;;True
atto_50;docling;markdown;atto_50.md;57;;table;table;| 2 | | sommano euro: | 1.300,00 |;;;;;;True
atto_50;docling;markdown;atto_50.md;59;;heading;heading;A+B IMPORTO ESECUZIONE DEI LAVORI ( compreso importo per attuazione piani sicurezza):;;;;;;False
atto_50;docling;markdown;atto_50.md;61;;table;table;| a corpo : a+b | sommano euro: | 61.000,00 |;;;;;;True
atto_50;docling;markdown;atto_50.md;62;;table;table;|-----------------|-----------------|-------------|;;;;;;True
atto_50;docling;markdown;atto_50.md;64;;heading;heading;C) SOMME A DISPOSIZIONE DELLA STAZIONE APPALTANTE PER:;;;;;;False
atto_50;docling;markdown;atto_50.md;66;;table;table;| 1 | Arrotondamento | |;;;;;;True
atto_50;docling;markdown;atto_50.md;67;;table;table;|-----|-----------------------------------------------------------------------------------------------------------------------------------------------------------------------------------------------------------------------------------------------------------------------|----------|;;;;;;True
atto_50;docling;markdown;atto_50.md;68;;table;table;| 2 | Allacciamenti a pubblici servizi:acquedotto | - |;;;;;;True
atto_50;docling;markdown;atto_50.md;69;;table;table;| 3 | Allacciamenti a pubblici servizi: energia elettrica | |;;;;;;True
atto_50;docling;markdown;atto_50.md;70;;table;table;| 4 | Imprevisti e lavori in economia | 441,15 |;;;;;;True
atto_50;docling;markdown;atto_50.md;71;;table;table;| 5 | Spese geologo per compatibilità idraulica (cassa e iva comprese) | |;;;;;;True
atto_50;docling;markdown;atto_50.md;72;;table;table;| 6 | Fondo incentivante per attività di programmazione della spesa per investimenti, per la verifica preventiva dei progetti di predisposizione e di controllo delle procedure di bando e di esecuzione dei contratti pubblici, di responsabile unico del procedimento, di | 1.220,00 |;;;;;;True
atto_50;docling;markdown;atto_50.md;74;;heading;heading;DELIBERA;;;;DELIBERA;DELIBERA;False
atto_50;docling;markdown;atto_50.md;76;;paragraph;text;"1. che le PREMESSE formano parte integrante e sostanziale del presente ATTO;";;;;;;False
atto_50;docling;markdown;atto_50.md;77;;paragraph;text;2. di approvare il progetto esecutivo denominato: 'RIQUALIFICAZIONE E RIPRISTINO DELLE CONDIZIONI DI SICUREZZA DELLE STRADE COMUNALI - ANNO 2026' -;;;;;;False
atto_50;docling;markdown;atto_50.md;79;;paragraph;text;sommano euro: 9.000,00;;;;;;False
atto_50;docling;markdown;atto_50.md;81;;table;table;| | | direzione dei lavori ovvero direzione dell'esecuzione e di collaudo tecnico amministrativo ovvero di verifica di conformità, di collaudatore statico ove necessario per consentire l'esecuzione del contratto nel rispetto dei documenti a base di gara, del progetto, dei tempi e costi prestabiliti (2% di A) Art. 113 D.Lgs. 50/2016 | |;;;;;;True
atto_50;docling;markdown;atto_50.md;82;;table;table;|---------------|------------------|-------------------------------------------------------------------------------------------------------------------------------------------------------------------------------------------------------------------------------------------------------------------------------------------------------------------------------------------|---------------|;;;;;;True
atto_50;docling;markdown;atto_50.md;83;;table;table;| 7 | | Spese per pubblicità e contributo ANAC | 35,00 |;;;;;;True
atto_50;docling;markdown;atto_50.md;84;;table;table;| 8 | | Spese per attività tecnico-amministrative connesse alla progettazione, di supporto al responsabile del procedimento, e di verifica e validazione | |;;;;;;True
atto_50;docling;markdown;atto_50.md;85;;table;table;| 9 | | Occupazione suolo - stima | |;;;;;;True
atto_50;docling;markdown;atto_50.md;86;;table;table;| 10 | SPESE TECNICHE | Progetto architettonico e Direzione Lavori | - |;;;;;;True
atto_50;docling;markdown;atto_50.md;87;;table;table;| 11 | SPESE TECNICHE | Calcolo strutturale | |;;;;;;True
atto_50;docling;markdown;atto_50.md;88;;table;table;| 12 | SPESE TECNICHE | Coordinamento per la Sicurezza in fase di progettazione ed esecuzione - e contabilità | 1.000,00 |;;;;;;True
atto_50;docling;markdown;atto_50.md;89;;table;table;| 13 | Oneri ed imposte | Cassa previdenziale (4%) ed iva (22%)sulle spese tecniche | 40,00 |;;;;;;True
atto_50;docling;markdown;atto_50.md;90;;table;table;| 14 | Oneri ed imposte | Cassa previdenziale (4%) ed iva (22%) per assistenza al rup | - |;;;;;;True
atto_50;docling;markdown;atto_50.md;91;;table;table;| 15 | Oneri ed imposte | I.V.A. 10% sui lavori (10% di A+B) | 6.100,00 |;;;;;;True
atto_50;docling;markdown;atto_50.md;92;;table;table;| 16 | Oneri ed imposte | IVA al 22% su imprevisti e lavori in economia (22% di C4) | 97,05 |;;;;;;True
atto_50;docling;markdown;atto_50.md;93;;table;table;| 17 | Oneri ed imposte | IVA al 22% su accantonamento per maggiorazione prezzi (22% di C5) | - |;;;;;;True
atto_50;docling;markdown;atto_50.md;94;;table;table;| 18 | Oneri ed imposte | Irap su fondo incentivante | 66,80 |;;;;;;True
atto_50;docling;markdown;atto_50.md;95;;table;table;| sommano euro: | sommano euro: | sommano euro: | sommano euro: |;;;;;;True
atto_50;docling;markdown;atto_50.md;97;;paragraph;text;TOTALE GENERALE PROGETTO:;;;;;;False
atto_50;docling;markdown;atto_50.md;99;;paragraph;text;70.000,00;;;;;;False
atto_50;docling;markdown;atto_50.md;101;;paragraph;text;"CONSIDERATO che la soluzione progettuale proposta determina in ogni dettaglio i lavori da realizzare ed il relativo costo previsto e che è sviluppata ad un livello di definizione tale che ogni elemento è identificabile in forma, tipologia, qualità, dimensione e prezzo;";;;;;CONSIDERATO;False
atto_50;docling;markdown;atto_50.md;103;;paragraph;text;"PRESO ATTO che, ai sensi dell'art.37 comma 2 e dell'allegato I.5 art.9 del D.Lgs 36/2023, l'opera non deve essere inserita nel Programma Triennale delle Opere Pubbliche in quanto il quadro economico totale risulta inferiore ad € 150.000,00;";;;;;PRESO_ATTO;False
atto_50;docling;markdown;atto_50.md;105;;heading;heading;VISTO:;;;;;VISTO;False
atto_50;docling;markdown;atto_50.md;107;;list_item;list_item;-il D.Lgs. 31 marzo 2023 n. 36 recante: 'Codice dei Contratti Pubblici';;;;;;False
atto_50;docling;markdown;atto_50.md;108;;list_item;list_item;"-il D.Lgs. 18 agosto 2000, n. 267, recante: 'Testo unico delle leggi sull'ordinamento degli enti locali';";;;;;;False
atto_50;docling;markdown;atto_50.md;109;;list_item;list_item;"-il vigente Statuto Comunale;";;;;;;False
atto_50;docling;markdown;atto_50.md;111;;paragraph;text;"ACQUISITI i pareri espressi ai sensi dell'art. 49 del Decreto legislativo 18/08/2000 n. 267;";;;;;ACQUISITI_PARERI;False
atto_50;docling;markdown;atto_50.md;113;;paragraph;text;"CON VOTI favorevoli unanimi;";;0.0;;;;False
atto_50;docling;markdown;atto_50.md;115;;paragraph;text;"CUP J37H26000500004"" redatto dall'ufficio tecnico comunale per un importo complessivo di € 70.000,00 di cui € 61.000,00 per lavori ed € 9.000,00 per somme a disposizione dell'amministrazione così suddiviso:";;;;;;False
atto_50;docling;markdown;atto_50.md;117;;heading;heading;A) IMPORTO LAVORI A BASE D'ASTA (escluso importo per attuazione piani sicurezza):;;;;;;False
atto_50;docling;markdown;atto_50.md;119;;table;table;| 1 | asfaltature | a corpo | 52.700,00 | |;;;;;;True
atto_50;docling;markdown;atto_50.md;120;;table;table;|-----|-----------------------------------------------------------------------------------|-------------------------------------------------------------------------------------------------------------------------------------------------------------------------------------------------------------------------------------------------------------------------------------------------------------------------------------------------------------------------------------------------------------------------------------------------------------------------------------------------------------------------------------------------------------------------------------------------------|-----------------------------------------------------------------------------------|-----------------------------------------------------------------------------------|;;;;;;True
atto_50;docling;markdown;atto_50.md;121;;table;table;| 2 | dosso via Osio | a corpo | 1.400,00 | |;;;;;;True
atto_50;docling;markdown;atto_50.md;122;;table;table;| 3 | dossi Corso Milano, Corso M. Rosa, Via M. Bianco | a corpo | 5.600,00 | |;;;;;;True
atto_50;docling;markdown;atto_50.md;123;;table;table;| 4 | | | sommano euro: | 59.700,00 |;;;;;;True
atto_50;docling;markdown;atto_50.md;124;;table;table;| B) | IMPORTO PER L'ATTUAZIONE DEI PIANI DI SICUREZZA (non soggetto a ribasso d'asta): | IMPORTO PER L'ATTUAZIONE DEI PIANI DI SICUREZZA (non soggetto a ribasso d'asta): | IMPORTO PER L'ATTUAZIONE DEI PIANI DI SICUREZZA (non soggetto a ribasso d'asta): | IMPORTO PER L'ATTUAZIONE DEI PIANI DI SICUREZZA (non soggetto a ribasso d'asta): |;;;;;;True
atto_50;docling;markdown;atto_50.md;125;;table;table;| 1 | | a corpo | 1.300,00 | |;;;;;;True
atto_50;docling;markdown;atto_50.md;126;;table;table;| 2 | | | sommano euro: | 1.300,00 |;;;;;;True
atto_50;docling;markdown;atto_50.md;127;;table;table;| A+B | IMPORTO ESECUZIONE DEI LAVORI ( compreso importo per attuazione piani sicurezza): | IMPORTO ESECUZIONE DEI LAVORI ( compreso importo per attuazione piani sicurezza): | IMPORTO ESECUZIONE DEI LAVORI ( compreso importo per attuazione piani sicurezza): | IMPORTO ESECUZIONE DEI LAVORI ( compreso importo per attuazione piani sicurezza): |;;;;;;True
atto_50;docling;markdown;atto_50.md;128;;table;table;| 1 | | a corpo : a+b | sommano euro: | 61.000,00 |;;;;;;True
atto_50;docling;markdown;atto_50.md;129;;table;table;| C) | SOMME A DISPOSIZIONE DELLA STAZIONE APPALTANTE PER: | SOMME A DISPOSIZIONE DELLA STAZIONE APPALTANTE PER: | SOMME A DISPOSIZIONE DELLA STAZIONE APPALTANTE PER: | SOMME A DISPOSIZIONE DELLA STAZIONE APPALTANTE PER: |;;;;;;True
atto_50;docling;markdown;atto_50.md;130;;table;table;| 1 | | Arrotondamento | | |;;;;;;True
atto_50;docling;markdown;atto_50.md;131;;table;table;| 2 | | Allacciamenti a pubblici servizi:acquedotto | - | |;;;;;;True
atto_50;docling;markdown;atto_50.md;132;;table;table;| 3 | | Allacciamenti a pubblici servizi: energia elettrica | | |;;;;;;True
atto_50;docling;markdown;atto_50.md;133;;table;table;| 4 | | Imprevisti e lavori in economia | 441,15 | |;;;;;;True
atto_50;docling;markdown;atto_50.md;134;;table;table;| 5 | | Spese geologo per compatibilità idraulica (cassa e iva comprese) | | |;;;;;;True
atto_50;docling;markdown;atto_50.md;135;;table;table;| 6 | | Fondo incentivante per attività di programmazione della spesa per investimenti, per la verifica preventiva dei progetti di predisposizione e di controllo delle procedure di bando e di esecuzione dei contratti pubblici, di responsabile unico del procedimento, di direzione dei lavori ovvero direzione dell'esecuzione e di collaudo tecnico amministrativo ovvero di verifica di conformità, di collaudatore statico ove necessario per consentire l'esecuzione del contratto nel rispetto dei documenti a base di gara, del progetto, dei tempi e costi prestabiliti (2% di A) Art. 113 D.Lgs. | 1.220,00 | |;;;;;;True
atto_50;docling;markdown;atto_50.md;136;;table;table;| 7 | | 50/2016 Spese per pubblicità e contributo ANAC | 35,00 | |;;;;;;True
atto_50;docling;markdown;atto_50.md;137;;table;table;| 8 | | Spese per attività tecnico-amministrative connesse alla progettazione, di supporto al responsabile del procedimento, e di verifica e validazione | | |;;;;;;True
atto_50;docling;markdown;atto_50.md;138;;table;table;| 9 | | Occupazione suolo - stima | | |;;;;;;True
atto_50;docling;markdown;atto_50.md;139;;table;table;| 10 | | Progetto architettonico e Direzione Lavori | - | |;;;;;;True
atto_50;docling;markdown;atto_50.md;140;;table;table;| 11 | SPESE | Calcolo strutturale | | |;;;;;;True
atto_50;docling;markdown;atto_50.md;141;;table;table;| 12 | TECNICHE | Coordinamento per la Sicurezza in fase di progettazione ed esecuzione - e contabilità | 1.000,00 | |;;;;;;True
atto_50;docling;markdown;atto_50.md;142;;table;table;| 13 | | Cassa previdenziale (4%) ed iva (22%)sulle spese tecniche | 40,00 | |;;;;;;True
atto_50;docling;markdown;atto_50.md;143;;table;table;| 14 | Oneri ed imposte | Cassa previdenziale (4%) ed iva | | |;;;;;;True
atto_50;docling;markdown;atto_50.md;144;;table;table;| | Oneri ed imposte | (22%) per assistenza al rup | - | |;;;;;;True
atto_50;docling;markdown;atto_50.md;145;;table;table;| 15 | Oneri ed imposte | I.V.A. 10% sui lavori (10% di A+B) | 6.100,00 | |;;;;;;True
atto_50;docling;markdown;atto_50.md;146;;table;table;| 16 | | IVA al 22% su imprevisti e lavori in | 97,05 | |;;;;;;True
atto_50;docling;markdown;atto_50.md;148;;table;table;| | economia (22% di C4) | | |;;;;;;True
atto_50;docling;markdown;atto_50.md;149;;table;table;|----|-------------------------------------------------------------------|---------------|----------|;;;;;;True
atto_50;docling;markdown;atto_50.md;150;;table;table;| 17 | IVA al 22% su accantonamento per maggiorazione prezzi (22% di C5) | - | |;;;;;;True
atto_50;docling;markdown;atto_50.md;151;;table;table;| 18 | Irap su fondo incentivante | 66,80 | |;;;;;;True
atto_50;docling;markdown;atto_50.md;152;;table;table;| | | sommano euro: | 9.000,00 |;;;;;;True
atto_50;docling;markdown;atto_50.md;154;;paragraph;text;TOTALE GENERALE PROGETTO:;;;;;;False
atto_50;docling;markdown;atto_50.md;156;;paragraph;text;70.000,00;;;;;;False
atto_50;docling;markdown;atto_50.md;158;;paragraph;text;"3. di dare ATTO che il codice CUP assegnato all'opera è: J37H26000500004;";;;;;;False
atto_50;docling;markdown;atto_50.md;159;;paragraph;text;"4. di dare ATTO, inoltre, che l'opera trova copertura finanziaria al capitolo 3111.2 del bilancio pluriennale 2026/2028 annualità 2026;";;;;;;False
atto_50;docling;markdown;atto_50.md;160;;paragraph;text;"5. di demandare al Responsabile dell'Area Tecnica la successiva gestione delle procedure afferenti l'affidamento e l'esecuzione dei lavori, nel rispetto delle normative vigenti in materia;";;;;;;False
atto_50;docling;markdown;atto_50.md;161;;paragraph;text;6. di rendere la presente deliberazione immediatamente eseguibile, ai sensi dell'art. 134, comma 4° del D.Lgs. 18/08/2000 n. 267, con separata votazione e con voti favorevoli unanimi.;;;;;;False
atto_50;docling;markdown;atto_50.md;163;;heading;heading;PARERE DI REGOLARITA' TECNICA;;;;;;False
atto_50;docling;markdown;atto_50.md;165;;paragraph;text;Il sottoscritto De Filippis Vincenzo in qualità di Responsabile di Settore, ESAMINATA la proposta di deliberazione di cui all'oggetto esprime parere Favorevole per quanto di competenza ed in linea tecnica all'adozione dell'ATTO di cui sopra.;;;;;;False
atto_50;docling;markdown;atto_50.md;167;;paragraph;text;Selvino, lì 23-06-2026;;;;;;False
atto_50;docling;markdown;atto_50.md;169;;paragraph;text;Il Responsabile del Settore F.to Vincenzo De Filippis;;;;;;False
atto_50;docling;markdown;atto_50.md;171;;heading;heading;PARERE DI REGOLARITA' CONTABILE;;;;;;False
atto_50;docling;markdown;atto_50.md;173;;paragraph;text;Il sottoscritto De Filippis Vincenzo in qualità di Responsabile del Settore Finanziario, esprime parere Favorevole in ordine alla regolarità contabile relativa alla proposta di cui all'oggetto ai sensi dell'art. 49 del T.U. D.L.gs. 267/2000;;;;;;False
atto_50;docling;markdown;atto_50.md;175;;paragraph;text;Selvino, lì 23-06-2026;;;;;;False
atto_50;docling;markdown;atto_50.md;177;;paragraph;text;Il Responsabile del Settore F.to Vincenzo De Filippis LETTO, confermato e sottoscritto.;;;;;;True
atto_50;docling;markdown;atto_50.md;179;;paragraph;text;IL Segretario Comunale F.to Vincenzo De Filippis IL Sindaco F.to Dott. Andrea Santopietro;;;;;;False
atto_50;docling;markdown;atto_50.md;181;;heading;heading;CERTIFICATO DI PUBBLICAZIONE;;;;;;True
atto_50;docling;markdown;atto_50.md;183;;paragraph;text;Il sottoscritto Resp. della Pubblicazione ATTESTA che:;;;;;;False
atto_50;docling;markdown;atto_50.md;185;;paragraph;text;La presente deliberazione viene pubblicata all'Albo Pretorio per giorni 15 ai sensi dell'art. 124 del T.U. D.Lgs. n.267/2000.;;;;;;False
atto_50;docling;markdown;atto_50.md;187;;paragraph;text;Selvino, lì 26-06-2026;;;;;;False
atto_50;docling;markdown;atto_50.md;189;;paragraph;text;IL Resp. della Pubblicazione F.to Miriam Magoni;;;;;;False
atto_50;docling;markdown;atto_50.md;191;;heading;heading;CERTIFICATO DI ESECUTIVITA';;;;;;False
atto_50;docling;markdown;atto_50.md;193;;paragraph;text;VISTI gli atti d'ufficio si ATTESTA che la presente deliberazione E' DIVENUTA ESECUTIVA il giorno 23-06-2026, ai sensi dell'art. 134, comma 4, D.Lgs. 18 agosto 2000 n. 267, per dichiarazione di immediata eseguibilità.;;;;;VISTO;False
atto_50;docling;markdown;atto_50.md;195;;paragraph;text;Selvino, lì 26-06-2026;;;;;;False
atto_50;docling;markdown;atto_50.md;197;;paragraph;text;IL Segretario Comunale F.to Vincenzo De Filippis;;;;;;False
atto_50;docling;markdown;atto_50.md;199;;paragraph;text;Copia analogica conforme al documento informatico firmato digitalmente ai sensi del D.Lgs. 82/2005 e rispettive norme collegate.;;;;;;False
atto_6;docling;markdown;atto_6.md;1;;heading;heading;COMUNE DI AUSONIA;;;;;;False
atto_6;docling;markdown;atto_6.md;3;;heading;heading;Provincia di Frosinone;;;;;;False
atto_6;docling;markdown;atto_6.md;5;;heading;heading;COPIA DI DELIBERAZIONE DELLA GIUNTA COMUNALE;;;;;;False
atto_6;docling;markdown;atto_6.md;7;;heading;heading;Verbale n. 45 del 22-06-2026;;;;;;False
atto_6;docling;markdown;atto_6.md;9;;paragraph;text;"OGGETTO: Approvazione dell'accordo tra comuni, ai sensi dell'art. 3, comma 1, lett. b) dell'Avviso ""Sport e Periferie 2026"", ed individuazione del Comune Capofila per la presentazione della candidatura.";;;;;;False
atto_6;docling;markdown;atto_6.md;11;;paragraph;text;L'anno duemilaventisei, il giorno ventidue del mese di giugno alle ore 12:00 e seg. in Ausonia e nella residenza municipale, nella sala delle adunanze, previa l'osservanza di tutte le formalità prescritte dalle vigenti leggi, sono stati oggi convocati in seduta i componenti della Giunta Comunale.;;;;;;False
atto_6;docling;markdown;atto_6.md;13;;paragraph;text;Fatto normale appello nominale, risultano:;;;;;;False
atto_6;docling;markdown;atto_6.md;15;;paragraph;text;Presenti / Assenti;;;;;;False
atto_6;docling;markdown;atto_6.md;17;;paragraph;text;CARDILLO Benedetto;;;;;;False
atto_6;docling;markdown;atto_6.md;19;;paragraph;text;Sindaco;;;;;;False
atto_6;docling;markdown;atto_6.md;21;;paragraph;text;Presente;;;;;;False
atto_6;docling;markdown;atto_6.md;23;;paragraph;text;PINCHERA Stefania;;;;;;False
atto_6;docling;markdown;atto_6.md;25;;paragraph;text;Vice Sindaco;;;;;;False
atto_6;docling;markdown;atto_6.md;27;;paragraph;text;Presente;;;;;;False
atto_6;docling;markdown;atto_6.md;29;;paragraph;text;STAGNO Gaetano;;;;;;False
atto_6;docling;markdown;atto_6.md;31;;paragraph;text;Assessore;;;;;;False
atto_6;docling;markdown;atto_6.md;33;;paragraph;text;Assente;;;;;;False
atto_6;docling;markdown;atto_6.md;35;;paragraph;text;Totale;;;;;;False
atto_6;docling;markdown;atto_6.md;37;;paragraph;text;2;;;;;;False
atto_6;docling;markdown;atto_6.md;39;;paragraph;text;1;;;;;;False
atto_6;docling;markdown;atto_6.md;41;;paragraph;text;Assiste il Segretario Comunale Erminio VERNILE, il quale provvede alla redazione del presente verbale. Essendo legale il numero degli intervenuti, il Dott. Benedetto CARDILLO - Sindaco, assume la Presidenza e dichiara aperta la seduta per la trattazione dell'oggetto sopra indicato.;;;;;;False
atto_6;docling;markdown;atto_6.md;43;;paragraph;text;.;;;;;;False
atto_6;docling;markdown;atto_6.md;45;;heading;heading;PREMESSO che:;;;;;PREMESSO;False
atto_6;docling;markdown;atto_6.md;47;;list_item;list_item;"- il Dipartimento per lo Sport della Presidenza del Consiglio dei Ministri ha pubblicato l'Avviso 'Sport e Periferie 2026', destinato al finanziamento di interventi di realizzazione, rigenerazione e adeguamento di impianti sportivi pubblici;";;;;;;False
atto_6;docling;markdown;atto_6.md;48;;list_item;list_item;"- l'art. 3, comma 1, lett. b), dell'Avviso, consente ai Comuni con popolazione pari o inferiore a 5.000 abitanti (DATI ISTAT al 1° gennaio 2025) di partecipare mediante accordo con altri Comuni confinanti , al fine di raggiungere la soglia minima dei 5.000 abitanti richiesta per l'ammissibilità;";;;;;;False
atto_6;docling;markdown;atto_6.md;49;;list_item;list_item;"- i Comuni di Spigno Saturnia ed Ausonia sono confinanti e ciascuno ha popolazione inferiore a 5.000 abitanti;";;;;;;False
atto_6;docling;markdown;atto_6.md;50;;list_item;list_item;"- i suddetti Comuni hanno manifestato la volontà di partecipare congiuntamente all'Avviso, individuando un Comune Capofila per la presentazione della candidatura e per la gestione dei rapporti con il Dipartimento per lo Sport;";;;;;;False
atto_6;docling;markdown;atto_6.md;51;;list_item;list_item;"- l'intervento oggetto della candidatura sarà localizzato nel territorio del Comune di Spigno Saturnia, presso l'impianto sportivo sito in Spigno Saturnia, in via Silvio Pellico;";;;;;;False
atto_6;docling;markdown;atto_6.md;53;;heading;heading;VISTO:;;;;;VISTO;False
atto_6;docling;markdown;atto_6.md;55;;list_item;list_item;"- l'Avviso 'Sport e Periferie 2026';";;;;;;False
atto_6;docling;markdown;atto_6.md;56;;list_item;list_item;"- la Deliberazione di G.C. n. 54 del 19.06.2026 del Comune di SPIGNO SATURNIA (LT) << AVVISO SPORT E PERIFERIE - 2026 - ATTO di Indirizzo e Approvazione schema di accordo ex art 15 Legge n. 241/90 tra i comuni di AUSONIA (FR) e SPIGNO SATURNIA (LT) ai sensi dell'art. 3, comma 1, lett. b) dell'Avviso 'Sport e Periferie 2026 '>>;";;;;;;False
atto_6;docling;markdown;atto_6.md;57;;list_item;list_item;"- lo schema di Accordo tra Comuni PREDISPOSTO ed allegato al presente ATTO quale Allegato A , parte integrante e sostanziale;";;;;;;False
atto_6;docling;markdown;atto_6.md;59;;heading;heading;CONSIDERATO che:;;;;;CONSIDERATO;False
atto_6;docling;markdown;atto_6.md;61;;list_item;list_item;"- la partecipazione congiunta consente ai Comuni sottoscrittori di raggiungere la soglia demografica minima prevista dall'Avviso;";;;;;;False
atto_6;docling;markdown;atto_6.md;62;;list_item;list_item;"- è necessario approvare formalmente l'Accordo ed individuare il Comune di Spigno Saturnia (Lt) quale Comune Capofila per procedere alla presentazione della candidatura sulla piattaforma ministeriale;";;;;;;False
atto_6;docling;markdown;atto_6.md;64;;heading;heading;RITENUTO:;;;;;RITENUTO;False
atto_6;docling;markdown;atto_6.md;66;;list_item;list_item;"- di approvare lo schema di Accordo tra Comuni, conforme ai requisiti dell'Avviso;";;;;;;False
atto_6;docling;markdown;atto_6.md;67;;list_item;list_item;"- di individuare il Comune di Spigno Saturnia (Lt) quale Comune Capofila ;";;;;;;False
atto_6;docling;markdown;atto_6.md;68;;list_item;list_item;"- di dichiarare il presente ATTO immediatamente eseguibile per consentire la tempestiva presentazione della domanda, CONSIDERATO che la piattaforma sarà attiva dal 4 giugno 2026 al 25 giugno 2026;";;;;;;False
atto_6;docling;markdown;atto_6.md;70;;heading;heading;VISTO:;;;;;VISTO;False
atto_6;docling;markdown;atto_6.md;72;;list_item;list_item;"- il D.Lgs n. 36/2023 (Codice dei contratti pubblici in attuazione dell'articolo 1 della legge 21 giugno 2022, n. 78, recante delega al Governo in materia di contratti pubblici);";;;;;;False
atto_6;docling;markdown;atto_6.md;73;;list_item;list_item;"- il D.Lgs n. 209/2024 c.d. correttivo appalti;";;;;;;False
atto_6;docling;markdown;atto_6.md;74;;list_item;list_item;"- il D.Lgs 18 agosto 2000, n° 267 ' Testo Unico delle leggi sull'ordinamento degli Enti Locali ';";;;;;;False
atto_6;docling;markdown;atto_6.md;76;;paragraph;text;"ACQUISITI i pareri espressi in merito alla regolarità tecnica e contabile ai sensi dell'art. 49 del D.Lgs n° 267 del 18/08/2000;";;;;;ACQUISITI_PARERI;False
atto_6;docling;markdown;atto_6.md;78;;paragraph;text;"Con voti favorevoli unanimi resi nei modi e forme di legge;";;0.0;;;;False
atto_6;docling;markdown;atto_6.md;80;;heading;heading;LA GIUNTA COMUNALE;;;;;;False
atto_6;docling;markdown;atto_6.md;82;;paragraph;text;"1. Di Approvare lo schema di Accordo tra Comuni, ai sensi dell'art. 3, comma 1, lett. b), dell'Avviso 'Sport e Periferie 2026', allegato al presente ATTO come Allegato A , parte integrante e sostanziale;";;;;;;False
atto_6;docling;markdown;atto_6.md;83;;paragraph;text;2. Di Individuare il Comune di Spigno Saturnia quale Comune Capofila , incaricato di:;;;;;;False
atto_6;docling;markdown;atto_6.md;84;;paragraph;text;"3. - presentare la candidatura sulla piattaforma ministeriale;";;;;;;False
atto_6;docling;markdown;atto_6.md;85;;paragraph;text;"4. - curare i rapporti con il Dipartimento per lo Sport;";;;;;;False
atto_6;docling;markdown;atto_6.md;86;;paragraph;text;"5. - trasmettere la documentazione progettuale richiesta;";;;;;;False
atto_6;docling;markdown;atto_6.md;87;;paragraph;text;"6. - coordinare le attività amministrative con gli altri Comuni aderenti;";;;;;;False
atto_6;docling;markdown;atto_6.md;88;;paragraph;text;"3. Di Dare ATTO che l'intervento oggetto della candidatura sarà realizzato nel territorio del Comune Capofila, presso l'impianto sportivo sito in loc. 'Campo Boario' - Via 'Silvio Pellico';";;;;;;False
atto_6;docling;markdown;atto_6.md;89;;paragraph;text;"4. Di Dare ATTO che ciascun Comune sottoscrittore approverà il medesimo Accordo con propria DELIBERA di Giunta, come richiesto dall'Avviso;";;;;;;False
atto_6;docling;markdown;atto_6.md;90;;paragraph;text;"5. Di Trasmettere il presente ATTO al Comune di Spigno Saturnia per la sottoscrizione dell'Accordo;";;;;;;False
atto_6;docling;markdown;atto_6.md;91;;paragraph;text;6. Di Dichiarare il presente provvedimento immediatamente eseguibile , ai sensi dell'art. 134, comma 4, del D.Lgs. 267/2000, stante l'urgenza di procedere alla presentazione della candidatura entro i termini STABILITI dall'Avviso.;;;;;;False
atto_6;docling;markdown;atto_6.md;93;;paragraph;text;LETTO, confermato e sottoscritto.;;;;;LETTO;True
atto_6;docling;markdown;atto_6.md;95;;paragraph;text;IL Sindaco;;;;;;False
atto_6;docling;markdown;atto_6.md;97;;paragraph;text;IL Segretario Comunale f.to Dott. Erminio VERNILE;;;;;;False
atto_6;docling;markdown;atto_6.md;99;;paragraph;text;f.to Dott. Benedetto CARDILLO;;;;;;False
atto_6;docling;markdown;atto_6.md;101;;paragraph;text;\_\_\_\_\_\_\_\_\_\_\_\_\_\_\_\_\_\_\_\_\_\_\_\_\_\_\_\_\_\_;;;;;;False
atto_6;docling;markdown;atto_6.md;103;;paragraph;text;\_\_\_\_\_\_\_\_\_\_\_\_\_\_\_\_\_\_\_\_\_\_\_\_\_\_\_\_\_\_;;;;;;False
atto_6;docling;markdown;atto_6.md;105;;paragraph;text;Il sottoscritto Segretario Comunale, VISTI gli atti di ufficio:;;;;;;False
atto_6;docling;markdown;atto_6.md;107;;heading;heading;ATTESTA;;;;ATTESTA;ATTESTA;False
atto_6;docling;markdown;atto_6.md;109;;paragraph;text;Che la presente deliberazione:;;;;;;False
atto_6;docling;markdown;atto_6.md;111;;list_item;list_item;[x]  viene dichiarata immediatamente eseguibile (art. 134, 4° comma del D. Lvo 267/2000);;;;;;False
atto_6;docling;markdown;atto_6.md;113;;list_item;list_item;[ ]  è divenuta esecutiva il 22-06-2026;;;;;;False
atto_6;docling;markdown;atto_6.md;115;;list_item;list_item;[x]  viene comunicata in elenco ai Capigruppo Consiliari (art. 125);;;;;;False
atto_6;docling;markdown;atto_6.md;117;;paragraph;text;IL Segretario Comunale f.to Dott. Erminio VERNILE;;;;;;False
atto_6;docling;markdown;atto_6.md;119;;paragraph;text;\_\_\_\_\_\_\_\_\_\_\_\_\_\_\_\_\_\_\_\_\_\_\_\_\_\_\_\_\_\_;;;;;;False
atto_6;docling;markdown;atto_6.md;121;;paragraph;text;Il sottoscritto responsabile del servizio delle pubblicazioni;;;;;;False
atto_6;docling;markdown;atto_6.md;123;;heading;heading;ATTESTA;;;;ATTESTA;ATTESTA;False
atto_6;docling;markdown;atto_6.md;125;;paragraph;text;Che la presente deliberazione è stata pubblicata, in DATA odierna, per 15 giorni consecutivi dal 22-06- 2026 al 07-07-2026 al numero 396 nel sito web istituzionale di questo Comune accessibile al pubblico al portale www.comunediausonia.it (art. 32, comma 1, della legge 18 giugno 2009, n. 69).;;;;;;False
atto_6;docling;markdown;atto_6.md;127;;paragraph;text;Dalla Residenza Municipale, lì 22-06-2026;;;;;;False
atto_6;docling;markdown;atto_6.md;129;;paragraph;text;IL Responsabile Procedimento Pubblicazione f.to Sig. Onofrio CORENO;;;;;;False
atto_6;docling;markdown;atto_6.md;131;;paragraph;text;\_\_\_\_\_\_\_\_\_\_\_\_\_\_\_\_\_\_\_\_\_\_\_\_\_\_\_\_\_\_;;;;;;False
atto_6;docling;markdown;atto_6.md;133;;paragraph;text;\_\_\_\_\_\_\_\_\_\_\_\_\_\_\_\_\_\_\_\_\_\_\_\_\_\_\_\_\_\_\_\_\_\_\_\_\_\_\_\_\_\_\_\_\_\_\_\_\_\_\_\_\_\_\_\_\_\_\_\_\_\_\_\_\_\_\_\_\_\_\_\_\_\_\_\_\_\_\_\_\_\_;;;;;;False
atto_6;docling;markdown;atto_6.md;135;;paragraph;text;Copia conforme all'originale, in carta libera per uso amministrativo.;;;;;;False
atto_6;docling;markdown;atto_6.md;137;;paragraph;text;Dalla Residenza Municipale, li 22-06-2026;;;;;;False
atto_6;docling;markdown;atto_6.md;139;;paragraph;text;IL Segretario Comunale;;;;;;False
atto_6;docling;markdown;atto_6.md;141;;paragraph;text;Dott. Erminio VERNILE;;;;;;False
atto_6;docling;markdown;atto_6.md;143;;paragraph;text;\_\_\_\_\_\_\_\_\_\_\_\_\_\_\_\_\_\_\_\_\_\_\_\_\_\_\_\_\_\_;;;;;;False
atto_7;docling;markdown;atto_7.md;1;;paragraph;text;;;;;;;True
atto_7;docling;markdown;atto_7.md;3;;heading;heading;COMUNE DI CARBONARA DI NOLA;;;;;;False
atto_7;docling;markdown;atto_7.md;5;;paragraph;text;CITTA' METROPOLITANA DI NAPOLI Tel. (081 8253402 - fax 825 3114);;;;;;False
atto_7;docling;markdown;atto_7.md;7;;heading;heading;VERBALE DI DELIBERAZIONE DI GIUNTA COMUNALE;;;;;;False
atto_7;docling;markdown;atto_7.md;9;;paragraph;text;N. 16 DEL 18-02-2026;;;;;;False
atto_7;docling;markdown;atto_7.md;11;;paragraph;text;OGGETTO: DELIMITAZIONE SPAZI PER AFFISSIONE DI STAMPATI E MANIFESTI PER PROPAGANDA ELETTORALE REFERENDUM DI DOMENICA 22 E LUNEDÌ 23 MARZO 2026.;;;;;;False
atto_7;docling;markdown;atto_7.md;13;;paragraph;text;L'anno duemilaventisei , il giorno diciotto del mese di febbraio alle ore 11:00 nella sala delle adunanze del Comune suddetto, convocata nelle forme di legge, la Giunta Comunale si è riunita con la presenza degli assessori:;;;;;;False
atto_7;docling;markdown;atto_7.md;15;;table;table;| ASSESSORI | QUALIFICA | PRESENTI |;;;;;;True
atto_7;docling;markdown;atto_7.md;16;;table;table;|--------------------|--------------|------------|;;;;;;True
atto_7;docling;markdown;atto_7.md;17;;table;table;| Iannicelli Antonio | SINDACO | Assente |;;;;;;True
atto_7;docling;markdown;atto_7.md;18;;table;table;| ALBANO Raffaele | VICE SINDACO | Presente |;;;;;;True
atto_7;docling;markdown;atto_7.md;19;;table;table;| SEPE Onofrio | ASSESSORE | |;;;;;;True
atto_7;docling;markdown;atto_7.md;20;;table;table;| | | Presente |;;;;;;True
atto_7;docling;markdown;atto_7.md;22;;paragraph;text;Con la partecipazione del Segretario Comunale Dott.ssa Rosalba VITALE .;;;;;;False
atto_7;docling;markdown;atto_7.md;24;;paragraph;text;Il VICE SINDACO Raffaele ALBANO costatato che gli intervenuti sono in numero legale, dichiara aperta la riunione ed invita i convocati a DELIBERARE sull'oggetto sopraindicato.;;;;;;False
atto_7;docling;markdown;atto_7.md;26;;paragraph;text;COPIA;;;;;;False
atto_7;docling;markdown;atto_7.md;28;;paragraph;text;"PREMESSO che con DD.P.R. del 13 Gennaio 2026, pubblicato nella Gazzetta Ufficiale n. 10 del 14 Gennaio 2026, sono stati convocati per domenica 22 e lunedì 23 marzo 2026 i comizi per il referendum popolare confermativo della legge costituzionale recante: ' Norme in materia di ordinamento giurisdizionale e di istituzione della Corte Disciplinare' , approvata dal Parlamento e pubblicata nella Gazzetta Ufficiale della Repubblica Italiana n. 253 del 30 ottobre 2025;";;;;;PREMESSO;False
atto_7;docling;markdown;atto_7.md;30;;paragraph;text;"VISTA la Circolare n.7/Ref 2026 del 12/02/2026 - protocollo n.0062427 - ad oggetto: "" Consultazioni referendarie di domenica 22 e lunedì 23 marzo 2026. Referendum popolare confermativo della legge costituzionale recante: 'Norme in materia di ordinamento giurisdizionale e di istituzione della Corte Disciplinare' . Precisazione del quesito referendario. Adempimenti in materia di propaganda elettorale e comunicazione politica. Partiti e gruppi politici rappresentati in Parlamento e promotori dei referendum.' , secondo cui, la Giunta Comunale, dal 33° al 30° giorno antecedente quello della votazione, quindi da martedì 17 a venerdì 20 febbraio 2026 , dovrà stabilire e delimitare e ripartire in ogni centro abitato, gli spazi da destinare alle affissioni di propaganda elettorale dei partiti e gruppi politici rappresentati in Parlamento e promotori dei referendum;";;;;;VISTO;False
atto_7;docling;markdown;atto_7.md;32;;paragraph;text;"RICHIAMATO l'articolo 2, comma 1 della legge 4 aprile 1956, n. 212, modificato dalla legge 24 aprile 1975 n.130 e dall'art. 1,comma 400, lettera h) della legge 27 dicembre 2013, n° 147, contenente ' Norme per la disciplina della propaganda elettorale', il quale stabilisce che l'affissione di stampati, giornali murali od altri e di manifesti di propaganda elettorale, da parte di partiti o gruppi politici che parteciperanno alle elezioni con liste di canditati, sia effettuata esclusivamente negli appositi spazi a ciò destinati in ogni Comune (c.d. 'propaganda diretta'), avendo cura di sceglierli nelle località più frequentate ed in equa proporzione per tutto l'abitato;";;;;;RICHIAMATO;False
atto_7;docling;markdown;atto_7.md;34;;paragraph;text;RICHIAMATO altresì l'art. 52 della legge 25 maggio 1970, n. 352, che prevede che alla propaganda relativa allo svolgimento dei referendum previsti dalla medesima legge si applicano le disposizioni della citata legge n. 212/1956, e le facoltà RICONOSCIUTE ai partiti e gruppi politici che partecipano direttamente alla competizione elettorale, concernenti l'assegnazione degli appositi spazi per le affissioni di propaganda, si intendono attribuite ai partiti e gruppi politici rappresentati in Parlamento e ai promotori dei referendum, questi ultimi CONSIDERATI come gruppo unico.;;;;;RICHIAMATO;False
atto_7;docling;markdown;atto_7.md;36;;paragraph;text;"RITENUTO che il numero degli spazi deve stabilirsi per ciascun centro abitato in base alla relativa popolazione residente, secondo la tabella di cui all'art.2, secondo comma, della Legge 56/2012 e s.m.i.;";;;;;RITENUTO;False
atto_7;docling;markdown;atto_7.md;38;;paragraph;text;VISTA la legge 27 dicembre 2013, n. 147 (legge di stabilità 2014), che per il contenimento delle spese ha apportato modifiche alla disciplina della propaganda elettorale di cui alla legge 4 aprile 1956 n. 212, art.2 comma 2 riducendo il numero degli spazi elettorali e stabilendo per una popolazione tra i 3.001 e i 10.000 abitanti almeno 3 e non più di 5 spazi elettorali,;;;;;VISTO;False
atto_7;docling;markdown;atto_7.md;40;;paragraph;text;"DATO ATTO che questo Comune conta n. 2.450 abitanti e che, pertanto, il numero degli spazi elettorali può essere fissato entro il numero minimo di 3 e massimo di 5 spazi;";;;;;DATO_ATTO;False
atto_7;docling;markdown;atto_7.md;42;;paragraph;text;"CONSIDERATO che il comma 2 dell'art.1 della legge n. 212/56 è stato abrogato dall'art.1 comma 400 lettera h) della legge del 27/12/2013 n. 147(legge di stabilità 2014) che ha disposto l'abolizione della propaganda indiretta;";;;;;CONSIDERATO;False
atto_7;docling;markdown;atto_7.md;44;;paragraph;text;"RILEVATO che , secondo il disposto dell'art.3 della citata L. 212/56, come modificata, la giunta municipale provvede, nei termini predetti, a delimitare gli spazi di cui al primo comma dell'art.1 e a ripartirli in tante sezioni. Ad ogni lista, spetta una superficie di metri 2 di altezza per metri 1 di base e ad ogni candidatura uninominale una superficie di metri 1 di altezza per metri 0,70 di base, nonché ad assegnare le sezioni seguendo l'ordine di presentazione delle domande, su di una sola linea orizzontale a partire dal lato sinistro e proseguendo verso destra;";;;;;RILEVATO;False
atto_7;docling;markdown;atto_7.md;46;;paragraph;text;"VISTO il piano PREDISPOSTO dall'ufficio competente per stabilire gli spazi da destinarsi alle affissioni di propaganda elettorale secondo i criteri di cui alla legge sopra menzionata;";;;;;VISTO;False
atto_7;docling;markdown;atto_7.md;48;;paragraph;text;"DATO ATTO che gli spazi prescelti corrispondono alle località più frequentate e risultano suddivisi in equa proporzione per tutto l'abitato tale da rendere attuabili le assegnazioni previste dalla legge, qualunque sia il numero senza impedire la visibilità di monumenti o panorami;";;;;;DATO_ATTO;False
atto_7;docling;markdown;atto_7.md;50;;paragraph;text;"VISTE le disposizioni ministeriali ed, in particolare, la circolare del Ministero dell'Interno n. 1943/V dello 08.04.1980;";;;;;VISTO;False
atto_7;docling;markdown;atto_7.md;52;;paragraph;text;"RITENUTO di dover provvedere agli adempimenti di cui alla L. 212/1956 e s.m.i.;";;;;;RITENUTO;False
atto_7;docling;markdown;atto_7.md;54;;heading;heading;PROPONE DI DELIBERARE;;;0.0;PROPONE_DELIBERARE;PROPONE_DELIBERARE;False
atto_7;docling;markdown;atto_7.md;56;;heading;heading;"Di ritenere la narrativa che precede parte integrante e sostanziale della presente;";;;;;;False
atto_7;docling;markdown;atto_7.md;58;;paragraph;text;1) Di stabilire , per le consultazioni di cui all'oggetto, in esecuzione della legge n°21 2 del 04.04.1956 e successive modifiche e secondo quanto previsto dalla legge n. 147 del 27.12.2013 (legge di stabilità 2014) nei siti indicati di seguito, n.ro CINQUE spazi per l'affissione esclusiva degli stampati, dei giornali murali od altro e dei manifesti di propaganda elettorale da parte dei comitati referendari, partiti e gruppi politici che partecipano alla competizione elettorale per il Referendum Popolare del 22 e 23 marzo 2026.;;;;;;False
atto_7;docling;markdown;atto_7.md;60;;paragraph;text;Determinazione e delimitazione degli spazi elettorali, con ubicazione secondo il seguente prospetto:;;;;;;False
atto_7;docling;markdown;atto_7.md;62;;table;table;| n. | CENTRO ABITATO | UBICAZIONE DEL TABELLONE/RIQUADRO |;;;;;;True
atto_7;docling;markdown;atto_7.md;63;;table;table;|------|-------------------|----------------------------------------|;;;;;;True
atto_7;docling;markdown;atto_7.md;64;;table;table;| 1 | Carbonara di Nola | Via del Parco, Ingresso Villa Comunale |;;;;;;True
atto_7;docling;markdown;atto_7.md;65;;table;table;| 2 | Carbonara di Nola | Via Cavaliere G. Santorelli |;;;;;;True
atto_7;docling;markdown;atto_7.md;66;;table;table;| 3 | Carbonara di Nola | Via On. Napolitano |;;;;;;True
atto_7;docling;markdown;atto_7.md;68;;list_item;list_item;"2) Di delimitare gli spazi elettorali ai sensi dell'art.3 dare della legge 4 aprile 1956, n.212, e ss.mm.ii., per le dimensioni di metri 2 di altezza per metri 1 di base e di metri 1 di altezza per metri 0,70 di base, destinati all'affissione di stampati, giornali murali e manifesti, da parte di partiti, gruppi politici o promotori dei referendum che partecipano alla competizione elettorale;";;;;;;False
atto_7;docling;markdown;atto_7.md;69;;list_item;list_item;"3) Di dare ATTO che con successiva deliberazione, da assumere nei termini di legge, si procederà all' assegnazione degli spazi per la propaganda di cui trattasi;";;;;;;False
atto_7;docling;markdown;atto_7.md;70;;list_item;list_item;"4) Di dare ATTO che il parere di regolarità contabile non è richiesto in quanto non comporta spesa;";;;;;;False
atto_7;docling;markdown;atto_7.md;71;;list_item;list_item;5) Di dichiarare, immediatamente eseguibile la presente deliberazione ai sensi dell'art. 134 comma 4 del D. Lgs. n. 267/2000.;;;;;;False
atto_7;docling;markdown;atto_7.md;73;;heading;heading;LA GIUNTA COMUNALE;;;;;;False
atto_7;docling;markdown;atto_7.md;75;;heading;heading;VISTA la proposta di deliberazione avente ad oggetto: ' DELIMITAZIONE SPAZI PER AFFISSIONE DI STAMPATI E MANIFESTI PER PROPAGANDA ELETTORALE REFERENDUM DI DOMENICA 22 E LUNEDÌ 23 MARZO 2026';;;;;VISTO;False
atto_7;docling;markdown;atto_7.md;77;;paragraph;text;(Art. 58, decreto legge 25 giugno 2008, n. 112, convertito con modificazioni dalla legge 6 agosto 2008, n.133);;;;;;False
atto_7;docling;markdown;atto_7.md;79;;paragraph;text;"RITENUTO che la stessa sia meritevole di approvazione;";;;;;RITENUTO;False
atto_7;docling;markdown;atto_7.md;81;;paragraph;text;"VISTI i pareri favorevoli espressi ai sensi dell'art. 49 del d.lgs. n. 267/2000;";;;;;VISTI_PARERI;False
atto_7;docling;markdown;atto_7.md;83;;paragraph;text;Con voti favorevoli unanimi, resi nei modi di legge,;;0.0;;;;False
atto_7;docling;markdown;atto_7.md;85;;heading;heading;DELIBERA;;;;DELIBERA;DELIBERA;False
atto_7;docling;markdown;atto_7.md;87;;list_item;list_item;"DI APPROVARE , così come ad ogni effetto approva, la proposta di deliberazione, che forma parte integrante e sostanziale del presente provvedimento;";;;;;;False
atto_7;docling;markdown;atto_7.md;88;;list_item;list_item;DI DICHIARARE il presente ATTO immediatamente eseguibile ai sensi dell'art. 134, comma 4, del d.lgs. n. 267/2000.;;;;;;False
atto_7;docling;markdown;atto_7.md;90;;paragraph;text;Sulla proposta della presente deliberazione i sottoscritti, ai sensi dell'art. 49 D.lgvo 267/2000, ha espresso il seguente pareri :;;;;;;False
atto_7;docling;markdown;atto_7.md;92;;paragraph;text;Per la Regolarita' tecnica: Favorevole Il Responsabile del Settore F.to Dott.ssa Immacolata LIMPIDO;;;;;;False
atto_7;docling;markdown;atto_7.md;94;;paragraph;text;LETTO, approvato e sottoscritto.;;;;;LETTO;False
atto_7;docling;markdown;atto_7.md;96;;paragraph;text;Il VICE SINDACO F.to Raffaele ALBANO;;;;;;False
atto_7;docling;markdown;atto_7.md;98;;paragraph;text;Il Segretario Comunale F.to Dott.ssa Rosalba VITALE;;;;;;False
atto_7;docling;markdown;atto_7.md;100;;heading;heading;CERTIFICATO DI PUBBLICAZIONE;;;;;;True
atto_7;docling;markdown;atto_7.md;102;;heading;heading;SI ATTESTA;;;;;ATTESTA;False
atto_7;docling;markdown;atto_7.md;104;;paragraph;text;Che è stata pubblicata all'albo pretorio on line in DATA 18-02-2026 e vi rimarrà per 15 giorni consecutivi.;;;;;;False
atto_7;docling;markdown;atto_7.md;106;;paragraph;text;N. ALBO 93;;;;;;False
atto_7;docling;markdown;atto_7.md;108;;paragraph;text;Il Responsabile della Pubblicazione F.to Dott.ssa Immacolata LIMPIDO;;;;;;False
atto_7;docling;markdown;atto_7.md;110;;heading;heading;COPIA CONFORME ALL'ORIGINALE;;;;;;False
atto_7;docling;markdown;atto_7.md;112;;paragraph;text;Il Segretario Comunale Dott.ssa Rosalba VITALE;;;;;;False
atto_7;docling;markdown;atto_7.md;114;;heading;heading;ESECUTIVITA';;;;;;False
atto_7;docling;markdown;atto_7.md;116;;list_item;list_item;"è stata comunicata, con lettera n. 1399, in DATA 18-02-2026, ai signori Capigruppo Consiliari come prescritto dall'art. 125 comma 1 del D.Lgs. 267/2000;";;;;;;False
atto_7;docling;markdown;atto_7.md;118;;paragraph;text;"che la presente deliberazione è divenuta esecutiva il 18-02-2026;";;;;;;False
atto_7;docling;markdown;atto_7.md;120;;list_item;list_item;"perché dichiarata immediatamente eseguibile (art. 134 comma 4 D.Lgs. 267/2000);";;;;;;False
atto_7;docling;markdown;atto_7.md;122;;paragraph;text;Il Segretario Comunale F.to Dott.ssa Rosalba VITALE;;;;;;False
atto_8;docling;markdown;atto_8.md;1;;heading;heading;COMUNE DI AUSONIA;;;;;;False
atto_8;docling;markdown;atto_8.md;3;;heading;heading;Provincia di Frosinone;;;;;;False
atto_8;docling;markdown;atto_8.md;5;;heading;heading;COPIA DI DELIBERAZIONE DELLA GIUNTA COMUNALE;;;;;;False
atto_8;docling;markdown;atto_8.md;7;;heading;heading;Verbale n. 42 del 10-06-2026;;;;;;False
atto_8;docling;markdown;atto_8.md;9;;paragraph;text;"OGGETTO: Approvazione del progetto denominato ""La Magia del Natale ad Ausonia- V° Edizione ""da candidare all'Avviso Pubblico per la concessione di contributi ai sensi dell'art. 5 della L.R. 30 dicembre 2024 n. 22-""Fondo per le iniziative di promozione e valorizzazione del territorio regionale""- Annualità 2026";;;;;;False
atto_8;docling;markdown;atto_8.md;11;;paragraph;text;L'anno duemilaventisei, il giorno dieci del mese di giugno alle ore 12:15 e seg. in Ausonia e nella residenza municipale, nella sala delle adunanze, previa l'osservanza di tutte le formalità prescritte dalle vigenti leggi, sono stati oggi convocati in seduta i componenti della Giunta Comunale.;;;;;;False
atto_8;docling;markdown;atto_8.md;13;;paragraph;text;Fatto normale appello nominale, risultano:;;;;;;False
atto_8;docling;markdown;atto_8.md;15;;table;table;| | | Presenti / Assenti | Presenti / Assenti |;;;;;;True
atto_8;docling;markdown;atto_8.md;16;;table;table;|--------------------|--------------|----------------------|----------------------|;;;;;;True
atto_8;docling;markdown;atto_8.md;17;;table;table;| CARDILLO Benedetto | Sindaco | Presente | Presente |;;;;;;True
atto_8;docling;markdown;atto_8.md;18;;table;table;| PINCHERA Stefania | Vice Sindaco | | Presente |;;;;;;True
atto_8;docling;markdown;atto_8.md;19;;table;table;| STAGNO Gaetano | Assessore | | Presente |;;;;;;True
atto_8;docling;markdown;atto_8.md;20;;table;table;| | | Totale | 0 |;;;;;;True
atto_8;docling;markdown;atto_8.md;22;;paragraph;text;Assiste il Segretario Comunale Erminio VERNILE, il quale provvede alla redazione del presente verbale. Essendo legale il numero degli intervenuti, il Dott. Benedetto CARDILLO - Sindaco, assume la Presidenza e dichiara aperta la seduta per la trattazione dell'oggetto sopra indicato.;;;;;;False
atto_8;docling;markdown;atto_8.md;24;;paragraph;text;.;;;;;;False
atto_8;docling;markdown;atto_8.md;26;;heading;heading;PREMESSO CHE;;;;;PREMESSO;False
atto_8;docling;markdown;atto_8.md;28;;list_item;list_item;"la Regione Lazio, con Determinazione Dirigenziale n. G07309 del 28/05/2026, ha approvato l'Avviso Pubblico per la concessione di contributi ai sensi dell'art. 5 della Legge Regionale 30 dicembre 2024 n. 22 'Fondo per le iniziative di promozione e valorizzazione del territorio regionale', destinato ai Comuni del Lazio, ai Municipi di Roma Capitale, agli Enti gestori delle aree naturali protette regionali e alle Comunità Montane;";;;;;;False
atto_8;docling;markdown;atto_8.md;29;;list_item;list_item;"l'Avviso è finalizzato a sostenere iniziative volte alla promozione e valorizzazione del territorio regionale, favorendo lo sviluppo sociale, culturale, turistico ed economico delle comunità locali;";;;;;;False
atto_8;docling;markdown;atto_8.md;30;;list_item;list_item;"le iniziative finanziabili dovranno svolgersi nel territorio della Regione Lazio nel periodo compreso tra il 1° settembre 2026 e il 7 gennaio 2027 ;";;;;;;False
atto_8;docling;markdown;atto_8.md;31;;list_item;list_item;"ai sensi dell'art. 3 dell'Avviso, per i Comuni con popolazione superiore a 15.000 abitanti il contributo massimo concedibile è pari ad € 30.000,00 , mentre per i Comuni con popolazione pari o inferiore a 15.000 abitanti il contributo massimo concedibile è pari ad € 20.000,00 ;";;;;;;False
atto_8;docling;markdown;atto_8.md;33;;heading;heading;CONSIDERATO CHE;;;;;CONSIDERATO;False
atto_8;docling;markdown;atto_8.md;35;;list_item;list_item;"l'Amministrazione Comunale intende partecipare al suddetto Avviso attraverso la candidatura del progetto denominato 'La magia del Natale ad Ausonia V° Edizione' , allegato alla presente deliberazione quale parte integrante e sostanziale;";;;;;;False
atto_8;docling;markdown;atto_8.md;36;;list_item;list_item;"il progetto proposto mira a valorizzare il patrimonio culturale, storico, ambientale e identitario del territorio comunale mediante la realizzazione di iniziative ed eventi rivolti alla cittadinanza e ai visitatori;";;;;;;False
atto_8;docling;markdown;atto_8.md;37;;list_item;list_item;"il progetto presenta un quadro economico complessivo pari ad €. 25.000,00, di cui € 20.000,00 richiesti a titolo di contributo regionale e € 5.000,00 a carico dell'Ente quale eventuale quota di compartecipazione;";;;;;;False
atto_8;docling;markdown;atto_8.md;39;;paragraph;text;"RITENUTO di approvare il progetto allegato e di autorizzarne la candidatura nell'ambito dell'Avviso regionale sopra RICHIAMATO;";;;;;RITENUTO;False
atto_8;docling;markdown;atto_8.md;41;;heading;heading;VISTI;;;;;VISTO;False
atto_8;docling;markdown;atto_8.md;43;;list_item;list_item;"la Legge Regionale 30 dicembre 2024, n. 22;";;;;;;False
atto_8;docling;markdown;atto_8.md;44;;list_item;list_item;"la D.G.R. Lazio n. 1244 dell'11/12/2025;";;;;;;False
atto_8;docling;markdown;atto_8.md;45;;list_item;list_item;"la Determinazione Dirigenziale Regione Lazio n. G07309 del 28/05/2026;";;;;;;False
atto_8;docling;markdown;atto_8.md;46;;list_item;list_item;"il D.Lgs. n. 267/2000;";;;;;;False
atto_8;docling;markdown;atto_8.md;47;;list_item;list_item;"lo Statuto Comunale;";;;;;;False
atto_8;docling;markdown;atto_8.md;49;;paragraph;text;"ACQUISITI i pareri favorevoli di regolarità tecnica e contabile ai sensi dell'art. 49 del D.Lgs. 267/2000;";;;;;ACQUISITI_PARERI;False
atto_8;docling;markdown;atto_8.md;51;;heading;heading;DELIBERA;;;;DELIBERA;DELIBERA;False
atto_8;docling;markdown;atto_8.md;53;;paragraph;text;1. Di approvare il progetto denominato 'La Magia del Natale ad Ausonia V° Edizione' , in atti, da candidare all'Avviso Pubblico regionale per la concessione di;;;;;;False
atto_8;docling;markdown;atto_8.md;55;;heading;heading;LA GIUNTA COMUNALE;;;;;;False
atto_8;docling;markdown;atto_8.md;57;;paragraph;text;contributi ai sensi dell'art. 5 della L.R. n. 22/2024 - 'Fondo per le iniziative di promozione e valorizzazione del territorio regionale'.;;;;;;False
atto_8;docling;markdown;atto_8.md;59;;paragraph;text;2. Di dare ATTO che il progetto prevede un costo complessivo pari ad € 25.000,00, per il quale viene richiesto un contributo regionale di € 5.000,00, nel rispetto dei limiti previsti dall'Avviso.;;;;;;False
atto_8;docling;markdown;atto_8.md;60;;paragraph;text;3. Di impegnare l'Ente, in caso di ammissione a finanziamento, alla realizzazione delle attività previste nel progetto nel periodo compreso tra il 1° settembre 2026 e il 7 gennaio 2027, nel rispetto delle disposizioni contenute nell'Avviso regionale.;;;;;;False
atto_8;docling;markdown;atto_8.md;61;;paragraph;text;4. Di demandare al Responsabile del Settore competente tutti gli adempimenti conseguenti e necessari alla presentazione della candidatura tramite la piattaforma regionale dedicata.;;;;;;False
atto_8;docling;markdown;atto_8.md;62;;paragraph;text;5. Di autorizzare il Sindaco, quale legale rappresentante dell'Ente, alla sottoscrizione della documentazione necessaria per la partecipazione all'Avviso.;;;;;;False
atto_8;docling;markdown;atto_8.md;63;;paragraph;text;6. Di dichiarare la presente deliberazione immediatamente eseguibile ai sensi dell'art. 134, comma 4, del D.Lgs. 267/2000, stante l'urgenza di provvedere.;;;;;;False
atto_8;docling;markdown;atto_8.md;65;;paragraph;text;LETTO, confermato e sottoscritto.;;;;;LETTO;True
atto_8;docling;markdown;atto_8.md;67;;paragraph;text;IL Sindaco;;;;;;False
atto_8;docling;markdown;atto_8.md;69;;paragraph;text;IL Segretario Comunale f.to Dott. Erminio VERNILE;;;;;;False
atto_8;docling;markdown;atto_8.md;71;;paragraph;text;f.to Dott. Benedetto CARDILLO;;;;;;False
atto_8;docling;markdown;atto_8.md;73;;paragraph;text;\_\_\_\_\_\_\_\_\_\_\_\_\_\_\_\_\_\_\_\_\_\_\_\_\_\_\_\_\_\_;;;;;;False
atto_8;docling;markdown;atto_8.md;75;;paragraph;text;\_\_\_\_\_\_\_\_\_\_\_\_\_\_\_\_\_\_\_\_\_\_\_\_\_\_\_\_\_\_;;;;;;False
atto_8;docling;markdown;atto_8.md;77;;paragraph;text;Il sottoscritto Segretario Comunale, VISTI gli atti di ufficio:;;;;;;False
atto_8;docling;markdown;atto_8.md;79;;heading;heading;ATTESTA;;;;ATTESTA;ATTESTA;False
atto_8;docling;markdown;atto_8.md;81;;paragraph;text;Che la presente deliberazione:;;;;;;False
atto_8;docling;markdown;atto_8.md;83;;list_item;list_item;[x]  viene dichiarata immediatamente eseguibile (art. 134, 4° comma del D. Lvo 267/2000);;;;;;False
atto_8;docling;markdown;atto_8.md;85;;list_item;list_item;[ ]  è divenuta esecutiva il 10-06-2026;;;;;;False
atto_8;docling;markdown;atto_8.md;87;;list_item;list_item;[x]  viene comunicata in elenco ai Capigruppo Consiliari (art. 125);;;;;;False
atto_8;docling;markdown;atto_8.md;89;;paragraph;text;IL Segretario Comunale f.to Dott. Erminio VERNILE;;;;;;False
atto_8;docling;markdown;atto_8.md;91;;paragraph;text;\_\_\_\_\_\_\_\_\_\_\_\_\_\_\_\_\_\_\_\_\_\_\_\_\_\_\_\_\_\_;;;;;;False
atto_8;docling;markdown;atto_8.md;93;;paragraph;text;Il sottoscritto responsabile del servizio delle pubblicazioni;;;;;;False
atto_8;docling;markdown;atto_8.md;95;;heading;heading;ATTESTA;;;;ATTESTA;ATTESTA;False
atto_8;docling;markdown;atto_8.md;97;;paragraph;text;Che la presente deliberazione è stata pubblicata, in DATA odierna, per 15 giorni consecutivi dal 12-06- 2026 al 27-06-2026 al numero 364 nel sito web istituzionale di questo Comune accessibile al pubblico al portale www.comunediausonia.it (art. 32, comma 1, della legge 18 giugno 2009, n. 69).;;;;;;False
atto_8;docling;markdown;atto_8.md;99;;paragraph;text;Dalla Residenza Municipale, lì 12-06-2026;;;;;;False
atto_8;docling;markdown;atto_8.md;101;;paragraph;text;IL Responsabile Procedimento Pubblicazione f.to Sig. Onofrio CORENO;;;;;;False
atto_8;docling;markdown;atto_8.md;103;;paragraph;text;\_\_\_\_\_\_\_\_\_\_\_\_\_\_\_\_\_\_\_\_\_\_\_\_\_\_\_\_\_\_;;;;;;False
atto_8;docling;markdown;atto_8.md;105;;paragraph;text;\_\_\_\_\_\_\_\_\_\_\_\_\_\_\_\_\_\_\_\_\_\_\_\_\_\_\_\_\_\_\_\_\_\_\_\_\_\_\_\_\_\_\_\_\_\_\_\_\_\_\_\_\_\_\_\_\_\_\_\_\_\_\_\_\_\_\_\_\_\_\_\_\_\_\_\_\_\_\_\_\_\_;;;;;;False
atto_8;docling;markdown;atto_8.md;107;;paragraph;text;Copia conforme all'originale, in carta libera per uso amministrativo.;;;;;;False
atto_8;docling;markdown;atto_8.md;109;;paragraph;text;Dalla Residenza Municipale, li 12-06-2026;;;;;;False
atto_8;docling;markdown;atto_8.md;111;;paragraph;text;IL Segretario Comunale;;;;;;False
atto_8;docling;markdown;atto_8.md;113;;paragraph;text;Dott. Erminio VERNILE;;;;;;False
atto_8;docling;markdown;atto_8.md;115;;paragraph;text;\_\_\_\_\_\_\_\_\_\_\_\_\_\_\_\_\_\_\_\_\_\_\_\_\_\_\_\_\_\_;;;;;;False
atto_9;docling;markdown;atto_9.md;1;;paragraph;text;;;;;;;True
atto_9;docling;markdown;atto_9.md;3;;heading;heading;DELIBERAZIONE DELLA GIUNTA COMUNALE;;;;;;False
atto_9;docling;markdown;atto_9.md;5;;table;table;| N. 44 Del 29/05/2026 | OGGETTO: TERZA VARIAZIONE D'URGENZA AL BILANCIO DI PREVISIONE FINANZIARIO 2026/2028 (ART. 175, COMMA 4, DEL D.LGS. N. 267/2000) |;;;;;;True
atto_9;docling;markdown;atto_9.md;6;;table;table;|------------------------|-----------------------------------------------------------------------------------------------------------------------------------|;;;;;;True
atto_9;docling;markdown;atto_9.md;8;;paragraph;text;L'anno duemilaventisei , addì 29 del mese di maggio alle ore 11:10 , nella sala delle adunanze del Comune suddetto, convocata con apposito avviso la Giunta Municipale, si è la medesima riunita nelle persone seguenti:;;;;;;False
atto_9;docling;markdown;atto_9.md;10;;table;table;| Giuseppe Ciccolini, Sindaco | presente | In videoconferenza | Partecipa con funzioni consultive referenti e di assistenza e ne cura la relativa verbalizzazione il Segretario Comunale Dott. Vicenzo Zanzarella in videoconferenza |;;;;;;True
atto_9;docling;markdown;atto_9.md;11;;table;table;|---------------------------------------|------------|----------------------|------------------------------------------------------------------------------------------------------------------------------------------------------------------------|;;;;;;True
atto_9;docling;markdown;atto_9.md;12;;table;table;| Giuseppe Pala, Assessore | presente | In videoconferenza | Partecipa con funzioni consultive referenti e di assistenza e ne cura la relativa verbalizzazione il Segretario Comunale Dott. Vicenzo Zanzarella in videoconferenza |;;;;;;True
atto_9;docling;markdown;atto_9.md;13;;table;table;| Christian Farina, Assessore | presente | In videoconferenza | Partecipa con funzioni consultive referenti e di assistenza e ne cura la relativa verbalizzazione il Segretario Comunale Dott. Vicenzo Zanzarella in videoconferenza |;;;;;;True
atto_9;docling;markdown;atto_9.md;14;;table;table;| Giovanna Giuseppina Mameli, Assessora | presente | In videoconferenza | Partecipa con funzioni consultive referenti e di assistenza e ne cura la relativa verbalizzazione il Segretario Comunale Dott. Vicenzo Zanzarella in videoconferenza |;;;;;;True
atto_9;docling;markdown;atto_9.md;15;;table;table;| Pietro Sanna, Assessore | presente | In videoconferenza | Partecipa con funzioni consultive referenti e di assistenza e ne cura la relativa verbalizzazione il Segretario Comunale Dott. Vicenzo Zanzarella in videoconferenza |;;;;;;True
atto_9;docling;markdown;atto_9.md;17;;paragraph;text;"La verifica della regolarità della seduta, svolta secondo le modalità STABILITE nel provvedimento adottato dal Sindaco il 05/08/2020, in base alla previsione dell'art. 73 del decreto legge 17 marzo 2020, n.18, è stata operata dal Segretario comunale Dott. Vincenzo Zanzarella, presente in video conferenza, che partecipa con funzioni consultive referenti e di assistenza e ne cura la relativa verbalizzazione;";;;;;;False
atto_9;docling;markdown;atto_9.md;19;;paragraph;text;"Presiede il Sig. Giuseppe Ciccolini nella sua qualità di Sindaco;";;;;;;False
atto_9;docling;markdown;atto_9.md;21;;paragraph;text;Il Sindaco, constatato il numero legale degli intervenuti, dichiara aperta la riunione e li invita a DELIBERARE sull'oggetto sopraindicato.;;;;;;False
atto_9;docling;markdown;atto_9.md;23;;heading;heading;LA GIUNTA COMUNALE;;;;;;False
atto_9;docling;markdown;atto_9.md;25;;paragraph;text;ACQUISITI i pareri di cui all'articolo 49 del T.U. 267/00:;;;;;ACQUISITI_PARERI;False
atto_9;docling;markdown;atto_9.md;27;;table;table;| 1 | Si esprime parere favorevole sotto il profilo tecnico-amministrativo. |;;;;;;True
atto_9;docling;markdown;atto_9.md;28;;table;table;|-----|----------------------------------------------------------------------------|;;;;;;True
atto_9;docling;markdown;atto_9.md;29;;table;table;| | IL RESPONSABILE DEL SERVIZIO FINANZIARIO F.to Dr.ssa Maria Debora Cosseddu |;;;;;;True
atto_9;docling;markdown;atto_9.md;31;;table;table;| 2 | Si esprime parere favorevole sulla regolarità contabile attestante la copertura finanziaria. |;;;;;;True
atto_9;docling;markdown;atto_9.md;32;;table;table;|-----|------------------------------------------------------------------------------------------------|;;;;;;True
atto_9;docling;markdown;atto_9.md;33;;table;table;| | IL RESPONSABILE DEL SERVIZIO FINANZIARIO F.to Dr.ssa Maria Debora Cosseddu |;;;;;;True
atto_9;docling;markdown;atto_9.md;35;;heading;heading;LA GIUNTA COMUNALE;;;;;;False
atto_9;docling;markdown;atto_9.md;37;;paragraph;text;PREMESSO che con le seguenti deliberazioni di Consiglio Comunale:;;;;;PREMESSO;False
atto_9;docling;markdown;atto_9.md;39;;list_item;list_item;"n. 3 in DATA 13/03/2026, esecutiva ai sensi di legge, è stato approvato il Documento unico di programmazione per il periodo 2026/2028;";;;;;;False
atto_9;docling;markdown;atto_9.md;40;;list_item;list_item;"n. 4 in DATA 13/03/2026, esecutiva ai sensi di legge, è stato approvato il bilancio di previsione finanziario per il periodo 2026/2028;";;;;;;False
atto_9;docling;markdown;atto_9.md;41;;list_item;list_item;"n. 11 del 29/05/2025, esecutiva ai sensi di legge, è stato approvato il rendiconto della gestione per l'esercizio 2024 ai sensi dell'art. 227 del D.Lgs. n. 267/2000;";;;;;;False
atto_9;docling;markdown;atto_9.md;42;;list_item;list_item;"n. 20 del 29/07/2025, esecutiva ai sensi di legge, è stato approvato l'assestamento generale di bilancio e la salvaguardia degli equilibri per l'esercizio 2025/2027 ai sensi degli artt 175 comma 8 e 193 del D.lgs n. 267/2000;";;;;;;False
atto_9;docling;markdown;atto_9.md;44;;paragraph;text;RICHIAMATO l'art. 175, commi 4 e 5 del d.Lgs. n. 267/2000, modificato ed integrato dal d.Lgs. n. 118/2011, i quali dispongono che:;;;;;RICHIAMATO;False
atto_9;docling;markdown;atto_9.md;46;;list_item;list_item;"' le variazioni di bilancio possono essere adottate dall'organo esecutivo in via d'urgenza opportunamente motivata, salvo ratifica, a pena di decadenza, da parte dell'organo consiliare entro i sessanta giorni seguenti e comunque entro il 31 dicembre dell'anno in corso se a tale DATA non sia scaduto il predetto termine ' (comma 4);";;;;;;False
atto_9;docling;markdown;atto_9.md;47;;list_item;list_item;"'In caso di mancata o parziale ratifica del provvedimento di variazione adottato dall'organo esecutivo, l'organo consiliare è TENUTO ad adottare nei successivi trenta giorni, e comunque sempre entro il 31 dicembre dell'esercizio in corso, i provvedimenti RITENUTI necessari nei riguardi dei rapporti eventualmente sorti sulla base della deliberazione non ratificata' (comma 5);";;;;;;False
atto_9;docling;markdown;atto_9.md;49;;paragraph;text;"VERIFICATA la necessità di apportare in via d'urgenza variazioni al bilancio previsione derivanti dall'esigenza di realizzare gli interventi programmati e di far fronte alle sopravvenute esigenze di spesa;";;;;;VERIFICATO;False
atto_9;docling;markdown;atto_9.md;51;;paragraph;text;VISTO il prospetto riportato in allegato sotto la lettera a) contenente l'elenco delle variazioni di competenza e di cassa da apportare al bilancio di previsione finanziario 2026/2028 - Esercizio 2026, del quale si riportano le risultanze finali:;;;;;VISTO;False
atto_9;docling;markdown;atto_9.md;53;;heading;heading;ANNO 2026;;;;;;False
atto_9;docling;markdown;atto_9.md;55;;table;table;| ENTRATA | ENTRATA | Importo | Importo |;;;;;;True
atto_9;docling;markdown;atto_9.md;56;;table;table;|-----------------------|-----------|-----------------|-----------------|;;;;;;True
atto_9;docling;markdown;atto_9.md;57;;table;table;| Variazioni | CO | €. 3.541.611,70 | |;;;;;;True
atto_9;docling;markdown;atto_9.md;58;;table;table;| Variazioni | CA | €. 3.541.611,70 | |;;;;;;True
atto_9;docling;markdown;atto_9.md;59;;table;table;| Variazioni | CO | | €. 154.000,00 |;;;;;;True
atto_9;docling;markdown;atto_9.md;60;;table;table;| Variazioni | CA | | €. 154.000,00 |;;;;;;True
atto_9;docling;markdown;atto_9.md;61;;table;table;| SPESA | SPESA | Importo | Importo |;;;;;;True
atto_9;docling;markdown;atto_9.md;62;;table;table;| Variazioni in aumento | CO | | €. 3.551.811,70 |;;;;;;True
atto_9;docling;markdown;atto_9.md;63;;table;table;| Variazioni in aumento | CA | | €. 3.551.811,70 |;;;;;;True
atto_9;docling;markdown;atto_9.md;64;;table;table;| Variazioni in | CO | €. 164.200,00 | |;;;;;;True
atto_9;docling;markdown;atto_9.md;65;;table;table;| Variazioni in | CA | €. 164.200,00 | |;;;;;;True
atto_9;docling;markdown;atto_9.md;66;;table;table;| TOTALE A PAREGGIO | CO | €. 3.387.611,70 | €. 3.387.611,70 |;;;;;;True
atto_9;docling;markdown;atto_9.md;67;;table;table;| TOTALE A PAREGGIO | CA | €. 3.387.611,70 | €. 3.387.611,70 |;;;;;;True
atto_9;docling;markdown;atto_9.md;69;;paragraph;text;"DATO ATTO del permanere degli equilibri di bilancio, come risulta dal prospetto allegato sotto la lettera b),quale parte integrante e sostanziale;";;;;;DATO_ATTO;False
atto_9;docling;markdown;atto_9.md;71;;paragraph;text;ACQUISITO agli atti il parere favorevole:;;;;;ACQUISITO;False
atto_9;docling;markdown;atto_9.md;73;;list_item;list_item;"del responsabile del servizio finanziario, espresso ai sensi dell'art. 153 del d.Lgs. n. 267/2000;";;;;;;False
atto_9;docling;markdown;atto_9.md;74;;list_item;list_item;"n. 07 dell'organo di revisione economico-finanziaria, espresso ai sensi dell'art. 239, comma 1, lettera b) del d.Lgs. n. 267/2000, in DATA 28/05/2026;";;;;;;False
atto_9;docling;markdown;atto_9.md;76;;paragraph;text;"RITENUTO pertanto di avvalersi del potere surrogatorio RICONOSCIUTO all'organo esecutivo dall'art. 175, comma 4, del d.Lgs. n. 267/2000 e di apportare, in via d'urgenza, al bilancio di previsione dell'esercizio le variazioni sopra indicate;";;;;;RITENUTO;False
atto_9;docling;markdown;atto_9.md;78;;paragraph;text;"VISTO il d.Lgs. n. 267/2000, come modificato ed integrato dal d.Lgs. n. 118/2011;";;;;;VISTO;False
atto_9;docling;markdown;atto_9.md;80;;paragraph;text;"VISTO il d.Lgs. n. 118/2011;";;;;;VISTO;False
atto_9;docling;markdown;atto_9.md;82;;paragraph;text;"VISTO lo Statuto Comunale;";;;;;VISTO;False
atto_9;docling;markdown;atto_9.md;84;;paragraph;text;"VISTO il vigente Regolamento comunale di contabilità;";;;;;VISTO;False
atto_9;docling;markdown;atto_9.md;86;;paragraph;text;A votazione unanime e palese;;0.0;;;;False
atto_9;docling;markdown;atto_9.md;88;;heading;heading;DELIBERA;;;;DELIBERA;DELIBERA;False
atto_9;docling;markdown;atto_9.md;90;;list_item;list_item;1) di apportare al bilancio di previsione finanziario 2026/2028 le variazioni di competenza e di cassa, ai sensi dell'art. 175, commi 1 e 2, del d.Lgs. n. 267/2000 analiticamente indicate nell'allegato a) di cui si riportano le seguenti risultanze finali:;;;;;;False
atto_9;docling;markdown;atto_9.md;92;;heading;heading;ANNO 2026;;;;;;False
atto_9;docling;markdown;atto_9.md;94;;table;table;| ENTRATA | ENTRATA | Importo | Importo |;;;;;;True
atto_9;docling;markdown;atto_9.md;95;;table;table;|-----------------------|-----------|-----------------|-----------------|;;;;;;True
atto_9;docling;markdown;atto_9.md;96;;table;table;| Variazioni in aumento | CO | €. 3.541.611,70 | |;;;;;;True
atto_9;docling;markdown;atto_9.md;97;;table;table;| Variazioni in aumento | CA | €. 3.541.611,70 | |;;;;;;True
atto_9;docling;markdown;atto_9.md;98;;table;table;| Variazioni | CO | | €. 154.000,00 |;;;;;;True
atto_9;docling;markdown;atto_9.md;99;;table;table;| Variazioni | CA | | €. 154.000,00 |;;;;;;True
atto_9;docling;markdown;atto_9.md;100;;table;table;| SPESA | SPESA | Importo | Importo |;;;;;;True
atto_9;docling;markdown;atto_9.md;101;;table;table;| Variazioni in aumento | CO | | €. 3.551.811,70 |;;;;;;True
atto_9;docling;markdown;atto_9.md;102;;table;table;| Variazioni in aumento | CA | | €. 3.551.811,70 |;;;;;;True
atto_9;docling;markdown;atto_9.md;103;;table;table;| Variazioni in | CO | €. 164.200,00 | |;;;;;;True
atto_9;docling;markdown;atto_9.md;104;;table;table;| Variazioni in | CA | €. 164.200,00 | |;;;;;;True
atto_9;docling;markdown;atto_9.md;105;;table;table;| TOTALE A PAREGGIO | CO | €. 3.387.611,70 | €. 3.387.611,70 |;;;;;;True
atto_9;docling;markdown;atto_9.md;106;;table;table;| TOTALE A PAREGGIO | CA | €. 3.387.611,70 | €. 3.387.611,70 |;;;;;;True
atto_9;docling;markdown;atto_9.md;108;;list_item;list_item;"2) di dare ATTO del permanere degli equilibri di bilancio, sulla base dei principi dettati dall'ordinamento finanziario e contabile ed in particolare dagli artt.. 162, comma 6 e 193 del d.Lgs. n. 267/2000, come risulta dal prospetto che si allega sotto la lettera b) quale parte integrante e sostanziale;";;;;;;False
atto_9;docling;markdown;atto_9.md;109;;list_item;list_item;"3) di sottoporre il presente provvedimento alla ratifica del Consiglio Comunale entro il termine di 60 giorni e, comunque, entro il 31 dicembre dell'anno in corso, ai sensi dell'art. 175, comma 4,del d.Lgs. n. 267/2000;";;;;;;False
atto_9;docling;markdown;atto_9.md;111;;paragraph;text;Infine la Giunta Comunale, stante l'urgenza di provvedere, a votazione unanime e palese;;;;;;False
atto_9;docling;markdown;atto_9.md;113;;heading;heading;DELIBERA;;;;DELIBERA;DELIBERA;False
atto_9;docling;markdown;atto_9.md;115;;paragraph;text;di dichiarare la presente deliberazione immediatamente eseguibile, ai sensi dell'art. 134, comma 4, del d.Lgs. n. 267/2000.;;;;;;False
atto_9;docling;markdown;atto_9.md;117;;paragraph;text;;;;;;;True
atto_9;docling;markdown;atto_9.md;119;;paragraph;text;;;;;;;True
atto_9;docling;markdown;atto_9.md;121;;paragraph;text;;;;;;;True
atto_9;docling;markdown;atto_9.md;123;;paragraph;text;Approvato e sottoscritto;;;;;;False
atto_9;docling;markdown;atto_9.md;125;;paragraph;text; Il Presidente;;;;;;False
atto_9;docling;markdown;atto_9.md;127;;paragraph;text; Il Segretario Comunale;;;;;;False
atto_9;docling;markdown;atto_9.md;129;;paragraph;text;f.to Giuseppe Ciccolini;;;;;;False
atto_9;docling;markdown;atto_9.md;131;;paragraph;text;f.to Dott. Vicenzo Zanzarella;;;;;;False
atto_9;docling;markdown;atto_9.md;133;;heading;heading;PUBBLICAZIONE;;;;;;False
atto_9;docling;markdown;atto_9.md;135;;paragraph;text;In DATA odierna, la presente deliberazione viene pubblicata all'Albo Pretorio informatico comunale per 15 giorni consecutivi (art. 124, comma 1, del D.Lgs. n. 267/2000);;;;;;False
atto_9;docling;markdown;atto_9.md;137;;paragraph;text;DATA 29/05/2026;;;;;;False
atto_9;docling;markdown;atto_9.md;139;;paragraph;text; Il Responsabile;;;;;;False
atto_9;docling;markdown;atto_9.md;141;;paragraph;text;f.to Dott. Vicenzo Zanzarella;;;;;;False
atto_9;docling;markdown;atto_9.md;143;;heading;heading;ATTESTAZIONE;;;;;;False
atto_9;docling;markdown;atto_9.md;145;;paragraph;text;Il sottoscritto, VISTI gli atti d'ufficio, ATTESTA che la presente deliberazione:;;;;;;False
atto_9;docling;markdown;atto_9.md;147;;paragraph;text;"è stata pubblicata all'albo pretorio informatico comunale per 15 giorni consecutivi (art. 124, D.Lgs. n. 267/2000); è stata dichiarata immediatamente eseguibile ai sensi dell'art. 134 del D.Lgs. n. 267/2000;";;;;;;False
atto_9;docling;markdown;atto_9.md;149;;paragraph;text;DATA 29/05/2026;;;;;;False
atto_9;docling;markdown;atto_9.md;151;;paragraph;text; Il Responsabile;;;;;;False
atto_9;docling;markdown;atto_9.md;153;;paragraph;text;f.to Dott. Vicenzo Zanzarella;;;;;;False
atto_9;docling;markdown;atto_9.md;155;;paragraph;text;È copia conforme all'originale.;;;;;;False
atto_9;docling;markdown;atto_9.md;157;;paragraph;text;DATA 29/05/2026;;;;;;False
atto_9;docling;markdown;atto_9.md;159;;paragraph;text; Il Responsabile;;;;;;False
atto_9;docling;markdown;atto_9.md;161;;paragraph;text;f.to Dott. Vicenzo Zanzarella;;;;;;False
