modello;cv_n_splits;accuracy_mean;accuracy_std;precision_macro_mean;precision_macro_std;recall_macro_mean;recall_macro_std;f1_macro_mean;f1_macro_std;f1_weighted_mean;f1_weighted_std
naive_bayes;5;0.9375384615384614;0.0472545667934882;0.9504166666666667;0.03771696494211122;0.9375;0.045643546458763846;0.9354166666666666;0.047127673119899974;0.937246153846154;0.046944624643045815
logistic_regression;5;0.9369230769230767;0.04846520132677643;0.9516666666666665;0.03737014554129777;0.9333333333333332;0.049999999999999996;0.9333531746031746;0.04958731492490113;0.9360844932844932;0.047617192001664914
linear_svm;5;0.9369230769230767;0.04846520132677643;0.9516666666666665;0.03737014554129777;0.9333333333333332;0.049999999999999996;0.9333531746031746;0.04958731492490113;0.9360844932844932;0.047617192001664914
