modello;accuracy;precision_macro;recall_macro;f1_macro;f1_weighted
logistic_regression;0.9375;0.95;0.9375;0.9365079365079365;0.9365079365079365
linear_svm;0.9375;0.95;0.9375;0.9365079365079365;0.9365079365079365
naive_bayes;0.875;0.9083333333333333;0.875;0.8698412698412699;0.8698412698412699
