modello;cv_n_splits;accuracy_mean;accuracy_std;precision_macro_mean;precision_macro_std;recall_macro_mean;recall_macro_std;f1_macro_mean;f1_macro_std;f1_weighted_mean;f1_weighted_std
naive_bayes;5;0.85;0.049999999999999996;0.8;0.025;0.85;0.049999999999999996;0.8166666666666667;0.033333333333333305;0.8166666666666667;0.033333333333333305
logistic_regression;5;0.825;0.1274754878398196;0.7875;0.1403121520040228;0.825;0.1274754878398196;0.8;0.13540064007726602;0.8;0.13540064007726602
linear_svm;5;0.825;0.06123724356957945;0.775;0.049999999999999996;0.825;0.06123724356957945;0.7916666666666666;0.05270462766947298;0.7916666666666666;0.05270462766947298
