modello;cv_n_splits;accuracy_mean;accuracy_std;precision_macro_mean;precision_macro_std;recall_macro_mean;recall_macro_std;f1_macro_mean;f1_macro_std;f1_weighted_mean;f1_weighted_std
naive_bayes;5;0.9055384615384614;0.048285149076105975;0.9216666666666666;0.03978239420760005;0.90625;0.048858497498160715;0.9041666666666666;0.04833941728070941;0.9060945054945055;0.047366787814371654
logistic_regression;5;0.928923076923077;0.046769230769230764;0.9400000000000001;0.0410242137171587;0.9291666666666666;0.049913118961295584;0.9273214285714285;0.04913379507624161;0.9288747252747254;0.04663107828111226
linear_svm;5;0.9212307692307693;0.050139686533528245;0.9341666666666667;0.042991439716400404;0.9208333333333332;0.05295110427974514;0.9198809523809522;0.052184900966552476;0.9220065934065934;0.04957698395914872
