modello;accuracy;precision_macro;recall_macro;f1_macro;f1_weighted
naive_bayes;0.9375;0.9583333333333333;0.9375;0.9333333333333333;0.9333333333333333
logistic_regression;0.9375;0.9583333333333333;0.9375;0.9333333333333333;0.9333333333333333
linear_svm;0.9375;0.9583333333333333;0.9375;0.9333333333333333;0.9333333333333333
